{
  "type": "FeatureCollection",
  "crs": {
    "type": "name",
    "properties": {
      "name": "urn:ogc:def:crs:OGC:1.3:CRS84"
    }
  },
  "features": [
    {
      "type": "Feature",
      "id": "4DH_0001_release_point",
      "geometry": {
        "type": "Point",
        "coordinates": [
          -81.41812,
          31.115912
        ]
      },
      "properties": {
        "candidate_id": "VC_0001",
        "mmsi": 311828000,
        "vessel_name": "KUJAWY",
        "imo": "IMO9285029",
        "vessel_type": "70.0",
        "release_lat": 31.115912,
        "release_lon": -81.41812,
        "release_timestamp": "2019-09-08T09:25:31.797740+00:00",
        "source_age_hours": 2.0,
        "source_plausibility": 0.5274,
        "ais_lat": 31.13156,
        "ais_lon": -81.49311,
        "vessel_source_distance_m": 7347.21,
        "ais_track_quality": "bracketed_interpolation",
        "gap_status": "180.0s",
        "compatibility_status": "COMPATIBLE",
        "source_hypothesis_id": "SH_0001",
        "source_slick_id": "CS_0035",
        "causal_precedence_status": "AT_RELEASE",
        "causal_precedence_score": 1.0,
        "causal_eligibility": true,
        "pre_release_evidence": true,
        "post_release_evidence": true,
        "source_age_plausibility": "LOW",
        "source_age_score": 0.35,
        "source_age_explanation": "Hypothesized source age 2.0h is unphysically young for an observed slick area of 0.0526 km\u00b2 (estimated physical spreading time \u2265 3.4h).",
        "causal_explanation": "Vessel observed within 33.0s of hypothesized release time.",
        "hypothesis_id": "4DH_0001",
        "feature_type": "hypothesized_release_location"
      }
    },
    {
      "type": "Feature",
      "id": "4DH_0001_displacement_vector",
      "geometry": {
        "type": "LineString",
        "coordinates": [
          [
            -81.49311,
            31.13156
          ],
          [
            -81.41812,
            31.115912
          ]
        ]
      },
      "properties": {
        "hypothesis_id": "4DH_0001",
        "candidate_id": "VC_0001",
        "mmsi": 311828000,
        "vessel_name": "KUJAWY",
        "vessel_source_distance_m": 7347.21,
        "feature_type": "vessel_to_source_vector"
      }
    },
    {
      "type": "Feature",
      "id": "4DH_0002_release_point",
      "geometry": {
        "type": "Point",
        "coordinates": [
          -81.41812,
          31.115912
        ]
      },
      "properties": {
        "candidate_id": "VC_0002",
        "mmsi": 338102856,
        "vessel_name": "RESPONDER",
        "imo": "UNKNOWN",
        "vessel_type": "31.0",
        "release_lat": 31.115912,
        "release_lon": -81.41812,
        "release_timestamp": "2019-09-08T09:25:31.797740+00:00",
        "source_age_hours": 2.0,
        "source_plausibility": 0.5274,
        "ais_lat": 31.127014,
        "ais_lon": -81.40362,
        "vessel_source_distance_m": 1851.78,
        "ais_track_quality": "bracketed_interpolation",
        "gap_status": "111.0s",
        "compatibility_status": "COMPATIBLE",
        "source_hypothesis_id": "SH_0001",
        "source_slick_id": "CS_0035",
        "causal_precedence_status": "AT_RELEASE",
        "causal_precedence_score": 1.0,
        "causal_eligibility": true,
        "pre_release_evidence": true,
        "post_release_evidence": true,
        "source_age_plausibility": "LOW",
        "source_age_score": 0.35,
        "source_age_explanation": "Hypothesized source age 2.0h is unphysically young for an observed slick area of 0.0526 km\u00b2 (estimated physical spreading time \u2265 3.4h).",
        "causal_explanation": "Vessel observed within 25.0s of hypothesized release time.",
        "hypothesis_id": "4DH_0002",
        "feature_type": "hypothesized_release_location"
      }
    },
    {
      "type": "Feature",
      "id": "4DH_0002_displacement_vector",
      "geometry": {
        "type": "LineString",
        "coordinates": [
          [
            -81.40362,
            31.127014
          ],
          [
            -81.41812,
            31.115912
          ]
        ]
      },
      "properties": {
        "hypothesis_id": "4DH_0002",
        "candidate_id": "VC_0002",
        "mmsi": 338102856,
        "vessel_name": "RESPONDER",
        "vessel_source_distance_m": 1851.78,
        "feature_type": "vessel_to_source_vector"
      }
    },
    {
      "type": "Feature",
      "id": "4DH_0003_release_point",
      "geometry": {
        "type": "Point",
        "coordinates": [
          -81.41812,
          31.115912
        ]
      },
      "properties": {
        "candidate_id": "VC_0003",
        "mmsi": 338102861,
        "vessel_name": "RECOVERY",
        "imo": "UNKNOWN",
        "vessel_type": "90.0",
        "release_lat": 31.115912,
        "release_lon": -81.41812,
        "release_timestamp": "2019-09-08T09:25:31.797740+00:00",
        "source_age_hours": 2.0,
        "source_plausibility": 0.5274,
        "ais_lat": 31.128411,
        "ais_lon": -81.401985,
        "vessel_source_distance_m": 2071.37,
        "ais_track_quality": "bracketed_interpolation",
        "gap_status": "72.0s",
        "compatibility_status": "COMPATIBLE",
        "source_hypothesis_id": "SH_0001",
        "source_slick_id": "CS_0035",
        "causal_precedence_status": "AT_RELEASE",
        "causal_precedence_score": 1.0,
        "causal_eligibility": true,
        "pre_release_evidence": true,
        "post_release_evidence": true,
        "source_age_plausibility": "LOW",
        "source_age_score": 0.35,
        "source_age_explanation": "Hypothesized source age 2.0h is unphysically young for an observed slick area of 0.0526 km\u00b2 (estimated physical spreading time \u2265 3.4h).",
        "causal_explanation": "Vessel observed within 35.0s of hypothesized release time.",
        "hypothesis_id": "4DH_0003",
        "feature_type": "hypothesized_release_location"
      }
    },
    {
      "type": "Feature",
      "id": "4DH_0003_displacement_vector",
      "geometry": {
        "type": "LineString",
        "coordinates": [
          [
            -81.401985,
            31.128411
          ],
          [
            -81.41812,
            31.115912
          ]
        ]
      },
      "properties": {
        "hypothesis_id": "4DH_0003",
        "candidate_id": "VC_0003",
        "mmsi": 338102861,
        "vessel_name": "RECOVERY",
        "vessel_source_distance_m": 2071.37,
        "feature_type": "vessel_to_source_vector"
      }
    },
    {
      "type": "Feature",
      "id": "4DH_0004_release_point",
      "geometry": {
        "type": "Point",
        "coordinates": [
          -81.41812,
          31.115912
        ]
      },
      "properties": {
        "candidate_id": "VC_0004",
        "mmsi": 338143506,
        "vessel_name": "MORNING SUN II",
        "imo": "UNKNOWN",
        "vessel_type": "37.0",
        "release_lat": 31.115912,
        "release_lon": -81.41812,
        "release_timestamp": "2019-09-08T09:25:31.797740+00:00",
        "source_age_hours": 2.0,
        "source_plausibility": 0.5274,
        "ais_lat": 31.159695,
        "ais_lon": -81.49968,
        "vessel_source_distance_m": 9162.82,
        "ais_track_quality": "bracketed_interpolation",
        "gap_status": "180.0s",
        "compatibility_status": "COMPATIBLE",
        "source_hypothesis_id": "SH_0001",
        "source_slick_id": "CS_0035",
        "causal_precedence_status": "AT_RELEASE",
        "causal_precedence_score": 1.0,
        "causal_eligibility": true,
        "pre_release_evidence": true,
        "post_release_evidence": true,
        "source_age_plausibility": "LOW",
        "source_age_score": 0.35,
        "source_age_explanation": "Hypothesized source age 2.0h is unphysically young for an observed slick area of 0.0526 km\u00b2 (estimated physical spreading time \u2265 3.4h).",
        "causal_explanation": "Vessel observed within 85.0s of hypothesized release time.",
        "hypothesis_id": "4DH_0004",
        "feature_type": "hypothesized_release_location"
      }
    },
    {
      "type": "Feature",
      "id": "4DH_0004_displacement_vector",
      "geometry": {
        "type": "LineString",
        "coordinates": [
          [
            -81.49968,
            31.159695
          ],
          [
            -81.41812,
            31.115912
          ]
        ]
      },
      "properties": {
        "hypothesis_id": "4DH_0004",
        "candidate_id": "VC_0004",
        "mmsi": 338143506,
        "vessel_name": "MORNING SUN II",
        "vessel_source_distance_m": 9162.82,
        "feature_type": "vessel_to_source_vector"
      }
    },
    {
      "type": "Feature",
      "id": "4DH_0005_release_point",
      "geometry": {
        "type": "Point",
        "coordinates": [
          -81.41812,
          31.115912
        ]
      },
      "properties": {
        "candidate_id": "VC_0005",
        "mmsi": 338184094,
        "vessel_name": "DULCINEA",
        "imo": "UNKNOWN",
        "vessel_type": "37.0",
        "release_lat": 31.115912,
        "release_lon": -81.41812,
        "release_timestamp": "2019-09-08T09:25:31.797740+00:00",
        "source_age_hours": 2.0,
        "source_plausibility": 0.5274,
        "ais_lat": 31.154993,
        "ais_lon": -81.499587,
        "vessel_source_distance_m": 8888.5,
        "ais_track_quality": "bracketed_interpolation",
        "gap_status": "180.0s",
        "compatibility_status": "COMPATIBLE",
        "source_hypothesis_id": "SH_0001",
        "source_slick_id": "CS_0035",
        "causal_precedence_status": "AT_RELEASE",
        "causal_precedence_score": 1.0,
        "causal_eligibility": true,
        "pre_release_evidence": true,
        "post_release_evidence": true,
        "source_age_plausibility": "LOW",
        "source_age_score": 0.35,
        "source_age_explanation": "Hypothesized source age 2.0h is unphysically young for an observed slick area of 0.0526 km\u00b2 (estimated physical spreading time \u2265 3.4h).",
        "causal_explanation": "Vessel observed within 28.0s of hypothesized release time.",
        "hypothesis_id": "4DH_0005",
        "feature_type": "hypothesized_release_location"
      }
    },
    {
      "type": "Feature",
      "id": "4DH_0005_displacement_vector",
      "geometry": {
        "type": "LineString",
        "coordinates": [
          [
            -81.499587,
            31.154993
          ],
          [
            -81.41812,
            31.115912
          ]
        ]
      },
      "properties": {
        "hypothesis_id": "4DH_0005",
        "candidate_id": "VC_0005",
        "mmsi": 338184094,
        "vessel_name": "DULCINEA",
        "vessel_source_distance_m": 8888.5,
        "feature_type": "vessel_to_source_vector"
      }
    },
    {
      "type": "Feature",
      "id": "4DH_0006_release_point",
      "geometry": {
        "type": "Point",
        "coordinates": [
          -81.41812,
          31.115912
        ]
      },
      "properties": {
        "candidate_id": "VC_0006",
        "mmsi": 338235704,
        "vessel_name": "BRUNSWICK",
        "imo": "IMO0000000",
        "vessel_type": "50.0",
        "release_lat": 31.115912,
        "release_lon": -81.41812,
        "release_timestamp": "2019-09-08T09:25:31.797740+00:00",
        "source_age_hours": 2.0,
        "source_plausibility": 0.5274,
        "ais_lat": 31.127413,
        "ais_lon": -81.402043,
        "vessel_source_distance_m": 1994.38,
        "ais_track_quality": "bracketed_interpolation",
        "gap_status": "149.0s",
        "compatibility_status": "COMPATIBLE",
        "source_hypothesis_id": "SH_0001",
        "source_slick_id": "CS_0035",
        "causal_precedence_status": "AT_RELEASE",
        "causal_precedence_score": 1.0,
        "causal_eligibility": true,
        "pre_release_evidence": true,
        "post_release_evidence": true,
        "source_age_plausibility": "LOW",
        "source_age_score": 0.35,
        "source_age_explanation": "Hypothesized source age 2.0h is unphysically young for an observed slick area of 0.0526 km\u00b2 (estimated physical spreading time \u2265 3.4h).",
        "causal_explanation": "Vessel observed within 49.0s of hypothesized release time.",
        "hypothesis_id": "4DH_0006",
        "feature_type": "hypothesized_release_location"
      }
    },
    {
      "type": "Feature",
      "id": "4DH_0006_displacement_vector",
      "geometry": {
        "type": "LineString",
        "coordinates": [
          [
            -81.402043,
            31.127413
          ],
          [
            -81.41812,
            31.115912
          ]
        ]
      },
      "properties": {
        "hypothesis_id": "4DH_0006",
        "candidate_id": "VC_0006",
        "mmsi": 338235704,
        "vessel_name": "BRUNSWICK",
        "vessel_source_distance_m": 1994.38,
        "feature_type": "vessel_to_source_vector"
      }
    },
    {
      "type": "Feature",
      "id": "4DH_0007_release_point",
      "geometry": {
        "type": "Point",
        "coordinates": [
          -81.41812,
          31.115912
        ]
      },
      "properties": {
        "candidate_id": "VC_0007",
        "mmsi": 338335542,
        "vessel_name": "STILL WATERS",
        "imo": "IMO0000000",
        "vessel_type": "37.0",
        "release_lat": 31.115912,
        "release_lon": -81.41812,
        "release_timestamp": "2019-09-08T09:25:31.797740+00:00",
        "source_age_hours": 2.0,
        "source_plausibility": 0.5274,
        "ais_lat": 31.167432,
        "ais_lon": -81.41487,
        "vessel_source_distance_m": 5737.11,
        "ais_track_quality": "bracketed_interpolation",
        "gap_status": "180.0s",
        "compatibility_status": "COMPATIBLE",
        "source_hypothesis_id": "SH_0001",
        "source_slick_id": "CS_0035",
        "causal_precedence_status": "AT_RELEASE",
        "causal_precedence_score": 1.0,
        "causal_eligibility": true,
        "pre_release_evidence": true,
        "post_release_evidence": true,
        "source_age_plausibility": "LOW",
        "source_age_score": 0.35,
        "source_age_explanation": "Hypothesized source age 2.0h is unphysically young for an observed slick area of 0.0526 km\u00b2 (estimated physical spreading time \u2265 3.4h).",
        "causal_explanation": "Vessel observed within 41.0s of hypothesized release time.",
        "hypothesis_id": "4DH_0007",
        "feature_type": "hypothesized_release_location"
      }
    },
    {
      "type": "Feature",
      "id": "4DH_0007_displacement_vector",
      "geometry": {
        "type": "LineString",
        "coordinates": [
          [
            -81.41487,
            31.167432
          ],
          [
            -81.41812,
            31.115912
          ]
        ]
      },
      "properties": {
        "hypothesis_id": "4DH_0007",
        "candidate_id": "VC_0007",
        "mmsi": 338335542,
        "vessel_name": "STILL WATERS",
        "vessel_source_distance_m": 5737.11,
        "feature_type": "vessel_to_source_vector"
      }
    },
    {
      "type": "Feature",
      "id": "4DH_0008_release_point",
      "geometry": {
        "type": "Point",
        "coordinates": [
          -81.41812,
          31.115912
        ]
      },
      "properties": {
        "candidate_id": "VC_0008",
        "mmsi": 339759000,
        "vessel_name": "REGALEC",
        "imo": "UNKNOWN",
        "vessel_type": "37.0",
        "release_lat": 31.115912,
        "release_lon": -81.41812,
        "release_timestamp": "2019-09-08T09:25:31.797740+00:00",
        "source_age_hours": 2.0,
        "source_plausibility": 0.5274,
        "ais_lat": 31.157144,
        "ais_lon": -81.499742,
        "vessel_source_distance_m": 9020.48,
        "ais_track_quality": "bracketed_interpolation",
        "gap_status": "540.0s",
        "compatibility_status": "COMPATIBLE",
        "source_hypothesis_id": "SH_0001",
        "source_slick_id": "CS_0035",
        "causal_precedence_status": "AT_RELEASE",
        "causal_precedence_score": 1.0,
        "causal_eligibility": true,
        "pre_release_evidence": true,
        "post_release_evidence": true,
        "source_age_plausibility": "LOW",
        "source_age_score": 0.35,
        "source_age_explanation": "Hypothesized source age 2.0h is unphysically young for an observed slick area of 0.0526 km\u00b2 (estimated physical spreading time \u2265 3.4h).",
        "causal_explanation": "Vessel observed within 101.0s of hypothesized release time.",
        "hypothesis_id": "4DH_0008",
        "feature_type": "hypothesized_release_location"
      }
    },
    {
      "type": "Feature",
      "id": "4DH_0008_displacement_vector",
      "geometry": {
        "type": "LineString",
        "coordinates": [
          [
            -81.499742,
            31.157144
          ],
          [
            -81.41812,
            31.115912
          ]
        ]
      },
      "properties": {
        "hypothesis_id": "4DH_0008",
        "candidate_id": "VC_0008",
        "mmsi": 339759000,
        "vessel_name": "REGALEC",
        "vessel_source_distance_m": 9020.48,
        "feature_type": "vessel_to_source_vector"
      }
    },
    {
      "type": "Feature",
      "id": "4DH_0009_release_point",
      "geometry": {
        "type": "Point",
        "coordinates": [
          -81.41812,
          31.115912
        ]
      },
      "properties": {
        "candidate_id": "VC_0009",
        "mmsi": 367063030,
        "vessel_name": "EMERALD PRINCESS II",
        "imo": "IMO8993057",
        "vessel_type": "60.0",
        "release_lat": 31.115912,
        "release_lon": -81.41812,
        "release_timestamp": "2019-09-08T09:25:31.797740+00:00",
        "source_age_hours": 2.0,
        "source_plausibility": 0.5274,
        "ais_lat": 31.11411,
        "ais_lon": -81.488406,
        "vessel_source_distance_m": 6694.05,
        "ais_track_quality": "bracketed_interpolation",
        "gap_status": "359.0s",
        "compatibility_status": "COMPATIBLE",
        "source_hypothesis_id": "SH_0001",
        "source_slick_id": "CS_0035",
        "causal_precedence_status": "AT_RELEASE",
        "causal_precedence_score": 1.0,
        "causal_eligibility": true,
        "pre_release_evidence": true,
        "post_release_evidence": true,
        "source_age_plausibility": "LOW",
        "source_age_score": 0.35,
        "source_age_explanation": "Hypothesized source age 2.0h is unphysically young for an observed slick area of 0.0526 km\u00b2 (estimated physical spreading time \u2265 3.4h).",
        "causal_explanation": "Vessel observed within 139.0s of hypothesized release time.",
        "hypothesis_id": "4DH_0009",
        "feature_type": "hypothesized_release_location"
      }
    },
    {
      "type": "Feature",
      "id": "4DH_0009_displacement_vector",
      "geometry": {
        "type": "LineString",
        "coordinates": [
          [
            -81.488406,
            31.11411
          ],
          [
            -81.41812,
            31.115912
          ]
        ]
      },
      "properties": {
        "hypothesis_id": "4DH_0009",
        "candidate_id": "VC_0009",
        "mmsi": 367063030,
        "vessel_name": "EMERALD PRINCESS II",
        "vessel_source_distance_m": 6694.05,
        "feature_type": "vessel_to_source_vector"
      }
    },
    {
      "type": "Feature",
      "id": "4DH_0010_release_point",
      "geometry": {
        "type": "Point",
        "coordinates": [
          -81.41812,
          31.115912
        ]
      },
      "properties": {
        "candidate_id": "VC_0010",
        "mmsi": 367094180,
        "vessel_name": "CHICORY",
        "imo": "UNKNOWN",
        "vessel_type": "37.0",
        "release_lat": 31.115912,
        "release_lon": -81.41812,
        "release_timestamp": "2019-09-08T09:25:31.797740+00:00",
        "source_age_hours": 2.0,
        "source_plausibility": 0.5274,
        "ais_lat": 31.15502,
        "ais_lon": -81.499413,
        "vessel_source_distance_m": 8875.53,
        "ais_track_quality": "bracketed_interpolation",
        "gap_status": "179.0s",
        "compatibility_status": "COMPATIBLE",
        "source_hypothesis_id": "SH_0001",
        "source_slick_id": "CS_0035",
        "causal_precedence_status": "AT_RELEASE",
        "causal_precedence_score": 1.0,
        "causal_eligibility": true,
        "pre_release_evidence": true,
        "post_release_evidence": true,
        "source_age_plausibility": "LOW",
        "source_age_score": 0.35,
        "source_age_explanation": "Hypothesized source age 2.0h is unphysically young for an observed slick area of 0.0526 km\u00b2 (estimated physical spreading time \u2265 3.4h).",
        "causal_explanation": "Vessel observed within 29.0s of hypothesized release time.",
        "hypothesis_id": "4DH_0010",
        "feature_type": "hypothesized_release_location"
      }
    },
    {
      "type": "Feature",
      "id": "4DH_0010_displacement_vector",
      "geometry": {
        "type": "LineString",
        "coordinates": [
          [
            -81.499413,
            31.15502
          ],
          [
            -81.41812,
            31.115912
          ]
        ]
      },
      "properties": {
        "hypothesis_id": "4DH_0010",
        "candidate_id": "VC_0010",
        "mmsi": 367094180,
        "vessel_name": "CHICORY",
        "vessel_source_distance_m": 8875.53,
        "feature_type": "vessel_to_source_vector"
      }
    },
    {
      "type": "Feature",
      "id": "4DH_0011_release_point",
      "geometry": {
        "type": "Point",
        "coordinates": [
          -81.41812,
          31.115912
        ]
      },
      "properties": {
        "candidate_id": "VC_0011",
        "mmsi": 367157730,
        "vessel_name": "AESTIVAL",
        "imo": "UNKNOWN",
        "vessel_type": "37.0",
        "release_lat": 31.115912,
        "release_lon": -81.41812,
        "release_timestamp": "2019-09-08T09:25:31.797740+00:00",
        "source_age_hours": 2.0,
        "source_plausibility": 0.5274,
        "ais_lat": 31.15825,
        "ais_lon": -81.4993,
        "vessel_source_distance_m": 9047.62,
        "ais_track_quality": "bracketed_interpolation",
        "gap_status": "180.0s",
        "compatibility_status": "COMPATIBLE",
        "source_hypothesis_id": "SH_0001",
        "source_slick_id": "CS_0035",
        "causal_precedence_status": "AT_RELEASE",
        "causal_precedence_score": 1.0,
        "causal_eligibility": true,
        "pre_release_evidence": true,
        "post_release_evidence": true,
        "source_age_plausibility": "LOW",
        "source_age_score": 0.35,
        "source_age_explanation": "Hypothesized source age 2.0h is unphysically young for an observed slick area of 0.0526 km\u00b2 (estimated physical spreading time \u2265 3.4h).",
        "causal_explanation": "Vessel observed within 12.0s of hypothesized release time.",
        "hypothesis_id": "4DH_0011",
        "feature_type": "hypothesized_release_location"
      }
    },
    {
      "type": "Feature",
      "id": "4DH_0011_displacement_vector",
      "geometry": {
        "type": "LineString",
        "coordinates": [
          [
            -81.4993,
            31.15825
          ],
          [
            -81.41812,
            31.115912
          ]
        ]
      },
      "properties": {
        "hypothesis_id": "4DH_0011",
        "candidate_id": "VC_0011",
        "mmsi": 367157730,
        "vessel_name": "AESTIVAL",
        "vessel_source_distance_m": 9047.62,
        "feature_type": "vessel_to_source_vector"
      }
    },
    {
      "type": "Feature",
      "id": "4DH_0012_release_point",
      "geometry": {
        "type": "Point",
        "coordinates": [
          -81.41812,
          31.115912
        ]
      },
      "properties": {
        "candidate_id": "VC_0012",
        "mmsi": 367305420,
        "vessel_name": "DOROTHY MORAN",
        "imo": "IMO7716995",
        "vessel_type": "31.0",
        "release_lat": 31.115912,
        "release_lon": -81.41812,
        "release_timestamp": "2019-09-08T09:25:31.797740+00:00",
        "source_age_hours": 2.0,
        "source_plausibility": 0.5274,
        "ais_lat": 31.128348,
        "ais_lon": -81.403732,
        "vessel_source_distance_m": 1946.28,
        "ais_track_quality": "bracketed_interpolation",
        "gap_status": "72.0s",
        "compatibility_status": "COMPATIBLE",
        "source_hypothesis_id": "SH_0001",
        "source_slick_id": "CS_0035",
        "causal_precedence_status": "AT_RELEASE",
        "causal_precedence_score": 1.0,
        "causal_eligibility": true,
        "pre_release_evidence": true,
        "post_release_evidence": true,
        "source_age_plausibility": "LOW",
        "source_age_score": 0.35,
        "source_age_explanation": "Hypothesized source age 2.0h is unphysically young for an observed slick area of 0.0526 km\u00b2 (estimated physical spreading time \u2265 3.4h).",
        "causal_explanation": "Vessel observed within 17.0s of hypothesized release time.",
        "hypothesis_id": "4DH_0012",
        "feature_type": "hypothesized_release_location"
      }
    },
    {
      "type": "Feature",
      "id": "4DH_0012_displacement_vector",
      "geometry": {
        "type": "LineString",
        "coordinates": [
          [
            -81.403732,
            31.128348
          ],
          [
            -81.41812,
            31.115912
          ]
        ]
      },
      "properties": {
        "hypothesis_id": "4DH_0012",
        "candidate_id": "VC_0012",
        "mmsi": 367305420,
        "vessel_name": "DOROTHY MORAN",
        "vessel_source_distance_m": 1946.28,
        "feature_type": "vessel_to_source_vector"
      }
    },
    {
      "type": "Feature",
      "id": "4DH_0013_release_point",
      "geometry": {
        "type": "Point",
        "coordinates": [
          -81.41812,
          31.115912
        ]
      },
      "properties": {
        "candidate_id": "VC_0013",
        "mmsi": 367369550,
        "vessel_name": "ANN MORAN",
        "imo": "IMO7716983",
        "vessel_type": "31.0",
        "release_lat": 31.115912,
        "release_lon": -81.41812,
        "release_timestamp": "2019-09-08T09:25:31.797740+00:00",
        "source_age_hours": 2.0,
        "source_plausibility": 0.5274,
        "ais_lat": 31.128737,
        "ais_lon": -81.404293,
        "vessel_source_distance_m": 1940.63,
        "ais_track_quality": "bracketed_interpolation",
        "gap_status": "70.0s",
        "compatibility_status": "COMPATIBLE",
        "source_hypothesis_id": "SH_0001",
        "source_slick_id": "CS_0035",
        "causal_precedence_status": "AT_RELEASE",
        "causal_precedence_score": 1.0,
        "causal_eligibility": true,
        "pre_release_evidence": true,
        "post_release_evidence": true,
        "source_age_plausibility": "LOW",
        "source_age_score": 0.35,
        "source_age_explanation": "Hypothesized source age 2.0h is unphysically young for an observed slick area of 0.0526 km\u00b2 (estimated physical spreading time \u2265 3.4h).",
        "causal_explanation": "Vessel observed within 24.0s of hypothesized release time.",
        "hypothesis_id": "4DH_0013",
        "feature_type": "hypothesized_release_location"
      }
    },
    {
      "type": "Feature",
      "id": "4DH_0013_displacement_vector",
      "geometry": {
        "type": "LineString",
        "coordinates": [
          [
            -81.404293,
            31.128737
          ],
          [
            -81.41812,
            31.115912
          ]
        ]
      },
      "properties": {
        "hypothesis_id": "4DH_0013",
        "candidate_id": "VC_0013",
        "mmsi": 367369550,
        "vessel_name": "ANN MORAN",
        "vessel_source_distance_m": 1940.63,
        "feature_type": "vessel_to_source_vector"
      }
    },
    {
      "type": "Feature",
      "id": "4DH_0014_release_point",
      "geometry": {
        "type": "Point",
        "coordinates": [
          -81.41812,
          31.115912
        ]
      },
      "properties": {
        "candidate_id": "VC_0014",
        "mmsi": 367569620,
        "vessel_name": "PURA VIDA",
        "imo": "UNKNOWN",
        "vessel_type": "37.0",
        "release_lat": 31.115912,
        "release_lon": -81.41812,
        "release_timestamp": "2019-09-08T09:25:31.797740+00:00",
        "source_age_hours": 2.0,
        "source_plausibility": 0.5274,
        "ais_lat": 31.1672,
        "ais_lon": -81.41448,
        "vessel_source_distance_m": 5713.48,
        "ais_track_quality": "bracketed_interpolation",
        "gap_status": "181.0s",
        "compatibility_status": "COMPATIBLE",
        "source_hypothesis_id": "SH_0001",
        "source_slick_id": "CS_0035",
        "causal_precedence_status": "AT_RELEASE",
        "causal_precedence_score": 1.0,
        "causal_eligibility": true,
        "pre_release_evidence": true,
        "post_release_evidence": true,
        "source_age_plausibility": "LOW",
        "source_age_score": 0.35,
        "source_age_explanation": "Hypothesized source age 2.0h is unphysically young for an observed slick area of 0.0526 km\u00b2 (estimated physical spreading time \u2265 3.4h).",
        "causal_explanation": "Vessel observed within 14.0s of hypothesized release time.",
        "hypothesis_id": "4DH_0014",
        "feature_type": "hypothesized_release_location"
      }
    },
    {
      "type": "Feature",
      "id": "4DH_0014_displacement_vector",
      "geometry": {
        "type": "LineString",
        "coordinates": [
          [
            -81.41448,
            31.1672
          ],
          [
            -81.41812,
            31.115912
          ]
        ]
      },
      "properties": {
        "hypothesis_id": "4DH_0014",
        "candidate_id": "VC_0014",
        "mmsi": 367569620,
        "vessel_name": "PURA VIDA",
        "vessel_source_distance_m": 5713.48,
        "feature_type": "vessel_to_source_vector"
      }
    },
    {
      "type": "Feature",
      "id": "4DH_0015_release_point",
      "geometry": {
        "type": "Point",
        "coordinates": [
          -81.41812,
          31.115912
        ]
      },
      "properties": {
        "candidate_id": "VC_0015",
        "mmsi": 367691290,
        "vessel_name": "MISS LEXY",
        "imo": "IMO8719530",
        "vessel_type": "30.0",
        "release_lat": 31.115912,
        "release_lon": -81.41812,
        "release_timestamp": "2019-09-08T09:25:31.797740+00:00",
        "source_age_hours": 2.0,
        "source_plausibility": 0.5274,
        "ais_lat": 31.14215,
        "ais_lon": -81.49644,
        "vessel_source_distance_m": 8005.34,
        "ais_track_quality": "bracketed_interpolation",
        "gap_status": "120.0s",
        "compatibility_status": "COMPATIBLE",
        "source_hypothesis_id": "SH_0001",
        "source_slick_id": "CS_0035",
        "causal_precedence_status": "AT_RELEASE",
        "causal_precedence_score": 1.0,
        "causal_eligibility": true,
        "pre_release_evidence": true,
        "post_release_evidence": true,
        "source_age_plausibility": "LOW",
        "source_age_score": 0.35,
        "source_age_explanation": "Hypothesized source age 2.0h is unphysically young for an observed slick area of 0.0526 km\u00b2 (estimated physical spreading time \u2265 3.4h).",
        "causal_explanation": "Vessel observed within 1.0s of hypothesized release time.",
        "hypothesis_id": "4DH_0015",
        "feature_type": "hypothesized_release_location"
      }
    },
    {
      "type": "Feature",
      "id": "4DH_0015_displacement_vector",
      "geometry": {
        "type": "LineString",
        "coordinates": [
          [
            -81.49644,
            31.14215
          ],
          [
            -81.41812,
            31.115912
          ]
        ]
      },
      "properties": {
        "hypothesis_id": "4DH_0015",
        "candidate_id": "VC_0015",
        "mmsi": 367691290,
        "vessel_name": "MISS LEXY",
        "vessel_source_distance_m": 8005.34,
        "feature_type": "vessel_to_source_vector"
      }
    },
    {
      "type": "Feature",
      "id": "4DH_0016_release_point",
      "geometry": {
        "type": "Point",
        "coordinates": [
          -81.41812,
          31.115912
        ]
      },
      "properties": {
        "candidate_id": "VC_0016",
        "mmsi": 367753660,
        "vessel_name": "AQUAMARINE",
        "imo": "UNKNOWN",
        "vessel_type": "37.0",
        "release_lat": 31.115912,
        "release_lon": -81.41812,
        "release_timestamp": "2019-09-08T09:25:31.797740+00:00",
        "source_age_hours": 2.0,
        "source_plausibility": 0.5274,
        "ais_lat": 31.156097,
        "ais_lon": -81.499243,
        "vessel_source_distance_m": 8920.77,
        "ais_track_quality": "bracketed_interpolation",
        "gap_status": "181.0s",
        "compatibility_status": "COMPATIBLE",
        "source_hypothesis_id": "SH_0001",
        "source_slick_id": "CS_0035",
        "causal_precedence_status": "AT_RELEASE",
        "causal_precedence_score": 1.0,
        "causal_eligibility": true,
        "pre_release_evidence": true,
        "post_release_evidence": true,
        "source_age_plausibility": "LOW",
        "source_age_score": 0.35,
        "source_age_explanation": "Hypothesized source age 2.0h is unphysically young for an observed slick area of 0.0526 km\u00b2 (estimated physical spreading time \u2265 3.4h).",
        "causal_explanation": "Vessel observed within 60.0s of hypothesized release time.",
        "hypothesis_id": "4DH_0016",
        "feature_type": "hypothesized_release_location"
      }
    },
    {
      "type": "Feature",
      "id": "4DH_0016_displacement_vector",
      "geometry": {
        "type": "LineString",
        "coordinates": [
          [
            -81.499243,
            31.156097
          ],
          [
            -81.41812,
            31.115912
          ]
        ]
      },
      "properties": {
        "hypothesis_id": "4DH_0016",
        "candidate_id": "VC_0016",
        "mmsi": 367753660,
        "vessel_name": "AQUAMARINE",
        "vessel_source_distance_m": 8920.77,
        "feature_type": "vessel_to_source_vector"
      }
    },
    {
      "type": "Feature",
      "id": "4DH_0017_release_point",
      "geometry": {
        "type": "Point",
        "coordinates": [
          -81.41812,
          31.115912
        ]
      },
      "properties": {
        "candidate_id": "VC_0017",
        "mmsi": 367762440,
        "vessel_name": "SILVER GIRL II",
        "imo": "UNKNOWN",
        "vessel_type": "37.0",
        "release_lat": 31.115912,
        "release_lon": -81.41812,
        "release_timestamp": "2019-09-08T09:25:31.797740+00:00",
        "source_age_hours": 2.0,
        "source_plausibility": 0.5274,
        "ais_lat": 31.154142,
        "ais_lon": -81.499515,
        "vessel_source_distance_m": 8836.65,
        "ais_track_quality": "bracketed_interpolation",
        "gap_status": "180.0s",
        "compatibility_status": "COMPATIBLE",
        "source_hypothesis_id": "SH_0001",
        "source_slick_id": "CS_0035",
        "causal_precedence_status": "AT_RELEASE",
        "causal_precedence_score": 1.0,
        "causal_eligibility": true,
        "pre_release_evidence": true,
        "post_release_evidence": true,
        "source_age_plausibility": "LOW",
        "source_age_score": 0.35,
        "source_age_explanation": "Hypothesized source age 2.0h is unphysically young for an observed slick area of 0.0526 km\u00b2 (estimated physical spreading time \u2265 3.4h).",
        "causal_explanation": "Vessel observed within 44.0s of hypothesized release time.",
        "hypothesis_id": "4DH_0017",
        "feature_type": "hypothesized_release_location"
      }
    },
    {
      "type": "Feature",
      "id": "4DH_0017_displacement_vector",
      "geometry": {
        "type": "LineString",
        "coordinates": [
          [
            -81.499515,
            31.154142
          ],
          [
            -81.41812,
            31.115912
          ]
        ]
      },
      "properties": {
        "hypothesis_id": "4DH_0017",
        "candidate_id": "VC_0017",
        "mmsi": 367762440,
        "vessel_name": "SILVER GIRL II",
        "vessel_source_distance_m": 8836.65,
        "feature_type": "vessel_to_source_vector"
      }
    },
    {
      "type": "Feature",
      "id": "4DH_0018_release_point",
      "geometry": {
        "type": "Point",
        "coordinates": [
          -81.41812,
          31.115912
        ]
      },
      "properties": {
        "candidate_id": "VC_0018",
        "mmsi": 368004680,
        "vessel_name": "TAKE IT EASY",
        "imo": "UNKNOWN",
        "vessel_type": "36.0",
        "release_lat": 31.115912,
        "release_lon": -81.41812,
        "release_timestamp": "2019-09-08T09:25:31.797740+00:00",
        "source_age_hours": 2.0,
        "source_plausibility": 0.5274,
        "ais_lat": 31.16681,
        "ais_lon": -81.415701,
        "vessel_source_distance_m": 5664.28,
        "ais_track_quality": "bracketed_interpolation",
        "gap_status": "180.0s",
        "compatibility_status": "COMPATIBLE",
        "source_hypothesis_id": "SH_0001",
        "source_slick_id": "CS_0035",
        "causal_precedence_status": "AT_RELEASE",
        "causal_precedence_score": 1.0,
        "causal_eligibility": true,
        "pre_release_evidence": true,
        "post_release_evidence": true,
        "source_age_plausibility": "LOW",
        "source_age_score": 0.35,
        "source_age_explanation": "Hypothesized source age 2.0h is unphysically young for an observed slick area of 0.0526 km\u00b2 (estimated physical spreading time \u2265 3.4h).",
        "causal_explanation": "Vessel observed within 5.0s of hypothesized release time.",
        "hypothesis_id": "4DH_0018",
        "feature_type": "hypothesized_release_location"
      }
    },
    {
      "type": "Feature",
      "id": "4DH_0018_displacement_vector",
      "geometry": {
        "type": "LineString",
        "coordinates": [
          [
            -81.415701,
            31.16681
          ],
          [
            -81.41812,
            31.115912
          ]
        ]
      },
      "properties": {
        "hypothesis_id": "4DH_0018",
        "candidate_id": "VC_0018",
        "mmsi": 368004680,
        "vessel_name": "TAKE IT EASY",
        "vessel_source_distance_m": 5664.28,
        "feature_type": "vessel_to_source_vector"
      }
    },
    {
      "type": "Feature",
      "id": "4DH_0019_release_point",
      "geometry": {
        "type": "Point",
        "coordinates": [
          -81.41812,
          31.115912
        ]
      },
      "properties": {
        "candidate_id": "VC_0019",
        "mmsi": 369201000,
        "vessel_name": "SALTY VIXEN",
        "imo": "UNKNOWN",
        "vessel_type": "37.0",
        "release_lat": 31.115912,
        "release_lon": -81.41812,
        "release_timestamp": "2019-09-08T09:25:31.797740+00:00",
        "source_age_hours": 2.0,
        "source_plausibility": 0.5274,
        "ais_lat": 31.156721,
        "ais_lon": -81.499221,
        "vessel_source_distance_m": 8953.9,
        "ais_track_quality": "bracketed_interpolation",
        "gap_status": "181.0s",
        "compatibility_status": "COMPATIBLE",
        "source_hypothesis_id": "SH_0001",
        "source_slick_id": "CS_0035",
        "causal_precedence_status": "AT_RELEASE",
        "causal_precedence_score": 1.0,
        "causal_eligibility": true,
        "pre_release_evidence": true,
        "post_release_evidence": true,
        "source_age_plausibility": "LOW",
        "source_age_score": 0.35,
        "source_age_explanation": "Hypothesized source age 2.0h is unphysically young for an observed slick area of 0.0526 km\u00b2 (estimated physical spreading time \u2265 3.4h).",
        "causal_explanation": "Vessel observed within 84.0s of hypothesized release time.",
        "hypothesis_id": "4DH_0019",
        "feature_type": "hypothesized_release_location"
      }
    },
    {
      "type": "Feature",
      "id": "4DH_0019_displacement_vector",
      "geometry": {
        "type": "LineString",
        "coordinates": [
          [
            -81.499221,
            31.156721
          ],
          [
            -81.41812,
            31.115912
          ]
        ]
      },
      "properties": {
        "hypothesis_id": "4DH_0019",
        "candidate_id": "VC_0019",
        "mmsi": 369201000,
        "vessel_name": "SALTY VIXEN",
        "vessel_source_distance_m": 8953.9,
        "feature_type": "vessel_to_source_vector"
      }
    },
    {
      "type": "Feature",
      "id": "4DH_0020_release_point",
      "geometry": {
        "type": "Point",
        "coordinates": [
          -81.41812,
          31.115912
        ]
      },
      "properties": {
        "candidate_id": "VC_0020",
        "mmsi": 369273000,
        "vessel_name": "ESCAPE PLAN",
        "imo": "IMO0000000",
        "vessel_type": "36.0",
        "release_lat": 31.115912,
        "release_lon": -81.41812,
        "release_timestamp": "2019-09-08T09:25:31.797740+00:00",
        "source_age_hours": 2.0,
        "source_plausibility": 0.5274,
        "ais_lat": 31.160412,
        "ais_lon": -81.499963,
        "vessel_source_distance_m": 9228.13,
        "ais_track_quality": "bracketed_interpolation",
        "gap_status": "180.0s",
        "compatibility_status": "COMPATIBLE",
        "source_hypothesis_id": "SH_0001",
        "source_slick_id": "CS_0035",
        "causal_precedence_status": "AT_RELEASE",
        "causal_precedence_score": 1.0,
        "causal_eligibility": true,
        "pre_release_evidence": true,
        "post_release_evidence": true,
        "source_age_plausibility": "LOW",
        "source_age_score": 0.35,
        "source_age_explanation": "Hypothesized source age 2.0h is unphysically young for an observed slick area of 0.0526 km\u00b2 (estimated physical spreading time \u2265 3.4h).",
        "causal_explanation": "Vessel observed within 43.0s of hypothesized release time.",
        "hypothesis_id": "4DH_0020",
        "feature_type": "hypothesized_release_location"
      }
    },
    {
      "type": "Feature",
      "id": "4DH_0020_displacement_vector",
      "geometry": {
        "type": "LineString",
        "coordinates": [
          [
            -81.499963,
            31.160412
          ],
          [
            -81.41812,
            31.115912
          ]
        ]
      },
      "properties": {
        "hypothesis_id": "4DH_0020",
        "candidate_id": "VC_0020",
        "mmsi": 369273000,
        "vessel_name": "ESCAPE PLAN",
        "vessel_source_distance_m": 9228.13,
        "feature_type": "vessel_to_source_vector"
      }
    },
    {
      "type": "Feature",
      "id": "4DH_0021_release_point",
      "geometry": {
        "type": "Point",
        "coordinates": [
          -81.41812,
          31.115912
        ]
      },
      "properties": {
        "candidate_id": "VC_0021",
        "mmsi": 538004697,
        "vessel_name": "EMERALD ACE",
        "imo": "IMO9539236",
        "vessel_type": "70.0",
        "release_lat": 31.115912,
        "release_lon": -81.41812,
        "release_timestamp": "2019-09-08T09:25:31.797740+00:00",
        "source_age_hours": 2.0,
        "source_plausibility": 0.5274,
        "ais_lat": 31.128811,
        "ais_lon": -81.518109,
        "vessel_source_distance_m": 9625.43,
        "ais_track_quality": "bracketed_interpolation",
        "gap_status": "180.0s",
        "compatibility_status": "COMPATIBLE",
        "source_hypothesis_id": "SH_0001",
        "source_slick_id": "CS_0035",
        "causal_precedence_status": "AT_RELEASE",
        "causal_precedence_score": 1.0,
        "causal_eligibility": true,
        "pre_release_evidence": true,
        "post_release_evidence": true,
        "source_age_plausibility": "LOW",
        "source_age_score": 0.35,
        "source_age_explanation": "Hypothesized source age 2.0h is unphysically young for an observed slick area of 0.0526 km\u00b2 (estimated physical spreading time \u2265 3.4h).",
        "causal_explanation": "Vessel observed within 20.0s of hypothesized release time.",
        "hypothesis_id": "4DH_0021",
        "feature_type": "hypothesized_release_location"
      }
    },
    {
      "type": "Feature",
      "id": "4DH_0021_displacement_vector",
      "geometry": {
        "type": "LineString",
        "coordinates": [
          [
            -81.518109,
            31.128811
          ],
          [
            -81.41812,
            31.115912
          ]
        ]
      },
      "properties": {
        "hypothesis_id": "4DH_0021",
        "candidate_id": "VC_0021",
        "mmsi": 538004697,
        "vessel_name": "EMERALD ACE",
        "vessel_source_distance_m": 9625.43,
        "feature_type": "vessel_to_source_vector"
      }
    },
    {
      "type": "Feature",
      "id": "4DH_0022_release_point",
      "geometry": {
        "type": "Point",
        "coordinates": [
          -81.41812,
          31.115912
        ]
      },
      "properties": {
        "candidate_id": "VC_0022",
        "mmsi": 538007762,
        "vessel_name": "UNKNOWN",
        "imo": "UNKNOWN",
        "vessel_type": "UNKNOWN",
        "release_lat": 31.115912,
        "release_lon": -81.41812,
        "release_timestamp": "2019-09-08T09:25:31.797740+00:00",
        "source_age_hours": 2.0,
        "source_plausibility": 0.5274,
        "ais_lat": 31.127525,
        "ais_lon": -81.403057,
        "vessel_source_distance_m": 1929.62,
        "ais_track_quality": "bracketed_interpolation",
        "gap_status": "91.0s",
        "compatibility_status": "COMPATIBLE",
        "source_hypothesis_id": "SH_0001",
        "source_slick_id": "CS_0035",
        "causal_precedence_status": "AT_RELEASE",
        "causal_precedence_score": 1.0,
        "causal_eligibility": true,
        "pre_release_evidence": true,
        "post_release_evidence": true,
        "source_age_plausibility": "LOW",
        "source_age_score": 0.35,
        "source_age_explanation": "Hypothesized source age 2.0h is unphysically young for an observed slick area of 0.0526 km\u00b2 (estimated physical spreading time \u2265 3.4h).",
        "causal_explanation": "Vessel observed within 22.0s of hypothesized release time.",
        "hypothesis_id": "4DH_0022",
        "feature_type": "hypothesized_release_location"
      }
    },
    {
      "type": "Feature",
      "id": "4DH_0022_displacement_vector",
      "geometry": {
        "type": "LineString",
        "coordinates": [
          [
            -81.403057,
            31.127525
          ],
          [
            -81.41812,
            31.115912
          ]
        ]
      },
      "properties": {
        "hypothesis_id": "4DH_0022",
        "candidate_id": "VC_0022",
        "mmsi": 538007762,
        "vessel_name": "UNKNOWN",
        "vessel_source_distance_m": 1929.62,
        "feature_type": "vessel_to_source_vector"
      }
    },
    {
      "type": "Feature",
      "id": "4DH_0023_release_point",
      "geometry": {
        "type": "Point",
        "coordinates": [
          -81.421491,
          31.110186
        ]
      },
      "properties": {
        "candidate_id": "VC_0023",
        "mmsi": 311828000,
        "vessel_name": "KUJAWY",
        "imo": "IMO9285029",
        "vessel_type": "70.0",
        "release_lat": 31.110186,
        "release_lon": -81.421491,
        "release_timestamp": "2019-09-08T07:25:31.797740+00:00",
        "source_age_hours": 4.0,
        "source_plausibility": 0.4967,
        "ais_lat": 31.13155,
        "ais_lon": -81.49312,
        "vessel_source_distance_m": 7220.46,
        "ais_track_quality": "bracketed_interpolation",
        "gap_status": "180.0s",
        "compatibility_status": "COMPATIBLE",
        "source_hypothesis_id": "SH_0002",
        "source_slick_id": "CS_0035",
        "causal_precedence_status": "AT_RELEASE",
        "causal_precedence_score": 1.0,
        "causal_eligibility": true,
        "pre_release_evidence": true,
        "post_release_evidence": true,
        "source_age_plausibility": "HIGH",
        "source_age_score": 1.0,
        "source_age_explanation": "Hypothesized source age 4.0h is fully compatible with physical spreading and Lagrangian drift for area 0.0526 km\u00b2.",
        "causal_explanation": "Vessel observed within 34.0s of hypothesized release time.",
        "hypothesis_id": "4DH_0023",
        "feature_type": "hypothesized_release_location"
      }
    },
    {
      "type": "Feature",
      "id": "4DH_0023_displacement_vector",
      "geometry": {
        "type": "LineString",
        "coordinates": [
          [
            -81.49312,
            31.13155
          ],
          [
            -81.421491,
            31.110186
          ]
        ]
      },
      "properties": {
        "hypothesis_id": "4DH_0023",
        "candidate_id": "VC_0023",
        "mmsi": 311828000,
        "vessel_name": "KUJAWY",
        "vessel_source_distance_m": 7220.46,
        "feature_type": "vessel_to_source_vector"
      }
    },
    {
      "type": "Feature",
      "id": "4DH_0024_release_point",
      "geometry": {
        "type": "Point",
        "coordinates": [
          -81.421491,
          31.110186
        ]
      },
      "properties": {
        "candidate_id": "VC_0024",
        "mmsi": 338102856,
        "vessel_name": "RESPONDER",
        "imo": "UNKNOWN",
        "vessel_type": "31.0",
        "release_lat": 31.110186,
        "release_lon": -81.421491,
        "release_timestamp": "2019-09-08T07:25:31.797740+00:00",
        "source_age_hours": 4.0,
        "source_plausibility": 0.4967,
        "ais_lat": 31.128275,
        "ais_lon": -81.403426,
        "vessel_source_distance_m": 2646.32,
        "ais_track_quality": "bracketed_interpolation",
        "gap_status": "70.0s",
        "compatibility_status": "COMPATIBLE",
        "source_hypothesis_id": "SH_0002",
        "source_slick_id": "CS_0035",
        "causal_precedence_status": "AT_RELEASE",
        "causal_precedence_score": 1.0,
        "causal_eligibility": true,
        "pre_release_evidence": true,
        "post_release_evidence": true,
        "source_age_plausibility": "HIGH",
        "source_age_score": 1.0,
        "source_age_explanation": "Hypothesized source age 4.0h is fully compatible with physical spreading and Lagrangian drift for area 0.0526 km\u00b2.",
        "causal_explanation": "Vessel observed within 16.0s of hypothesized release time.",
        "hypothesis_id": "4DH_0024",
        "feature_type": "hypothesized_release_location"
      }
    },
    {
      "type": "Feature",
      "id": "4DH_0024_displacement_vector",
      "geometry": {
        "type": "LineString",
        "coordinates": [
          [
            -81.403426,
            31.128275
          ],
          [
            -81.421491,
            31.110186
          ]
        ]
      },
      "properties": {
        "hypothesis_id": "4DH_0024",
        "candidate_id": "VC_0024",
        "mmsi": 338102856,
        "vessel_name": "RESPONDER",
        "vessel_source_distance_m": 2646.32,
        "feature_type": "vessel_to_source_vector"
      }
    },
    {
      "type": "Feature",
      "id": "4DH_0025_release_point",
      "geometry": {
        "type": "Point",
        "coordinates": [
          -81.421491,
          31.110186
        ]
      },
      "properties": {
        "candidate_id": "VC_0025",
        "mmsi": 338102861,
        "vessel_name": "RECOVERY",
        "imo": "UNKNOWN",
        "vessel_type": "90.0",
        "release_lat": 31.110186,
        "release_lon": -81.421491,
        "release_timestamp": "2019-09-08T07:25:31.797740+00:00",
        "source_age_hours": 4.0,
        "source_plausibility": 0.4967,
        "ais_lat": 31.12758,
        "ais_lon": -81.40204,
        "vessel_source_distance_m": 2677.56,
        "ais_track_quality": "bracketed_interpolation",
        "gap_status": "62.0s",
        "compatibility_status": "COMPATIBLE",
        "source_hypothesis_id": "SH_0002",
        "source_slick_id": "CS_0035",
        "causal_precedence_status": "AT_RELEASE",
        "causal_precedence_score": 1.0,
        "causal_eligibility": true,
        "pre_release_evidence": true,
        "post_release_evidence": true,
        "source_age_plausibility": "HIGH",
        "source_age_score": 1.0,
        "source_age_explanation": "Hypothesized source age 4.0h is fully compatible with physical spreading and Lagrangian drift for area 0.0526 km\u00b2.",
        "causal_explanation": "Vessel observed within 7.0s of hypothesized release time.",
        "hypothesis_id": "4DH_0025",
        "feature_type": "hypothesized_release_location"
      }
    },
    {
      "type": "Feature",
      "id": "4DH_0025_displacement_vector",
      "geometry": {
        "type": "LineString",
        "coordinates": [
          [
            -81.40204,
            31.12758
          ],
          [
            -81.421491,
            31.110186
          ]
        ]
      },
      "properties": {
        "hypothesis_id": "4DH_0025",
        "candidate_id": "VC_0025",
        "mmsi": 338102861,
        "vessel_name": "RECOVERY",
        "vessel_source_distance_m": 2677.56,
        "feature_type": "vessel_to_source_vector"
      }
    },
    {
      "type": "Feature",
      "id": "4DH_0026_release_point",
      "geometry": {
        "type": "Point",
        "coordinates": [
          -81.421491,
          31.110186
        ]
      },
      "properties": {
        "candidate_id": "VC_0026",
        "mmsi": 338143506,
        "vessel_name": "MORNING SUN II",
        "imo": "UNKNOWN",
        "vessel_type": "37.0",
        "release_lat": 31.110186,
        "release_lon": -81.421491,
        "release_timestamp": "2019-09-08T07:25:31.797740+00:00",
        "source_age_hours": 4.0,
        "source_plausibility": 0.4967,
        "ais_lat": 31.15968,
        "ais_lon": -81.49969,
        "vessel_source_distance_m": 9256.53,
        "ais_track_quality": "bracketed_interpolation",
        "gap_status": "540.0s",
        "compatibility_status": "COMPATIBLE",
        "source_hypothesis_id": "SH_0002",
        "source_slick_id": "CS_0035",
        "causal_precedence_status": "AT_RELEASE",
        "causal_precedence_score": 1.0,
        "causal_eligibility": true,
        "pre_release_evidence": true,
        "post_release_evidence": true,
        "source_age_plausibility": "HIGH",
        "source_age_score": 1.0,
        "source_age_explanation": "Hypothesized source age 4.0h is fully compatible with physical spreading and Lagrangian drift for area 0.0526 km\u00b2.",
        "causal_explanation": "Vessel observed within 266.0s of hypothesized release time.",
        "hypothesis_id": "4DH_0026",
        "feature_type": "hypothesized_release_location"
      }
    },
    {
      "type": "Feature",
      "id": "4DH_0026_displacement_vector",
      "geometry": {
        "type": "LineString",
        "coordinates": [
          [
            -81.49969,
            31.15968
          ],
          [
            -81.421491,
            31.110186
          ]
        ]
      },
      "properties": {
        "hypothesis_id": "4DH_0026",
        "candidate_id": "VC_0026",
        "mmsi": 338143506,
        "vessel_name": "MORNING SUN II",
        "vessel_source_distance_m": 9256.53,
        "feature_type": "vessel_to_source_vector"
      }
    },
    {
      "type": "Feature",
      "id": "4DH_0027_release_point",
      "geometry": {
        "type": "Point",
        "coordinates": [
          -81.421491,
          31.110186
        ]
      },
      "properties": {
        "candidate_id": "VC_0027",
        "mmsi": 338184094,
        "vessel_name": "DULCINEA",
        "imo": "UNKNOWN",
        "vessel_type": "37.0",
        "release_lat": 31.110186,
        "release_lon": -81.421491,
        "release_timestamp": "2019-09-08T07:25:31.797740+00:00",
        "source_age_hours": 4.0,
        "source_plausibility": 0.4967,
        "ais_lat": 31.155,
        "ais_lon": -81.49958,
        "vessel_source_distance_m": 8948.37,
        "ais_track_quality": "bracketed_interpolation",
        "gap_status": "180.0s",
        "compatibility_status": "COMPATIBLE",
        "source_hypothesis_id": "SH_0002",
        "source_slick_id": "CS_0035",
        "causal_precedence_status": "AT_RELEASE",
        "causal_precedence_score": 1.0,
        "causal_eligibility": true,
        "pre_release_evidence": true,
        "post_release_evidence": true,
        "source_age_plausibility": "HIGH",
        "source_age_score": 1.0,
        "source_age_explanation": "Hypothesized source age 4.0h is fully compatible with physical spreading and Lagrangian drift for area 0.0526 km\u00b2.",
        "causal_explanation": "Vessel observed within 28.0s of hypothesized release time.",
        "hypothesis_id": "4DH_0027",
        "feature_type": "hypothesized_release_location"
      }
    },
    {
      "type": "Feature",
      "id": "4DH_0027_displacement_vector",
      "geometry": {
        "type": "LineString",
        "coordinates": [
          [
            -81.49958,
            31.155
          ],
          [
            -81.421491,
            31.110186
          ]
        ]
      },
      "properties": {
        "hypothesis_id": "4DH_0027",
        "candidate_id": "VC_0027",
        "mmsi": 338184094,
        "vessel_name": "DULCINEA",
        "vessel_source_distance_m": 8948.37,
        "feature_type": "vessel_to_source_vector"
      }
    },
    {
      "type": "Feature",
      "id": "4DH_0028_release_point",
      "geometry": {
        "type": "Point",
        "coordinates": [
          -81.421491,
          31.110186
        ]
      },
      "properties": {
        "candidate_id": "VC_0028",
        "mmsi": 338235704,
        "vessel_name": "BRUNSWICK",
        "imo": "IMO0000000",
        "vessel_type": "50.0",
        "release_lat": 31.110186,
        "release_lon": -81.421491,
        "release_timestamp": "2019-09-08T07:25:31.797740+00:00",
        "source_age_hours": 4.0,
        "source_plausibility": 0.4967,
        "ais_lat": 31.128636,
        "ais_lon": -81.404986,
        "vessel_source_distance_m": 2584.07,
        "ais_track_quality": "bracketed_interpolation",
        "gap_status": "89.0s",
        "compatibility_status": "COMPATIBLE",
        "source_hypothesis_id": "SH_0002",
        "source_slick_id": "CS_0035",
        "causal_precedence_status": "AT_RELEASE",
        "causal_precedence_score": 1.0,
        "causal_eligibility": true,
        "pre_release_evidence": true,
        "post_release_evidence": true,
        "source_age_plausibility": "HIGH",
        "source_age_score": 1.0,
        "source_age_explanation": "Hypothesized source age 4.0h is fully compatible with physical spreading and Lagrangian drift for area 0.0526 km\u00b2.",
        "causal_explanation": "Vessel observed within 9.0s of hypothesized release time.",
        "hypothesis_id": "4DH_0028",
        "feature_type": "hypothesized_release_location"
      }
    },
    {
      "type": "Feature",
      "id": "4DH_0028_displacement_vector",
      "geometry": {
        "type": "LineString",
        "coordinates": [
          [
            -81.404986,
            31.128636
          ],
          [
            -81.421491,
            31.110186
          ]
        ]
      },
      "properties": {
        "hypothesis_id": "4DH_0028",
        "candidate_id": "VC_0028",
        "mmsi": 338235704,
        "vessel_name": "BRUNSWICK",
        "vessel_source_distance_m": 2584.07,
        "feature_type": "vessel_to_source_vector"
      }
    },
    {
      "type": "Feature",
      "id": "4DH_0029_release_point",
      "geometry": {
        "type": "Point",
        "coordinates": [
          -81.421491,
          31.110186
        ]
      },
      "properties": {
        "candidate_id": "VC_0029",
        "mmsi": 338335542,
        "vessel_name": "STILL WATERS",
        "imo": "IMO0000000",
        "vessel_type": "37.0",
        "release_lat": 31.110186,
        "release_lon": -81.421491,
        "release_timestamp": "2019-09-08T07:25:31.797740+00:00",
        "source_age_hours": 4.0,
        "source_plausibility": 0.4967,
        "ais_lat": 31.167432,
        "ais_lon": -81.41489,
        "vessel_source_distance_m": 6396.39,
        "ais_track_quality": "bracketed_interpolation",
        "gap_status": "182.0s",
        "compatibility_status": "COMPATIBLE",
        "source_hypothesis_id": "SH_0002",
        "source_slick_id": "CS_0035",
        "causal_precedence_status": "AT_RELEASE",
        "causal_precedence_score": 1.0,
        "causal_eligibility": true,
        "pre_release_evidence": true,
        "post_release_evidence": true,
        "source_age_plausibility": "HIGH",
        "source_age_score": 1.0,
        "source_age_explanation": "Hypothesized source age 4.0h is fully compatible with physical spreading and Lagrangian drift for area 0.0526 km\u00b2.",
        "causal_explanation": "Vessel observed within 42.0s of hypothesized release time.",
        "hypothesis_id": "4DH_0029",
        "feature_type": "hypothesized_release_location"
      }
    },
    {
      "type": "Feature",
      "id": "4DH_0029_displacement_vector",
      "geometry": {
        "type": "LineString",
        "coordinates": [
          [
            -81.41489,
            31.167432
          ],
          [
            -81.421491,
            31.110186
          ]
        ]
      },
      "properties": {
        "hypothesis_id": "4DH_0029",
        "candidate_id": "VC_0029",
        "mmsi": 338335542,
        "vessel_name": "STILL WATERS",
        "vessel_source_distance_m": 6396.39,
        "feature_type": "vessel_to_source_vector"
      }
    },
    {
      "type": "Feature",
      "id": "4DH_0030_release_point",
      "geometry": {
        "type": "Point",
        "coordinates": [
          -81.421491,
          31.110186
        ]
      },
      "properties": {
        "candidate_id": "VC_0030",
        "mmsi": 339759000,
        "vessel_name": "REGALEC",
        "imo": "UNKNOWN",
        "vessel_type": "37.0",
        "release_lat": 31.110186,
        "release_lon": -81.421491,
        "release_timestamp": "2019-09-08T07:25:31.797740+00:00",
        "source_age_hours": 4.0,
        "source_plausibility": 0.4967,
        "ais_lat": 31.157156,
        "ais_lon": -81.499718,
        "vessel_source_distance_m": 9094.73,
        "ais_track_quality": "bracketed_interpolation",
        "gap_status": "540.0s",
        "compatibility_status": "COMPATIBLE",
        "source_hypothesis_id": "SH_0002",
        "source_slick_id": "CS_0035",
        "causal_precedence_status": "AT_RELEASE",
        "causal_precedence_score": 1.0,
        "causal_eligibility": true,
        "pre_release_evidence": true,
        "post_release_evidence": true,
        "source_age_plausibility": "HIGH",
        "source_age_score": 1.0,
        "source_age_explanation": "Hypothesized source age 4.0h is fully compatible with physical spreading and Lagrangian drift for area 0.0526 km\u00b2.",
        "causal_explanation": "Vessel observed within 101.0s of hypothesized release time.",
        "hypothesis_id": "4DH_0030",
        "feature_type": "hypothesized_release_location"
      }
    },
    {
      "type": "Feature",
      "id": "4DH_0030_displacement_vector",
      "geometry": {
        "type": "LineString",
        "coordinates": [
          [
            -81.499718,
            31.157156
          ],
          [
            -81.421491,
            31.110186
          ]
        ]
      },
      "properties": {
        "hypothesis_id": "4DH_0030",
        "candidate_id": "VC_0030",
        "mmsi": 339759000,
        "vessel_name": "REGALEC",
        "vessel_source_distance_m": 9094.73,
        "feature_type": "vessel_to_source_vector"
      }
    },
    {
      "type": "Feature",
      "id": "4DH_0031_release_point",
      "geometry": {
        "type": "Point",
        "coordinates": [
          -81.421491,
          31.110186
        ]
      },
      "properties": {
        "candidate_id": "VC_0031",
        "mmsi": 367063030,
        "vessel_name": "EMERALD PRINCESS II",
        "imo": "IMO8993057",
        "vessel_type": "60.0",
        "release_lat": 31.110186,
        "release_lon": -81.421491,
        "release_timestamp": "2019-09-08T07:25:31.797740+00:00",
        "source_age_hours": 4.0,
        "source_plausibility": 0.4967,
        "ais_lat": 31.114082,
        "ais_lon": -81.4884,
        "vessel_source_distance_m": 6384.48,
        "ais_track_quality": "bracketed_interpolation",
        "gap_status": "179.0s",
        "compatibility_status": "COMPATIBLE",
        "source_hypothesis_id": "SH_0002",
        "source_slick_id": "CS_0035",
        "causal_precedence_status": "AT_RELEASE",
        "causal_precedence_score": 1.0,
        "causal_eligibility": true,
        "pre_release_evidence": true,
        "post_release_evidence": true,
        "source_age_plausibility": "HIGH",
        "source_age_score": 1.0,
        "source_age_explanation": "Hypothesized source age 4.0h is fully compatible with physical spreading and Lagrangian drift for area 0.0526 km\u00b2.",
        "causal_explanation": "Vessel observed within 40.0s of hypothesized release time.",
        "hypothesis_id": "4DH_0031",
        "feature_type": "hypothesized_release_location"
      }
    },
    {
      "type": "Feature",
      "id": "4DH_0031_displacement_vector",
      "geometry": {
        "type": "LineString",
        "coordinates": [
          [
            -81.4884,
            31.114082
          ],
          [
            -81.421491,
            31.110186
          ]
        ]
      },
      "properties": {
        "hypothesis_id": "4DH_0031",
        "candidate_id": "VC_0031",
        "mmsi": 367063030,
        "vessel_name": "EMERALD PRINCESS II",
        "vessel_source_distance_m": 6384.48,
        "feature_type": "vessel_to_source_vector"
      }
    },
    {
      "type": "Feature",
      "id": "4DH_0032_release_point",
      "geometry": {
        "type": "Point",
        "coordinates": [
          -81.421491,
          31.110186
        ]
      },
      "properties": {
        "candidate_id": "VC_0032",
        "mmsi": 367094180,
        "vessel_name": "CHICORY",
        "imo": "UNKNOWN",
        "vessel_type": "37.0",
        "release_lat": 31.110186,
        "release_lon": -81.421491,
        "release_timestamp": "2019-09-08T07:25:31.797740+00:00",
        "source_age_hours": 4.0,
        "source_plausibility": 0.4967,
        "ais_lat": 31.15501,
        "ais_lon": -81.499418,
        "vessel_source_distance_m": 8936.18,
        "ais_track_quality": "bracketed_interpolation",
        "gap_status": "359.0s",
        "compatibility_status": "COMPATIBLE",
        "source_hypothesis_id": "SH_0002",
        "source_slick_id": "CS_0035",
        "causal_precedence_status": "AT_RELEASE",
        "causal_precedence_score": 1.0,
        "causal_eligibility": true,
        "pre_release_evidence": true,
        "post_release_evidence": true,
        "source_age_plausibility": "HIGH",
        "source_age_score": 1.0,
        "source_age_explanation": "Hypothesized source age 4.0h is fully compatible with physical spreading and Lagrangian drift for area 0.0526 km\u00b2.",
        "causal_explanation": "Vessel observed within 149.0s of hypothesized release time.",
        "hypothesis_id": "4DH_0032",
        "feature_type": "hypothesized_release_location"
      }
    },
    {
      "type": "Feature",
      "id": "4DH_0032_displacement_vector",
      "geometry": {
        "type": "LineString",
        "coordinates": [
          [
            -81.499418,
            31.15501
          ],
          [
            -81.421491,
            31.110186
          ]
        ]
      },
      "properties": {
        "hypothesis_id": "4DH_0032",
        "candidate_id": "VC_0032",
        "mmsi": 367094180,
        "vessel_name": "CHICORY",
        "vessel_source_distance_m": 8936.18,
        "feature_type": "vessel_to_source_vector"
      }
    },
    {
      "type": "Feature",
      "id": "4DH_0033_release_point",
      "geometry": {
        "type": "Point",
        "coordinates": [
          -81.421491,
          31.110186
        ]
      },
      "properties": {
        "candidate_id": "VC_0033",
        "mmsi": 367157730,
        "vessel_name": "AESTIVAL",
        "imo": "UNKNOWN",
        "vessel_type": "37.0",
        "release_lat": 31.110186,
        "release_lon": -81.421491,
        "release_timestamp": "2019-09-08T07:25:31.797740+00:00",
        "source_age_hours": 4.0,
        "source_plausibility": 0.4967,
        "ais_lat": 31.15825,
        "ais_lon": -81.499309,
        "vessel_source_distance_m": 9133.5,
        "ais_track_quality": "bracketed_interpolation",
        "gap_status": "181.0s",
        "compatibility_status": "COMPATIBLE",
        "source_hypothesis_id": "SH_0002",
        "source_slick_id": "CS_0035",
        "causal_precedence_status": "AT_RELEASE",
        "causal_precedence_score": 1.0,
        "causal_eligibility": true,
        "pre_release_evidence": true,
        "post_release_evidence": true,
        "source_age_plausibility": "HIGH",
        "source_age_score": 1.0,
        "source_age_explanation": "Hypothesized source age 4.0h is fully compatible with physical spreading and Lagrangian drift for area 0.0526 km\u00b2.",
        "causal_explanation": "Vessel observed within 12.0s of hypothesized release time.",
        "hypothesis_id": "4DH_0033",
        "feature_type": "hypothesized_release_location"
      }
    },
    {
      "type": "Feature",
      "id": "4DH_0033_displacement_vector",
      "geometry": {
        "type": "LineString",
        "coordinates": [
          [
            -81.499309,
            31.15825
          ],
          [
            -81.421491,
            31.110186
          ]
        ]
      },
      "properties": {
        "hypothesis_id": "4DH_0033",
        "candidate_id": "VC_0033",
        "mmsi": 367157730,
        "vessel_name": "AESTIVAL",
        "vessel_source_distance_m": 9133.5,
        "feature_type": "vessel_to_source_vector"
      }
    },
    {
      "type": "Feature",
      "id": "4DH_0034_release_point",
      "geometry": {
        "type": "Point",
        "coordinates": [
          -81.421491,
          31.110186
        ]
      },
      "properties": {
        "candidate_id": "VC_0034",
        "mmsi": 367305420,
        "vessel_name": "DOROTHY MORAN",
        "imo": "IMO7716995",
        "vessel_type": "31.0",
        "release_lat": 31.110186,
        "release_lon": -81.421491,
        "release_timestamp": "2019-09-08T07:25:31.797740+00:00",
        "source_age_hours": 4.0,
        "source_plausibility": 0.4967,
        "ais_lat": 31.128318,
        "ais_lon": -81.403698,
        "vessel_source_distance_m": 2633.23,
        "ais_track_quality": "bracketed_interpolation",
        "gap_status": "89.0s",
        "compatibility_status": "COMPATIBLE",
        "source_hypothesis_id": "SH_0002",
        "source_slick_id": "CS_0035",
        "causal_precedence_status": "AT_RELEASE",
        "causal_precedence_score": 1.0,
        "causal_eligibility": true,
        "pre_release_evidence": true,
        "post_release_evidence": true,
        "source_age_plausibility": "HIGH",
        "source_age_score": 1.0,
        "source_age_explanation": "Hypothesized source age 4.0h is fully compatible with physical spreading and Lagrangian drift for area 0.0526 km\u00b2.",
        "causal_explanation": "Vessel observed within 14.0s of hypothesized release time.",
        "hypothesis_id": "4DH_0034",
        "feature_type": "hypothesized_release_location"
      }
    },
    {
      "type": "Feature",
      "id": "4DH_0034_displacement_vector",
      "geometry": {
        "type": "LineString",
        "coordinates": [
          [
            -81.403698,
            31.128318
          ],
          [
            -81.421491,
            31.110186
          ]
        ]
      },
      "properties": {
        "hypothesis_id": "4DH_0034",
        "candidate_id": "VC_0034",
        "mmsi": 367305420,
        "vessel_name": "DOROTHY MORAN",
        "vessel_source_distance_m": 2633.23,
        "feature_type": "vessel_to_source_vector"
      }
    },
    {
      "type": "Feature",
      "id": "4DH_0035_release_point",
      "geometry": {
        "type": "Point",
        "coordinates": [
          -81.421491,
          31.110186
        ]
      },
      "properties": {
        "candidate_id": "VC_0035",
        "mmsi": 367369550,
        "vessel_name": "ANN MORAN",
        "imo": "IMO7716983",
        "vessel_type": "31.0",
        "release_lat": 31.110186,
        "release_lon": -81.421491,
        "release_timestamp": "2019-09-08T07:25:31.797740+00:00",
        "source_age_hours": 4.0,
        "source_plausibility": 0.4967,
        "ais_lat": 31.128707,
        "ais_lon": -81.4043,
        "vessel_source_distance_m": 2630.46,
        "ais_track_quality": "bracketed_interpolation",
        "gap_status": "129.0s",
        "compatibility_status": "COMPATIBLE",
        "source_hypothesis_id": "SH_0002",
        "source_slick_id": "CS_0035",
        "causal_precedence_status": "AT_RELEASE",
        "causal_precedence_score": 1.0,
        "causal_eligibility": true,
        "pre_release_evidence": true,
        "post_release_evidence": true,
        "source_age_plausibility": "HIGH",
        "source_age_score": 1.0,
        "source_age_explanation": "Hypothesized source age 4.0h is fully compatible with physical spreading and Lagrangian drift for area 0.0526 km\u00b2.",
        "causal_explanation": "Vessel observed within 45.0s of hypothesized release time.",
        "hypothesis_id": "4DH_0035",
        "feature_type": "hypothesized_release_location"
      }
    },
    {
      "type": "Feature",
      "id": "4DH_0035_displacement_vector",
      "geometry": {
        "type": "LineString",
        "coordinates": [
          [
            -81.4043,
            31.128707
          ],
          [
            -81.421491,
            31.110186
          ]
        ]
      },
      "properties": {
        "hypothesis_id": "4DH_0035",
        "candidate_id": "VC_0035",
        "mmsi": 367369550,
        "vessel_name": "ANN MORAN",
        "vessel_source_distance_m": 2630.46,
        "feature_type": "vessel_to_source_vector"
      }
    },
    {
      "type": "Feature",
      "id": "4DH_0036_release_point",
      "geometry": {
        "type": "Point",
        "coordinates": [
          -81.421491,
          31.110186
        ]
      },
      "properties": {
        "candidate_id": "VC_0036",
        "mmsi": 367458950,
        "vessel_name": "WYOMING WIND",
        "imo": "IMO0000000",
        "vessel_type": "36.0",
        "release_lat": 31.110186,
        "release_lon": -81.421491,
        "release_timestamp": "2019-09-08T07:25:31.797740+00:00",
        "source_age_hours": 4.0,
        "source_plausibility": 0.4967,
        "ais_lat": 31.157057,
        "ais_lon": -81.499549,
        "vessel_source_distance_m": 9075.24,
        "ais_track_quality": "bracketed_interpolation",
        "gap_status": "721.0s",
        "compatibility_status": "COMPATIBLE",
        "source_hypothesis_id": "SH_0002",
        "source_slick_id": "CS_0035",
        "causal_precedence_status": "AT_RELEASE",
        "causal_precedence_score": 1.0,
        "causal_eligibility": true,
        "pre_release_evidence": true,
        "post_release_evidence": true,
        "source_age_plausibility": "HIGH",
        "source_age_score": 1.0,
        "source_age_explanation": "Hypothesized source age 4.0h is fully compatible with physical spreading and Lagrangian drift for area 0.0526 km\u00b2.",
        "causal_explanation": "Vessel observed within 206.0s of hypothesized release time.",
        "hypothesis_id": "4DH_0036",
        "feature_type": "hypothesized_release_location"
      }
    },
    {
      "type": "Feature",
      "id": "4DH_0036_displacement_vector",
      "geometry": {
        "type": "LineString",
        "coordinates": [
          [
            -81.499549,
            31.157057
          ],
          [
            -81.421491,
            31.110186
          ]
        ]
      },
      "properties": {
        "hypothesis_id": "4DH_0036",
        "candidate_id": "VC_0036",
        "mmsi": 367458950,
        "vessel_name": "WYOMING WIND",
        "vessel_source_distance_m": 9075.24,
        "feature_type": "vessel_to_source_vector"
      }
    },
    {
      "type": "Feature",
      "id": "4DH_0037_release_point",
      "geometry": {
        "type": "Point",
        "coordinates": [
          -81.421491,
          31.110186
        ]
      },
      "properties": {
        "candidate_id": "VC_0037",
        "mmsi": 367569620,
        "vessel_name": "PURA VIDA",
        "imo": "UNKNOWN",
        "vessel_type": "37.0",
        "release_lat": 31.110186,
        "release_lon": -81.421491,
        "release_timestamp": "2019-09-08T07:25:31.797740+00:00",
        "source_age_hours": 4.0,
        "source_plausibility": 0.4967,
        "ais_lat": 31.167209,
        "ais_lon": -81.414471,
        "vessel_source_distance_m": 6375.77,
        "ais_track_quality": "bracketed_interpolation",
        "gap_status": "182.0s",
        "compatibility_status": "COMPATIBLE",
        "source_hypothesis_id": "SH_0002",
        "source_slick_id": "CS_0035",
        "causal_precedence_status": "AT_RELEASE",
        "causal_precedence_score": 1.0,
        "causal_eligibility": true,
        "pre_release_evidence": true,
        "post_release_evidence": true,
        "source_age_plausibility": "HIGH",
        "source_age_score": 1.0,
        "source_age_explanation": "Hypothesized source age 4.0h is fully compatible with physical spreading and Lagrangian drift for area 0.0526 km\u00b2.",
        "causal_explanation": "Vessel observed within 15.0s of hypothesized release time.",
        "hypothesis_id": "4DH_0037",
        "feature_type": "hypothesized_release_location"
      }
    },
    {
      "type": "Feature",
      "id": "4DH_0037_displacement_vector",
      "geometry": {
        "type": "LineString",
        "coordinates": [
          [
            -81.414471,
            31.167209
          ],
          [
            -81.421491,
            31.110186
          ]
        ]
      },
      "properties": {
        "hypothesis_id": "4DH_0037",
        "candidate_id": "VC_0037",
        "mmsi": 367569620,
        "vessel_name": "PURA VIDA",
        "vessel_source_distance_m": 6375.77,
        "feature_type": "vessel_to_source_vector"
      }
    },
    {
      "type": "Feature",
      "id": "4DH_0038_release_point",
      "geometry": {
        "type": "Point",
        "coordinates": [
          -81.421491,
          31.110186
        ]
      },
      "properties": {
        "candidate_id": "VC_0038",
        "mmsi": 367691290,
        "vessel_name": "MISS LEXY",
        "imo": "IMO8719530",
        "vessel_type": "30.0",
        "release_lat": 31.110186,
        "release_lon": -81.421491,
        "release_timestamp": "2019-09-08T07:25:31.797740+00:00",
        "source_age_hours": 4.0,
        "source_plausibility": 0.4967,
        "ais_lat": 31.142118,
        "ais_lon": -81.49645,
        "vessel_source_distance_m": 7969.73,
        "ais_track_quality": "bracketed_interpolation",
        "gap_status": "69.0s",
        "compatibility_status": "COMPATIBLE",
        "source_hypothesis_id": "SH_0002",
        "source_slick_id": "CS_0035",
        "causal_precedence_status": "AT_RELEASE",
        "causal_precedence_score": 1.0,
        "causal_eligibility": true,
        "pre_release_evidence": true,
        "post_release_evidence": true,
        "source_age_plausibility": "HIGH",
        "source_age_score": 1.0,
        "source_age_explanation": "Hypothesized source age 4.0h is fully compatible with physical spreading and Lagrangian drift for area 0.0526 km\u00b2.",
        "causal_explanation": "Vessel observed within 11.0s of hypothesized release time.",
        "hypothesis_id": "4DH_0038",
        "feature_type": "hypothesized_release_location"
      }
    },
    {
      "type": "Feature",
      "id": "4DH_0038_displacement_vector",
      "geometry": {
        "type": "LineString",
        "coordinates": [
          [
            -81.49645,
            31.142118
          ],
          [
            -81.421491,
            31.110186
          ]
        ]
      },
      "properties": {
        "hypothesis_id": "4DH_0038",
        "candidate_id": "VC_0038",
        "mmsi": 367691290,
        "vessel_name": "MISS LEXY",
        "vessel_source_distance_m": 7969.73,
        "feature_type": "vessel_to_source_vector"
      }
    },
    {
      "type": "Feature",
      "id": "4DH_0039_release_point",
      "geometry": {
        "type": "Point",
        "coordinates": [
          -81.421491,
          31.110186
        ]
      },
      "properties": {
        "candidate_id": "VC_0039",
        "mmsi": 367753660,
        "vessel_name": "AQUAMARINE",
        "imo": "UNKNOWN",
        "vessel_type": "37.0",
        "release_lat": 31.110186,
        "release_lon": -81.421491,
        "release_timestamp": "2019-09-08T07:25:31.797740+00:00",
        "source_age_hours": 4.0,
        "source_plausibility": 0.4967,
        "ais_lat": 31.156103,
        "ais_lon": -81.499217,
        "vessel_source_distance_m": 8988.75,
        "ais_track_quality": "bracketed_interpolation",
        "gap_status": "180.0s",
        "compatibility_status": "COMPATIBLE",
        "source_hypothesis_id": "SH_0002",
        "source_slick_id": "CS_0035",
        "causal_precedence_status": "AT_RELEASE",
        "causal_precedence_score": 1.0,
        "causal_eligibility": true,
        "pre_release_evidence": true,
        "post_release_evidence": true,
        "source_age_plausibility": "HIGH",
        "source_age_score": 1.0,
        "source_age_explanation": "Hypothesized source age 4.0h is fully compatible with physical spreading and Lagrangian drift for area 0.0526 km\u00b2.",
        "causal_explanation": "Vessel observed within 61.0s of hypothesized release time.",
        "hypothesis_id": "4DH_0039",
        "feature_type": "hypothesized_release_location"
      }
    },
    {
      "type": "Feature",
      "id": "4DH_0039_displacement_vector",
      "geometry": {
        "type": "LineString",
        "coordinates": [
          [
            -81.499217,
            31.156103
          ],
          [
            -81.421491,
            31.110186
          ]
        ]
      },
      "properties": {
        "hypothesis_id": "4DH_0039",
        "candidate_id": "VC_0039",
        "mmsi": 367753660,
        "vessel_name": "AQUAMARINE",
        "vessel_source_distance_m": 8988.75,
        "feature_type": "vessel_to_source_vector"
      }
    },
    {
      "type": "Feature",
      "id": "4DH_0040_release_point",
      "geometry": {
        "type": "Point",
        "coordinates": [
          -81.421491,
          31.110186
        ]
      },
      "properties": {
        "candidate_id": "VC_0040",
        "mmsi": 367762440,
        "vessel_name": "SILVER GIRL II",
        "imo": "UNKNOWN",
        "vessel_type": "37.0",
        "release_lat": 31.110186,
        "release_lon": -81.421491,
        "release_timestamp": "2019-09-08T07:25:31.797740+00:00",
        "source_age_hours": 4.0,
        "source_plausibility": 0.4967,
        "ais_lat": 31.154121,
        "ais_lon": -81.499528,
        "vessel_source_distance_m": 8890.2,
        "ais_track_quality": "bracketed_interpolation",
        "gap_status": "357.0s",
        "compatibility_status": "COMPATIBLE",
        "source_hypothesis_id": "SH_0002",
        "source_slick_id": "CS_0035",
        "causal_precedence_status": "AT_RELEASE",
        "causal_precedence_score": 1.0,
        "causal_eligibility": true,
        "pre_release_evidence": true,
        "post_release_evidence": true,
        "source_age_plausibility": "HIGH",
        "source_age_score": 1.0,
        "source_age_explanation": "Hypothesized source age 4.0h is fully compatible with physical spreading and Lagrangian drift for area 0.0526 km\u00b2.",
        "causal_explanation": "Vessel observed within 42.0s of hypothesized release time.",
        "hypothesis_id": "4DH_0040",
        "feature_type": "hypothesized_release_location"
      }
    },
    {
      "type": "Feature",
      "id": "4DH_0040_displacement_vector",
      "geometry": {
        "type": "LineString",
        "coordinates": [
          [
            -81.499528,
            31.154121
          ],
          [
            -81.421491,
            31.110186
          ]
        ]
      },
      "properties": {
        "hypothesis_id": "4DH_0040",
        "candidate_id": "VC_0040",
        "mmsi": 367762440,
        "vessel_name": "SILVER GIRL II",
        "vessel_source_distance_m": 8890.2,
        "feature_type": "vessel_to_source_vector"
      }
    },
    {
      "type": "Feature",
      "id": "4DH_0041_release_point",
      "geometry": {
        "type": "Point",
        "coordinates": [
          -81.421491,
          31.110186
        ]
      },
      "properties": {
        "candidate_id": "VC_0041",
        "mmsi": 368004680,
        "vessel_name": "TAKE IT EASY",
        "imo": "UNKNOWN",
        "vessel_type": "36.0",
        "release_lat": 31.110186,
        "release_lon": -81.421491,
        "release_timestamp": "2019-09-08T07:25:31.797740+00:00",
        "source_age_hours": 4.0,
        "source_plausibility": 0.4967,
        "ais_lat": 31.16683,
        "ais_lon": -81.41569,
        "vessel_source_distance_m": 6322.68,
        "ais_track_quality": "bracketed_interpolation",
        "gap_status": "181.0s",
        "compatibility_status": "COMPATIBLE",
        "source_hypothesis_id": "SH_0002",
        "source_slick_id": "CS_0035",
        "causal_precedence_status": "AT_RELEASE",
        "causal_precedence_score": 1.0,
        "causal_eligibility": true,
        "pre_release_evidence": true,
        "post_release_evidence": true,
        "source_age_plausibility": "HIGH",
        "source_age_score": 1.0,
        "source_age_explanation": "Hypothesized source age 4.0h is fully compatible with physical spreading and Lagrangian drift for area 0.0526 km\u00b2.",
        "causal_explanation": "Vessel observed within 6.0s of hypothesized release time.",
        "hypothesis_id": "4DH_0041",
        "feature_type": "hypothesized_release_location"
      }
    },
    {
      "type": "Feature",
      "id": "4DH_0041_displacement_vector",
      "geometry": {
        "type": "LineString",
        "coordinates": [
          [
            -81.41569,
            31.16683
          ],
          [
            -81.421491,
            31.110186
          ]
        ]
      },
      "properties": {
        "hypothesis_id": "4DH_0041",
        "candidate_id": "VC_0041",
        "mmsi": 368004680,
        "vessel_name": "TAKE IT EASY",
        "vessel_source_distance_m": 6322.68,
        "feature_type": "vessel_to_source_vector"
      }
    },
    {
      "type": "Feature",
      "id": "4DH_0042_release_point",
      "geometry": {
        "type": "Point",
        "coordinates": [
          -81.421491,
          31.110186
        ]
      },
      "properties": {
        "candidate_id": "VC_0042",
        "mmsi": 369201000,
        "vessel_name": "SALTY VIXEN",
        "imo": "UNKNOWN",
        "vessel_type": "37.0",
        "release_lat": 31.110186,
        "release_lon": -81.421491,
        "release_timestamp": "2019-09-08T07:25:31.797740+00:00",
        "source_age_hours": 4.0,
        "source_plausibility": 0.4967,
        "ais_lat": 31.156715,
        "ais_lon": -81.49922,
        "vessel_source_distance_m": 9027.79,
        "ais_track_quality": "bracketed_interpolation",
        "gap_status": "180.0s",
        "compatibility_status": "COMPATIBLE",
        "source_hypothesis_id": "SH_0002",
        "source_slick_id": "CS_0035",
        "causal_precedence_status": "AT_RELEASE",
        "causal_precedence_score": 1.0,
        "causal_eligibility": true,
        "pre_release_evidence": true,
        "post_release_evidence": true,
        "source_age_plausibility": "HIGH",
        "source_age_score": 1.0,
        "source_age_explanation": "Hypothesized source age 4.0h is fully compatible with physical spreading and Lagrangian drift for area 0.0526 km\u00b2.",
        "causal_explanation": "Vessel observed within 84.0s of hypothesized release time.",
        "hypothesis_id": "4DH_0042",
        "feature_type": "hypothesized_release_location"
      }
    },
    {
      "type": "Feature",
      "id": "4DH_0042_displacement_vector",
      "geometry": {
        "type": "LineString",
        "coordinates": [
          [
            -81.49922,
            31.156715
          ],
          [
            -81.421491,
            31.110186
          ]
        ]
      },
      "properties": {
        "hypothesis_id": "4DH_0042",
        "candidate_id": "VC_0042",
        "mmsi": 369201000,
        "vessel_name": "SALTY VIXEN",
        "vessel_source_distance_m": 9027.79,
        "feature_type": "vessel_to_source_vector"
      }
    },
    {
      "type": "Feature",
      "id": "4DH_0043_release_point",
      "geometry": {
        "type": "Point",
        "coordinates": [
          -81.421491,
          31.110186
        ]
      },
      "properties": {
        "candidate_id": "VC_0043",
        "mmsi": 369273000,
        "vessel_name": "ESCAPE PLAN",
        "imo": "IMO0000000",
        "vessel_type": "36.0",
        "release_lat": 31.110186,
        "release_lon": -81.421491,
        "release_timestamp": "2019-09-08T07:25:31.797740+00:00",
        "source_age_hours": 4.0,
        "source_plausibility": 0.4967,
        "ais_lat": 31.160398,
        "ais_lon": -81.499975,
        "vessel_source_distance_m": 9325.91,
        "ais_track_quality": "bracketed_interpolation",
        "gap_status": "177.0s",
        "compatibility_status": "COMPATIBLE",
        "source_hypothesis_id": "SH_0002",
        "source_slick_id": "CS_0035",
        "causal_precedence_status": "AT_RELEASE",
        "causal_precedence_score": 1.0,
        "causal_eligibility": true,
        "pre_release_evidence": true,
        "post_release_evidence": true,
        "source_age_plausibility": "HIGH",
        "source_age_score": 1.0,
        "source_age_explanation": "Hypothesized source age 4.0h is fully compatible with physical spreading and Lagrangian drift for area 0.0526 km\u00b2.",
        "causal_explanation": "Vessel observed within 44.0s of hypothesized release time.",
        "hypothesis_id": "4DH_0043",
        "feature_type": "hypothesized_release_location"
      }
    },
    {
      "type": "Feature",
      "id": "4DH_0043_displacement_vector",
      "geometry": {
        "type": "LineString",
        "coordinates": [
          [
            -81.499975,
            31.160398
          ],
          [
            -81.421491,
            31.110186
          ]
        ]
      },
      "properties": {
        "hypothesis_id": "4DH_0043",
        "candidate_id": "VC_0043",
        "mmsi": 369273000,
        "vessel_name": "ESCAPE PLAN",
        "vessel_source_distance_m": 9325.91,
        "feature_type": "vessel_to_source_vector"
      }
    },
    {
      "type": "Feature",
      "id": "4DH_0044_release_point",
      "geometry": {
        "type": "Point",
        "coordinates": [
          -81.421491,
          31.110186
        ]
      },
      "properties": {
        "candidate_id": "VC_0044",
        "mmsi": 538004697,
        "vessel_name": "EMERALD ACE",
        "imo": "IMO9539236",
        "vessel_type": "70.0",
        "release_lat": 31.110186,
        "release_lon": -81.421491,
        "release_timestamp": "2019-09-08T07:25:31.797740+00:00",
        "source_age_hours": 4.0,
        "source_plausibility": 0.4967,
        "ais_lat": 31.128683,
        "ais_lon": -81.518343,
        "vessel_source_distance_m": 9446.27,
        "ais_track_quality": "bracketed_interpolation",
        "gap_status": "180.0s",
        "compatibility_status": "COMPATIBLE",
        "source_hypothesis_id": "SH_0002",
        "source_slick_id": "CS_0035",
        "causal_precedence_status": "AT_RELEASE",
        "causal_precedence_score": 1.0,
        "causal_eligibility": true,
        "pre_release_evidence": true,
        "post_release_evidence": true,
        "source_age_plausibility": "HIGH",
        "source_age_score": 1.0,
        "source_age_explanation": "Hypothesized source age 4.0h is fully compatible with physical spreading and Lagrangian drift for area 0.0526 km\u00b2.",
        "causal_explanation": "Vessel observed within 20.0s of hypothesized release time.",
        "hypothesis_id": "4DH_0044",
        "feature_type": "hypothesized_release_location"
      }
    },
    {
      "type": "Feature",
      "id": "4DH_0044_displacement_vector",
      "geometry": {
        "type": "LineString",
        "coordinates": [
          [
            -81.518343,
            31.128683
          ],
          [
            -81.421491,
            31.110186
          ]
        ]
      },
      "properties": {
        "hypothesis_id": "4DH_0044",
        "candidate_id": "VC_0044",
        "mmsi": 538004697,
        "vessel_name": "EMERALD ACE",
        "vessel_source_distance_m": 9446.27,
        "feature_type": "vessel_to_source_vector"
      }
    },
    {
      "type": "Feature",
      "id": "4DH_0045_release_point",
      "geometry": {
        "type": "Point",
        "coordinates": [
          -81.421491,
          31.110186
        ]
      },
      "properties": {
        "candidate_id": "VC_0045",
        "mmsi": 538007762,
        "vessel_name": "UNKNOWN",
        "imo": "UNKNOWN",
        "vessel_type": "UNKNOWN",
        "release_lat": 31.110186,
        "release_lon": -81.421491,
        "release_timestamp": "2019-09-08T07:25:31.797740+00:00",
        "source_age_hours": 4.0,
        "source_plausibility": 0.4967,
        "ais_lat": 31.127487,
        "ais_lon": -81.403096,
        "vessel_source_distance_m": 2601.39,
        "ais_track_quality": "bracketed_interpolation",
        "gap_status": "90.0s",
        "compatibility_status": "COMPATIBLE",
        "source_hypothesis_id": "SH_0002",
        "source_slick_id": "CS_0035",
        "causal_precedence_status": "AT_RELEASE",
        "causal_precedence_score": 1.0,
        "causal_eligibility": true,
        "pre_release_evidence": true,
        "post_release_evidence": true,
        "source_age_plausibility": "HIGH",
        "source_age_score": 1.0,
        "source_age_explanation": "Hypothesized source age 4.0h is fully compatible with physical spreading and Lagrangian drift for area 0.0526 km\u00b2.",
        "causal_explanation": "Vessel observed within 32.0s of hypothesized release time.",
        "hypothesis_id": "4DH_0045",
        "feature_type": "hypothesized_release_location"
      }
    },
    {
      "type": "Feature",
      "id": "4DH_0045_displacement_vector",
      "geometry": {
        "type": "LineString",
        "coordinates": [
          [
            -81.403096,
            31.127487
          ],
          [
            -81.421491,
            31.110186
          ]
        ]
      },
      "properties": {
        "hypothesis_id": "4DH_0045",
        "candidate_id": "VC_0045",
        "mmsi": 538007762,
        "vessel_name": "UNKNOWN",
        "vessel_source_distance_m": 2601.39,
        "feature_type": "vessel_to_source_vector"
      }
    },
    {
      "type": "Feature",
      "id": "4DH_0046_release_point",
      "geometry": {
        "type": "Point",
        "coordinates": [
          -81.425044,
          31.103675
        ]
      },
      "properties": {
        "candidate_id": "VC_0046",
        "mmsi": 311828000,
        "vessel_name": "KUJAWY",
        "imo": "IMO9285029",
        "vessel_type": "70.0",
        "release_lat": 31.103675,
        "release_lon": -81.425044,
        "release_timestamp": "2019-09-08T05:25:31.797740+00:00",
        "source_age_hours": 6.0,
        "source_plausibility": 0.4678,
        "ais_lat": 31.13155,
        "ais_lon": -81.49311,
        "vessel_source_distance_m": 7182.73,
        "ais_track_quality": "bracketed_interpolation",
        "gap_status": "180.0s",
        "compatibility_status": "COMPATIBLE",
        "source_hypothesis_id": "SH_0003",
        "source_slick_id": "CS_0035",
        "causal_precedence_status": "AT_RELEASE",
        "causal_precedence_score": 1.0,
        "causal_eligibility": true,
        "pre_release_evidence": true,
        "post_release_evidence": true,
        "source_age_plausibility": "HIGH",
        "source_age_score": 1.0,
        "source_age_explanation": "Hypothesized source age 6.0h is fully compatible with physical spreading and Lagrangian drift for area 0.0526 km\u00b2.",
        "causal_explanation": "Vessel observed within 35.0s of hypothesized release time.",
        "hypothesis_id": "4DH_0046",
        "feature_type": "hypothesized_release_location"
      }
    },
    {
      "type": "Feature",
      "id": "4DH_0046_displacement_vector",
      "geometry": {
        "type": "LineString",
        "coordinates": [
          [
            -81.49311,
            31.13155
          ],
          [
            -81.425044,
            31.103675
          ]
        ]
      },
      "properties": {
        "hypothesis_id": "4DH_0046",
        "candidate_id": "VC_0046",
        "mmsi": 311828000,
        "vessel_name": "KUJAWY",
        "vessel_source_distance_m": 7182.73,
        "feature_type": "vessel_to_source_vector"
      }
    },
    {
      "type": "Feature",
      "id": "4DH_0047_release_point",
      "geometry": {
        "type": "Point",
        "coordinates": [
          -81.425044,
          31.103675
        ]
      },
      "properties": {
        "candidate_id": "VC_0047",
        "mmsi": 338143506,
        "vessel_name": "MORNING SUN II",
        "imo": "UNKNOWN",
        "vessel_type": "37.0",
        "release_lat": 31.103675,
        "release_lon": -81.425044,
        "release_timestamp": "2019-09-08T05:25:31.797740+00:00",
        "source_age_hours": 6.0,
        "source_plausibility": 0.4678,
        "ais_lat": 31.15969,
        "ais_lon": -81.49972,
        "vessel_source_distance_m": 9450.66,
        "ais_track_quality": "bracketed_interpolation",
        "gap_status": "359.0s",
        "compatibility_status": "COMPATIBLE",
        "source_hypothesis_id": "SH_0003",
        "source_slick_id": "CS_0035",
        "causal_precedence_status": "AT_RELEASE",
        "causal_precedence_score": 1.0,
        "causal_eligibility": true,
        "pre_release_evidence": true,
        "post_release_evidence": true,
        "source_age_plausibility": "HIGH",
        "source_age_score": 1.0,
        "source_age_explanation": "Hypothesized source age 6.0h is fully compatible with physical spreading and Lagrangian drift for area 0.0526 km\u00b2.",
        "causal_explanation": "Vessel observed within 85.0s of hypothesized release time.",
        "hypothesis_id": "4DH_0047",
        "feature_type": "hypothesized_release_location"
      }
    },
    {
      "type": "Feature",
      "id": "4DH_0047_displacement_vector",
      "geometry": {
        "type": "LineString",
        "coordinates": [
          [
            -81.49972,
            31.15969
          ],
          [
            -81.425044,
            31.103675
          ]
        ]
      },
      "properties": {
        "hypothesis_id": "4DH_0047",
        "candidate_id": "VC_0047",
        "mmsi": 338143506,
        "vessel_name": "MORNING SUN II",
        "vessel_source_distance_m": 9450.66,
        "feature_type": "vessel_to_source_vector"
      }
    },
    {
      "type": "Feature",
      "id": "4DH_0048_release_point",
      "geometry": {
        "type": "Point",
        "coordinates": [
          -81.425044,
          31.103675
        ]
      },
      "properties": {
        "candidate_id": "VC_0048",
        "mmsi": 338184094,
        "vessel_name": "DULCINEA",
        "imo": "UNKNOWN",
        "vessel_type": "37.0",
        "release_lat": 31.103675,
        "release_lon": -81.425044,
        "release_timestamp": "2019-09-08T05:25:31.797740+00:00",
        "source_age_hours": 6.0,
        "source_plausibility": 0.4678,
        "ais_lat": 31.154998,
        "ais_lon": -81.49958,
        "vessel_source_distance_m": 9105.01,
        "ais_track_quality": "bracketed_interpolation",
        "gap_status": "177.0s",
        "compatibility_status": "COMPATIBLE",
        "source_hypothesis_id": "SH_0003",
        "source_slick_id": "CS_0035",
        "causal_precedence_status": "AT_RELEASE",
        "causal_precedence_score": 1.0,
        "causal_eligibility": true,
        "pre_release_evidence": true,
        "post_release_evidence": true,
        "source_age_plausibility": "HIGH",
        "source_age_score": 1.0,
        "source_age_explanation": "Hypothesized source age 6.0h is fully compatible with physical spreading and Lagrangian drift for area 0.0526 km\u00b2.",
        "causal_explanation": "Vessel observed within 29.0s of hypothesized release time.",
        "hypothesis_id": "4DH_0048",
        "feature_type": "hypothesized_release_location"
      }
    },
    {
      "type": "Feature",
      "id": "4DH_0048_displacement_vector",
      "geometry": {
        "type": "LineString",
        "coordinates": [
          [
            -81.49958,
            31.154998
          ],
          [
            -81.425044,
            31.103675
          ]
        ]
      },
      "properties": {
        "hypothesis_id": "4DH_0048",
        "candidate_id": "VC_0048",
        "mmsi": 338184094,
        "vessel_name": "DULCINEA",
        "vessel_source_distance_m": 9105.01,
        "feature_type": "vessel_to_source_vector"
      }
    },
    {
      "type": "Feature",
      "id": "4DH_0049_release_point",
      "geometry": {
        "type": "Point",
        "coordinates": [
          -81.425044,
          31.103675
        ]
      },
      "properties": {
        "candidate_id": "VC_0049",
        "mmsi": 338335542,
        "vessel_name": "STILL WATERS",
        "imo": "IMO0000000",
        "vessel_type": "37.0",
        "release_lat": 31.103675,
        "release_lon": -81.425044,
        "release_timestamp": "2019-09-08T05:25:31.797740+00:00",
        "source_age_hours": 6.0,
        "source_plausibility": 0.4678,
        "ais_lat": 31.167434,
        "ais_lon": -81.41487,
        "vessel_source_distance_m": 7155.5,
        "ais_track_quality": "bracketed_interpolation",
        "gap_status": "362.0s",
        "compatibility_status": "COMPATIBLE",
        "source_hypothesis_id": "SH_0003",
        "source_slick_id": "CS_0035",
        "causal_precedence_status": "AT_RELEASE",
        "causal_precedence_score": 1.0,
        "causal_eligibility": true,
        "pre_release_evidence": true,
        "post_release_evidence": true,
        "source_age_plausibility": "HIGH",
        "source_age_score": 1.0,
        "source_age_explanation": "Hypothesized source age 6.0h is fully compatible with physical spreading and Lagrangian drift for area 0.0526 km\u00b2.",
        "causal_explanation": "Vessel observed within 140.0s of hypothesized release time.",
        "hypothesis_id": "4DH_0049",
        "feature_type": "hypothesized_release_location"
      }
    },
    {
      "type": "Feature",
      "id": "4DH_0049_displacement_vector",
      "geometry": {
        "type": "LineString",
        "coordinates": [
          [
            -81.41487,
            31.167434
          ],
          [
            -81.425044,
            31.103675
          ]
        ]
      },
      "properties": {
        "hypothesis_id": "4DH_0049",
        "candidate_id": "VC_0049",
        "mmsi": 338335542,
        "vessel_name": "STILL WATERS",
        "vessel_source_distance_m": 7155.5,
        "feature_type": "vessel_to_source_vector"
      }
    },
    {
      "type": "Feature",
      "id": "4DH_0050_release_point",
      "geometry": {
        "type": "Point",
        "coordinates": [
          -81.425044,
          31.103675
        ]
      },
      "properties": {
        "candidate_id": "VC_0050",
        "mmsi": 339759000,
        "vessel_name": "REGALEC",
        "imo": "UNKNOWN",
        "vessel_type": "37.0",
        "release_lat": 31.103675,
        "release_lon": -81.425044,
        "release_timestamp": "2019-09-08T05:25:31.797740+00:00",
        "source_age_hours": 6.0,
        "source_plausibility": 0.4678,
        "ais_lat": 31.157169,
        "ais_lon": -81.49974,
        "vessel_source_distance_m": 9269.84,
        "ais_track_quality": "bracketed_interpolation",
        "gap_status": "720.0s",
        "compatibility_status": "COMPATIBLE",
        "source_hypothesis_id": "SH_0003",
        "source_slick_id": "CS_0035",
        "causal_precedence_status": "AT_RELEASE",
        "causal_precedence_score": 1.0,
        "causal_eligibility": true,
        "pre_release_evidence": true,
        "post_release_evidence": true,
        "source_age_plausibility": "HIGH",
        "source_age_score": 1.0,
        "source_age_explanation": "Hypothesized source age 6.0h is fully compatible with physical spreading and Lagrangian drift for area 0.0526 km\u00b2.",
        "causal_explanation": "Vessel observed within 78.0s of hypothesized release time.",
        "hypothesis_id": "4DH_0050",
        "feature_type": "hypothesized_release_location"
      }
    },
    {
      "type": "Feature",
      "id": "4DH_0050_displacement_vector",
      "geometry": {
        "type": "LineString",
        "coordinates": [
          [
            -81.49974,
            31.157169
          ],
          [
            -81.425044,
            31.103675
          ]
        ]
      },
      "properties": {
        "hypothesis_id": "4DH_0050",
        "candidate_id": "VC_0050",
        "mmsi": 339759000,
        "vessel_name": "REGALEC",
        "vessel_source_distance_m": 9269.84,
        "feature_type": "vessel_to_source_vector"
      }
    },
    {
      "type": "Feature",
      "id": "4DH_0051_release_point",
      "geometry": {
        "type": "Point",
        "coordinates": [
          -81.425044,
          31.103675
        ]
      },
      "properties": {
        "candidate_id": "VC_0051",
        "mmsi": 367063030,
        "vessel_name": "EMERALD PRINCESS II",
        "imo": "IMO8993057",
        "vessel_type": "60.0",
        "release_lat": 31.103675,
        "release_lon": -81.425044,
        "release_timestamp": "2019-09-08T05:25:31.797740+00:00",
        "source_age_hours": 6.0,
        "source_plausibility": 0.4678,
        "ais_lat": 31.1141,
        "ais_lon": -81.4884,
        "vessel_source_distance_m": 6142.1,
        "ais_track_quality": "bracketed_interpolation",
        "gap_status": "361.0s",
        "compatibility_status": "COMPATIBLE",
        "source_hypothesis_id": "SH_0003",
        "source_slick_id": "CS_0035",
        "causal_precedence_status": "AT_RELEASE",
        "causal_precedence_score": 1.0,
        "causal_eligibility": true,
        "pre_release_evidence": true,
        "post_release_evidence": true,
        "source_age_plausibility": "HIGH",
        "source_age_score": 1.0,
        "source_age_explanation": "Hypothesized source age 6.0h is fully compatible with physical spreading and Lagrangian drift for area 0.0526 km\u00b2.",
        "causal_explanation": "Vessel observed within 140.0s of hypothesized release time.",
        "hypothesis_id": "4DH_0051",
        "feature_type": "hypothesized_release_location"
      }
    },
    {
      "type": "Feature",
      "id": "4DH_0051_displacement_vector",
      "geometry": {
        "type": "LineString",
        "coordinates": [
          [
            -81.4884,
            31.1141
          ],
          [
            -81.425044,
            31.103675
          ]
        ]
      },
      "properties": {
        "hypothesis_id": "4DH_0051",
        "candidate_id": "VC_0051",
        "mmsi": 367063030,
        "vessel_name": "EMERALD PRINCESS II",
        "vessel_source_distance_m": 6142.1,
        "feature_type": "vessel_to_source_vector"
      }
    },
    {
      "type": "Feature",
      "id": "4DH_0052_release_point",
      "geometry": {
        "type": "Point",
        "coordinates": [
          -81.425044,
          31.103675
        ]
      },
      "properties": {
        "candidate_id": "VC_0052",
        "mmsi": 367094180,
        "vessel_name": "CHICORY",
        "imo": "UNKNOWN",
        "vessel_type": "37.0",
        "release_lat": 31.103675,
        "release_lon": -81.425044,
        "release_timestamp": "2019-09-08T05:25:31.797740+00:00",
        "source_age_hours": 6.0,
        "source_plausibility": 0.4678,
        "ais_lat": 31.155018,
        "ais_lon": -81.499413,
        "vessel_source_distance_m": 9094.02,
        "ais_track_quality": "bracketed_interpolation",
        "gap_status": "181.0s",
        "compatibility_status": "COMPATIBLE",
        "source_hypothesis_id": "SH_0003",
        "source_slick_id": "CS_0035",
        "causal_precedence_status": "AT_RELEASE",
        "causal_precedence_score": 1.0,
        "causal_eligibility": true,
        "pre_release_evidence": true,
        "post_release_evidence": true,
        "source_age_plausibility": "HIGH",
        "source_age_score": 1.0,
        "source_age_explanation": "Hypothesized source age 6.0h is fully compatible with physical spreading and Lagrangian drift for area 0.0526 km\u00b2.",
        "causal_explanation": "Vessel observed within 30.0s of hypothesized release time.",
        "hypothesis_id": "4DH_0052",
        "feature_type": "hypothesized_release_location"
      }
    },
    {
      "type": "Feature",
      "id": "4DH_0052_displacement_vector",
      "geometry": {
        "type": "LineString",
        "coordinates": [
          [
            -81.499413,
            31.155018
          ],
          [
            -81.425044,
            31.103675
          ]
        ]
      },
      "properties": {
        "hypothesis_id": "4DH_0052",
        "candidate_id": "VC_0052",
        "mmsi": 367094180,
        "vessel_name": "CHICORY",
        "vessel_source_distance_m": 9094.02,
        "feature_type": "vessel_to_source_vector"
      }
    },
    {
      "type": "Feature",
      "id": "4DH_0053_release_point",
      "geometry": {
        "type": "Point",
        "coordinates": [
          -81.425044,
          31.103675
        ]
      },
      "properties": {
        "candidate_id": "VC_0053",
        "mmsi": 367157730,
        "vessel_name": "AESTIVAL",
        "imo": "UNKNOWN",
        "vessel_type": "37.0",
        "release_lat": 31.103675,
        "release_lon": -81.425044,
        "release_timestamp": "2019-09-08T05:25:31.797740+00:00",
        "source_age_hours": 6.0,
        "source_plausibility": 0.4678,
        "ais_lat": 31.158241,
        "ais_lon": -81.499299,
        "vessel_source_distance_m": 9314.85,
        "ais_track_quality": "bracketed_interpolation",
        "gap_status": "180.0s",
        "compatibility_status": "COMPATIBLE",
        "source_hypothesis_id": "SH_0003",
        "source_slick_id": "CS_0035",
        "causal_precedence_status": "AT_RELEASE",
        "causal_precedence_score": 1.0,
        "causal_eligibility": true,
        "pre_release_evidence": true,
        "post_release_evidence": true,
        "source_age_plausibility": "HIGH",
        "source_age_score": 1.0,
        "source_age_explanation": "Hypothesized source age 6.0h is fully compatible with physical spreading and Lagrangian drift for area 0.0526 km\u00b2.",
        "causal_explanation": "Vessel observed within 12.0s of hypothesized release time.",
        "hypothesis_id": "4DH_0053",
        "feature_type": "hypothesized_release_location"
      }
    },
    {
      "type": "Feature",
      "id": "4DH_0053_displacement_vector",
      "geometry": {
        "type": "LineString",
        "coordinates": [
          [
            -81.499299,
            31.158241
          ],
          [
            -81.425044,
            31.103675
          ]
        ]
      },
      "properties": {
        "hypothesis_id": "4DH_0053",
        "candidate_id": "VC_0053",
        "mmsi": 367157730,
        "vessel_name": "AESTIVAL",
        "vessel_source_distance_m": 9314.85,
        "feature_type": "vessel_to_source_vector"
      }
    },
    {
      "type": "Feature",
      "id": "4DH_0054_release_point",
      "geometry": {
        "type": "Point",
        "coordinates": [
          -81.425044,
          31.103675
        ]
      },
      "properties": {
        "candidate_id": "VC_0054",
        "mmsi": 367305420,
        "vessel_name": "DOROTHY MORAN",
        "imo": "IMO7716995",
        "vessel_type": "31.0",
        "release_lat": 31.103675,
        "release_lon": -81.425044,
        "release_timestamp": "2019-09-08T05:25:31.797740+00:00",
        "source_age_hours": 6.0,
        "source_plausibility": 0.4678,
        "ais_lat": 31.124495,
        "ais_lon": -81.508022,
        "vessel_source_distance_m": 8231.63,
        "ais_track_quality": "bracketed_interpolation",
        "gap_status": "80.0s",
        "compatibility_status": "COMPATIBLE",
        "source_hypothesis_id": "SH_0003",
        "source_slick_id": "CS_0035",
        "causal_precedence_status": "AT_RELEASE",
        "causal_precedence_score": 1.0,
        "causal_eligibility": true,
        "pre_release_evidence": true,
        "post_release_evidence": true,
        "source_age_plausibility": "HIGH",
        "source_age_score": 1.0,
        "source_age_explanation": "Hypothesized source age 6.0h is fully compatible with physical spreading and Lagrangian drift for area 0.0526 km\u00b2.",
        "causal_explanation": "Vessel observed within 37.0s of hypothesized release time.",
        "hypothesis_id": "4DH_0054",
        "feature_type": "hypothesized_release_location"
      }
    },
    {
      "type": "Feature",
      "id": "4DH_0054_displacement_vector",
      "geometry": {
        "type": "LineString",
        "coordinates": [
          [
            -81.508022,
            31.124495
          ],
          [
            -81.425044,
            31.103675
          ]
        ]
      },
      "properties": {
        "hypothesis_id": "4DH_0054",
        "candidate_id": "VC_0054",
        "mmsi": 367305420,
        "vessel_name": "DOROTHY MORAN",
        "vessel_source_distance_m": 8231.63,
        "feature_type": "vessel_to_source_vector"
      }
    },
    {
      "type": "Feature",
      "id": "4DH_0055_release_point",
      "geometry": {
        "type": "Point",
        "coordinates": [
          -81.425044,
          31.103675
        ]
      },
      "properties": {
        "candidate_id": "VC_0055",
        "mmsi": 367369550,
        "vessel_name": "ANN MORAN",
        "imo": "IMO7716983",
        "vessel_type": "31.0",
        "release_lat": 31.103675,
        "release_lon": -81.425044,
        "release_timestamp": "2019-09-08T05:25:31.797740+00:00",
        "source_age_hours": 6.0,
        "source_plausibility": 0.4678,
        "ais_lat": 31.143112,
        "ais_lon": -81.49662,
        "vessel_source_distance_m": 8102.49,
        "ais_track_quality": "bracketed_interpolation",
        "gap_status": "70.0s",
        "compatibility_status": "COMPATIBLE",
        "source_hypothesis_id": "SH_0003",
        "source_slick_id": "CS_0035",
        "causal_precedence_status": "AT_RELEASE",
        "causal_precedence_score": 1.0,
        "causal_eligibility": true,
        "pre_release_evidence": true,
        "post_release_evidence": true,
        "source_age_plausibility": "HIGH",
        "source_age_score": 1.0,
        "source_age_explanation": "Hypothesized source age 6.0h is fully compatible with physical spreading and Lagrangian drift for area 0.0526 km\u00b2.",
        "causal_explanation": "Vessel observed within 15.0s of hypothesized release time.",
        "hypothesis_id": "4DH_0055",
        "feature_type": "hypothesized_release_location"
      }
    },
    {
      "type": "Feature",
      "id": "4DH_0055_displacement_vector",
      "geometry": {
        "type": "LineString",
        "coordinates": [
          [
            -81.49662,
            31.143112
          ],
          [
            -81.425044,
            31.103675
          ]
        ]
      },
      "properties": {
        "hypothesis_id": "4DH_0055",
        "candidate_id": "VC_0055",
        "mmsi": 367369550,
        "vessel_name": "ANN MORAN",
        "vessel_source_distance_m": 8102.49,
        "feature_type": "vessel_to_source_vector"
      }
    },
    {
      "type": "Feature",
      "id": "4DH_0056_release_point",
      "geometry": {
        "type": "Point",
        "coordinates": [
          -81.425044,
          31.103675
        ]
      },
      "properties": {
        "candidate_id": "VC_0056",
        "mmsi": 367458950,
        "vessel_name": "WYOMING WIND",
        "imo": "IMO0000000",
        "vessel_type": "36.0",
        "release_lat": 31.103675,
        "release_lon": -81.425044,
        "release_timestamp": "2019-09-08T05:25:31.797740+00:00",
        "source_age_hours": 6.0,
        "source_plausibility": 0.4678,
        "ais_lat": 31.157041,
        "ais_lon": -81.49959,
        "vessel_source_distance_m": 9249.76,
        "ais_track_quality": "bracketed_interpolation",
        "gap_status": "183.0s",
        "compatibility_status": "COMPATIBLE",
        "source_hypothesis_id": "SH_0003",
        "source_slick_id": "CS_0035",
        "causal_precedence_status": "AT_RELEASE",
        "causal_precedence_score": 1.0,
        "causal_eligibility": true,
        "pre_release_evidence": true,
        "post_release_evidence": true,
        "source_age_plausibility": "HIGH",
        "source_age_score": 1.0,
        "source_age_explanation": "Hypothesized source age 6.0h is fully compatible with physical spreading and Lagrangian drift for area 0.0526 km\u00b2.",
        "causal_explanation": "Vessel observed within 26.0s of hypothesized release time.",
        "hypothesis_id": "4DH_0056",
        "feature_type": "hypothesized_release_location"
      }
    },
    {
      "type": "Feature",
      "id": "4DH_0056_displacement_vector",
      "geometry": {
        "type": "LineString",
        "coordinates": [
          [
            -81.49959,
            31.157041
          ],
          [
            -81.425044,
            31.103675
          ]
        ]
      },
      "properties": {
        "hypothesis_id": "4DH_0056",
        "candidate_id": "VC_0056",
        "mmsi": 367458950,
        "vessel_name": "WYOMING WIND",
        "vessel_source_distance_m": 9249.76,
        "feature_type": "vessel_to_source_vector"
      }
    },
    {
      "type": "Feature",
      "id": "4DH_0057_release_point",
      "geometry": {
        "type": "Point",
        "coordinates": [
          -81.425044,
          31.103675
        ]
      },
      "properties": {
        "candidate_id": "VC_0057",
        "mmsi": 367569620,
        "vessel_name": "PURA VIDA",
        "imo": "UNKNOWN",
        "vessel_type": "37.0",
        "release_lat": 31.103675,
        "release_lon": -81.425044,
        "release_timestamp": "2019-09-08T05:25:31.797740+00:00",
        "source_age_hours": 6.0,
        "source_plausibility": 0.4678,
        "ais_lat": 31.167209,
        "ais_lon": -81.414481,
        "vessel_source_distance_m": 7135.83,
        "ais_track_quality": "bracketed_interpolation",
        "gap_status": "181.0s",
        "compatibility_status": "COMPATIBLE",
        "source_hypothesis_id": "SH_0003",
        "source_slick_id": "CS_0035",
        "causal_precedence_status": "AT_RELEASE",
        "causal_precedence_score": 1.0,
        "causal_eligibility": true,
        "pre_release_evidence": true,
        "post_release_evidence": true,
        "source_age_plausibility": "HIGH",
        "source_age_score": 1.0,
        "source_age_explanation": "Hypothesized source age 6.0h is fully compatible with physical spreading and Lagrangian drift for area 0.0526 km\u00b2.",
        "causal_explanation": "Vessel observed within 14.0s of hypothesized release time.",
        "hypothesis_id": "4DH_0057",
        "feature_type": "hypothesized_release_location"
      }
    },
    {
      "type": "Feature",
      "id": "4DH_0057_displacement_vector",
      "geometry": {
        "type": "LineString",
        "coordinates": [
          [
            -81.414481,
            31.167209
          ],
          [
            -81.425044,
            31.103675
          ]
        ]
      },
      "properties": {
        "hypothesis_id": "4DH_0057",
        "candidate_id": "VC_0057",
        "mmsi": 367569620,
        "vessel_name": "PURA VIDA",
        "vessel_source_distance_m": 7135.83,
        "feature_type": "vessel_to_source_vector"
      }
    },
    {
      "type": "Feature",
      "id": "4DH_0058_release_point",
      "geometry": {
        "type": "Point",
        "coordinates": [
          -81.425044,
          31.103675
        ]
      },
      "properties": {
        "candidate_id": "VC_0058",
        "mmsi": 367691290,
        "vessel_name": "MISS LEXY",
        "imo": "IMO8719530",
        "vessel_type": "30.0",
        "release_lat": 31.103675,
        "release_lon": -81.425044,
        "release_timestamp": "2019-09-08T05:25:31.797740+00:00",
        "source_age_hours": 6.0,
        "source_plausibility": 0.4678,
        "ais_lat": 31.142129,
        "ais_lon": -81.496411,
        "vessel_source_distance_m": 8027.04,
        "ais_track_quality": "bracketed_interpolation",
        "gap_status": "120.0s",
        "compatibility_status": "COMPATIBLE",
        "source_hypothesis_id": "SH_0003",
        "source_slick_id": "CS_0035",
        "causal_precedence_status": "AT_RELEASE",
        "causal_precedence_score": 1.0,
        "causal_eligibility": true,
        "pre_release_evidence": true,
        "post_release_evidence": true,
        "source_age_plausibility": "HIGH",
        "source_age_score": 1.0,
        "source_age_explanation": "Hypothesized source age 6.0h is fully compatible with physical spreading and Lagrangian drift for area 0.0526 km\u00b2.",
        "causal_explanation": "Vessel observed within 8.0s of hypothesized release time.",
        "hypothesis_id": "4DH_0058",
        "feature_type": "hypothesized_release_location"
      }
    },
    {
      "type": "Feature",
      "id": "4DH_0058_displacement_vector",
      "geometry": {
        "type": "LineString",
        "coordinates": [
          [
            -81.496411,
            31.142129
          ],
          [
            -81.425044,
            31.103675
          ]
        ]
      },
      "properties": {
        "hypothesis_id": "4DH_0058",
        "candidate_id": "VC_0058",
        "mmsi": 367691290,
        "vessel_name": "MISS LEXY",
        "vessel_source_distance_m": 8027.04,
        "feature_type": "vessel_to_source_vector"
      }
    },
    {
      "type": "Feature",
      "id": "4DH_0059_release_point",
      "geometry": {
        "type": "Point",
        "coordinates": [
          -81.425044,
          31.103675
        ]
      },
      "properties": {
        "candidate_id": "VC_0059",
        "mmsi": 367753660,
        "vessel_name": "AQUAMARINE",
        "imo": "UNKNOWN",
        "vessel_type": "37.0",
        "release_lat": 31.103675,
        "release_lon": -81.425044,
        "release_timestamp": "2019-09-08T05:25:31.797740+00:00",
        "source_age_hours": 6.0,
        "source_plausibility": 0.4678,
        "ais_lat": 31.1561,
        "ais_lon": -81.49924,
        "vessel_source_distance_m": 9157.29,
        "ais_track_quality": "bracketed_interpolation",
        "gap_status": "180.0s",
        "compatibility_status": "COMPATIBLE",
        "source_hypothesis_id": "SH_0003",
        "source_slick_id": "CS_0035",
        "causal_precedence_status": "AT_RELEASE",
        "causal_precedence_score": 1.0,
        "causal_eligibility": true,
        "pre_release_evidence": true,
        "post_release_evidence": true,
        "source_age_plausibility": "HIGH",
        "source_age_score": 1.0,
        "source_age_explanation": "Hypothesized source age 6.0h is fully compatible with physical spreading and Lagrangian drift for area 0.0526 km\u00b2.",
        "causal_explanation": "Vessel observed within 62.0s of hypothesized release time.",
        "hypothesis_id": "4DH_0059",
        "feature_type": "hypothesized_release_location"
      }
    },
    {
      "type": "Feature",
      "id": "4DH_0059_displacement_vector",
      "geometry": {
        "type": "LineString",
        "coordinates": [
          [
            -81.49924,
            31.1561
          ],
          [
            -81.425044,
            31.103675
          ]
        ]
      },
      "properties": {
        "hypothesis_id": "4DH_0059",
        "candidate_id": "VC_0059",
        "mmsi": 367753660,
        "vessel_name": "AQUAMARINE",
        "vessel_source_distance_m": 9157.29,
        "feature_type": "vessel_to_source_vector"
      }
    },
    {
      "type": "Feature",
      "id": "4DH_0060_release_point",
      "geometry": {
        "type": "Point",
        "coordinates": [
          -81.425044,
          31.103675
        ]
      },
      "properties": {
        "candidate_id": "VC_0060",
        "mmsi": 367762440,
        "vessel_name": "SILVER GIRL II",
        "imo": "UNKNOWN",
        "vessel_type": "37.0",
        "release_lat": 31.103675,
        "release_lon": -81.425044,
        "release_timestamp": "2019-09-08T05:25:31.797740+00:00",
        "source_age_hours": 6.0,
        "source_plausibility": 0.4678,
        "ais_lat": 31.154138,
        "ais_lon": -81.4995,
        "vessel_source_distance_m": 9039.43,
        "ais_track_quality": "bracketed_interpolation",
        "gap_status": "361.0s",
        "compatibility_status": "COMPATIBLE",
        "source_hypothesis_id": "SH_0003",
        "source_slick_id": "CS_0035",
        "causal_precedence_status": "AT_RELEASE",
        "causal_precedence_score": 1.0,
        "causal_eligibility": true,
        "pre_release_evidence": true,
        "post_release_evidence": true,
        "source_age_plausibility": "HIGH",
        "source_age_score": 1.0,
        "source_age_explanation": "Hypothesized source age 6.0h is fully compatible with physical spreading and Lagrangian drift for area 0.0526 km\u00b2.",
        "causal_explanation": "Vessel observed within 137.0s of hypothesized release time.",
        "hypothesis_id": "4DH_0060",
        "feature_type": "hypothesized_release_location"
      }
    },
    {
      "type": "Feature",
      "id": "4DH_0060_displacement_vector",
      "geometry": {
        "type": "LineString",
        "coordinates": [
          [
            -81.4995,
            31.154138
          ],
          [
            -81.425044,
            31.103675
          ]
        ]
      },
      "properties": {
        "hypothesis_id": "4DH_0060",
        "candidate_id": "VC_0060",
        "mmsi": 367762440,
        "vessel_name": "SILVER GIRL II",
        "vessel_source_distance_m": 9039.43,
        "feature_type": "vessel_to_source_vector"
      }
    },
    {
      "type": "Feature",
      "id": "4DH_0061_release_point",
      "geometry": {
        "type": "Point",
        "coordinates": [
          -81.425044,
          31.103675
        ]
      },
      "properties": {
        "candidate_id": "VC_0061",
        "mmsi": 368004680,
        "vessel_name": "TAKE IT EASY",
        "imo": "UNKNOWN",
        "vessel_type": "36.0",
        "release_lat": 31.103675,
        "release_lon": -81.425044,
        "release_timestamp": "2019-09-08T05:25:31.797740+00:00",
        "source_age_hours": 6.0,
        "source_plausibility": 0.4678,
        "ais_lat": 31.16681,
        "ais_lon": -81.41572,
        "vessel_source_distance_m": 7076.16,
        "ais_track_quality": "bracketed_interpolation",
        "gap_status": "181.0s",
        "compatibility_status": "COMPATIBLE",
        "source_hypothesis_id": "SH_0003",
        "source_slick_id": "CS_0035",
        "causal_precedence_status": "AT_RELEASE",
        "causal_precedence_score": 1.0,
        "causal_eligibility": true,
        "pre_release_evidence": true,
        "post_release_evidence": true,
        "source_age_plausibility": "HIGH",
        "source_age_score": 1.0,
        "source_age_explanation": "Hypothesized source age 6.0h is fully compatible with physical spreading and Lagrangian drift for area 0.0526 km\u00b2.",
        "causal_explanation": "Vessel observed within 6.0s of hypothesized release time.",
        "hypothesis_id": "4DH_0061",
        "feature_type": "hypothesized_release_location"
      }
    },
    {
      "type": "Feature",
      "id": "4DH_0061_displacement_vector",
      "geometry": {
        "type": "LineString",
        "coordinates": [
          [
            -81.41572,
            31.16681
          ],
          [
            -81.425044,
            31.103675
          ]
        ]
      },
      "properties": {
        "hypothesis_id": "4DH_0061",
        "candidate_id": "VC_0061",
        "mmsi": 368004680,
        "vessel_name": "TAKE IT EASY",
        "vessel_source_distance_m": 7076.16,
        "feature_type": "vessel_to_source_vector"
      }
    },
    {
      "type": "Feature",
      "id": "4DH_0062_release_point",
      "geometry": {
        "type": "Point",
        "coordinates": [
          -81.425044,
          31.103675
        ]
      },
      "properties": {
        "candidate_id": "VC_0062",
        "mmsi": 369201000,
        "vessel_name": "SALTY VIXEN",
        "imo": "UNKNOWN",
        "vessel_type": "37.0",
        "release_lat": 31.103675,
        "release_lon": -81.425044,
        "release_timestamp": "2019-09-08T05:25:31.797740+00:00",
        "source_age_hours": 6.0,
        "source_plausibility": 0.4678,
        "ais_lat": 31.156702,
        "ais_lon": -81.49923,
        "vessel_source_distance_m": 9199.3,
        "ais_track_quality": "bracketed_interpolation",
        "gap_status": "178.0s",
        "compatibility_status": "COMPATIBLE",
        "source_hypothesis_id": "SH_0003",
        "source_slick_id": "CS_0035",
        "causal_precedence_status": "AT_RELEASE",
        "causal_precedence_score": 1.0,
        "causal_eligibility": true,
        "pre_release_evidence": true,
        "post_release_evidence": true,
        "source_age_plausibility": "HIGH",
        "source_age_score": 1.0,
        "source_age_explanation": "Hypothesized source age 6.0h is fully compatible with physical spreading and Lagrangian drift for area 0.0526 km\u00b2.",
        "causal_explanation": "Vessel observed within 82.0s of hypothesized release time.",
        "hypothesis_id": "4DH_0062",
        "feature_type": "hypothesized_release_location"
      }
    },
    {
      "type": "Feature",
      "id": "4DH_0062_displacement_vector",
      "geometry": {
        "type": "LineString",
        "coordinates": [
          [
            -81.49923,
            31.156702
          ],
          [
            -81.425044,
            31.103675
          ]
        ]
      },
      "properties": {
        "hypothesis_id": "4DH_0062",
        "candidate_id": "VC_0062",
        "mmsi": 369201000,
        "vessel_name": "SALTY VIXEN",
        "vessel_source_distance_m": 9199.3,
        "feature_type": "vessel_to_source_vector"
      }
    },
    {
      "type": "Feature",
      "id": "4DH_0063_release_point",
      "geometry": {
        "type": "Point",
        "coordinates": [
          -81.425044,
          31.103675
        ]
      },
      "properties": {
        "candidate_id": "VC_0063",
        "mmsi": 369273000,
        "vessel_name": "ESCAPE PLAN",
        "imo": "IMO0000000",
        "vessel_type": "36.0",
        "release_lat": 31.103675,
        "release_lon": -81.425044,
        "release_timestamp": "2019-09-08T05:25:31.797740+00:00",
        "source_age_hours": 6.0,
        "source_plausibility": 0.4678,
        "ais_lat": 31.160405,
        "ais_lon": -81.49996,
        "vessel_source_distance_m": 9520.32,
        "ais_track_quality": "bracketed_interpolation",
        "gap_status": "181.0s",
        "compatibility_status": "COMPATIBLE",
        "source_hypothesis_id": "SH_0003",
        "source_slick_id": "CS_0035",
        "causal_precedence_status": "AT_RELEASE",
        "causal_precedence_score": 1.0,
        "causal_eligibility": true,
        "pre_release_evidence": true,
        "post_release_evidence": true,
        "source_age_plausibility": "HIGH",
        "source_age_score": 1.0,
        "source_age_explanation": "Hypothesized source age 6.0h is fully compatible with physical spreading and Lagrangian drift for area 0.0526 km\u00b2.",
        "causal_explanation": "Vessel observed within 44.0s of hypothesized release time.",
        "hypothesis_id": "4DH_0063",
        "feature_type": "hypothesized_release_location"
      }
    },
    {
      "type": "Feature",
      "id": "4DH_0063_displacement_vector",
      "geometry": {
        "type": "LineString",
        "coordinates": [
          [
            -81.49996,
            31.160405
          ],
          [
            -81.425044,
            31.103675
          ]
        ]
      },
      "properties": {
        "hypothesis_id": "4DH_0063",
        "candidate_id": "VC_0063",
        "mmsi": 369273000,
        "vessel_name": "ESCAPE PLAN",
        "vessel_source_distance_m": 9520.32,
        "feature_type": "vessel_to_source_vector"
      }
    },
    {
      "type": "Feature",
      "id": "4DH_0064_release_point",
      "geometry": {
        "type": "Point",
        "coordinates": [
          -81.425044,
          31.103675
        ]
      },
      "properties": {
        "candidate_id": "VC_0064",
        "mmsi": 538004697,
        "vessel_name": "EMERALD ACE",
        "imo": "IMO9539236",
        "vessel_type": "70.0",
        "release_lat": 31.103675,
        "release_lon": -81.425044,
        "release_timestamp": "2019-09-08T05:25:31.797740+00:00",
        "source_age_hours": 6.0,
        "source_plausibility": 0.4678,
        "ais_lat": 31.098999,
        "ais_lon": -81.331559,
        "vessel_source_distance_m": 8915.99,
        "ais_track_quality": "bracketed_interpolation",
        "gap_status": "110.0s",
        "compatibility_status": "COMPATIBLE",
        "source_hypothesis_id": "SH_0003",
        "source_slick_id": "CS_0035",
        "causal_precedence_status": "AT_RELEASE",
        "causal_precedence_score": 1.0,
        "causal_eligibility": true,
        "pre_release_evidence": true,
        "post_release_evidence": true,
        "source_age_plausibility": "HIGH",
        "source_age_score": 1.0,
        "source_age_explanation": "Hypothesized source age 6.0h is fully compatible with physical spreading and Lagrangian drift for area 0.0526 km\u00b2.",
        "causal_explanation": "Vessel observed within 19.0s of hypothesized release time.",
        "hypothesis_id": "4DH_0064",
        "feature_type": "hypothesized_release_location"
      }
    },
    {
      "type": "Feature",
      "id": "4DH_0064_displacement_vector",
      "geometry": {
        "type": "LineString",
        "coordinates": [
          [
            -81.331559,
            31.098999
          ],
          [
            -81.425044,
            31.103675
          ]
        ]
      },
      "properties": {
        "hypothesis_id": "4DH_0064",
        "candidate_id": "VC_0064",
        "mmsi": 538004697,
        "vessel_name": "EMERALD ACE",
        "vessel_source_distance_m": 8915.99,
        "feature_type": "vessel_to_source_vector"
      }
    },
    {
      "type": "Feature",
      "id": "4DH_0065_release_point",
      "geometry": {
        "type": "Point",
        "coordinates": [
          -81.425044,
          31.103675
        ]
      },
      "properties": {
        "candidate_id": "VC_0065",
        "mmsi": 538007762,
        "vessel_name": "UNKNOWN",
        "imo": "UNKNOWN",
        "vessel_type": "UNKNOWN",
        "release_lat": 31.103675,
        "release_lon": -81.425044,
        "release_timestamp": "2019-09-08T05:25:31.797740+00:00",
        "source_age_hours": 6.0,
        "source_plausibility": 0.4678,
        "ais_lat": 31.106123,
        "ais_lon": -81.442686,
        "vessel_source_distance_m": 1701.57,
        "ais_track_quality": "bracketed_interpolation",
        "gap_status": "69.0s",
        "compatibility_status": "COMPATIBLE",
        "source_hypothesis_id": "SH_0003",
        "source_slick_id": "CS_0035",
        "causal_precedence_status": "AT_RELEASE",
        "causal_precedence_score": 1.0,
        "causal_eligibility": true,
        "pre_release_evidence": true,
        "post_release_evidence": true,
        "source_age_plausibility": "HIGH",
        "source_age_score": 1.0,
        "source_age_explanation": "Hypothesized source age 6.0h is fully compatible with physical spreading and Lagrangian drift for area 0.0526 km\u00b2.",
        "causal_explanation": "Vessel observed within 28.0s of hypothesized release time.",
        "hypothesis_id": "4DH_0065",
        "feature_type": "hypothesized_release_location"
      }
    },
    {
      "type": "Feature",
      "id": "4DH_0065_displacement_vector",
      "geometry": {
        "type": "LineString",
        "coordinates": [
          [
            -81.442686,
            31.106123
          ],
          [
            -81.425044,
            31.103675
          ]
        ]
      },
      "properties": {
        "hypothesis_id": "4DH_0065",
        "candidate_id": "VC_0065",
        "mmsi": 538007762,
        "vessel_name": "UNKNOWN",
        "vessel_source_distance_m": 1701.57,
        "feature_type": "vessel_to_source_vector"
      }
    },
    {
      "type": "Feature",
      "id": "4DH_0066_release_point",
      "geometry": {
        "type": "Point",
        "coordinates": [
          -81.427598,
          31.094595
        ]
      },
      "properties": {
        "candidate_id": "VC_0066",
        "mmsi": 311828000,
        "vessel_name": "KUJAWY",
        "imo": "IMO9285029",
        "vessel_type": "70.0",
        "release_lat": 31.094595,
        "release_lon": -81.427598,
        "release_timestamp": "2019-09-08T03:25:31.797740+00:00",
        "source_age_hours": 8.0,
        "source_plausibility": 0.4405,
        "ais_lat": 31.13155,
        "ais_lon": -81.49311,
        "vessel_source_distance_m": 7468.74,
        "ais_track_quality": "bracketed_interpolation",
        "gap_status": "180.0s",
        "compatibility_status": "COMPATIBLE",
        "source_hypothesis_id": "SH_0004",
        "source_slick_id": "CS_0035",
        "causal_precedence_status": "AT_RELEASE",
        "causal_precedence_score": 1.0,
        "causal_eligibility": true,
        "pre_release_evidence": true,
        "post_release_evidence": true,
        "source_age_plausibility": "HIGH",
        "source_age_score": 1.0,
        "source_age_explanation": "Hypothesized source age 8.0h is fully compatible with physical spreading and Lagrangian drift for area 0.0526 km\u00b2.",
        "causal_explanation": "Vessel observed within 36.0s of hypothesized release time.",
        "hypothesis_id": "4DH_0066",
        "feature_type": "hypothesized_release_location"
      }
    },
    {
      "type": "Feature",
      "id": "4DH_0066_displacement_vector",
      "geometry": {
        "type": "LineString",
        "coordinates": [
          [
            -81.49311,
            31.13155
          ],
          [
            -81.427598,
            31.094595
          ]
        ]
      },
      "properties": {
        "hypothesis_id": "4DH_0066",
        "candidate_id": "VC_0066",
        "mmsi": 311828000,
        "vessel_name": "KUJAWY",
        "vessel_source_distance_m": 7468.74,
        "feature_type": "vessel_to_source_vector"
      }
    },
    {
      "type": "Feature",
      "id": "4DH_0067_release_point",
      "geometry": {
        "type": "Point",
        "coordinates": [
          -81.427598,
          31.094595
        ]
      },
      "properties": {
        "candidate_id": "VC_0067",
        "mmsi": 338143506,
        "vessel_name": "MORNING SUN II",
        "imo": "UNKNOWN",
        "vessel_type": "37.0",
        "release_lat": 31.094595,
        "release_lon": -81.427598,
        "release_timestamp": "2019-09-08T03:25:31.797740+00:00",
        "source_age_hours": 8.0,
        "source_plausibility": 0.4405,
        "ais_lat": 31.159675,
        "ais_lon": -81.4997,
        "vessel_source_distance_m": 9973.43,
        "ais_track_quality": "bracketed_interpolation",
        "gap_status": "181.0s",
        "compatibility_status": "COMPATIBLE",
        "source_hypothesis_id": "SH_0004",
        "source_slick_id": "CS_0035",
        "causal_precedence_status": "AT_RELEASE",
        "causal_precedence_score": 1.0,
        "causal_eligibility": true,
        "pre_release_evidence": true,
        "post_release_evidence": true,
        "source_age_plausibility": "HIGH",
        "source_age_score": 1.0,
        "source_age_explanation": "Hypothesized source age 8.0h is fully compatible with physical spreading and Lagrangian drift for area 0.0526 km\u00b2.",
        "causal_explanation": "Vessel observed within 86.0s of hypothesized release time.",
        "hypothesis_id": "4DH_0067",
        "feature_type": "hypothesized_release_location"
      }
    },
    {
      "type": "Feature",
      "id": "4DH_0067_displacement_vector",
      "geometry": {
        "type": "LineString",
        "coordinates": [
          [
            -81.4997,
            31.159675
          ],
          [
            -81.427598,
            31.094595
          ]
        ]
      },
      "properties": {
        "hypothesis_id": "4DH_0067",
        "candidate_id": "VC_0067",
        "mmsi": 338143506,
        "vessel_name": "MORNING SUN II",
        "vessel_source_distance_m": 9973.43,
        "feature_type": "vessel_to_source_vector"
      }
    },
    {
      "type": "Feature",
      "id": "4DH_0068_release_point",
      "geometry": {
        "type": "Point",
        "coordinates": [
          -81.427598,
          31.094595
        ]
      },
      "properties": {
        "candidate_id": "VC_0068",
        "mmsi": 338184094,
        "vessel_name": "DULCINEA",
        "imo": "UNKNOWN",
        "vessel_type": "37.0",
        "release_lat": 31.094595,
        "release_lon": -81.427598,
        "release_timestamp": "2019-09-08T03:25:31.797740+00:00",
        "source_age_hours": 8.0,
        "source_plausibility": 0.4405,
        "ais_lat": 31.154993,
        "ais_lon": -81.49958,
        "vessel_source_distance_m": 9594.33,
        "ais_track_quality": "bracketed_interpolation",
        "gap_status": "181.0s",
        "compatibility_status": "COMPATIBLE",
        "source_hypothesis_id": "SH_0004",
        "source_slick_id": "CS_0035",
        "causal_precedence_status": "AT_RELEASE",
        "causal_precedence_score": 1.0,
        "causal_eligibility": true,
        "pre_release_evidence": true,
        "post_release_evidence": true,
        "source_age_plausibility": "HIGH",
        "source_age_score": 1.0,
        "source_age_explanation": "Hypothesized source age 8.0h is fully compatible with physical spreading and Lagrangian drift for area 0.0526 km\u00b2.",
        "causal_explanation": "Vessel observed within 30.0s of hypothesized release time.",
        "hypothesis_id": "4DH_0068",
        "feature_type": "hypothesized_release_location"
      }
    },
    {
      "type": "Feature",
      "id": "4DH_0068_displacement_vector",
      "geometry": {
        "type": "LineString",
        "coordinates": [
          [
            -81.49958,
            31.154993
          ],
          [
            -81.427598,
            31.094595
          ]
        ]
      },
      "properties": {
        "hypothesis_id": "4DH_0068",
        "candidate_id": "VC_0068",
        "mmsi": 338184094,
        "vessel_name": "DULCINEA",
        "vessel_source_distance_m": 9594.33,
        "feature_type": "vessel_to_source_vector"
      }
    },
    {
      "type": "Feature",
      "id": "4DH_0069_release_point",
      "geometry": {
        "type": "Point",
        "coordinates": [
          -81.427598,
          31.094595
        ]
      },
      "properties": {
        "candidate_id": "VC_0069",
        "mmsi": 338335542,
        "vessel_name": "STILL WATERS",
        "imo": "IMO0000000",
        "vessel_type": "37.0",
        "release_lat": 31.094595,
        "release_lon": -81.427598,
        "release_timestamp": "2019-09-08T03:25:31.797740+00:00",
        "source_age_hours": 8.0,
        "source_plausibility": 0.4405,
        "ais_lat": 31.167432,
        "ais_lon": -81.41487,
        "vessel_source_distance_m": 8189.21,
        "ais_track_quality": "bracketed_interpolation",
        "gap_status": "180.0s",
        "compatibility_status": "COMPATIBLE",
        "source_hypothesis_id": "SH_0004",
        "source_slick_id": "CS_0035",
        "causal_precedence_status": "AT_RELEASE",
        "causal_precedence_score": 1.0,
        "causal_eligibility": true,
        "pre_release_evidence": true,
        "post_release_evidence": true,
        "source_age_plausibility": "HIGH",
        "source_age_score": 1.0,
        "source_age_explanation": "Hypothesized source age 8.0h is fully compatible with physical spreading and Lagrangian drift for area 0.0526 km\u00b2.",
        "causal_explanation": "Vessel observed within 42.0s of hypothesized release time.",
        "hypothesis_id": "4DH_0069",
        "feature_type": "hypothesized_release_location"
      }
    },
    {
      "type": "Feature",
      "id": "4DH_0069_displacement_vector",
      "geometry": {
        "type": "LineString",
        "coordinates": [
          [
            -81.41487,
            31.167432
          ],
          [
            -81.427598,
            31.094595
          ]
        ]
      },
      "properties": {
        "hypothesis_id": "4DH_0069",
        "candidate_id": "VC_0069",
        "mmsi": 338335542,
        "vessel_name": "STILL WATERS",
        "vessel_source_distance_m": 8189.21,
        "feature_type": "vessel_to_source_vector"
      }
    },
    {
      "type": "Feature",
      "id": "4DH_0070_release_point",
      "geometry": {
        "type": "Point",
        "coordinates": [
          -81.427598,
          31.094595
        ]
      },
      "properties": {
        "candidate_id": "VC_0070",
        "mmsi": 339759000,
        "vessel_name": "REGALEC",
        "imo": "UNKNOWN",
        "vessel_type": "37.0",
        "release_lat": 31.094595,
        "release_lon": -81.427598,
        "release_timestamp": "2019-09-08T03:25:31.797740+00:00",
        "source_age_hours": 8.0,
        "source_plausibility": 0.4405,
        "ais_lat": 31.157164,
        "ais_lon": -81.499727,
        "vessel_source_distance_m": 9774.6,
        "ais_track_quality": "bracketed_interpolation",
        "gap_status": "181.0s",
        "compatibility_status": "COMPATIBLE",
        "source_hypothesis_id": "SH_0004",
        "source_slick_id": "CS_0035",
        "causal_precedence_status": "AT_RELEASE",
        "causal_precedence_score": 1.0,
        "causal_eligibility": true,
        "pre_release_evidence": true,
        "post_release_evidence": true,
        "source_age_plausibility": "HIGH",
        "source_age_score": 1.0,
        "source_age_explanation": "Hypothesized source age 8.0h is fully compatible with physical spreading and Lagrangian drift for area 0.0526 km\u00b2.",
        "causal_explanation": "Vessel observed within 79.0s of hypothesized release time.",
        "hypothesis_id": "4DH_0070",
        "feature_type": "hypothesized_release_location"
      }
    },
    {
      "type": "Feature",
      "id": "4DH_0070_displacement_vector",
      "geometry": {
        "type": "LineString",
        "coordinates": [
          [
            -81.499727,
            31.157164
          ],
          [
            -81.427598,
            31.094595
          ]
        ]
      },
      "properties": {
        "hypothesis_id": "4DH_0070",
        "candidate_id": "VC_0070",
        "mmsi": 339759000,
        "vessel_name": "REGALEC",
        "vessel_source_distance_m": 9774.6,
        "feature_type": "vessel_to_source_vector"
      }
    },
    {
      "type": "Feature",
      "id": "4DH_0071_release_point",
      "geometry": {
        "type": "Point",
        "coordinates": [
          -81.427598,
          31.094595
        ]
      },
      "properties": {
        "candidate_id": "VC_0071",
        "mmsi": 367063030,
        "vessel_name": "EMERALD PRINCESS II",
        "imo": "IMO8993057",
        "vessel_type": "60.0",
        "release_lat": 31.094595,
        "release_lon": -81.427598,
        "release_timestamp": "2019-09-08T03:25:31.797740+00:00",
        "source_age_hours": 8.0,
        "source_plausibility": 0.4405,
        "ais_lat": 31.100188,
        "ais_lon": -81.343728,
        "vessel_source_distance_m": 8009.88,
        "ais_track_quality": "bracketed_interpolation",
        "gap_status": "140.0s",
        "compatibility_status": "COMPATIBLE",
        "source_hypothesis_id": "SH_0004",
        "source_slick_id": "CS_0035",
        "causal_precedence_status": "AT_RELEASE",
        "causal_precedence_score": 1.0,
        "causal_eligibility": true,
        "pre_release_evidence": true,
        "post_release_evidence": true,
        "source_age_plausibility": "HIGH",
        "source_age_score": 1.0,
        "source_age_explanation": "Hypothesized source age 8.0h is fully compatible with physical spreading and Lagrangian drift for area 0.0526 km\u00b2.",
        "causal_explanation": "Vessel observed within 49.0s of hypothesized release time.",
        "hypothesis_id": "4DH_0071",
        "feature_type": "hypothesized_release_location"
      }
    },
    {
      "type": "Feature",
      "id": "4DH_0071_displacement_vector",
      "geometry": {
        "type": "LineString",
        "coordinates": [
          [
            -81.343728,
            31.100188
          ],
          [
            -81.427598,
            31.094595
          ]
        ]
      },
      "properties": {
        "hypothesis_id": "4DH_0071",
        "candidate_id": "VC_0071",
        "mmsi": 367063030,
        "vessel_name": "EMERALD PRINCESS II",
        "vessel_source_distance_m": 8009.88,
        "feature_type": "vessel_to_source_vector"
      }
    },
    {
      "type": "Feature",
      "id": "4DH_0072_release_point",
      "geometry": {
        "type": "Point",
        "coordinates": [
          -81.427598,
          31.094595
        ]
      },
      "properties": {
        "candidate_id": "VC_0072",
        "mmsi": 367094180,
        "vessel_name": "CHICORY",
        "imo": "UNKNOWN",
        "vessel_type": "37.0",
        "release_lat": 31.094595,
        "release_lon": -81.427598,
        "release_timestamp": "2019-09-08T03:25:31.797740+00:00",
        "source_age_hours": 8.0,
        "source_plausibility": 0.4405,
        "ais_lat": 31.15501,
        "ais_lon": -81.49942,
        "vessel_source_distance_m": 9584.78,
        "ais_track_quality": "bracketed_interpolation",
        "gap_status": "181.0s",
        "compatibility_status": "COMPATIBLE",
        "source_hypothesis_id": "SH_0004",
        "source_slick_id": "CS_0035",
        "causal_precedence_status": "AT_RELEASE",
        "causal_precedence_score": 1.0,
        "causal_eligibility": true,
        "pre_release_evidence": true,
        "post_release_evidence": true,
        "source_age_plausibility": "HIGH",
        "source_age_score": 1.0,
        "source_age_explanation": "Hypothesized source age 8.0h is fully compatible with physical spreading and Lagrangian drift for area 0.0526 km\u00b2.",
        "causal_explanation": "Vessel observed within 33.0s of hypothesized release time.",
        "hypothesis_id": "4DH_0072",
        "feature_type": "hypothesized_release_location"
      }
    },
    {
      "type": "Feature",
      "id": "4DH_0072_displacement_vector",
      "geometry": {
        "type": "LineString",
        "coordinates": [
          [
            -81.49942,
            31.15501
          ],
          [
            -81.427598,
            31.094595
          ]
        ]
      },
      "properties": {
        "hypothesis_id": "4DH_0072",
        "candidate_id": "VC_0072",
        "mmsi": 367094180,
        "vessel_name": "CHICORY",
        "vessel_source_distance_m": 9584.78,
        "feature_type": "vessel_to_source_vector"
      }
    },
    {
      "type": "Feature",
      "id": "4DH_0073_release_point",
      "geometry": {
        "type": "Point",
        "coordinates": [
          -81.427598,
          31.094595
        ]
      },
      "properties": {
        "candidate_id": "VC_0073",
        "mmsi": 367157730,
        "vessel_name": "AESTIVAL",
        "imo": "UNKNOWN",
        "vessel_type": "37.0",
        "release_lat": 31.094595,
        "release_lon": -81.427598,
        "release_timestamp": "2019-09-08T03:25:31.797740+00:00",
        "source_age_hours": 8.0,
        "source_plausibility": 0.4405,
        "ais_lat": 31.15824,
        "ais_lon": -81.4993,
        "vessel_source_distance_m": 9831.84,
        "ais_track_quality": "bracketed_interpolation",
        "gap_status": "176.0s",
        "compatibility_status": "COMPATIBLE",
        "source_hypothesis_id": "SH_0004",
        "source_slick_id": "CS_0035",
        "causal_precedence_status": "AT_RELEASE",
        "causal_precedence_score": 1.0,
        "causal_eligibility": true,
        "pre_release_evidence": true,
        "post_release_evidence": true,
        "source_age_plausibility": "HIGH",
        "source_age_score": 1.0,
        "source_age_explanation": "Hypothesized source age 8.0h is fully compatible with physical spreading and Lagrangian drift for area 0.0526 km\u00b2.",
        "causal_explanation": "Vessel observed within 8.0s of hypothesized release time.",
        "hypothesis_id": "4DH_0073",
        "feature_type": "hypothesized_release_location"
      }
    },
    {
      "type": "Feature",
      "id": "4DH_0073_displacement_vector",
      "geometry": {
        "type": "LineString",
        "coordinates": [
          [
            -81.4993,
            31.15824
          ],
          [
            -81.427598,
            31.094595
          ]
        ]
      },
      "properties": {
        "hypothesis_id": "4DH_0073",
        "candidate_id": "VC_0073",
        "mmsi": 367157730,
        "vessel_name": "AESTIVAL",
        "vessel_source_distance_m": 9831.84,
        "feature_type": "vessel_to_source_vector"
      }
    },
    {
      "type": "Feature",
      "id": "4DH_0074_release_point",
      "geometry": {
        "type": "Point",
        "coordinates": [
          -81.427598,
          31.094595
        ]
      },
      "properties": {
        "candidate_id": "VC_0074",
        "mmsi": 367305420,
        "vessel_name": "DOROTHY MORAN",
        "imo": "IMO7716995",
        "vessel_type": "31.0",
        "release_lat": 31.094595,
        "release_lon": -81.427598,
        "release_timestamp": "2019-09-08T03:25:31.797740+00:00",
        "source_age_hours": 8.0,
        "source_plausibility": 0.4405,
        "ais_lat": 31.14346,
        "ais_lon": -81.496775,
        "vessel_source_distance_m": 8537.46,
        "ais_track_quality": "bracketed_interpolation",
        "gap_status": "69.0s",
        "compatibility_status": "COMPATIBLE",
        "source_hypothesis_id": "SH_0004",
        "source_slick_id": "CS_0035",
        "causal_precedence_status": "AT_RELEASE",
        "causal_precedence_score": 1.0,
        "causal_eligibility": true,
        "pre_release_evidence": true,
        "post_release_evidence": true,
        "source_age_plausibility": "HIGH",
        "source_age_score": 1.0,
        "source_age_explanation": "Hypothesized source age 8.0h is fully compatible with physical spreading and Lagrangian drift for area 0.0526 km\u00b2.",
        "causal_explanation": "Vessel observed within 34.0s of hypothesized release time.",
        "hypothesis_id": "4DH_0074",
        "feature_type": "hypothesized_release_location"
      }
    },
    {
      "type": "Feature",
      "id": "4DH_0074_displacement_vector",
      "geometry": {
        "type": "LineString",
        "coordinates": [
          [
            -81.496775,
            31.14346
          ],
          [
            -81.427598,
            31.094595
          ]
        ]
      },
      "properties": {
        "hypothesis_id": "4DH_0074",
        "candidate_id": "VC_0074",
        "mmsi": 367305420,
        "vessel_name": "DOROTHY MORAN",
        "vessel_source_distance_m": 8537.46,
        "feature_type": "vessel_to_source_vector"
      }
    },
    {
      "type": "Feature",
      "id": "4DH_0075_release_point",
      "geometry": {
        "type": "Point",
        "coordinates": [
          -81.427598,
          31.094595
        ]
      },
      "properties": {
        "candidate_id": "VC_0075",
        "mmsi": 367369550,
        "vessel_name": "ANN MORAN",
        "imo": "IMO7716983",
        "vessel_type": "31.0",
        "release_lat": 31.094595,
        "release_lon": -81.427598,
        "release_timestamp": "2019-09-08T03:25:31.797740+00:00",
        "source_age_hours": 8.0,
        "source_plausibility": 0.4405,
        "ais_lat": 31.143094,
        "ais_lon": -81.496613,
        "vessel_source_distance_m": 8499.7,
        "ais_track_quality": "bracketed_interpolation",
        "gap_status": "150.0s",
        "compatibility_status": "COMPATIBLE",
        "source_hypothesis_id": "SH_0004",
        "source_slick_id": "CS_0035",
        "causal_precedence_status": "AT_RELEASE",
        "causal_precedence_score": 1.0,
        "causal_eligibility": true,
        "pre_release_evidence": true,
        "post_release_evidence": true,
        "source_age_plausibility": "HIGH",
        "source_age_score": 1.0,
        "source_age_explanation": "Hypothesized source age 8.0h is fully compatible with physical spreading and Lagrangian drift for area 0.0526 km\u00b2.",
        "causal_explanation": "Vessel observed within 46.0s of hypothesized release time.",
        "hypothesis_id": "4DH_0075",
        "feature_type": "hypothesized_release_location"
      }
    },
    {
      "type": "Feature",
      "id": "4DH_0075_displacement_vector",
      "geometry": {
        "type": "LineString",
        "coordinates": [
          [
            -81.496613,
            31.143094
          ],
          [
            -81.427598,
            31.094595
          ]
        ]
      },
      "properties": {
        "hypothesis_id": "4DH_0075",
        "candidate_id": "VC_0075",
        "mmsi": 367369550,
        "vessel_name": "ANN MORAN",
        "vessel_source_distance_m": 8499.7,
        "feature_type": "vessel_to_source_vector"
      }
    },
    {
      "type": "Feature",
      "id": "4DH_0076_release_point",
      "geometry": {
        "type": "Point",
        "coordinates": [
          -81.427598,
          31.094595
        ]
      },
      "properties": {
        "candidate_id": "VC_0076",
        "mmsi": 367458950,
        "vessel_name": "WYOMING WIND",
        "imo": "IMO0000000",
        "vessel_type": "36.0",
        "release_lat": 31.094595,
        "release_lon": -81.427598,
        "release_timestamp": "2019-09-08T03:25:31.797740+00:00",
        "source_age_hours": 8.0,
        "source_plausibility": 0.4405,
        "ais_lat": 31.157031,
        "ais_lon": -81.49959,
        "vessel_source_distance_m": 9754.92,
        "ais_track_quality": "bracketed_interpolation",
        "gap_status": "179.0s",
        "compatibility_status": "COMPATIBLE",
        "source_hypothesis_id": "SH_0004",
        "source_slick_id": "CS_0035",
        "causal_precedence_status": "AT_RELEASE",
        "causal_precedence_score": 1.0,
        "causal_eligibility": true,
        "pre_release_evidence": true,
        "post_release_evidence": true,
        "source_age_plausibility": "HIGH",
        "source_age_score": 1.0,
        "source_age_explanation": "Hypothesized source age 8.0h is fully compatible with physical spreading and Lagrangian drift for area 0.0526 km\u00b2.",
        "causal_explanation": "Vessel observed within 25.0s of hypothesized release time.",
        "hypothesis_id": "4DH_0076",
        "feature_type": "hypothesized_release_location"
      }
    },
    {
      "type": "Feature",
      "id": "4DH_0076_displacement_vector",
      "geometry": {
        "type": "LineString",
        "coordinates": [
          [
            -81.49959,
            31.157031
          ],
          [
            -81.427598,
            31.094595
          ]
        ]
      },
      "properties": {
        "hypothesis_id": "4DH_0076",
        "candidate_id": "VC_0076",
        "mmsi": 367458950,
        "vessel_name": "WYOMING WIND",
        "vessel_source_distance_m": 9754.92,
        "feature_type": "vessel_to_source_vector"
      }
    },
    {
      "type": "Feature",
      "id": "4DH_0077_release_point",
      "geometry": {
        "type": "Point",
        "coordinates": [
          -81.427598,
          31.094595
        ]
      },
      "properties": {
        "candidate_id": "VC_0077",
        "mmsi": 367569620,
        "vessel_name": "PURA VIDA",
        "imo": "UNKNOWN",
        "vessel_type": "37.0",
        "release_lat": 31.094595,
        "release_lon": -81.427598,
        "release_timestamp": "2019-09-08T03:25:31.797740+00:00",
        "source_age_hours": 8.0,
        "source_plausibility": 0.4405,
        "ais_lat": 31.167201,
        "ais_lon": -81.414481,
        "vessel_source_distance_m": 8169.38,
        "ais_track_quality": "bracketed_interpolation",
        "gap_status": "179.0s",
        "compatibility_status": "COMPATIBLE",
        "source_hypothesis_id": "SH_0004",
        "source_slick_id": "CS_0035",
        "causal_precedence_status": "AT_RELEASE",
        "causal_precedence_score": 1.0,
        "causal_eligibility": true,
        "pre_release_evidence": true,
        "post_release_evidence": true,
        "source_age_plausibility": "HIGH",
        "source_age_score": 1.0,
        "source_age_explanation": "Hypothesized source age 8.0h is fully compatible with physical spreading and Lagrangian drift for area 0.0526 km\u00b2.",
        "causal_explanation": "Vessel observed within 13.0s of hypothesized release time.",
        "hypothesis_id": "4DH_0077",
        "feature_type": "hypothesized_release_location"
      }
    },
    {
      "type": "Feature",
      "id": "4DH_0077_displacement_vector",
      "geometry": {
        "type": "LineString",
        "coordinates": [
          [
            -81.414481,
            31.167201
          ],
          [
            -81.427598,
            31.094595
          ]
        ]
      },
      "properties": {
        "hypothesis_id": "4DH_0077",
        "candidate_id": "VC_0077",
        "mmsi": 367569620,
        "vessel_name": "PURA VIDA",
        "vessel_source_distance_m": 8169.38,
        "feature_type": "vessel_to_source_vector"
      }
    },
    {
      "type": "Feature",
      "id": "4DH_0078_release_point",
      "geometry": {
        "type": "Point",
        "coordinates": [
          -81.427598,
          31.094595
        ]
      },
      "properties": {
        "candidate_id": "VC_0078",
        "mmsi": 367691290,
        "vessel_name": "MISS LEXY",
        "imo": "IMO8719530",
        "vessel_type": "30.0",
        "release_lat": 31.094595,
        "release_lon": -81.427598,
        "release_timestamp": "2019-09-08T03:25:31.797740+00:00",
        "source_age_hours": 8.0,
        "source_plausibility": 0.4405,
        "ais_lat": 31.142091,
        "ais_lon": -81.496449,
        "vessel_source_distance_m": 8417.24,
        "ais_track_quality": "bracketed_interpolation",
        "gap_status": "62.0s",
        "compatibility_status": "COMPATIBLE",
        "source_hypothesis_id": "SH_0004",
        "source_slick_id": "CS_0035",
        "causal_precedence_status": "AT_RELEASE",
        "causal_precedence_score": 1.0,
        "causal_eligibility": true,
        "pre_release_evidence": true,
        "post_release_evidence": true,
        "source_age_plausibility": "HIGH",
        "source_age_score": 1.0,
        "source_age_explanation": "Hypothesized source age 8.0h is fully compatible with physical spreading and Lagrangian drift for area 0.0526 km\u00b2.",
        "causal_explanation": "Vessel observed within 2.0s of hypothesized release time.",
        "hypothesis_id": "4DH_0078",
        "feature_type": "hypothesized_release_location"
      }
    },
    {
      "type": "Feature",
      "id": "4DH_0078_displacement_vector",
      "geometry": {
        "type": "LineString",
        "coordinates": [
          [
            -81.496449,
            31.142091
          ],
          [
            -81.427598,
            31.094595
          ]
        ]
      },
      "properties": {
        "hypothesis_id": "4DH_0078",
        "candidate_id": "VC_0078",
        "mmsi": 367691290,
        "vessel_name": "MISS LEXY",
        "vessel_source_distance_m": 8417.24,
        "feature_type": "vessel_to_source_vector"
      }
    },
    {
      "type": "Feature",
      "id": "4DH_0079_release_point",
      "geometry": {
        "type": "Point",
        "coordinates": [
          -81.427598,
          31.094595
        ]
      },
      "properties": {
        "candidate_id": "VC_0079",
        "mmsi": 367753660,
        "vessel_name": "AQUAMARINE",
        "imo": "UNKNOWN",
        "vessel_type": "37.0",
        "release_lat": 31.094595,
        "release_lon": -81.427598,
        "release_timestamp": "2019-09-08T03:25:31.797740+00:00",
        "source_age_hours": 8.0,
        "source_plausibility": 0.4405,
        "ais_lat": 31.156097,
        "ais_lon": -81.499227,
        "vessel_source_distance_m": 9656.88,
        "ais_track_quality": "bracketed_interpolation",
        "gap_status": "180.0s",
        "compatibility_status": "COMPATIBLE",
        "source_hypothesis_id": "SH_0004",
        "source_slick_id": "CS_0035",
        "causal_precedence_status": "AT_RELEASE",
        "causal_precedence_score": 1.0,
        "causal_eligibility": true,
        "pre_release_evidence": true,
        "post_release_evidence": true,
        "source_age_plausibility": "HIGH",
        "source_age_score": 1.0,
        "source_age_explanation": "Hypothesized source age 8.0h is fully compatible with physical spreading and Lagrangian drift for area 0.0526 km\u00b2.",
        "causal_explanation": "Vessel observed within 62.0s of hypothesized release time.",
        "hypothesis_id": "4DH_0079",
        "feature_type": "hypothesized_release_location"
      }
    },
    {
      "type": "Feature",
      "id": "4DH_0079_displacement_vector",
      "geometry": {
        "type": "LineString",
        "coordinates": [
          [
            -81.499227,
            31.156097
          ],
          [
            -81.427598,
            31.094595
          ]
        ]
      },
      "properties": {
        "hypothesis_id": "4DH_0079",
        "candidate_id": "VC_0079",
        "mmsi": 367753660,
        "vessel_name": "AQUAMARINE",
        "vessel_source_distance_m": 9656.88,
        "feature_type": "vessel_to_source_vector"
      }
    },
    {
      "type": "Feature",
      "id": "4DH_0080_release_point",
      "geometry": {
        "type": "Point",
        "coordinates": [
          -81.427598,
          31.094595
        ]
      },
      "properties": {
        "candidate_id": "VC_0080",
        "mmsi": 367762440,
        "vessel_name": "SILVER GIRL II",
        "imo": "UNKNOWN",
        "vessel_type": "37.0",
        "release_lat": 31.094595,
        "release_lon": -81.427598,
        "release_timestamp": "2019-09-08T03:25:31.797740+00:00",
        "source_age_hours": 8.0,
        "source_plausibility": 0.4405,
        "ais_lat": 31.154102,
        "ais_lon": -81.499515,
        "vessel_source_distance_m": 9520.81,
        "ais_track_quality": "bracketed_interpolation",
        "gap_status": "179.0s",
        "compatibility_status": "COMPATIBLE",
        "source_hypothesis_id": "SH_0004",
        "source_slick_id": "CS_0035",
        "causal_precedence_status": "AT_RELEASE",
        "causal_precedence_score": 1.0,
        "causal_eligibility": true,
        "pre_release_evidence": true,
        "post_release_evidence": true,
        "source_age_plausibility": "HIGH",
        "source_age_score": 1.0,
        "source_age_explanation": "Hypothesized source age 8.0h is fully compatible with physical spreading and Lagrangian drift for area 0.0526 km\u00b2.",
        "causal_explanation": "Vessel observed within 43.0s of hypothesized release time.",
        "hypothesis_id": "4DH_0080",
        "feature_type": "hypothesized_release_location"
      }
    },
    {
      "type": "Feature",
      "id": "4DH_0080_displacement_vector",
      "geometry": {
        "type": "LineString",
        "coordinates": [
          [
            -81.499515,
            31.154102
          ],
          [
            -81.427598,
            31.094595
          ]
        ]
      },
      "properties": {
        "hypothesis_id": "4DH_0080",
        "candidate_id": "VC_0080",
        "mmsi": 367762440,
        "vessel_name": "SILVER GIRL II",
        "vessel_source_distance_m": 9520.81,
        "feature_type": "vessel_to_source_vector"
      }
    },
    {
      "type": "Feature",
      "id": "4DH_0081_release_point",
      "geometry": {
        "type": "Point",
        "coordinates": [
          -81.427598,
          31.094595
        ]
      },
      "properties": {
        "candidate_id": "VC_0081",
        "mmsi": 368004680,
        "vessel_name": "TAKE IT EASY",
        "imo": "UNKNOWN",
        "vessel_type": "36.0",
        "release_lat": 31.094595,
        "release_lon": -81.427598,
        "release_timestamp": "2019-09-08T03:25:31.797740+00:00",
        "source_age_hours": 8.0,
        "source_plausibility": 0.4405,
        "ais_lat": 31.16682,
        "ais_lon": -81.415711,
        "vessel_source_distance_m": 8110.36,
        "ais_track_quality": "bracketed_interpolation",
        "gap_status": "180.0s",
        "compatibility_status": "COMPATIBLE",
        "source_hypothesis_id": "SH_0004",
        "source_slick_id": "CS_0035",
        "causal_precedence_status": "AT_RELEASE",
        "causal_precedence_score": 1.0,
        "causal_eligibility": true,
        "pre_release_evidence": true,
        "post_release_evidence": true,
        "source_age_plausibility": "HIGH",
        "source_age_score": 1.0,
        "source_age_explanation": "Hypothesized source age 8.0h is fully compatible with physical spreading and Lagrangian drift for area 0.0526 km\u00b2.",
        "causal_explanation": "Vessel observed within 6.0s of hypothesized release time.",
        "hypothesis_id": "4DH_0081",
        "feature_type": "hypothesized_release_location"
      }
    },
    {
      "type": "Feature",
      "id": "4DH_0081_displacement_vector",
      "geometry": {
        "type": "LineString",
        "coordinates": [
          [
            -81.415711,
            31.16682
          ],
          [
            -81.427598,
            31.094595
          ]
        ]
      },
      "properties": {
        "hypothesis_id": "4DH_0081",
        "candidate_id": "VC_0081",
        "mmsi": 368004680,
        "vessel_name": "TAKE IT EASY",
        "vessel_source_distance_m": 8110.36,
        "feature_type": "vessel_to_source_vector"
      }
    },
    {
      "type": "Feature",
      "id": "4DH_0082_release_point",
      "geometry": {
        "type": "Point",
        "coordinates": [
          -81.427598,
          31.094595
        ]
      },
      "properties": {
        "candidate_id": "VC_0082",
        "mmsi": 369201000,
        "vessel_name": "SALTY VIXEN",
        "imo": "UNKNOWN",
        "vessel_type": "37.0",
        "release_lat": 31.094595,
        "release_lon": -81.427598,
        "release_timestamp": "2019-09-08T03:25:31.797740+00:00",
        "source_age_hours": 8.0,
        "source_plausibility": 0.4405,
        "ais_lat": 31.156729,
        "ais_lon": -81.499225,
        "vessel_source_distance_m": 9706.62,
        "ais_track_quality": "bracketed_interpolation",
        "gap_status": "178.0s",
        "compatibility_status": "COMPATIBLE",
        "source_hypothesis_id": "SH_0004",
        "source_slick_id": "CS_0035",
        "causal_precedence_status": "AT_RELEASE",
        "causal_precedence_score": 1.0,
        "causal_eligibility": true,
        "pre_release_evidence": true,
        "post_release_evidence": true,
        "source_age_plausibility": "HIGH",
        "source_age_score": 1.0,
        "source_age_explanation": "Hypothesized source age 8.0h is fully compatible with physical spreading and Lagrangian drift for area 0.0526 km\u00b2.",
        "causal_explanation": "Vessel observed within 82.0s of hypothesized release time.",
        "hypothesis_id": "4DH_0082",
        "feature_type": "hypothesized_release_location"
      }
    },
    {
      "type": "Feature",
      "id": "4DH_0082_displacement_vector",
      "geometry": {
        "type": "LineString",
        "coordinates": [
          [
            -81.499225,
            31.156729
          ],
          [
            -81.427598,
            31.094595
          ]
        ]
      },
      "properties": {
        "hypothesis_id": "4DH_0082",
        "candidate_id": "VC_0082",
        "mmsi": 369201000,
        "vessel_name": "SALTY VIXEN",
        "vessel_source_distance_m": 9706.62,
        "feature_type": "vessel_to_source_vector"
      }
    },
    {
      "type": "Feature",
      "id": "4DH_0083_release_point",
      "geometry": {
        "type": "Point",
        "coordinates": [
          -81.427598,
          31.094595
        ]
      },
      "properties": {
        "candidate_id": "VC_0083",
        "mmsi": 369273000,
        "vessel_name": "ESCAPE PLAN",
        "imo": "IMO0000000",
        "vessel_type": "36.0",
        "release_lat": 31.094595,
        "release_lon": -81.427598,
        "release_timestamp": "2019-09-08T03:25:31.797740+00:00",
        "source_age_hours": 8.0,
        "source_plausibility": 0.4405,
        "ais_lat": 31.160405,
        "ais_lon": -81.499968,
        "vessel_source_distance_m": 10049.94,
        "ais_track_quality": "bracketed_interpolation",
        "gap_status": "179.0s",
        "compatibility_status": "COMPATIBLE",
        "source_hypothesis_id": "SH_0004",
        "source_slick_id": "CS_0035",
        "causal_precedence_status": "AT_RELEASE",
        "causal_precedence_score": 1.0,
        "causal_eligibility": true,
        "pre_release_evidence": true,
        "post_release_evidence": true,
        "source_age_plausibility": "HIGH",
        "source_age_score": 1.0,
        "source_age_explanation": "Hypothesized source age 8.0h is fully compatible with physical spreading and Lagrangian drift for area 0.0526 km\u00b2.",
        "causal_explanation": "Vessel observed within 43.0s of hypothesized release time.",
        "hypothesis_id": "4DH_0083",
        "feature_type": "hypothesized_release_location"
      }
    },
    {
      "type": "Feature",
      "id": "4DH_0083_displacement_vector",
      "geometry": {
        "type": "LineString",
        "coordinates": [
          [
            -81.499968,
            31.160405
          ],
          [
            -81.427598,
            31.094595
          ]
        ]
      },
      "properties": {
        "hypothesis_id": "4DH_0083",
        "candidate_id": "VC_0083",
        "mmsi": 369273000,
        "vessel_name": "ESCAPE PLAN",
        "vessel_source_distance_m": 10049.94,
        "feature_type": "vessel_to_source_vector"
      }
    },
    {
      "type": "Feature",
      "id": "4DH_0084_release_point",
      "geometry": {
        "type": "Point",
        "coordinates": [
          -81.427038,
          31.075746
        ]
      },
      "properties": {
        "candidate_id": "VC_0084",
        "mmsi": 311828000,
        "vessel_name": "KUJAWY",
        "imo": "IMO9285029",
        "vessel_type": "70.0",
        "release_lat": 31.075746,
        "release_lon": -81.427038,
        "release_timestamp": "2019-09-07T23:25:31.797740+00:00",
        "source_age_hours": 12.0,
        "source_plausibility": 0.3907,
        "ais_lat": 31.13155,
        "ais_lon": -81.49312,
        "vessel_source_distance_m": 8836.72,
        "ais_track_quality": "bracketed_interpolation",
        "gap_status": "181.0s",
        "compatibility_status": "COMPATIBLE",
        "source_hypothesis_id": "SH_0005",
        "source_slick_id": "CS_0035",
        "causal_precedence_status": "AT_RELEASE",
        "causal_precedence_score": 1.0,
        "causal_eligibility": true,
        "pre_release_evidence": true,
        "post_release_evidence": true,
        "source_age_plausibility": "HIGH",
        "source_age_score": 1.0,
        "source_age_explanation": "Hypothesized source age 12.0h is fully compatible with physical spreading and Lagrangian drift for area 0.0526 km\u00b2.",
        "causal_explanation": "Vessel observed within 39.0s of hypothesized release time.",
        "hypothesis_id": "4DH_0084",
        "feature_type": "hypothesized_release_location"
      }
    },
    {
      "type": "Feature",
      "id": "4DH_0084_displacement_vector",
      "geometry": {
        "type": "LineString",
        "coordinates": [
          [
            -81.49312,
            31.13155
          ],
          [
            -81.427038,
            31.075746
          ]
        ]
      },
      "properties": {
        "hypothesis_id": "4DH_0084",
        "candidate_id": "VC_0084",
        "mmsi": 311828000,
        "vessel_name": "KUJAWY",
        "vessel_source_distance_m": 8836.72,
        "feature_type": "vessel_to_source_vector"
      }
    },
    {
      "type": "Feature",
      "id": "4DH_0085_release_point",
      "geometry": {
        "type": "Point",
        "coordinates": [
          -81.427038,
          31.075746
        ]
      },
      "properties": {
        "candidate_id": "VC_0085",
        "mmsi": 338335542,
        "vessel_name": "STILL WATERS",
        "imo": "IMO0000000",
        "vessel_type": "37.0",
        "release_lat": 31.075746,
        "release_lon": -81.427038,
        "release_timestamp": "2019-09-07T23:25:31.797740+00:00",
        "source_age_hours": 12.0,
        "source_plausibility": 0.3907,
        "ais_lat": 31.16744,
        "ais_lon": -81.414875,
        "vessel_source_distance_m": 10261.43,
        "ais_track_quality": "bracketed_interpolation",
        "gap_status": "180.0s",
        "compatibility_status": "COMPATIBLE",
        "source_hypothesis_id": "SH_0005",
        "source_slick_id": "CS_0035",
        "causal_precedence_status": "AT_RELEASE",
        "causal_precedence_score": 1.0,
        "causal_eligibility": true,
        "pre_release_evidence": true,
        "post_release_evidence": true,
        "source_age_plausibility": "HIGH",
        "source_age_score": 1.0,
        "source_age_explanation": "Hypothesized source age 12.0h is fully compatible with physical spreading and Lagrangian drift for area 0.0526 km\u00b2.",
        "causal_explanation": "Vessel observed within 43.0s of hypothesized release time.",
        "hypothesis_id": "4DH_0085",
        "feature_type": "hypothesized_release_location"
      }
    },
    {
      "type": "Feature",
      "id": "4DH_0085_displacement_vector",
      "geometry": {
        "type": "LineString",
        "coordinates": [
          [
            -81.414875,
            31.16744
          ],
          [
            -81.427038,
            31.075746
          ]
        ]
      },
      "properties": {
        "hypothesis_id": "4DH_0085",
        "candidate_id": "VC_0085",
        "mmsi": 338335542,
        "vessel_name": "STILL WATERS",
        "vessel_source_distance_m": 10261.43,
        "feature_type": "vessel_to_source_vector"
      }
    },
    {
      "type": "Feature",
      "id": "4DH_0086_release_point",
      "geometry": {
        "type": "Point",
        "coordinates": [
          -81.427038,
          31.075746
        ]
      },
      "properties": {
        "candidate_id": "VC_0086",
        "mmsi": 367063030,
        "vessel_name": "EMERALD PRINCESS II",
        "imo": "IMO8993057",
        "vessel_type": "60.0",
        "release_lat": 31.075746,
        "release_lon": -81.427038,
        "release_timestamp": "2019-09-07T23:25:31.797740+00:00",
        "source_age_hours": 12.0,
        "source_plausibility": 0.3907,
        "ais_lat": 31.113826,
        "ais_lon": -81.486967,
        "vessel_source_distance_m": 7105.72,
        "ais_track_quality": "bracketed_interpolation",
        "gap_status": "120.0s",
        "compatibility_status": "COMPATIBLE",
        "source_hypothesis_id": "SH_0005",
        "source_slick_id": "CS_0035",
        "causal_precedence_status": "AT_RELEASE",
        "causal_precedence_score": 1.0,
        "causal_eligibility": true,
        "pre_release_evidence": true,
        "post_release_evidence": true,
        "source_age_plausibility": "HIGH",
        "source_age_score": 1.0,
        "source_age_explanation": "Hypothesized source age 12.0h is fully compatible with physical spreading and Lagrangian drift for area 0.0526 km\u00b2.",
        "causal_explanation": "Vessel observed within 28.0s of hypothesized release time.",
        "hypothesis_id": "4DH_0086",
        "feature_type": "hypothesized_release_location"
      }
    },
    {
      "type": "Feature",
      "id": "4DH_0086_displacement_vector",
      "geometry": {
        "type": "LineString",
        "coordinates": [
          [
            -81.486967,
            31.113826
          ],
          [
            -81.427038,
            31.075746
          ]
        ]
      },
      "properties": {
        "hypothesis_id": "4DH_0086",
        "candidate_id": "VC_0086",
        "mmsi": 367063030,
        "vessel_name": "EMERALD PRINCESS II",
        "vessel_source_distance_m": 7105.72,
        "feature_type": "vessel_to_source_vector"
      }
    },
    {
      "type": "Feature",
      "id": "4DH_0087_release_point",
      "geometry": {
        "type": "Point",
        "coordinates": [
          -81.427038,
          31.075746
        ]
      },
      "properties": {
        "candidate_id": "VC_0087",
        "mmsi": 367305420,
        "vessel_name": "DOROTHY MORAN",
        "imo": "IMO7716995",
        "vessel_type": "31.0",
        "release_lat": 31.075746,
        "release_lon": -81.427038,
        "release_timestamp": "2019-09-07T23:25:31.797740+00:00",
        "source_age_hours": 12.0,
        "source_plausibility": 0.3907,
        "ais_lat": 31.14346,
        "ais_lon": -81.49678,
        "vessel_source_distance_m": 10038.8,
        "ais_track_quality": "bracketed_interpolation",
        "gap_status": "111.0s",
        "compatibility_status": "COMPATIBLE",
        "source_hypothesis_id": "SH_0005",
        "source_slick_id": "CS_0035",
        "causal_precedence_status": "AT_RELEASE",
        "causal_precedence_score": 1.0,
        "causal_eligibility": true,
        "pre_release_evidence": true,
        "post_release_evidence": true,
        "source_age_plausibility": "HIGH",
        "source_age_score": 1.0,
        "source_age_explanation": "Hypothesized source age 12.0h is fully compatible with physical spreading and Lagrangian drift for area 0.0526 km\u00b2.",
        "causal_explanation": "Vessel observed within 26.0s of hypothesized release time.",
        "hypothesis_id": "4DH_0087",
        "feature_type": "hypothesized_release_location"
      }
    },
    {
      "type": "Feature",
      "id": "4DH_0087_displacement_vector",
      "geometry": {
        "type": "LineString",
        "coordinates": [
          [
            -81.49678,
            31.14346
          ],
          [
            -81.427038,
            31.075746
          ]
        ]
      },
      "properties": {
        "hypothesis_id": "4DH_0087",
        "candidate_id": "VC_0087",
        "mmsi": 367305420,
        "vessel_name": "DOROTHY MORAN",
        "vessel_source_distance_m": 10038.8,
        "feature_type": "vessel_to_source_vector"
      }
    },
    {
      "type": "Feature",
      "id": "4DH_0088_release_point",
      "geometry": {
        "type": "Point",
        "coordinates": [
          -81.427038,
          31.075746
        ]
      },
      "properties": {
        "candidate_id": "VC_0088",
        "mmsi": 367369550,
        "vessel_name": "ANN MORAN",
        "imo": "IMO7716983",
        "vessel_type": "31.0",
        "release_lat": 31.075746,
        "release_lon": -81.427038,
        "release_timestamp": "2019-09-07T23:25:31.797740+00:00",
        "source_age_hours": 12.0,
        "source_plausibility": 0.3907,
        "ais_lat": 31.143125,
        "ais_lon": -81.49664,
        "vessel_source_distance_m": 10002.06,
        "ais_track_quality": "bracketed_interpolation",
        "gap_status": "119.0s",
        "compatibility_status": "COMPATIBLE",
        "source_hypothesis_id": "SH_0005",
        "source_slick_id": "CS_0035",
        "causal_precedence_status": "AT_RELEASE",
        "causal_precedence_score": 1.0,
        "causal_eligibility": true,
        "pre_release_evidence": true,
        "post_release_evidence": true,
        "source_age_plausibility": "HIGH",
        "source_age_score": 1.0,
        "source_age_explanation": "Hypothesized source age 12.0h is fully compatible with physical spreading and Lagrangian drift for area 0.0526 km\u00b2.",
        "causal_explanation": "Vessel observed within 55.0s of hypothesized release time.",
        "hypothesis_id": "4DH_0088",
        "feature_type": "hypothesized_release_location"
      }
    },
    {
      "type": "Feature",
      "id": "4DH_0088_displacement_vector",
      "geometry": {
        "type": "LineString",
        "coordinates": [
          [
            -81.49664,
            31.143125
          ],
          [
            -81.427038,
            31.075746
          ]
        ]
      },
      "properties": {
        "hypothesis_id": "4DH_0088",
        "candidate_id": "VC_0088",
        "mmsi": 367369550,
        "vessel_name": "ANN MORAN",
        "vessel_source_distance_m": 10002.06,
        "feature_type": "vessel_to_source_vector"
      }
    },
    {
      "type": "Feature",
      "id": "4DH_0089_release_point",
      "geometry": {
        "type": "Point",
        "coordinates": [
          -81.427038,
          31.075746
        ]
      },
      "properties": {
        "candidate_id": "VC_0089",
        "mmsi": 367569620,
        "vessel_name": "PURA VIDA",
        "imo": "UNKNOWN",
        "vessel_type": "37.0",
        "release_lat": 31.075746,
        "release_lon": -81.427038,
        "release_timestamp": "2019-09-07T23:25:31.797740+00:00",
        "source_age_hours": 12.0,
        "source_plausibility": 0.3907,
        "ais_lat": 31.167201,
        "ais_lon": -81.41449,
        "vessel_source_distance_m": 10239.24,
        "ais_track_quality": "bracketed_interpolation",
        "gap_status": "185.0s",
        "compatibility_status": "COMPATIBLE",
        "source_hypothesis_id": "SH_0005",
        "source_slick_id": "CS_0035",
        "causal_precedence_status": "AT_RELEASE",
        "causal_precedence_score": 1.0,
        "causal_eligibility": true,
        "pre_release_evidence": true,
        "post_release_evidence": true,
        "source_age_plausibility": "HIGH",
        "source_age_score": 1.0,
        "source_age_explanation": "Hypothesized source age 12.0h is fully compatible with physical spreading and Lagrangian drift for area 0.0526 km\u00b2.",
        "causal_explanation": "Vessel observed within 18.0s of hypothesized release time.",
        "hypothesis_id": "4DH_0089",
        "feature_type": "hypothesized_release_location"
      }
    },
    {
      "type": "Feature",
      "id": "4DH_0089_displacement_vector",
      "geometry": {
        "type": "LineString",
        "coordinates": [
          [
            -81.41449,
            31.167201
          ],
          [
            -81.427038,
            31.075746
          ]
        ]
      },
      "properties": {
        "hypothesis_id": "4DH_0089",
        "candidate_id": "VC_0089",
        "mmsi": 367569620,
        "vessel_name": "PURA VIDA",
        "vessel_source_distance_m": 10239.24,
        "feature_type": "vessel_to_source_vector"
      }
    },
    {
      "type": "Feature",
      "id": "4DH_0090_release_point",
      "geometry": {
        "type": "Point",
        "coordinates": [
          -81.427038,
          31.075746
        ]
      },
      "properties": {
        "candidate_id": "VC_0090",
        "mmsi": 367691290,
        "vessel_name": "MISS LEXY",
        "imo": "IMO8719530",
        "vessel_type": "30.0",
        "release_lat": 31.075746,
        "release_lon": -81.427038,
        "release_timestamp": "2019-09-07T23:25:31.797740+00:00",
        "source_age_hours": 12.0,
        "source_plausibility": 0.3907,
        "ais_lat": 31.142126,
        "ais_lon": -81.496454,
        "vessel_source_distance_m": 9907.33,
        "ais_track_quality": "bracketed_interpolation",
        "gap_status": "139.0s",
        "compatibility_status": "COMPATIBLE",
        "source_hypothesis_id": "SH_0005",
        "source_slick_id": "CS_0035",
        "causal_precedence_status": "AT_RELEASE",
        "causal_precedence_score": 1.0,
        "causal_eligibility": true,
        "pre_release_evidence": true,
        "post_release_evidence": true,
        "source_age_plausibility": "HIGH",
        "source_age_score": 1.0,
        "source_age_explanation": "Hypothesized source age 12.0h is fully compatible with physical spreading and Lagrangian drift for area 0.0526 km\u00b2.",
        "causal_explanation": "Vessel observed within 60.0s of hypothesized release time.",
        "hypothesis_id": "4DH_0090",
        "feature_type": "hypothesized_release_location"
      }
    },
    {
      "type": "Feature",
      "id": "4DH_0090_displacement_vector",
      "geometry": {
        "type": "LineString",
        "coordinates": [
          [
            -81.496454,
            31.142126
          ],
          [
            -81.427038,
            31.075746
          ]
        ]
      },
      "properties": {
        "hypothesis_id": "4DH_0090",
        "candidate_id": "VC_0090",
        "mmsi": 367691290,
        "vessel_name": "MISS LEXY",
        "vessel_source_distance_m": 9907.33,
        "feature_type": "vessel_to_source_vector"
      }
    },
    {
      "type": "Feature",
      "id": "4DH_0091_release_point",
      "geometry": {
        "type": "Point",
        "coordinates": [
          -81.427038,
          31.075746
        ]
      },
      "properties": {
        "candidate_id": "VC_0091",
        "mmsi": 368004680,
        "vessel_name": "TAKE IT EASY",
        "imo": "UNKNOWN",
        "vessel_type": "36.0",
        "release_lat": 31.075746,
        "release_lon": -81.427038,
        "release_timestamp": "2019-09-07T23:25:31.797740+00:00",
        "source_age_hours": 12.0,
        "source_plausibility": 0.3907,
        "ais_lat": 31.16684,
        "ais_lon": -81.41573,
        "vessel_source_distance_m": 10186.23,
        "ais_track_quality": "bracketed_interpolation",
        "gap_status": "356.0s",
        "compatibility_status": "COMPATIBLE",
        "source_hypothesis_id": "SH_0005",
        "source_slick_id": "CS_0035",
        "causal_precedence_status": "AT_RELEASE",
        "causal_precedence_score": 1.0,
        "causal_eligibility": true,
        "pre_release_evidence": true,
        "post_release_evidence": true,
        "source_age_plausibility": "HIGH",
        "source_age_score": 1.0,
        "source_age_explanation": "Hypothesized source age 12.0h is fully compatible with physical spreading and Lagrangian drift for area 0.0526 km\u00b2.",
        "causal_explanation": "Vessel observed within 2.0s of hypothesized release time.",
        "hypothesis_id": "4DH_0091",
        "feature_type": "hypothesized_release_location"
      }
    },
    {
      "type": "Feature",
      "id": "4DH_0091_displacement_vector",
      "geometry": {
        "type": "LineString",
        "coordinates": [
          [
            -81.41573,
            31.16684
          ],
          [
            -81.427038,
            31.075746
          ]
        ]
      },
      "properties": {
        "hypothesis_id": "4DH_0091",
        "candidate_id": "VC_0091",
        "mmsi": 368004680,
        "vessel_name": "TAKE IT EASY",
        "vessel_source_distance_m": 10186.23,
        "feature_type": "vessel_to_source_vector"
      }
    },
    {
      "type": "Feature",
      "id": "4DH_0092_release_point",
      "geometry": {
        "type": "Point",
        "coordinates": [
          -81.40956,
          31.047147
        ]
      },
      "properties": {
        "candidate_id": "VC_0092",
        "mmsi": 338182224,
        "vessel_name": "SEA SALT",
        "imo": "UNKNOWN",
        "vessel_type": "37.0",
        "release_lat": 31.047147,
        "release_lon": -81.40956,
        "release_timestamp": "2019-09-07T17:25:31.797740+00:00",
        "source_age_hours": 18.0,
        "source_plausibility": 0.3263,
        "ais_lat": 31.057772,
        "ais_lon": -81.42471,
        "vessel_source_distance_m": 1865.11,
        "ais_track_quality": "bracketed_interpolation",
        "gap_status": "90.0s",
        "compatibility_status": "COMPATIBLE",
        "source_hypothesis_id": "SH_0006",
        "source_slick_id": "CS_0035",
        "causal_precedence_status": "AT_RELEASE",
        "causal_precedence_score": 1.0,
        "causal_eligibility": true,
        "pre_release_evidence": true,
        "post_release_evidence": true,
        "source_age_plausibility": "HIGH",
        "source_age_score": 1.0,
        "source_age_explanation": "Hypothesized source age 18.0h is fully compatible with physical spreading and Lagrangian drift for area 0.0526 km\u00b2.",
        "causal_explanation": "Vessel observed within 29.0s of hypothesized release time.",
        "hypothesis_id": "4DH_0092",
        "feature_type": "hypothesized_release_location"
      }
    },
    {
      "type": "Feature",
      "id": "4DH_0092_displacement_vector",
      "geometry": {
        "type": "LineString",
        "coordinates": [
          [
            -81.42471,
            31.057772
          ],
          [
            -81.40956,
            31.047147
          ]
        ]
      },
      "properties": {
        "hypothesis_id": "4DH_0092",
        "candidate_id": "VC_0092",
        "mmsi": 338182224,
        "vessel_name": "SEA SALT",
        "vessel_source_distance_m": 1865.11,
        "feature_type": "vessel_to_source_vector"
      }
    },
    {
      "type": "Feature",
      "id": "4DH_0093_release_point",
      "geometry": {
        "type": "Point",
        "coordinates": [
          -81.40956,
          31.047147
        ]
      },
      "properties": {
        "candidate_id": "VC_0093",
        "mmsi": 367063030,
        "vessel_name": "EMERALD PRINCESS II",
        "imo": "IMO8993057",
        "vessel_type": "60.0",
        "release_lat": 31.047147,
        "release_lon": -81.40956,
        "release_timestamp": "2019-09-07T17:25:31.797740+00:00",
        "source_age_hours": 18.0,
        "source_plausibility": 0.3263,
        "ais_lat": 31.102151,
        "ais_lon": -81.342301,
        "vessel_source_distance_m": 8856.6,
        "ais_track_quality": "bracketed_interpolation",
        "gap_status": "111.0s",
        "compatibility_status": "COMPATIBLE",
        "source_hypothesis_id": "SH_0006",
        "source_slick_id": "CS_0035",
        "causal_precedence_status": "AT_RELEASE",
        "causal_precedence_score": 1.0,
        "causal_eligibility": true,
        "pre_release_evidence": true,
        "post_release_evidence": true,
        "source_age_plausibility": "HIGH",
        "source_age_score": 1.0,
        "source_age_explanation": "Hypothesized source age 18.0h is fully compatible with physical spreading and Lagrangian drift for area 0.0526 km\u00b2.",
        "causal_explanation": "Vessel observed within 25.0s of hypothesized release time.",
        "hypothesis_id": "4DH_0093",
        "feature_type": "hypothesized_release_location"
      }
    },
    {
      "type": "Feature",
      "id": "4DH_0093_displacement_vector",
      "geometry": {
        "type": "LineString",
        "coordinates": [
          [
            -81.342301,
            31.102151
          ],
          [
            -81.40956,
            31.047147
          ]
        ]
      },
      "properties": {
        "hypothesis_id": "4DH_0093",
        "candidate_id": "VC_0093",
        "mmsi": 367063030,
        "vessel_name": "EMERALD PRINCESS II",
        "vessel_source_distance_m": 8856.6,
        "feature_type": "vessel_to_source_vector"
      }
    },
    {
      "type": "Feature",
      "id": "4DH_0094_release_point",
      "geometry": {
        "type": "Point",
        "coordinates": [
          -81.40956,
          31.047147
        ]
      },
      "properties": {
        "candidate_id": "VC_0094",
        "mmsi": 369970979,
        "vessel_name": "S3005 NRT1",
        "imo": "IMO0000000",
        "vessel_type": "33.0",
        "release_lat": 31.047147,
        "release_lon": -81.40956,
        "release_timestamp": "2019-09-07T17:25:31.797740+00:00",
        "source_age_hours": 18.0,
        "source_plausibility": 0.3263,
        "ais_lat": 31.103441,
        "ais_lon": -81.450787,
        "vessel_source_distance_m": 7389.11,
        "ais_track_quality": "bracketed_interpolation",
        "gap_status": "209.0s",
        "compatibility_status": "COMPATIBLE",
        "source_hypothesis_id": "SH_0006",
        "source_slick_id": "CS_0035",
        "causal_precedence_status": "AT_RELEASE",
        "causal_precedence_score": 1.0,
        "causal_eligibility": true,
        "pre_release_evidence": true,
        "post_release_evidence": true,
        "source_age_plausibility": "HIGH",
        "source_age_score": 1.0,
        "source_age_explanation": "Hypothesized source age 18.0h is fully compatible with physical spreading and Lagrangian drift for area 0.0526 km\u00b2.",
        "causal_explanation": "Vessel observed within 46.0s of hypothesized release time.",
        "hypothesis_id": "4DH_0094",
        "feature_type": "hypothesized_release_location"
      }
    },
    {
      "type": "Feature",
      "id": "4DH_0094_displacement_vector",
      "geometry": {
        "type": "LineString",
        "coordinates": [
          [
            -81.450787,
            31.103441
          ],
          [
            -81.40956,
            31.047147
          ]
        ]
      },
      "properties": {
        "hypothesis_id": "4DH_0094",
        "candidate_id": "VC_0094",
        "mmsi": 369970979,
        "vessel_name": "S3005 NRT1",
        "vessel_source_distance_m": 7389.11,
        "feature_type": "vessel_to_source_vector"
      }
    },
    {
      "type": "Feature",
      "id": "4DH_0095_release_point",
      "geometry": {
        "type": "Point",
        "coordinates": [
          -81.43345,
          31.095025
        ]
      },
      "properties": {
        "candidate_id": "VC_0095",
        "mmsi": 311828000,
        "vessel_name": "KUJAWY",
        "imo": "IMO9285029",
        "vessel_type": "70.0",
        "release_lat": 31.095025,
        "release_lon": -81.43345,
        "release_timestamp": "2019-09-08T09:25:31.797740+00:00",
        "source_age_hours": 2.0,
        "source_plausibility": 0.5321,
        "ais_lat": 31.13156,
        "ais_lon": -81.49311,
        "vessel_source_distance_m": 6982.95,
        "ais_track_quality": "bracketed_interpolation",
        "gap_status": "180.0s",
        "compatibility_status": "COMPATIBLE",
        "source_hypothesis_id": "SH_0008",
        "source_slick_id": "CS_0065",
        "causal_precedence_status": "AT_RELEASE",
        "causal_precedence_score": 1.0,
        "causal_eligibility": true,
        "pre_release_evidence": true,
        "post_release_evidence": true,
        "source_age_plausibility": "LOW",
        "source_age_score": 0.35,
        "source_age_explanation": "Hypothesized source age 2.0h is unphysically young for an observed slick area of 0.0612 km\u00b2 (estimated physical spreading time \u2265 3.7h).",
        "causal_explanation": "Vessel observed within 33.0s of hypothesized release time.",
        "hypothesis_id": "4DH_0095",
        "feature_type": "hypothesized_release_location"
      }
    },
    {
      "type": "Feature",
      "id": "4DH_0095_displacement_vector",
      "geometry": {
        "type": "LineString",
        "coordinates": [
          [
            -81.49311,
            31.13156
          ],
          [
            -81.43345,
            31.095025
          ]
        ]
      },
      "properties": {
        "hypothesis_id": "4DH_0095",
        "candidate_id": "VC_0095",
        "mmsi": 311828000,
        "vessel_name": "KUJAWY",
        "vessel_source_distance_m": 6982.95,
        "feature_type": "vessel_to_source_vector"
      }
    },
    {
      "type": "Feature",
      "id": "4DH_0096_release_point",
      "geometry": {
        "type": "Point",
        "coordinates": [
          -81.43345,
          31.095025
        ]
      },
      "properties": {
        "candidate_id": "VC_0096",
        "mmsi": 338102856,
        "vessel_name": "RESPONDER",
        "imo": "UNKNOWN",
        "vessel_type": "31.0",
        "release_lat": 31.095025,
        "release_lon": -81.43345,
        "release_timestamp": "2019-09-08T09:25:31.797740+00:00",
        "source_age_hours": 2.0,
        "source_plausibility": 0.5321,
        "ais_lat": 31.127014,
        "ais_lon": -81.40362,
        "vessel_source_distance_m": 4551.61,
        "ais_track_quality": "bracketed_interpolation",
        "gap_status": "111.0s",
        "compatibility_status": "COMPATIBLE",
        "source_hypothesis_id": "SH_0008",
        "source_slick_id": "CS_0065",
        "causal_precedence_status": "AT_RELEASE",
        "causal_precedence_score": 1.0,
        "causal_eligibility": true,
        "pre_release_evidence": true,
        "post_release_evidence": true,
        "source_age_plausibility": "LOW",
        "source_age_score": 0.35,
        "source_age_explanation": "Hypothesized source age 2.0h is unphysically young for an observed slick area of 0.0612 km\u00b2 (estimated physical spreading time \u2265 3.7h).",
        "causal_explanation": "Vessel observed within 25.0s of hypothesized release time.",
        "hypothesis_id": "4DH_0096",
        "feature_type": "hypothesized_release_location"
      }
    },
    {
      "type": "Feature",
      "id": "4DH_0096_displacement_vector",
      "geometry": {
        "type": "LineString",
        "coordinates": [
          [
            -81.40362,
            31.127014
          ],
          [
            -81.43345,
            31.095025
          ]
        ]
      },
      "properties": {
        "hypothesis_id": "4DH_0096",
        "candidate_id": "VC_0096",
        "mmsi": 338102856,
        "vessel_name": "RESPONDER",
        "vessel_source_distance_m": 4551.61,
        "feature_type": "vessel_to_source_vector"
      }
    },
    {
      "type": "Feature",
      "id": "4DH_0097_release_point",
      "geometry": {
        "type": "Point",
        "coordinates": [
          -81.43345,
          31.095025
        ]
      },
      "properties": {
        "candidate_id": "VC_0097",
        "mmsi": 338102861,
        "vessel_name": "RECOVERY",
        "imo": "UNKNOWN",
        "vessel_type": "90.0",
        "release_lat": 31.095025,
        "release_lon": -81.43345,
        "release_timestamp": "2019-09-08T09:25:31.797740+00:00",
        "source_age_hours": 2.0,
        "source_plausibility": 0.5321,
        "ais_lat": 31.128411,
        "ais_lon": -81.401985,
        "vessel_source_distance_m": 4770.17,
        "ais_track_quality": "bracketed_interpolation",
        "gap_status": "72.0s",
        "compatibility_status": "COMPATIBLE",
        "source_hypothesis_id": "SH_0008",
        "source_slick_id": "CS_0065",
        "causal_precedence_status": "AT_RELEASE",
        "causal_precedence_score": 1.0,
        "causal_eligibility": true,
        "pre_release_evidence": true,
        "post_release_evidence": true,
        "source_age_plausibility": "LOW",
        "source_age_score": 0.35,
        "source_age_explanation": "Hypothesized source age 2.0h is unphysically young for an observed slick area of 0.0612 km\u00b2 (estimated physical spreading time \u2265 3.7h).",
        "causal_explanation": "Vessel observed within 35.0s of hypothesized release time.",
        "hypothesis_id": "4DH_0097",
        "feature_type": "hypothesized_release_location"
      }
    },
    {
      "type": "Feature",
      "id": "4DH_0097_displacement_vector",
      "geometry": {
        "type": "LineString",
        "coordinates": [
          [
            -81.401985,
            31.128411
          ],
          [
            -81.43345,
            31.095025
          ]
        ]
      },
      "properties": {
        "hypothesis_id": "4DH_0097",
        "candidate_id": "VC_0097",
        "mmsi": 338102861,
        "vessel_name": "RECOVERY",
        "vessel_source_distance_m": 4770.17,
        "feature_type": "vessel_to_source_vector"
      }
    },
    {
      "type": "Feature",
      "id": "4DH_0098_release_point",
      "geometry": {
        "type": "Point",
        "coordinates": [
          -81.43345,
          31.095025
        ]
      },
      "properties": {
        "candidate_id": "VC_0098",
        "mmsi": 338143506,
        "vessel_name": "MORNING SUN II",
        "imo": "UNKNOWN",
        "vessel_type": "37.0",
        "release_lat": 31.095025,
        "release_lon": -81.43345,
        "release_timestamp": "2019-09-08T09:25:31.797740+00:00",
        "source_age_hours": 2.0,
        "source_plausibility": 0.5321,
        "ais_lat": 31.159695,
        "ais_lon": -81.49968,
        "vessel_source_distance_m": 9563.05,
        "ais_track_quality": "bracketed_interpolation",
        "gap_status": "180.0s",
        "compatibility_status": "COMPATIBLE",
        "source_hypothesis_id": "SH_0008",
        "source_slick_id": "CS_0065",
        "causal_precedence_status": "AT_RELEASE",
        "causal_precedence_score": 1.0,
        "causal_eligibility": true,
        "pre_release_evidence": true,
        "post_release_evidence": true,
        "source_age_plausibility": "LOW",
        "source_age_score": 0.35,
        "source_age_explanation": "Hypothesized source age 2.0h is unphysically young for an observed slick area of 0.0612 km\u00b2 (estimated physical spreading time \u2265 3.7h).",
        "causal_explanation": "Vessel observed within 85.0s of hypothesized release time.",
        "hypothesis_id": "4DH_0098",
        "feature_type": "hypothesized_release_location"
      }
    },
    {
      "type": "Feature",
      "id": "4DH_0098_displacement_vector",
      "geometry": {
        "type": "LineString",
        "coordinates": [
          [
            -81.49968,
            31.159695
          ],
          [
            -81.43345,
            31.095025
          ]
        ]
      },
      "properties": {
        "hypothesis_id": "4DH_0098",
        "candidate_id": "VC_0098",
        "mmsi": 338143506,
        "vessel_name": "MORNING SUN II",
        "vessel_source_distance_m": 9563.05,
        "feature_type": "vessel_to_source_vector"
      }
    },
    {
      "type": "Feature",
      "id": "4DH_0099_release_point",
      "geometry": {
        "type": "Point",
        "coordinates": [
          -81.43345,
          31.095025
        ]
      },
      "properties": {
        "candidate_id": "VC_0099",
        "mmsi": 338184094,
        "vessel_name": "DULCINEA",
        "imo": "UNKNOWN",
        "vessel_type": "37.0",
        "release_lat": 31.095025,
        "release_lon": -81.43345,
        "release_timestamp": "2019-09-08T09:25:31.797740+00:00",
        "source_age_hours": 2.0,
        "source_plausibility": 0.5321,
        "ais_lat": 31.154993,
        "ais_lon": -81.499587,
        "vessel_source_distance_m": 9170.4,
        "ais_track_quality": "bracketed_interpolation",
        "gap_status": "180.0s",
        "compatibility_status": "COMPATIBLE",
        "source_hypothesis_id": "SH_0008",
        "source_slick_id": "CS_0065",
        "causal_precedence_status": "AT_RELEASE",
        "causal_precedence_score": 1.0,
        "causal_eligibility": true,
        "pre_release_evidence": true,
        "post_release_evidence": true,
        "source_age_plausibility": "LOW",
        "source_age_score": 0.35,
        "source_age_explanation": "Hypothesized source age 2.0h is unphysically young for an observed slick area of 0.0612 km\u00b2 (estimated physical spreading time \u2265 3.7h).",
        "causal_explanation": "Vessel observed within 28.0s of hypothesized release time.",
        "hypothesis_id": "4DH_0099",
        "feature_type": "hypothesized_release_location"
      }
    },
    {
      "type": "Feature",
      "id": "4DH_0099_displacement_vector",
      "geometry": {
        "type": "LineString",
        "coordinates": [
          [
            -81.499587,
            31.154993
          ],
          [
            -81.43345,
            31.095025
          ]
        ]
      },
      "properties": {
        "hypothesis_id": "4DH_0099",
        "candidate_id": "VC_0099",
        "mmsi": 338184094,
        "vessel_name": "DULCINEA",
        "vessel_source_distance_m": 9170.4,
        "feature_type": "vessel_to_source_vector"
      }
    },
    {
      "type": "Feature",
      "id": "4DH_0100_release_point",
      "geometry": {
        "type": "Point",
        "coordinates": [
          -81.43345,
          31.095025
        ]
      },
      "properties": {
        "candidate_id": "VC_0100",
        "mmsi": 338235704,
        "vessel_name": "BRUNSWICK",
        "imo": "IMO0000000",
        "vessel_type": "50.0",
        "release_lat": 31.095025,
        "release_lon": -81.43345,
        "release_timestamp": "2019-09-08T09:25:31.797740+00:00",
        "source_age_hours": 2.0,
        "source_plausibility": 0.5321,
        "ais_lat": 31.127413,
        "ais_lon": -81.402043,
        "vessel_source_distance_m": 4680.81,
        "ais_track_quality": "bracketed_interpolation",
        "gap_status": "149.0s",
        "compatibility_status": "COMPATIBLE",
        "source_hypothesis_id": "SH_0008",
        "source_slick_id": "CS_0065",
        "causal_precedence_status": "AT_RELEASE",
        "causal_precedence_score": 1.0,
        "causal_eligibility": true,
        "pre_release_evidence": true,
        "post_release_evidence": true,
        "source_age_plausibility": "LOW",
        "source_age_score": 0.35,
        "source_age_explanation": "Hypothesized source age 2.0h is unphysically young for an observed slick area of 0.0612 km\u00b2 (estimated physical spreading time \u2265 3.7h).",
        "causal_explanation": "Vessel observed within 49.0s of hypothesized release time.",
        "hypothesis_id": "4DH_0100",
        "feature_type": "hypothesized_release_location"
      }
    },
    {
      "type": "Feature",
      "id": "4DH_0100_displacement_vector",
      "geometry": {
        "type": "LineString",
        "coordinates": [
          [
            -81.402043,
            31.127413
          ],
          [
            -81.43345,
            31.095025
          ]
        ]
      },
      "properties": {
        "hypothesis_id": "4DH_0100",
        "candidate_id": "VC_0100",
        "mmsi": 338235704,
        "vessel_name": "BRUNSWICK",
        "vessel_source_distance_m": 4680.81,
        "feature_type": "vessel_to_source_vector"
      }
    },
    {
      "type": "Feature",
      "id": "4DH_0101_release_point",
      "geometry": {
        "type": "Point",
        "coordinates": [
          -81.43345,
          31.095025
        ]
      },
      "properties": {
        "candidate_id": "VC_0101",
        "mmsi": 338335542,
        "vessel_name": "STILL WATERS",
        "imo": "IMO0000000",
        "vessel_type": "37.0",
        "release_lat": 31.095025,
        "release_lon": -81.43345,
        "release_timestamp": "2019-09-08T09:25:31.797740+00:00",
        "source_age_hours": 2.0,
        "source_plausibility": 0.5321,
        "ais_lat": 31.167432,
        "ais_lon": -81.41487,
        "vessel_source_distance_m": 8243.23,
        "ais_track_quality": "bracketed_interpolation",
        "gap_status": "180.0s",
        "compatibility_status": "COMPATIBLE",
        "source_hypothesis_id": "SH_0008",
        "source_slick_id": "CS_0065",
        "causal_precedence_status": "AT_RELEASE",
        "causal_precedence_score": 1.0,
        "causal_eligibility": true,
        "pre_release_evidence": true,
        "post_release_evidence": true,
        "source_age_plausibility": "LOW",
        "source_age_score": 0.35,
        "source_age_explanation": "Hypothesized source age 2.0h is unphysically young for an observed slick area of 0.0612 km\u00b2 (estimated physical spreading time \u2265 3.7h).",
        "causal_explanation": "Vessel observed within 41.0s of hypothesized release time.",
        "hypothesis_id": "4DH_0101",
        "feature_type": "hypothesized_release_location"
      }
    },
    {
      "type": "Feature",
      "id": "4DH_0101_displacement_vector",
      "geometry": {
        "type": "LineString",
        "coordinates": [
          [
            -81.41487,
            31.167432
          ],
          [
            -81.43345,
            31.095025
          ]
        ]
      },
      "properties": {
        "hypothesis_id": "4DH_0101",
        "candidate_id": "VC_0101",
        "mmsi": 338335542,
        "vessel_name": "STILL WATERS",
        "vessel_source_distance_m": 8243.23,
        "feature_type": "vessel_to_source_vector"
      }
    },
    {
      "type": "Feature",
      "id": "4DH_0102_release_point",
      "geometry": {
        "type": "Point",
        "coordinates": [
          -81.43345,
          31.095025
        ]
      },
      "properties": {
        "candidate_id": "VC_0102",
        "mmsi": 339759000,
        "vessel_name": "REGALEC",
        "imo": "UNKNOWN",
        "vessel_type": "37.0",
        "release_lat": 31.095025,
        "release_lon": -81.43345,
        "release_timestamp": "2019-09-08T09:25:31.797740+00:00",
        "source_age_hours": 2.0,
        "source_plausibility": 0.5321,
        "ais_lat": 31.157144,
        "ais_lon": -81.499742,
        "vessel_source_distance_m": 9355.66,
        "ais_track_quality": "bracketed_interpolation",
        "gap_status": "540.0s",
        "compatibility_status": "COMPATIBLE",
        "source_hypothesis_id": "SH_0008",
        "source_slick_id": "CS_0065",
        "causal_precedence_status": "AT_RELEASE",
        "causal_precedence_score": 1.0,
        "causal_eligibility": true,
        "pre_release_evidence": true,
        "post_release_evidence": true,
        "source_age_plausibility": "LOW",
        "source_age_score": 0.35,
        "source_age_explanation": "Hypothesized source age 2.0h is unphysically young for an observed slick area of 0.0612 km\u00b2 (estimated physical spreading time \u2265 3.7h).",
        "causal_explanation": "Vessel observed within 101.0s of hypothesized release time.",
        "hypothesis_id": "4DH_0102",
        "feature_type": "hypothesized_release_location"
      }
    },
    {
      "type": "Feature",
      "id": "4DH_0102_displacement_vector",
      "geometry": {
        "type": "LineString",
        "coordinates": [
          [
            -81.499742,
            31.157144
          ],
          [
            -81.43345,
            31.095025
          ]
        ]
      },
      "properties": {
        "hypothesis_id": "4DH_0102",
        "candidate_id": "VC_0102",
        "mmsi": 339759000,
        "vessel_name": "REGALEC",
        "vessel_source_distance_m": 9355.66,
        "feature_type": "vessel_to_source_vector"
      }
    },
    {
      "type": "Feature",
      "id": "4DH_0103_release_point",
      "geometry": {
        "type": "Point",
        "coordinates": [
          -81.43345,
          31.095025
        ]
      },
      "properties": {
        "candidate_id": "VC_0103",
        "mmsi": 367063030,
        "vessel_name": "EMERALD PRINCESS II",
        "imo": "IMO8993057",
        "vessel_type": "60.0",
        "release_lat": 31.095025,
        "release_lon": -81.43345,
        "release_timestamp": "2019-09-08T09:25:31.797740+00:00",
        "source_age_hours": 2.0,
        "source_plausibility": 0.5321,
        "ais_lat": 31.11411,
        "ais_lon": -81.488406,
        "vessel_source_distance_m": 5646.24,
        "ais_track_quality": "bracketed_interpolation",
        "gap_status": "359.0s",
        "compatibility_status": "COMPATIBLE",
        "source_hypothesis_id": "SH_0008",
        "source_slick_id": "CS_0065",
        "causal_precedence_status": "AT_RELEASE",
        "causal_precedence_score": 1.0,
        "causal_eligibility": true,
        "pre_release_evidence": true,
        "post_release_evidence": true,
        "source_age_plausibility": "LOW",
        "source_age_score": 0.35,
        "source_age_explanation": "Hypothesized source age 2.0h is unphysically young for an observed slick area of 0.0612 km\u00b2 (estimated physical spreading time \u2265 3.7h).",
        "causal_explanation": "Vessel observed within 139.0s of hypothesized release time.",
        "hypothesis_id": "4DH_0103",
        "feature_type": "hypothesized_release_location"
      }
    },
    {
      "type": "Feature",
      "id": "4DH_0103_displacement_vector",
      "geometry": {
        "type": "LineString",
        "coordinates": [
          [
            -81.488406,
            31.11411
          ],
          [
            -81.43345,
            31.095025
          ]
        ]
      },
      "properties": {
        "hypothesis_id": "4DH_0103",
        "candidate_id": "VC_0103",
        "mmsi": 367063030,
        "vessel_name": "EMERALD PRINCESS II",
        "vessel_source_distance_m": 5646.24,
        "feature_type": "vessel_to_source_vector"
      }
    },
    {
      "type": "Feature",
      "id": "4DH_0104_release_point",
      "geometry": {
        "type": "Point",
        "coordinates": [
          -81.43345,
          31.095025
        ]
      },
      "properties": {
        "candidate_id": "VC_0104",
        "mmsi": 367094180,
        "vessel_name": "CHICORY",
        "imo": "UNKNOWN",
        "vessel_type": "37.0",
        "release_lat": 31.095025,
        "release_lon": -81.43345,
        "release_timestamp": "2019-09-08T09:25:31.797740+00:00",
        "source_age_hours": 2.0,
        "source_plausibility": 0.5321,
        "ais_lat": 31.15502,
        "ais_lon": -81.499413,
        "vessel_source_distance_m": 9161.23,
        "ais_track_quality": "bracketed_interpolation",
        "gap_status": "179.0s",
        "compatibility_status": "COMPATIBLE",
        "source_hypothesis_id": "SH_0008",
        "source_slick_id": "CS_0065",
        "causal_precedence_status": "AT_RELEASE",
        "causal_precedence_score": 1.0,
        "causal_eligibility": true,
        "pre_release_evidence": true,
        "post_release_evidence": true,
        "source_age_plausibility": "LOW",
        "source_age_score": 0.35,
        "source_age_explanation": "Hypothesized source age 2.0h is unphysically young for an observed slick area of 0.0612 km\u00b2 (estimated physical spreading time \u2265 3.7h).",
        "causal_explanation": "Vessel observed within 29.0s of hypothesized release time.",
        "hypothesis_id": "4DH_0104",
        "feature_type": "hypothesized_release_location"
      }
    },
    {
      "type": "Feature",
      "id": "4DH_0104_displacement_vector",
      "geometry": {
        "type": "LineString",
        "coordinates": [
          [
            -81.499413,
            31.15502
          ],
          [
            -81.43345,
            31.095025
          ]
        ]
      },
      "properties": {
        "hypothesis_id": "4DH_0104",
        "candidate_id": "VC_0104",
        "mmsi": 367094180,
        "vessel_name": "CHICORY",
        "vessel_source_distance_m": 9161.23,
        "feature_type": "vessel_to_source_vector"
      }
    },
    {
      "type": "Feature",
      "id": "4DH_0105_release_point",
      "geometry": {
        "type": "Point",
        "coordinates": [
          -81.43345,
          31.095025
        ]
      },
      "properties": {
        "candidate_id": "VC_0105",
        "mmsi": 367157730,
        "vessel_name": "AESTIVAL",
        "imo": "UNKNOWN",
        "vessel_type": "37.0",
        "release_lat": 31.095025,
        "release_lon": -81.43345,
        "release_timestamp": "2019-09-08T09:25:31.797740+00:00",
        "source_age_hours": 2.0,
        "source_plausibility": 0.5321,
        "ais_lat": 31.15825,
        "ais_lon": -81.4993,
        "vessel_source_distance_m": 9418.75,
        "ais_track_quality": "bracketed_interpolation",
        "gap_status": "180.0s",
        "compatibility_status": "COMPATIBLE",
        "source_hypothesis_id": "SH_0008",
        "source_slick_id": "CS_0065",
        "causal_precedence_status": "AT_RELEASE",
        "causal_precedence_score": 1.0,
        "causal_eligibility": true,
        "pre_release_evidence": true,
        "post_release_evidence": true,
        "source_age_plausibility": "LOW",
        "source_age_score": 0.35,
        "source_age_explanation": "Hypothesized source age 2.0h is unphysically young for an observed slick area of 0.0612 km\u00b2 (estimated physical spreading time \u2265 3.7h).",
        "causal_explanation": "Vessel observed within 12.0s of hypothesized release time.",
        "hypothesis_id": "4DH_0105",
        "feature_type": "hypothesized_release_location"
      }
    },
    {
      "type": "Feature",
      "id": "4DH_0105_displacement_vector",
      "geometry": {
        "type": "LineString",
        "coordinates": [
          [
            -81.4993,
            31.15825
          ],
          [
            -81.43345,
            31.095025
          ]
        ]
      },
      "properties": {
        "hypothesis_id": "4DH_0105",
        "candidate_id": "VC_0105",
        "mmsi": 367157730,
        "vessel_name": "AESTIVAL",
        "vessel_source_distance_m": 9418.75,
        "feature_type": "vessel_to_source_vector"
      }
    },
    {
      "type": "Feature",
      "id": "4DH_0106_release_point",
      "geometry": {
        "type": "Point",
        "coordinates": [
          -81.43345,
          31.095025
        ]
      },
      "properties": {
        "candidate_id": "VC_0106",
        "mmsi": 367305420,
        "vessel_name": "DOROTHY MORAN",
        "imo": "IMO7716995",
        "vessel_type": "31.0",
        "release_lat": 31.095025,
        "release_lon": -81.43345,
        "release_timestamp": "2019-09-08T09:25:31.797740+00:00",
        "source_age_hours": 2.0,
        "source_plausibility": 0.5321,
        "ais_lat": 31.128348,
        "ais_lon": -81.403732,
        "vessel_source_distance_m": 4661.96,
        "ais_track_quality": "bracketed_interpolation",
        "gap_status": "72.0s",
        "compatibility_status": "COMPATIBLE",
        "source_hypothesis_id": "SH_0008",
        "source_slick_id": "CS_0065",
        "causal_precedence_status": "AT_RELEASE",
        "causal_precedence_score": 1.0,
        "causal_eligibility": true,
        "pre_release_evidence": true,
        "post_release_evidence": true,
        "source_age_plausibility": "LOW",
        "source_age_score": 0.35,
        "source_age_explanation": "Hypothesized source age 2.0h is unphysically young for an observed slick area of 0.0612 km\u00b2 (estimated physical spreading time \u2265 3.7h).",
        "causal_explanation": "Vessel observed within 17.0s of hypothesized release time.",
        "hypothesis_id": "4DH_0106",
        "feature_type": "hypothesized_release_location"
      }
    },
    {
      "type": "Feature",
      "id": "4DH_0106_displacement_vector",
      "geometry": {
        "type": "LineString",
        "coordinates": [
          [
            -81.403732,
            31.128348
          ],
          [
            -81.43345,
            31.095025
          ]
        ]
      },
      "properties": {
        "hypothesis_id": "4DH_0106",
        "candidate_id": "VC_0106",
        "mmsi": 367305420,
        "vessel_name": "DOROTHY MORAN",
        "vessel_source_distance_m": 4661.96,
        "feature_type": "vessel_to_source_vector"
      }
    },
    {
      "type": "Feature",
      "id": "4DH_0107_release_point",
      "geometry": {
        "type": "Point",
        "coordinates": [
          -81.43345,
          31.095025
        ]
      },
      "properties": {
        "candidate_id": "VC_0107",
        "mmsi": 367369550,
        "vessel_name": "ANN MORAN",
        "imo": "IMO7716983",
        "vessel_type": "31.0",
        "release_lat": 31.095025,
        "release_lon": -81.43345,
        "release_timestamp": "2019-09-08T09:25:31.797740+00:00",
        "source_age_hours": 2.0,
        "source_plausibility": 0.5321,
        "ais_lat": 31.128737,
        "ais_lon": -81.404293,
        "vessel_source_distance_m": 4664.43,
        "ais_track_quality": "bracketed_interpolation",
        "gap_status": "70.0s",
        "compatibility_status": "COMPATIBLE",
        "source_hypothesis_id": "SH_0008",
        "source_slick_id": "CS_0065",
        "causal_precedence_status": "AT_RELEASE",
        "causal_precedence_score": 1.0,
        "causal_eligibility": true,
        "pre_release_evidence": true,
        "post_release_evidence": true,
        "source_age_plausibility": "LOW",
        "source_age_score": 0.35,
        "source_age_explanation": "Hypothesized source age 2.0h is unphysically young for an observed slick area of 0.0612 km\u00b2 (estimated physical spreading time \u2265 3.7h).",
        "causal_explanation": "Vessel observed within 24.0s of hypothesized release time.",
        "hypothesis_id": "4DH_0107",
        "feature_type": "hypothesized_release_location"
      }
    },
    {
      "type": "Feature",
      "id": "4DH_0107_displacement_vector",
      "geometry": {
        "type": "LineString",
        "coordinates": [
          [
            -81.404293,
            31.128737
          ],
          [
            -81.43345,
            31.095025
          ]
        ]
      },
      "properties": {
        "hypothesis_id": "4DH_0107",
        "candidate_id": "VC_0107",
        "mmsi": 367369550,
        "vessel_name": "ANN MORAN",
        "vessel_source_distance_m": 4664.43,
        "feature_type": "vessel_to_source_vector"
      }
    },
    {
      "type": "Feature",
      "id": "4DH_0108_release_point",
      "geometry": {
        "type": "Point",
        "coordinates": [
          -81.43345,
          31.095025
        ]
      },
      "properties": {
        "candidate_id": "VC_0108",
        "mmsi": 367569620,
        "vessel_name": "PURA VIDA",
        "imo": "UNKNOWN",
        "vessel_type": "37.0",
        "release_lat": 31.095025,
        "release_lon": -81.43345,
        "release_timestamp": "2019-09-08T09:25:31.797740+00:00",
        "source_age_hours": 2.0,
        "source_plausibility": 0.5321,
        "ais_lat": 31.1672,
        "ais_lon": -81.41448,
        "vessel_source_distance_m": 8226.1,
        "ais_track_quality": "bracketed_interpolation",
        "gap_status": "181.0s",
        "compatibility_status": "COMPATIBLE",
        "source_hypothesis_id": "SH_0008",
        "source_slick_id": "CS_0065",
        "causal_precedence_status": "AT_RELEASE",
        "causal_precedence_score": 1.0,
        "causal_eligibility": true,
        "pre_release_evidence": true,
        "post_release_evidence": true,
        "source_age_plausibility": "LOW",
        "source_age_score": 0.35,
        "source_age_explanation": "Hypothesized source age 2.0h is unphysically young for an observed slick area of 0.0612 km\u00b2 (estimated physical spreading time \u2265 3.7h).",
        "causal_explanation": "Vessel observed within 14.0s of hypothesized release time.",
        "hypothesis_id": "4DH_0108",
        "feature_type": "hypothesized_release_location"
      }
    },
    {
      "type": "Feature",
      "id": "4DH_0108_displacement_vector",
      "geometry": {
        "type": "LineString",
        "coordinates": [
          [
            -81.41448,
            31.1672
          ],
          [
            -81.43345,
            31.095025
          ]
        ]
      },
      "properties": {
        "hypothesis_id": "4DH_0108",
        "candidate_id": "VC_0108",
        "mmsi": 367569620,
        "vessel_name": "PURA VIDA",
        "vessel_source_distance_m": 8226.1,
        "feature_type": "vessel_to_source_vector"
      }
    },
    {
      "type": "Feature",
      "id": "4DH_0109_release_point",
      "geometry": {
        "type": "Point",
        "coordinates": [
          -81.43345,
          31.095025
        ]
      },
      "properties": {
        "candidate_id": "VC_0109",
        "mmsi": 367691290,
        "vessel_name": "MISS LEXY",
        "imo": "IMO8719530",
        "vessel_type": "30.0",
        "release_lat": 31.095025,
        "release_lon": -81.43345,
        "release_timestamp": "2019-09-08T09:25:31.797740+00:00",
        "source_age_hours": 2.0,
        "source_plausibility": 0.5321,
        "ais_lat": 31.14215,
        "ais_lon": -81.49644,
        "vessel_source_distance_m": 7963.25,
        "ais_track_quality": "bracketed_interpolation",
        "gap_status": "120.0s",
        "compatibility_status": "COMPATIBLE",
        "source_hypothesis_id": "SH_0008",
        "source_slick_id": "CS_0065",
        "causal_precedence_status": "AT_RELEASE",
        "causal_precedence_score": 1.0,
        "causal_eligibility": true,
        "pre_release_evidence": true,
        "post_release_evidence": true,
        "source_age_plausibility": "LOW",
        "source_age_score": 0.35,
        "source_age_explanation": "Hypothesized source age 2.0h is unphysically young for an observed slick area of 0.0612 km\u00b2 (estimated physical spreading time \u2265 3.7h).",
        "causal_explanation": "Vessel observed within 1.0s of hypothesized release time.",
        "hypothesis_id": "4DH_0109",
        "feature_type": "hypothesized_release_location"
      }
    },
    {
      "type": "Feature",
      "id": "4DH_0109_displacement_vector",
      "geometry": {
        "type": "LineString",
        "coordinates": [
          [
            -81.49644,
            31.14215
          ],
          [
            -81.43345,
            31.095025
          ]
        ]
      },
      "properties": {
        "hypothesis_id": "4DH_0109",
        "candidate_id": "VC_0109",
        "mmsi": 367691290,
        "vessel_name": "MISS LEXY",
        "vessel_source_distance_m": 7963.25,
        "feature_type": "vessel_to_source_vector"
      }
    },
    {
      "type": "Feature",
      "id": "4DH_0110_release_point",
      "geometry": {
        "type": "Point",
        "coordinates": [
          -81.43345,
          31.095025
        ]
      },
      "properties": {
        "candidate_id": "VC_0110",
        "mmsi": 367753660,
        "vessel_name": "AQUAMARINE",
        "imo": "UNKNOWN",
        "vessel_type": "37.0",
        "release_lat": 31.095025,
        "release_lon": -81.43345,
        "release_timestamp": "2019-09-08T09:25:31.797740+00:00",
        "source_age_hours": 2.0,
        "source_plausibility": 0.5321,
        "ais_lat": 31.156097,
        "ais_lon": -81.499243,
        "vessel_source_distance_m": 9237.79,
        "ais_track_quality": "bracketed_interpolation",
        "gap_status": "181.0s",
        "compatibility_status": "COMPATIBLE",
        "source_hypothesis_id": "SH_0008",
        "source_slick_id": "CS_0065",
        "causal_precedence_status": "AT_RELEASE",
        "causal_precedence_score": 1.0,
        "causal_eligibility": true,
        "pre_release_evidence": true,
        "post_release_evidence": true,
        "source_age_plausibility": "LOW",
        "source_age_score": 0.35,
        "source_age_explanation": "Hypothesized source age 2.0h is unphysically young for an observed slick area of 0.0612 km\u00b2 (estimated physical spreading time \u2265 3.7h).",
        "causal_explanation": "Vessel observed within 60.0s of hypothesized release time.",
        "hypothesis_id": "4DH_0110",
        "feature_type": "hypothesized_release_location"
      }
    },
    {
      "type": "Feature",
      "id": "4DH_0110_displacement_vector",
      "geometry": {
        "type": "LineString",
        "coordinates": [
          [
            -81.499243,
            31.156097
          ],
          [
            -81.43345,
            31.095025
          ]
        ]
      },
      "properties": {
        "hypothesis_id": "4DH_0110",
        "candidate_id": "VC_0110",
        "mmsi": 367753660,
        "vessel_name": "AQUAMARINE",
        "vessel_source_distance_m": 9237.79,
        "feature_type": "vessel_to_source_vector"
      }
    },
    {
      "type": "Feature",
      "id": "4DH_0111_release_point",
      "geometry": {
        "type": "Point",
        "coordinates": [
          -81.43345,
          31.095025
        ]
      },
      "properties": {
        "candidate_id": "VC_0111",
        "mmsi": 367762440,
        "vessel_name": "SILVER GIRL II",
        "imo": "UNKNOWN",
        "vessel_type": "37.0",
        "release_lat": 31.095025,
        "release_lon": -81.43345,
        "release_timestamp": "2019-09-08T09:25:31.797740+00:00",
        "source_age_hours": 2.0,
        "source_plausibility": 0.5321,
        "ais_lat": 31.154142,
        "ais_lon": -81.499515,
        "vessel_source_distance_m": 9097.11,
        "ais_track_quality": "bracketed_interpolation",
        "gap_status": "180.0s",
        "compatibility_status": "COMPATIBLE",
        "source_hypothesis_id": "SH_0008",
        "source_slick_id": "CS_0065",
        "causal_precedence_status": "AT_RELEASE",
        "causal_precedence_score": 1.0,
        "causal_eligibility": true,
        "pre_release_evidence": true,
        "post_release_evidence": true,
        "source_age_plausibility": "LOW",
        "source_age_score": 0.35,
        "source_age_explanation": "Hypothesized source age 2.0h is unphysically young for an observed slick area of 0.0612 km\u00b2 (estimated physical spreading time \u2265 3.7h).",
        "causal_explanation": "Vessel observed within 44.0s of hypothesized release time.",
        "hypothesis_id": "4DH_0111",
        "feature_type": "hypothesized_release_location"
      }
    },
    {
      "type": "Feature",
      "id": "4DH_0111_displacement_vector",
      "geometry": {
        "type": "LineString",
        "coordinates": [
          [
            -81.499515,
            31.154142
          ],
          [
            -81.43345,
            31.095025
          ]
        ]
      },
      "properties": {
        "hypothesis_id": "4DH_0111",
        "candidate_id": "VC_0111",
        "mmsi": 367762440,
        "vessel_name": "SILVER GIRL II",
        "vessel_source_distance_m": 9097.11,
        "feature_type": "vessel_to_source_vector"
      }
    },
    {
      "type": "Feature",
      "id": "4DH_0112_release_point",
      "geometry": {
        "type": "Point",
        "coordinates": [
          -81.43345,
          31.095025
        ]
      },
      "properties": {
        "candidate_id": "VC_0112",
        "mmsi": 368004680,
        "vessel_name": "TAKE IT EASY",
        "imo": "UNKNOWN",
        "vessel_type": "36.0",
        "release_lat": 31.095025,
        "release_lon": -81.43345,
        "release_timestamp": "2019-09-08T09:25:31.797740+00:00",
        "source_age_hours": 2.0,
        "source_plausibility": 0.5321,
        "ais_lat": 31.16681,
        "ais_lon": -81.415701,
        "vessel_source_distance_m": 8158.94,
        "ais_track_quality": "bracketed_interpolation",
        "gap_status": "180.0s",
        "compatibility_status": "COMPATIBLE",
        "source_hypothesis_id": "SH_0008",
        "source_slick_id": "CS_0065",
        "causal_precedence_status": "AT_RELEASE",
        "causal_precedence_score": 1.0,
        "causal_eligibility": true,
        "pre_release_evidence": true,
        "post_release_evidence": true,
        "source_age_plausibility": "LOW",
        "source_age_score": 0.35,
        "source_age_explanation": "Hypothesized source age 2.0h is unphysically young for an observed slick area of 0.0612 km\u00b2 (estimated physical spreading time \u2265 3.7h).",
        "causal_explanation": "Vessel observed within 5.0s of hypothesized release time.",
        "hypothesis_id": "4DH_0112",
        "feature_type": "hypothesized_release_location"
      }
    },
    {
      "type": "Feature",
      "id": "4DH_0112_displacement_vector",
      "geometry": {
        "type": "LineString",
        "coordinates": [
          [
            -81.415701,
            31.16681
          ],
          [
            -81.43345,
            31.095025
          ]
        ]
      },
      "properties": {
        "hypothesis_id": "4DH_0112",
        "candidate_id": "VC_0112",
        "mmsi": 368004680,
        "vessel_name": "TAKE IT EASY",
        "vessel_source_distance_m": 8158.94,
        "feature_type": "vessel_to_source_vector"
      }
    },
    {
      "type": "Feature",
      "id": "4DH_0113_release_point",
      "geometry": {
        "type": "Point",
        "coordinates": [
          -81.43345,
          31.095025
        ]
      },
      "properties": {
        "candidate_id": "VC_0113",
        "mmsi": 369201000,
        "vessel_name": "SALTY VIXEN",
        "imo": "UNKNOWN",
        "vessel_type": "37.0",
        "release_lat": 31.095025,
        "release_lon": -81.43345,
        "release_timestamp": "2019-09-08T09:25:31.797740+00:00",
        "source_age_hours": 2.0,
        "source_plausibility": 0.5321,
        "ais_lat": 31.156721,
        "ais_lon": -81.499221,
        "vessel_source_distance_m": 9287.49,
        "ais_track_quality": "bracketed_interpolation",
        "gap_status": "181.0s",
        "compatibility_status": "COMPATIBLE",
        "source_hypothesis_id": "SH_0008",
        "source_slick_id": "CS_0065",
        "causal_precedence_status": "AT_RELEASE",
        "causal_precedence_score": 1.0,
        "causal_eligibility": true,
        "pre_release_evidence": true,
        "post_release_evidence": true,
        "source_age_plausibility": "LOW",
        "source_age_score": 0.35,
        "source_age_explanation": "Hypothesized source age 2.0h is unphysically young for an observed slick area of 0.0612 km\u00b2 (estimated physical spreading time \u2265 3.7h).",
        "causal_explanation": "Vessel observed within 84.0s of hypothesized release time.",
        "hypothesis_id": "4DH_0113",
        "feature_type": "hypothesized_release_location"
      }
    },
    {
      "type": "Feature",
      "id": "4DH_0113_displacement_vector",
      "geometry": {
        "type": "LineString",
        "coordinates": [
          [
            -81.499221,
            31.156721
          ],
          [
            -81.43345,
            31.095025
          ]
        ]
      },
      "properties": {
        "hypothesis_id": "4DH_0113",
        "candidate_id": "VC_0113",
        "mmsi": 369201000,
        "vessel_name": "SALTY VIXEN",
        "vessel_source_distance_m": 9287.49,
        "feature_type": "vessel_to_source_vector"
      }
    },
    {
      "type": "Feature",
      "id": "4DH_0114_release_point",
      "geometry": {
        "type": "Point",
        "coordinates": [
          -81.43345,
          31.095025
        ]
      },
      "properties": {
        "candidate_id": "VC_0114",
        "mmsi": 369273000,
        "vessel_name": "ESCAPE PLAN",
        "imo": "IMO0000000",
        "vessel_type": "36.0",
        "release_lat": 31.095025,
        "release_lon": -81.43345,
        "release_timestamp": "2019-09-08T09:25:31.797740+00:00",
        "source_age_hours": 2.0,
        "source_plausibility": 0.5321,
        "ais_lat": 31.160412,
        "ais_lon": -81.499963,
        "vessel_source_distance_m": 9640.8,
        "ais_track_quality": "bracketed_interpolation",
        "gap_status": "180.0s",
        "compatibility_status": "COMPATIBLE",
        "source_hypothesis_id": "SH_0008",
        "source_slick_id": "CS_0065",
        "causal_precedence_status": "AT_RELEASE",
        "causal_precedence_score": 1.0,
        "causal_eligibility": true,
        "pre_release_evidence": true,
        "post_release_evidence": true,
        "source_age_plausibility": "LOW",
        "source_age_score": 0.35,
        "source_age_explanation": "Hypothesized source age 2.0h is unphysically young for an observed slick area of 0.0612 km\u00b2 (estimated physical spreading time \u2265 3.7h).",
        "causal_explanation": "Vessel observed within 43.0s of hypothesized release time.",
        "hypothesis_id": "4DH_0114",
        "feature_type": "hypothesized_release_location"
      }
    },
    {
      "type": "Feature",
      "id": "4DH_0114_displacement_vector",
      "geometry": {
        "type": "LineString",
        "coordinates": [
          [
            -81.499963,
            31.160412
          ],
          [
            -81.43345,
            31.095025
          ]
        ]
      },
      "properties": {
        "hypothesis_id": "4DH_0114",
        "candidate_id": "VC_0114",
        "mmsi": 369273000,
        "vessel_name": "ESCAPE PLAN",
        "vessel_source_distance_m": 9640.8,
        "feature_type": "vessel_to_source_vector"
      }
    },
    {
      "type": "Feature",
      "id": "4DH_0115_release_point",
      "geometry": {
        "type": "Point",
        "coordinates": [
          -81.43345,
          31.095025
        ]
      },
      "properties": {
        "candidate_id": "VC_0115",
        "mmsi": 538004697,
        "vessel_name": "EMERALD ACE",
        "imo": "IMO9539236",
        "vessel_type": "70.0",
        "release_lat": 31.095025,
        "release_lon": -81.43345,
        "release_timestamp": "2019-09-08T09:25:31.797740+00:00",
        "source_age_hours": 2.0,
        "source_plausibility": 0.5321,
        "ais_lat": 31.128811,
        "ais_lon": -81.518109,
        "vessel_source_distance_m": 8892.17,
        "ais_track_quality": "bracketed_interpolation",
        "gap_status": "180.0s",
        "compatibility_status": "COMPATIBLE",
        "source_hypothesis_id": "SH_0008",
        "source_slick_id": "CS_0065",
        "causal_precedence_status": "AT_RELEASE",
        "causal_precedence_score": 1.0,
        "causal_eligibility": true,
        "pre_release_evidence": true,
        "post_release_evidence": true,
        "source_age_plausibility": "LOW",
        "source_age_score": 0.35,
        "source_age_explanation": "Hypothesized source age 2.0h is unphysically young for an observed slick area of 0.0612 km\u00b2 (estimated physical spreading time \u2265 3.7h).",
        "causal_explanation": "Vessel observed within 20.0s of hypothesized release time.",
        "hypothesis_id": "4DH_0115",
        "feature_type": "hypothesized_release_location"
      }
    },
    {
      "type": "Feature",
      "id": "4DH_0115_displacement_vector",
      "geometry": {
        "type": "LineString",
        "coordinates": [
          [
            -81.518109,
            31.128811
          ],
          [
            -81.43345,
            31.095025
          ]
        ]
      },
      "properties": {
        "hypothesis_id": "4DH_0115",
        "candidate_id": "VC_0115",
        "mmsi": 538004697,
        "vessel_name": "EMERALD ACE",
        "vessel_source_distance_m": 8892.17,
        "feature_type": "vessel_to_source_vector"
      }
    },
    {
      "type": "Feature",
      "id": "4DH_0116_release_point",
      "geometry": {
        "type": "Point",
        "coordinates": [
          -81.43345,
          31.095025
        ]
      },
      "properties": {
        "candidate_id": "VC_0116",
        "mmsi": 538007762,
        "vessel_name": "UNKNOWN",
        "imo": "UNKNOWN",
        "vessel_type": "UNKNOWN",
        "release_lat": 31.095025,
        "release_lon": -81.43345,
        "release_timestamp": "2019-09-08T09:25:31.797740+00:00",
        "source_age_hours": 2.0,
        "source_plausibility": 0.5321,
        "ais_lat": 31.127525,
        "ais_lon": -81.403057,
        "vessel_source_distance_m": 4629.46,
        "ais_track_quality": "bracketed_interpolation",
        "gap_status": "91.0s",
        "compatibility_status": "COMPATIBLE",
        "source_hypothesis_id": "SH_0008",
        "source_slick_id": "CS_0065",
        "causal_precedence_status": "AT_RELEASE",
        "causal_precedence_score": 1.0,
        "causal_eligibility": true,
        "pre_release_evidence": true,
        "post_release_evidence": true,
        "source_age_plausibility": "LOW",
        "source_age_score": 0.35,
        "source_age_explanation": "Hypothesized source age 2.0h is unphysically young for an observed slick area of 0.0612 km\u00b2 (estimated physical spreading time \u2265 3.7h).",
        "causal_explanation": "Vessel observed within 22.0s of hypothesized release time.",
        "hypothesis_id": "4DH_0116",
        "feature_type": "hypothesized_release_location"
      }
    },
    {
      "type": "Feature",
      "id": "4DH_0116_displacement_vector",
      "geometry": {
        "type": "LineString",
        "coordinates": [
          [
            -81.403057,
            31.127525
          ],
          [
            -81.43345,
            31.095025
          ]
        ]
      },
      "properties": {
        "hypothesis_id": "4DH_0116",
        "candidate_id": "VC_0116",
        "mmsi": 538007762,
        "vessel_name": "UNKNOWN",
        "vessel_source_distance_m": 4629.46,
        "feature_type": "vessel_to_source_vector"
      }
    },
    {
      "type": "Feature",
      "id": "4DH_0117_release_point",
      "geometry": {
        "type": "Point",
        "coordinates": [
          -81.43682,
          31.089295
        ]
      },
      "properties": {
        "candidate_id": "VC_0117",
        "mmsi": 311828000,
        "vessel_name": "KUJAWY",
        "imo": "IMO9285029",
        "vessel_type": "70.0",
        "release_lat": 31.089295,
        "release_lon": -81.43682,
        "release_timestamp": "2019-09-08T07:25:31.797740+00:00",
        "source_age_hours": 4.0,
        "source_plausibility": 0.5011,
        "ais_lat": 31.13155,
        "ais_lon": -81.49312,
        "vessel_source_distance_m": 7127.73,
        "ais_track_quality": "bracketed_interpolation",
        "gap_status": "180.0s",
        "compatibility_status": "COMPATIBLE",
        "source_hypothesis_id": "SH_0009",
        "source_slick_id": "CS_0065",
        "causal_precedence_status": "AT_RELEASE",
        "causal_precedence_score": 1.0,
        "causal_eligibility": true,
        "pre_release_evidence": true,
        "post_release_evidence": true,
        "source_age_plausibility": "HIGH",
        "source_age_score": 1.0,
        "source_age_explanation": "Hypothesized source age 4.0h is fully compatible with physical spreading and Lagrangian drift for area 0.0612 km\u00b2.",
        "causal_explanation": "Vessel observed within 34.0s of hypothesized release time.",
        "hypothesis_id": "4DH_0117",
        "feature_type": "hypothesized_release_location"
      }
    },
    {
      "type": "Feature",
      "id": "4DH_0117_displacement_vector",
      "geometry": {
        "type": "LineString",
        "coordinates": [
          [
            -81.49312,
            31.13155
          ],
          [
            -81.43682,
            31.089295
          ]
        ]
      },
      "properties": {
        "hypothesis_id": "4DH_0117",
        "candidate_id": "VC_0117",
        "mmsi": 311828000,
        "vessel_name": "KUJAWY",
        "vessel_source_distance_m": 7127.73,
        "feature_type": "vessel_to_source_vector"
      }
    },
    {
      "type": "Feature",
      "id": "4DH_0118_release_point",
      "geometry": {
        "type": "Point",
        "coordinates": [
          -81.43682,
          31.089295
        ]
      },
      "properties": {
        "candidate_id": "VC_0118",
        "mmsi": 338102856,
        "vessel_name": "RESPONDER",
        "imo": "UNKNOWN",
        "vessel_type": "31.0",
        "release_lat": 31.089295,
        "release_lon": -81.43682,
        "release_timestamp": "2019-09-08T07:25:31.797740+00:00",
        "source_age_hours": 4.0,
        "source_plausibility": 0.5011,
        "ais_lat": 31.128275,
        "ais_lon": -81.403426,
        "vessel_source_distance_m": 5375.35,
        "ais_track_quality": "bracketed_interpolation",
        "gap_status": "70.0s",
        "compatibility_status": "COMPATIBLE",
        "source_hypothesis_id": "SH_0009",
        "source_slick_id": "CS_0065",
        "causal_precedence_status": "AT_RELEASE",
        "causal_precedence_score": 1.0,
        "causal_eligibility": true,
        "pre_release_evidence": true,
        "post_release_evidence": true,
        "source_age_plausibility": "HIGH",
        "source_age_score": 1.0,
        "source_age_explanation": "Hypothesized source age 4.0h is fully compatible with physical spreading and Lagrangian drift for area 0.0612 km\u00b2.",
        "causal_explanation": "Vessel observed within 16.0s of hypothesized release time.",
        "hypothesis_id": "4DH_0118",
        "feature_type": "hypothesized_release_location"
      }
    },
    {
      "type": "Feature",
      "id": "4DH_0118_displacement_vector",
      "geometry": {
        "type": "LineString",
        "coordinates": [
          [
            -81.403426,
            31.128275
          ],
          [
            -81.43682,
            31.089295
          ]
        ]
      },
      "properties": {
        "hypothesis_id": "4DH_0118",
        "candidate_id": "VC_0118",
        "mmsi": 338102856,
        "vessel_name": "RESPONDER",
        "vessel_source_distance_m": 5375.35,
        "feature_type": "vessel_to_source_vector"
      }
    },
    {
      "type": "Feature",
      "id": "4DH_0119_release_point",
      "geometry": {
        "type": "Point",
        "coordinates": [
          -81.43682,
          31.089295
        ]
      },
      "properties": {
        "candidate_id": "VC_0119",
        "mmsi": 338102861,
        "vessel_name": "RECOVERY",
        "imo": "UNKNOWN",
        "vessel_type": "90.0",
        "release_lat": 31.089295,
        "release_lon": -81.43682,
        "release_timestamp": "2019-09-08T07:25:31.797740+00:00",
        "source_age_hours": 4.0,
        "source_plausibility": 0.5011,
        "ais_lat": 31.12758,
        "ais_lon": -81.40204,
        "vessel_source_distance_m": 5393.23,
        "ais_track_quality": "bracketed_interpolation",
        "gap_status": "62.0s",
        "compatibility_status": "COMPATIBLE",
        "source_hypothesis_id": "SH_0009",
        "source_slick_id": "CS_0065",
        "causal_precedence_status": "AT_RELEASE",
        "causal_precedence_score": 1.0,
        "causal_eligibility": true,
        "pre_release_evidence": true,
        "post_release_evidence": true,
        "source_age_plausibility": "HIGH",
        "source_age_score": 1.0,
        "source_age_explanation": "Hypothesized source age 4.0h is fully compatible with physical spreading and Lagrangian drift for area 0.0612 km\u00b2.",
        "causal_explanation": "Vessel observed within 7.0s of hypothesized release time.",
        "hypothesis_id": "4DH_0119",
        "feature_type": "hypothesized_release_location"
      }
    },
    {
      "type": "Feature",
      "id": "4DH_0119_displacement_vector",
      "geometry": {
        "type": "LineString",
        "coordinates": [
          [
            -81.40204,
            31.12758
          ],
          [
            -81.43682,
            31.089295
          ]
        ]
      },
      "properties": {
        "hypothesis_id": "4DH_0119",
        "candidate_id": "VC_0119",
        "mmsi": 338102861,
        "vessel_name": "RECOVERY",
        "vessel_source_distance_m": 5393.23,
        "feature_type": "vessel_to_source_vector"
      }
    },
    {
      "type": "Feature",
      "id": "4DH_0120_release_point",
      "geometry": {
        "type": "Point",
        "coordinates": [
          -81.43682,
          31.089295
        ]
      },
      "properties": {
        "candidate_id": "VC_0120",
        "mmsi": 338143506,
        "vessel_name": "MORNING SUN II",
        "imo": "UNKNOWN",
        "vessel_type": "37.0",
        "release_lat": 31.089295,
        "release_lon": -81.43682,
        "release_timestamp": "2019-09-08T07:25:31.797740+00:00",
        "source_age_hours": 4.0,
        "source_plausibility": 0.5011,
        "ais_lat": 31.15968,
        "ais_lon": -81.49969,
        "vessel_source_distance_m": 9852.27,
        "ais_track_quality": "bracketed_interpolation",
        "gap_status": "540.0s",
        "compatibility_status": "COMPATIBLE",
        "source_hypothesis_id": "SH_0009",
        "source_slick_id": "CS_0065",
        "causal_precedence_status": "AT_RELEASE",
        "causal_precedence_score": 1.0,
        "causal_eligibility": true,
        "pre_release_evidence": true,
        "post_release_evidence": true,
        "source_age_plausibility": "HIGH",
        "source_age_score": 1.0,
        "source_age_explanation": "Hypothesized source age 4.0h is fully compatible with physical spreading and Lagrangian drift for area 0.0612 km\u00b2.",
        "causal_explanation": "Vessel observed within 266.0s of hypothesized release time.",
        "hypothesis_id": "4DH_0120",
        "feature_type": "hypothesized_release_location"
      }
    },
    {
      "type": "Feature",
      "id": "4DH_0120_displacement_vector",
      "geometry": {
        "type": "LineString",
        "coordinates": [
          [
            -81.49969,
            31.15968
          ],
          [
            -81.43682,
            31.089295
          ]
        ]
      },
      "properties": {
        "hypothesis_id": "4DH_0120",
        "candidate_id": "VC_0120",
        "mmsi": 338143506,
        "vessel_name": "MORNING SUN II",
        "vessel_source_distance_m": 9852.27,
        "feature_type": "vessel_to_source_vector"
      }
    },
    {
      "type": "Feature",
      "id": "4DH_0121_release_point",
      "geometry": {
        "type": "Point",
        "coordinates": [
          -81.43682,
          31.089295
        ]
      },
      "properties": {
        "candidate_id": "VC_0121",
        "mmsi": 338184094,
        "vessel_name": "DULCINEA",
        "imo": "UNKNOWN",
        "vessel_type": "37.0",
        "release_lat": 31.089295,
        "release_lon": -81.43682,
        "release_timestamp": "2019-09-08T07:25:31.797740+00:00",
        "source_age_hours": 4.0,
        "source_plausibility": 0.5011,
        "ais_lat": 31.155,
        "ais_lon": -81.49958,
        "vessel_source_distance_m": 9437.64,
        "ais_track_quality": "bracketed_interpolation",
        "gap_status": "180.0s",
        "compatibility_status": "COMPATIBLE",
        "source_hypothesis_id": "SH_0009",
        "source_slick_id": "CS_0065",
        "causal_precedence_status": "AT_RELEASE",
        "causal_precedence_score": 1.0,
        "causal_eligibility": true,
        "pre_release_evidence": true,
        "post_release_evidence": true,
        "source_age_plausibility": "HIGH",
        "source_age_score": 1.0,
        "source_age_explanation": "Hypothesized source age 4.0h is fully compatible with physical spreading and Lagrangian drift for area 0.0612 km\u00b2.",
        "causal_explanation": "Vessel observed within 28.0s of hypothesized release time.",
        "hypothesis_id": "4DH_0121",
        "feature_type": "hypothesized_release_location"
      }
    },
    {
      "type": "Feature",
      "id": "4DH_0121_displacement_vector",
      "geometry": {
        "type": "LineString",
        "coordinates": [
          [
            -81.49958,
            31.155
          ],
          [
            -81.43682,
            31.089295
          ]
        ]
      },
      "properties": {
        "hypothesis_id": "4DH_0121",
        "candidate_id": "VC_0121",
        "mmsi": 338184094,
        "vessel_name": "DULCINEA",
        "vessel_source_distance_m": 9437.64,
        "feature_type": "vessel_to_source_vector"
      }
    },
    {
      "type": "Feature",
      "id": "4DH_0122_release_point",
      "geometry": {
        "type": "Point",
        "coordinates": [
          -81.43682,
          31.089295
        ]
      },
      "properties": {
        "candidate_id": "VC_0122",
        "mmsi": 338235704,
        "vessel_name": "BRUNSWICK",
        "imo": "IMO0000000",
        "vessel_type": "50.0",
        "release_lat": 31.089295,
        "release_lon": -81.43682,
        "release_timestamp": "2019-09-08T07:25:31.797740+00:00",
        "source_age_hours": 4.0,
        "source_plausibility": 0.5011,
        "ais_lat": 31.128636,
        "ais_lon": -81.404986,
        "vessel_source_distance_m": 5321.81,
        "ais_track_quality": "bracketed_interpolation",
        "gap_status": "89.0s",
        "compatibility_status": "COMPATIBLE",
        "source_hypothesis_id": "SH_0009",
        "source_slick_id": "CS_0065",
        "causal_precedence_status": "AT_RELEASE",
        "causal_precedence_score": 1.0,
        "causal_eligibility": true,
        "pre_release_evidence": true,
        "post_release_evidence": true,
        "source_age_plausibility": "HIGH",
        "source_age_score": 1.0,
        "source_age_explanation": "Hypothesized source age 4.0h is fully compatible with physical spreading and Lagrangian drift for area 0.0612 km\u00b2.",
        "causal_explanation": "Vessel observed within 9.0s of hypothesized release time.",
        "hypothesis_id": "4DH_0122",
        "feature_type": "hypothesized_release_location"
      }
    },
    {
      "type": "Feature",
      "id": "4DH_0122_displacement_vector",
      "geometry": {
        "type": "LineString",
        "coordinates": [
          [
            -81.404986,
            31.128636
          ],
          [
            -81.43682,
            31.089295
          ]
        ]
      },
      "properties": {
        "hypothesis_id": "4DH_0122",
        "candidate_id": "VC_0122",
        "mmsi": 338235704,
        "vessel_name": "BRUNSWICK",
        "vessel_source_distance_m": 5321.81,
        "feature_type": "vessel_to_source_vector"
      }
    },
    {
      "type": "Feature",
      "id": "4DH_0123_release_point",
      "geometry": {
        "type": "Point",
        "coordinates": [
          -81.43682,
          31.089295
        ]
      },
      "properties": {
        "candidate_id": "VC_0123",
        "mmsi": 338335542,
        "vessel_name": "STILL WATERS",
        "imo": "IMO0000000",
        "vessel_type": "37.0",
        "release_lat": 31.089295,
        "release_lon": -81.43682,
        "release_timestamp": "2019-09-08T07:25:31.797740+00:00",
        "source_age_hours": 4.0,
        "source_plausibility": 0.5011,
        "ais_lat": 31.167432,
        "ais_lon": -81.41489,
        "vessel_source_distance_m": 8935.67,
        "ais_track_quality": "bracketed_interpolation",
        "gap_status": "182.0s",
        "compatibility_status": "COMPATIBLE",
        "source_hypothesis_id": "SH_0009",
        "source_slick_id": "CS_0065",
        "causal_precedence_status": "AT_RELEASE",
        "causal_precedence_score": 1.0,
        "causal_eligibility": true,
        "pre_release_evidence": true,
        "post_release_evidence": true,
        "source_age_plausibility": "HIGH",
        "source_age_score": 1.0,
        "source_age_explanation": "Hypothesized source age 4.0h is fully compatible with physical spreading and Lagrangian drift for area 0.0612 km\u00b2.",
        "causal_explanation": "Vessel observed within 42.0s of hypothesized release time.",
        "hypothesis_id": "4DH_0123",
        "feature_type": "hypothesized_release_location"
      }
    },
    {
      "type": "Feature",
      "id": "4DH_0123_displacement_vector",
      "geometry": {
        "type": "LineString",
        "coordinates": [
          [
            -81.41489,
            31.167432
          ],
          [
            -81.43682,
            31.089295
          ]
        ]
      },
      "properties": {
        "hypothesis_id": "4DH_0123",
        "candidate_id": "VC_0123",
        "mmsi": 338335542,
        "vessel_name": "STILL WATERS",
        "vessel_source_distance_m": 8935.67,
        "feature_type": "vessel_to_source_vector"
      }
    },
    {
      "type": "Feature",
      "id": "4DH_0124_release_point",
      "geometry": {
        "type": "Point",
        "coordinates": [
          -81.43682,
          31.089295
        ]
      },
      "properties": {
        "candidate_id": "VC_0124",
        "mmsi": 339759000,
        "vessel_name": "REGALEC",
        "imo": "UNKNOWN",
        "vessel_type": "37.0",
        "release_lat": 31.089295,
        "release_lon": -81.43682,
        "release_timestamp": "2019-09-08T07:25:31.797740+00:00",
        "source_age_hours": 4.0,
        "source_plausibility": 0.5011,
        "ais_lat": 31.157156,
        "ais_lon": -81.499718,
        "vessel_source_distance_m": 9632.54,
        "ais_track_quality": "bracketed_interpolation",
        "gap_status": "540.0s",
        "compatibility_status": "COMPATIBLE",
        "source_hypothesis_id": "SH_0009",
        "source_slick_id": "CS_0065",
        "causal_precedence_status": "AT_RELEASE",
        "causal_precedence_score": 1.0,
        "causal_eligibility": true,
        "pre_release_evidence": true,
        "post_release_evidence": true,
        "source_age_plausibility": "HIGH",
        "source_age_score": 1.0,
        "source_age_explanation": "Hypothesized source age 4.0h is fully compatible with physical spreading and Lagrangian drift for area 0.0612 km\u00b2.",
        "causal_explanation": "Vessel observed within 101.0s of hypothesized release time.",
        "hypothesis_id": "4DH_0124",
        "feature_type": "hypothesized_release_location"
      }
    },
    {
      "type": "Feature",
      "id": "4DH_0124_displacement_vector",
      "geometry": {
        "type": "LineString",
        "coordinates": [
          [
            -81.499718,
            31.157156
          ],
          [
            -81.43682,
            31.089295
          ]
        ]
      },
      "properties": {
        "hypothesis_id": "4DH_0124",
        "candidate_id": "VC_0124",
        "mmsi": 339759000,
        "vessel_name": "REGALEC",
        "vessel_source_distance_m": 9632.54,
        "feature_type": "vessel_to_source_vector"
      }
    },
    {
      "type": "Feature",
      "id": "4DH_0125_release_point",
      "geometry": {
        "type": "Point",
        "coordinates": [
          -81.43682,
          31.089295
        ]
      },
      "properties": {
        "candidate_id": "VC_0125",
        "mmsi": 367063030,
        "vessel_name": "EMERALD PRINCESS II",
        "imo": "IMO8993057",
        "vessel_type": "60.0",
        "release_lat": 31.089295,
        "release_lon": -81.43682,
        "release_timestamp": "2019-09-08T07:25:31.797740+00:00",
        "source_age_hours": 4.0,
        "source_plausibility": 0.5011,
        "ais_lat": 31.114082,
        "ais_lon": -81.4884,
        "vessel_source_distance_m": 5631.54,
        "ais_track_quality": "bracketed_interpolation",
        "gap_status": "179.0s",
        "compatibility_status": "COMPATIBLE",
        "source_hypothesis_id": "SH_0009",
        "source_slick_id": "CS_0065",
        "causal_precedence_status": "AT_RELEASE",
        "causal_precedence_score": 1.0,
        "causal_eligibility": true,
        "pre_release_evidence": true,
        "post_release_evidence": true,
        "source_age_plausibility": "HIGH",
        "source_age_score": 1.0,
        "source_age_explanation": "Hypothesized source age 4.0h is fully compatible with physical spreading and Lagrangian drift for area 0.0612 km\u00b2.",
        "causal_explanation": "Vessel observed within 40.0s of hypothesized release time.",
        "hypothesis_id": "4DH_0125",
        "feature_type": "hypothesized_release_location"
      }
    },
    {
      "type": "Feature",
      "id": "4DH_0125_displacement_vector",
      "geometry": {
        "type": "LineString",
        "coordinates": [
          [
            -81.4884,
            31.114082
          ],
          [
            -81.43682,
            31.089295
          ]
        ]
      },
      "properties": {
        "hypothesis_id": "4DH_0125",
        "candidate_id": "VC_0125",
        "mmsi": 367063030,
        "vessel_name": "EMERALD PRINCESS II",
        "vessel_source_distance_m": 5631.54,
        "feature_type": "vessel_to_source_vector"
      }
    },
    {
      "type": "Feature",
      "id": "4DH_0126_release_point",
      "geometry": {
        "type": "Point",
        "coordinates": [
          -81.43682,
          31.089295
        ]
      },
      "properties": {
        "candidate_id": "VC_0126",
        "mmsi": 367094180,
        "vessel_name": "CHICORY",
        "imo": "UNKNOWN",
        "vessel_type": "37.0",
        "release_lat": 31.089295,
        "release_lon": -81.43682,
        "release_timestamp": "2019-09-08T07:25:31.797740+00:00",
        "source_age_hours": 4.0,
        "source_plausibility": 0.5011,
        "ais_lat": 31.15501,
        "ais_lon": -81.499418,
        "vessel_source_distance_m": 9428.74,
        "ais_track_quality": "bracketed_interpolation",
        "gap_status": "359.0s",
        "compatibility_status": "COMPATIBLE",
        "source_hypothesis_id": "SH_0009",
        "source_slick_id": "CS_0065",
        "causal_precedence_status": "AT_RELEASE",
        "causal_precedence_score": 1.0,
        "causal_eligibility": true,
        "pre_release_evidence": true,
        "post_release_evidence": true,
        "source_age_plausibility": "HIGH",
        "source_age_score": 1.0,
        "source_age_explanation": "Hypothesized source age 4.0h is fully compatible with physical spreading and Lagrangian drift for area 0.0612 km\u00b2.",
        "causal_explanation": "Vessel observed within 149.0s of hypothesized release time.",
        "hypothesis_id": "4DH_0126",
        "feature_type": "hypothesized_release_location"
      }
    },
    {
      "type": "Feature",
      "id": "4DH_0126_displacement_vector",
      "geometry": {
        "type": "LineString",
        "coordinates": [
          [
            -81.499418,
            31.15501
          ],
          [
            -81.43682,
            31.089295
          ]
        ]
      },
      "properties": {
        "hypothesis_id": "4DH_0126",
        "candidate_id": "VC_0126",
        "mmsi": 367094180,
        "vessel_name": "CHICORY",
        "vessel_source_distance_m": 9428.74,
        "feature_type": "vessel_to_source_vector"
      }
    },
    {
      "type": "Feature",
      "id": "4DH_0127_release_point",
      "geometry": {
        "type": "Point",
        "coordinates": [
          -81.43682,
          31.089295
        ]
      },
      "properties": {
        "candidate_id": "VC_0127",
        "mmsi": 367157730,
        "vessel_name": "AESTIVAL",
        "imo": "UNKNOWN",
        "vessel_type": "37.0",
        "release_lat": 31.089295,
        "release_lon": -81.43682,
        "release_timestamp": "2019-09-08T07:25:31.797740+00:00",
        "source_age_hours": 4.0,
        "source_plausibility": 0.5011,
        "ais_lat": 31.15825,
        "ais_lon": -81.499309,
        "vessel_source_distance_m": 9704.19,
        "ais_track_quality": "bracketed_interpolation",
        "gap_status": "181.0s",
        "compatibility_status": "COMPATIBLE",
        "source_hypothesis_id": "SH_0009",
        "source_slick_id": "CS_0065",
        "causal_precedence_status": "AT_RELEASE",
        "causal_precedence_score": 1.0,
        "causal_eligibility": true,
        "pre_release_evidence": true,
        "post_release_evidence": true,
        "source_age_plausibility": "HIGH",
        "source_age_score": 1.0,
        "source_age_explanation": "Hypothesized source age 4.0h is fully compatible with physical spreading and Lagrangian drift for area 0.0612 km\u00b2.",
        "causal_explanation": "Vessel observed within 12.0s of hypothesized release time.",
        "hypothesis_id": "4DH_0127",
        "feature_type": "hypothesized_release_location"
      }
    },
    {
      "type": "Feature",
      "id": "4DH_0127_displacement_vector",
      "geometry": {
        "type": "LineString",
        "coordinates": [
          [
            -81.499309,
            31.15825
          ],
          [
            -81.43682,
            31.089295
          ]
        ]
      },
      "properties": {
        "hypothesis_id": "4DH_0127",
        "candidate_id": "VC_0127",
        "mmsi": 367157730,
        "vessel_name": "AESTIVAL",
        "vessel_source_distance_m": 9704.19,
        "feature_type": "vessel_to_source_vector"
      }
    },
    {
      "type": "Feature",
      "id": "4DH_0128_release_point",
      "geometry": {
        "type": "Point",
        "coordinates": [
          -81.43682,
          31.089295
        ]
      },
      "properties": {
        "candidate_id": "VC_0128",
        "mmsi": 367305420,
        "vessel_name": "DOROTHY MORAN",
        "imo": "IMO7716995",
        "vessel_type": "31.0",
        "release_lat": 31.089295,
        "release_lon": -81.43682,
        "release_timestamp": "2019-09-08T07:25:31.797740+00:00",
        "source_age_hours": 4.0,
        "source_plausibility": 0.5011,
        "ais_lat": 31.128318,
        "ais_lon": -81.403698,
        "vessel_source_distance_m": 5363.94,
        "ais_track_quality": "bracketed_interpolation",
        "gap_status": "89.0s",
        "compatibility_status": "COMPATIBLE",
        "source_hypothesis_id": "SH_0009",
        "source_slick_id": "CS_0065",
        "causal_precedence_status": "AT_RELEASE",
        "causal_precedence_score": 1.0,
        "causal_eligibility": true,
        "pre_release_evidence": true,
        "post_release_evidence": true,
        "source_age_plausibility": "HIGH",
        "source_age_score": 1.0,
        "source_age_explanation": "Hypothesized source age 4.0h is fully compatible with physical spreading and Lagrangian drift for area 0.0612 km\u00b2.",
        "causal_explanation": "Vessel observed within 14.0s of hypothesized release time.",
        "hypothesis_id": "4DH_0128",
        "feature_type": "hypothesized_release_location"
      }
    },
    {
      "type": "Feature",
      "id": "4DH_0128_displacement_vector",
      "geometry": {
        "type": "LineString",
        "coordinates": [
          [
            -81.403698,
            31.128318
          ],
          [
            -81.43682,
            31.089295
          ]
        ]
      },
      "properties": {
        "hypothesis_id": "4DH_0128",
        "candidate_id": "VC_0128",
        "mmsi": 367305420,
        "vessel_name": "DOROTHY MORAN",
        "vessel_source_distance_m": 5363.94,
        "feature_type": "vessel_to_source_vector"
      }
    },
    {
      "type": "Feature",
      "id": "4DH_0129_release_point",
      "geometry": {
        "type": "Point",
        "coordinates": [
          -81.43682,
          31.089295
        ]
      },
      "properties": {
        "candidate_id": "VC_0129",
        "mmsi": 367369550,
        "vessel_name": "ANN MORAN",
        "imo": "IMO7716983",
        "vessel_type": "31.0",
        "release_lat": 31.089295,
        "release_lon": -81.43682,
        "release_timestamp": "2019-09-08T07:25:31.797740+00:00",
        "source_age_hours": 4.0,
        "source_plausibility": 0.5011,
        "ais_lat": 31.128707,
        "ais_lon": -81.4043,
        "vessel_source_distance_m": 5365.71,
        "ais_track_quality": "bracketed_interpolation",
        "gap_status": "129.0s",
        "compatibility_status": "COMPATIBLE",
        "source_hypothesis_id": "SH_0009",
        "source_slick_id": "CS_0065",
        "causal_precedence_status": "AT_RELEASE",
        "causal_precedence_score": 1.0,
        "causal_eligibility": true,
        "pre_release_evidence": true,
        "post_release_evidence": true,
        "source_age_plausibility": "HIGH",
        "source_age_score": 1.0,
        "source_age_explanation": "Hypothesized source age 4.0h is fully compatible with physical spreading and Lagrangian drift for area 0.0612 km\u00b2.",
        "causal_explanation": "Vessel observed within 45.0s of hypothesized release time.",
        "hypothesis_id": "4DH_0129",
        "feature_type": "hypothesized_release_location"
      }
    },
    {
      "type": "Feature",
      "id": "4DH_0129_displacement_vector",
      "geometry": {
        "type": "LineString",
        "coordinates": [
          [
            -81.4043,
            31.128707
          ],
          [
            -81.43682,
            31.089295
          ]
        ]
      },
      "properties": {
        "hypothesis_id": "4DH_0129",
        "candidate_id": "VC_0129",
        "mmsi": 367369550,
        "vessel_name": "ANN MORAN",
        "vessel_source_distance_m": 5365.71,
        "feature_type": "vessel_to_source_vector"
      }
    },
    {
      "type": "Feature",
      "id": "4DH_0130_release_point",
      "geometry": {
        "type": "Point",
        "coordinates": [
          -81.43682,
          31.089295
        ]
      },
      "properties": {
        "candidate_id": "VC_0130",
        "mmsi": 367458950,
        "vessel_name": "WYOMING WIND",
        "imo": "IMO0000000",
        "vessel_type": "36.0",
        "release_lat": 31.089295,
        "release_lon": -81.43682,
        "release_timestamp": "2019-09-08T07:25:31.797740+00:00",
        "source_age_hours": 4.0,
        "source_plausibility": 0.5011,
        "ais_lat": 31.157057,
        "ais_lon": -81.499549,
        "vessel_source_distance_m": 9613.92,
        "ais_track_quality": "bracketed_interpolation",
        "gap_status": "721.0s",
        "compatibility_status": "COMPATIBLE",
        "source_hypothesis_id": "SH_0009",
        "source_slick_id": "CS_0065",
        "causal_precedence_status": "AT_RELEASE",
        "causal_precedence_score": 1.0,
        "causal_eligibility": true,
        "pre_release_evidence": true,
        "post_release_evidence": true,
        "source_age_plausibility": "HIGH",
        "source_age_score": 1.0,
        "source_age_explanation": "Hypothesized source age 4.0h is fully compatible with physical spreading and Lagrangian drift for area 0.0612 km\u00b2.",
        "causal_explanation": "Vessel observed within 206.0s of hypothesized release time.",
        "hypothesis_id": "4DH_0130",
        "feature_type": "hypothesized_release_location"
      }
    },
    {
      "type": "Feature",
      "id": "4DH_0130_displacement_vector",
      "geometry": {
        "type": "LineString",
        "coordinates": [
          [
            -81.499549,
            31.157057
          ],
          [
            -81.43682,
            31.089295
          ]
        ]
      },
      "properties": {
        "hypothesis_id": "4DH_0130",
        "candidate_id": "VC_0130",
        "mmsi": 367458950,
        "vessel_name": "WYOMING WIND",
        "vessel_source_distance_m": 9613.92,
        "feature_type": "vessel_to_source_vector"
      }
    },
    {
      "type": "Feature",
      "id": "4DH_0131_release_point",
      "geometry": {
        "type": "Point",
        "coordinates": [
          -81.43682,
          31.089295
        ]
      },
      "properties": {
        "candidate_id": "VC_0131",
        "mmsi": 367569620,
        "vessel_name": "PURA VIDA",
        "imo": "UNKNOWN",
        "vessel_type": "37.0",
        "release_lat": 31.089295,
        "release_lon": -81.43682,
        "release_timestamp": "2019-09-08T07:25:31.797740+00:00",
        "source_age_hours": 4.0,
        "source_plausibility": 0.5011,
        "ais_lat": 31.167209,
        "ais_lon": -81.414471,
        "vessel_source_distance_m": 8920.98,
        "ais_track_quality": "bracketed_interpolation",
        "gap_status": "182.0s",
        "compatibility_status": "COMPATIBLE",
        "source_hypothesis_id": "SH_0009",
        "source_slick_id": "CS_0065",
        "causal_precedence_status": "AT_RELEASE",
        "causal_precedence_score": 1.0,
        "causal_eligibility": true,
        "pre_release_evidence": true,
        "post_release_evidence": true,
        "source_age_plausibility": "HIGH",
        "source_age_score": 1.0,
        "source_age_explanation": "Hypothesized source age 4.0h is fully compatible with physical spreading and Lagrangian drift for area 0.0612 km\u00b2.",
        "causal_explanation": "Vessel observed within 15.0s of hypothesized release time.",
        "hypothesis_id": "4DH_0131",
        "feature_type": "hypothesized_release_location"
      }
    },
    {
      "type": "Feature",
      "id": "4DH_0131_displacement_vector",
      "geometry": {
        "type": "LineString",
        "coordinates": [
          [
            -81.414471,
            31.167209
          ],
          [
            -81.43682,
            31.089295
          ]
        ]
      },
      "properties": {
        "hypothesis_id": "4DH_0131",
        "candidate_id": "VC_0131",
        "mmsi": 367569620,
        "vessel_name": "PURA VIDA",
        "vessel_source_distance_m": 8920.98,
        "feature_type": "vessel_to_source_vector"
      }
    },
    {
      "type": "Feature",
      "id": "4DH_0132_release_point",
      "geometry": {
        "type": "Point",
        "coordinates": [
          -81.43682,
          31.089295
        ]
      },
      "properties": {
        "candidate_id": "VC_0132",
        "mmsi": 367691290,
        "vessel_name": "MISS LEXY",
        "imo": "IMO8719530",
        "vessel_type": "30.0",
        "release_lat": 31.089295,
        "release_lon": -81.43682,
        "release_timestamp": "2019-09-08T07:25:31.797740+00:00",
        "source_age_hours": 4.0,
        "source_plausibility": 0.5011,
        "ais_lat": 31.142118,
        "ais_lon": -81.49645,
        "vessel_source_distance_m": 8168.44,
        "ais_track_quality": "bracketed_interpolation",
        "gap_status": "69.0s",
        "compatibility_status": "COMPATIBLE",
        "source_hypothesis_id": "SH_0009",
        "source_slick_id": "CS_0065",
        "causal_precedence_status": "AT_RELEASE",
        "causal_precedence_score": 1.0,
        "causal_eligibility": true,
        "pre_release_evidence": true,
        "post_release_evidence": true,
        "source_age_plausibility": "HIGH",
        "source_age_score": 1.0,
        "source_age_explanation": "Hypothesized source age 4.0h is fully compatible with physical spreading and Lagrangian drift for area 0.0612 km\u00b2.",
        "causal_explanation": "Vessel observed within 11.0s of hypothesized release time.",
        "hypothesis_id": "4DH_0132",
        "feature_type": "hypothesized_release_location"
      }
    },
    {
      "type": "Feature",
      "id": "4DH_0132_displacement_vector",
      "geometry": {
        "type": "LineString",
        "coordinates": [
          [
            -81.49645,
            31.142118
          ],
          [
            -81.43682,
            31.089295
          ]
        ]
      },
      "properties": {
        "hypothesis_id": "4DH_0132",
        "candidate_id": "VC_0132",
        "mmsi": 367691290,
        "vessel_name": "MISS LEXY",
        "vessel_source_distance_m": 8168.44,
        "feature_type": "vessel_to_source_vector"
      }
    },
    {
      "type": "Feature",
      "id": "4DH_0133_release_point",
      "geometry": {
        "type": "Point",
        "coordinates": [
          -81.43682,
          31.089295
        ]
      },
      "properties": {
        "candidate_id": "VC_0133",
        "mmsi": 367753660,
        "vessel_name": "AQUAMARINE",
        "imo": "UNKNOWN",
        "vessel_type": "37.0",
        "release_lat": 31.089295,
        "release_lon": -81.43682,
        "release_timestamp": "2019-09-08T07:25:31.797740+00:00",
        "source_age_hours": 4.0,
        "source_plausibility": 0.5011,
        "ais_lat": 31.156103,
        "ais_lon": -81.499217,
        "vessel_source_distance_m": 9511.26,
        "ais_track_quality": "bracketed_interpolation",
        "gap_status": "180.0s",
        "compatibility_status": "COMPATIBLE",
        "source_hypothesis_id": "SH_0009",
        "source_slick_id": "CS_0065",
        "causal_precedence_status": "AT_RELEASE",
        "causal_precedence_score": 1.0,
        "causal_eligibility": true,
        "pre_release_evidence": true,
        "post_release_evidence": true,
        "source_age_plausibility": "HIGH",
        "source_age_score": 1.0,
        "source_age_explanation": "Hypothesized source age 4.0h is fully compatible with physical spreading and Lagrangian drift for area 0.0612 km\u00b2.",
        "causal_explanation": "Vessel observed within 61.0s of hypothesized release time.",
        "hypothesis_id": "4DH_0133",
        "feature_type": "hypothesized_release_location"
      }
    },
    {
      "type": "Feature",
      "id": "4DH_0133_displacement_vector",
      "geometry": {
        "type": "LineString",
        "coordinates": [
          [
            -81.499217,
            31.156103
          ],
          [
            -81.43682,
            31.089295
          ]
        ]
      },
      "properties": {
        "hypothesis_id": "4DH_0133",
        "candidate_id": "VC_0133",
        "mmsi": 367753660,
        "vessel_name": "AQUAMARINE",
        "vessel_source_distance_m": 9511.26,
        "feature_type": "vessel_to_source_vector"
      }
    },
    {
      "type": "Feature",
      "id": "4DH_0134_release_point",
      "geometry": {
        "type": "Point",
        "coordinates": [
          -81.43682,
          31.089295
        ]
      },
      "properties": {
        "candidate_id": "VC_0134",
        "mmsi": 367762440,
        "vessel_name": "SILVER GIRL II",
        "imo": "UNKNOWN",
        "vessel_type": "37.0",
        "release_lat": 31.089295,
        "release_lon": -81.43682,
        "release_timestamp": "2019-09-08T07:25:31.797740+00:00",
        "source_age_hours": 4.0,
        "source_plausibility": 0.5011,
        "ais_lat": 31.154121,
        "ais_lon": -81.499528,
        "vessel_source_distance_m": 9359.03,
        "ais_track_quality": "bracketed_interpolation",
        "gap_status": "357.0s",
        "compatibility_status": "COMPATIBLE",
        "source_hypothesis_id": "SH_0009",
        "source_slick_id": "CS_0065",
        "causal_precedence_status": "AT_RELEASE",
        "causal_precedence_score": 1.0,
        "causal_eligibility": true,
        "pre_release_evidence": true,
        "post_release_evidence": true,
        "source_age_plausibility": "HIGH",
        "source_age_score": 1.0,
        "source_age_explanation": "Hypothesized source age 4.0h is fully compatible with physical spreading and Lagrangian drift for area 0.0612 km\u00b2.",
        "causal_explanation": "Vessel observed within 42.0s of hypothesized release time.",
        "hypothesis_id": "4DH_0134",
        "feature_type": "hypothesized_release_location"
      }
    },
    {
      "type": "Feature",
      "id": "4DH_0134_displacement_vector",
      "geometry": {
        "type": "LineString",
        "coordinates": [
          [
            -81.499528,
            31.154121
          ],
          [
            -81.43682,
            31.089295
          ]
        ]
      },
      "properties": {
        "hypothesis_id": "4DH_0134",
        "candidate_id": "VC_0134",
        "mmsi": 367762440,
        "vessel_name": "SILVER GIRL II",
        "vessel_source_distance_m": 9359.03,
        "feature_type": "vessel_to_source_vector"
      }
    },
    {
      "type": "Feature",
      "id": "4DH_0135_release_point",
      "geometry": {
        "type": "Point",
        "coordinates": [
          -81.43682,
          31.089295
        ]
      },
      "properties": {
        "candidate_id": "VC_0135",
        "mmsi": 368004680,
        "vessel_name": "TAKE IT EASY",
        "imo": "UNKNOWN",
        "vessel_type": "36.0",
        "release_lat": 31.089295,
        "release_lon": -81.43682,
        "release_timestamp": "2019-09-08T07:25:31.797740+00:00",
        "source_age_hours": 4.0,
        "source_plausibility": 0.5011,
        "ais_lat": 31.16683,
        "ais_lon": -81.41569,
        "vessel_source_distance_m": 8852.99,
        "ais_track_quality": "bracketed_interpolation",
        "gap_status": "181.0s",
        "compatibility_status": "COMPATIBLE",
        "source_hypothesis_id": "SH_0009",
        "source_slick_id": "CS_0065",
        "causal_precedence_status": "AT_RELEASE",
        "causal_precedence_score": 1.0,
        "causal_eligibility": true,
        "pre_release_evidence": true,
        "post_release_evidence": true,
        "source_age_plausibility": "HIGH",
        "source_age_score": 1.0,
        "source_age_explanation": "Hypothesized source age 4.0h is fully compatible with physical spreading and Lagrangian drift for area 0.0612 km\u00b2.",
        "causal_explanation": "Vessel observed within 6.0s of hypothesized release time.",
        "hypothesis_id": "4DH_0135",
        "feature_type": "hypothesized_release_location"
      }
    },
    {
      "type": "Feature",
      "id": "4DH_0135_displacement_vector",
      "geometry": {
        "type": "LineString",
        "coordinates": [
          [
            -81.41569,
            31.16683
          ],
          [
            -81.43682,
            31.089295
          ]
        ]
      },
      "properties": {
        "hypothesis_id": "4DH_0135",
        "candidate_id": "VC_0135",
        "mmsi": 368004680,
        "vessel_name": "TAKE IT EASY",
        "vessel_source_distance_m": 8852.99,
        "feature_type": "vessel_to_source_vector"
      }
    },
    {
      "type": "Feature",
      "id": "4DH_0136_release_point",
      "geometry": {
        "type": "Point",
        "coordinates": [
          -81.43682,
          31.089295
        ]
      },
      "properties": {
        "candidate_id": "VC_0136",
        "mmsi": 369201000,
        "vessel_name": "SALTY VIXEN",
        "imo": "UNKNOWN",
        "vessel_type": "37.0",
        "release_lat": 31.089295,
        "release_lon": -81.43682,
        "release_timestamp": "2019-09-08T07:25:31.797740+00:00",
        "source_age_hours": 4.0,
        "source_plausibility": 0.5011,
        "ais_lat": 31.156715,
        "ais_lon": -81.49922,
        "vessel_source_distance_m": 9564.67,
        "ais_track_quality": "bracketed_interpolation",
        "gap_status": "180.0s",
        "compatibility_status": "COMPATIBLE",
        "source_hypothesis_id": "SH_0009",
        "source_slick_id": "CS_0065",
        "causal_precedence_status": "AT_RELEASE",
        "causal_precedence_score": 1.0,
        "causal_eligibility": true,
        "pre_release_evidence": true,
        "post_release_evidence": true,
        "source_age_plausibility": "HIGH",
        "source_age_score": 1.0,
        "source_age_explanation": "Hypothesized source age 4.0h is fully compatible with physical spreading and Lagrangian drift for area 0.0612 km\u00b2.",
        "causal_explanation": "Vessel observed within 84.0s of hypothesized release time.",
        "hypothesis_id": "4DH_0136",
        "feature_type": "hypothesized_release_location"
      }
    },
    {
      "type": "Feature",
      "id": "4DH_0136_displacement_vector",
      "geometry": {
        "type": "LineString",
        "coordinates": [
          [
            -81.49922,
            31.156715
          ],
          [
            -81.43682,
            31.089295
          ]
        ]
      },
      "properties": {
        "hypothesis_id": "4DH_0136",
        "candidate_id": "VC_0136",
        "mmsi": 369201000,
        "vessel_name": "SALTY VIXEN",
        "vessel_source_distance_m": 9564.67,
        "feature_type": "vessel_to_source_vector"
      }
    },
    {
      "type": "Feature",
      "id": "4DH_0137_release_point",
      "geometry": {
        "type": "Point",
        "coordinates": [
          -81.43682,
          31.089295
        ]
      },
      "properties": {
        "candidate_id": "VC_0137",
        "mmsi": 369273000,
        "vessel_name": "ESCAPE PLAN",
        "imo": "IMO0000000",
        "vessel_type": "36.0",
        "release_lat": 31.089295,
        "release_lon": -81.43682,
        "release_timestamp": "2019-09-08T07:25:31.797740+00:00",
        "source_age_hours": 4.0,
        "source_plausibility": 0.5011,
        "ais_lat": 31.160398,
        "ais_lon": -81.499975,
        "vessel_source_distance_m": 9932.19,
        "ais_track_quality": "bracketed_interpolation",
        "gap_status": "177.0s",
        "compatibility_status": "COMPATIBLE",
        "source_hypothesis_id": "SH_0009",
        "source_slick_id": "CS_0065",
        "causal_precedence_status": "AT_RELEASE",
        "causal_precedence_score": 1.0,
        "causal_eligibility": true,
        "pre_release_evidence": true,
        "post_release_evidence": true,
        "source_age_plausibility": "HIGH",
        "source_age_score": 1.0,
        "source_age_explanation": "Hypothesized source age 4.0h is fully compatible with physical spreading and Lagrangian drift for area 0.0612 km\u00b2.",
        "causal_explanation": "Vessel observed within 44.0s of hypothesized release time.",
        "hypothesis_id": "4DH_0137",
        "feature_type": "hypothesized_release_location"
      }
    },
    {
      "type": "Feature",
      "id": "4DH_0137_displacement_vector",
      "geometry": {
        "type": "LineString",
        "coordinates": [
          [
            -81.499975,
            31.160398
          ],
          [
            -81.43682,
            31.089295
          ]
        ]
      },
      "properties": {
        "hypothesis_id": "4DH_0137",
        "candidate_id": "VC_0137",
        "mmsi": 369273000,
        "vessel_name": "ESCAPE PLAN",
        "vessel_source_distance_m": 9932.19,
        "feature_type": "vessel_to_source_vector"
      }
    },
    {
      "type": "Feature",
      "id": "4DH_0138_release_point",
      "geometry": {
        "type": "Point",
        "coordinates": [
          -81.43682,
          31.089295
        ]
      },
      "properties": {
        "candidate_id": "VC_0138",
        "mmsi": 538004697,
        "vessel_name": "EMERALD ACE",
        "imo": "IMO9539236",
        "vessel_type": "70.0",
        "release_lat": 31.089295,
        "release_lon": -81.43682,
        "release_timestamp": "2019-09-08T07:25:31.797740+00:00",
        "source_age_hours": 4.0,
        "source_plausibility": 0.5011,
        "ais_lat": 31.128683,
        "ais_lon": -81.518343,
        "vessel_source_distance_m": 8911.77,
        "ais_track_quality": "bracketed_interpolation",
        "gap_status": "180.0s",
        "compatibility_status": "COMPATIBLE",
        "source_hypothesis_id": "SH_0009",
        "source_slick_id": "CS_0065",
        "causal_precedence_status": "AT_RELEASE",
        "causal_precedence_score": 1.0,
        "causal_eligibility": true,
        "pre_release_evidence": true,
        "post_release_evidence": true,
        "source_age_plausibility": "HIGH",
        "source_age_score": 1.0,
        "source_age_explanation": "Hypothesized source age 4.0h is fully compatible with physical spreading and Lagrangian drift for area 0.0612 km\u00b2.",
        "causal_explanation": "Vessel observed within 20.0s of hypothesized release time.",
        "hypothesis_id": "4DH_0138",
        "feature_type": "hypothesized_release_location"
      }
    },
    {
      "type": "Feature",
      "id": "4DH_0138_displacement_vector",
      "geometry": {
        "type": "LineString",
        "coordinates": [
          [
            -81.518343,
            31.128683
          ],
          [
            -81.43682,
            31.089295
          ]
        ]
      },
      "properties": {
        "hypothesis_id": "4DH_0138",
        "candidate_id": "VC_0138",
        "mmsi": 538004697,
        "vessel_name": "EMERALD ACE",
        "vessel_source_distance_m": 8911.77,
        "feature_type": "vessel_to_source_vector"
      }
    },
    {
      "type": "Feature",
      "id": "4DH_0139_release_point",
      "geometry": {
        "type": "Point",
        "coordinates": [
          -81.43682,
          31.089295
        ]
      },
      "properties": {
        "candidate_id": "VC_0139",
        "mmsi": 538007762,
        "vessel_name": "UNKNOWN",
        "imo": "UNKNOWN",
        "vessel_type": "UNKNOWN",
        "release_lat": 31.089295,
        "release_lon": -81.43682,
        "release_timestamp": "2019-09-08T07:25:31.797740+00:00",
        "source_age_hours": 4.0,
        "source_plausibility": 0.5011,
        "ais_lat": 31.127487,
        "ais_lon": -81.403096,
        "vessel_source_distance_m": 5323.84,
        "ais_track_quality": "bracketed_interpolation",
        "gap_status": "90.0s",
        "compatibility_status": "COMPATIBLE",
        "source_hypothesis_id": "SH_0009",
        "source_slick_id": "CS_0065",
        "causal_precedence_status": "AT_RELEASE",
        "causal_precedence_score": 1.0,
        "causal_eligibility": true,
        "pre_release_evidence": true,
        "post_release_evidence": true,
        "source_age_plausibility": "HIGH",
        "source_age_score": 1.0,
        "source_age_explanation": "Hypothesized source age 4.0h is fully compatible with physical spreading and Lagrangian drift for area 0.0612 km\u00b2.",
        "causal_explanation": "Vessel observed within 32.0s of hypothesized release time.",
        "hypothesis_id": "4DH_0139",
        "feature_type": "hypothesized_release_location"
      }
    },
    {
      "type": "Feature",
      "id": "4DH_0139_displacement_vector",
      "geometry": {
        "type": "LineString",
        "coordinates": [
          [
            -81.403096,
            31.127487
          ],
          [
            -81.43682,
            31.089295
          ]
        ]
      },
      "properties": {
        "hypothesis_id": "4DH_0139",
        "candidate_id": "VC_0139",
        "mmsi": 538007762,
        "vessel_name": "UNKNOWN",
        "vessel_source_distance_m": 5323.84,
        "feature_type": "vessel_to_source_vector"
      }
    },
    {
      "type": "Feature",
      "id": "4DH_0140_release_point",
      "geometry": {
        "type": "Point",
        "coordinates": [
          -81.440175,
          31.083282
        ]
      },
      "properties": {
        "candidate_id": "VC_0140",
        "mmsi": 311828000,
        "vessel_name": "KUJAWY",
        "imo": "IMO9285029",
        "vessel_type": "70.0",
        "release_lat": 31.083282,
        "release_lon": -81.440175,
        "release_timestamp": "2019-09-08T05:25:31.797740+00:00",
        "source_age_hours": 6.0,
        "source_plausibility": 0.4719,
        "ais_lat": 31.13155,
        "ais_lon": -81.49311,
        "vessel_source_distance_m": 7362.39,
        "ais_track_quality": "bracketed_interpolation",
        "gap_status": "180.0s",
        "compatibility_status": "COMPATIBLE",
        "source_hypothesis_id": "SH_0010",
        "source_slick_id": "CS_0065",
        "causal_precedence_status": "AT_RELEASE",
        "causal_precedence_score": 1.0,
        "causal_eligibility": true,
        "pre_release_evidence": true,
        "post_release_evidence": true,
        "source_age_plausibility": "HIGH",
        "source_age_score": 1.0,
        "source_age_explanation": "Hypothesized source age 6.0h is fully compatible with physical spreading and Lagrangian drift for area 0.0612 km\u00b2.",
        "causal_explanation": "Vessel observed within 35.0s of hypothesized release time.",
        "hypothesis_id": "4DH_0140",
        "feature_type": "hypothesized_release_location"
      }
    },
    {
      "type": "Feature",
      "id": "4DH_0140_displacement_vector",
      "geometry": {
        "type": "LineString",
        "coordinates": [
          [
            -81.49311,
            31.13155
          ],
          [
            -81.440175,
            31.083282
          ]
        ]
      },
      "properties": {
        "hypothesis_id": "4DH_0140",
        "candidate_id": "VC_0140",
        "mmsi": 311828000,
        "vessel_name": "KUJAWY",
        "vessel_source_distance_m": 7362.39,
        "feature_type": "vessel_to_source_vector"
      }
    },
    {
      "type": "Feature",
      "id": "4DH_0141_release_point",
      "geometry": {
        "type": "Point",
        "coordinates": [
          -81.440175,
          31.083282
        ]
      },
      "properties": {
        "candidate_id": "VC_0141",
        "mmsi": 338143506,
        "vessel_name": "MORNING SUN II",
        "imo": "UNKNOWN",
        "vessel_type": "37.0",
        "release_lat": 31.083282,
        "release_lon": -81.440175,
        "release_timestamp": "2019-09-08T05:25:31.797740+00:00",
        "source_age_hours": 6.0,
        "source_plausibility": 0.4719,
        "ais_lat": 31.15969,
        "ais_lon": -81.49972,
        "vessel_source_distance_m": 10213.37,
        "ais_track_quality": "bracketed_interpolation",
        "gap_status": "359.0s",
        "compatibility_status": "COMPATIBLE",
        "source_hypothesis_id": "SH_0010",
        "source_slick_id": "CS_0065",
        "causal_precedence_status": "AT_RELEASE",
        "causal_precedence_score": 1.0,
        "causal_eligibility": true,
        "pre_release_evidence": true,
        "post_release_evidence": true,
        "source_age_plausibility": "HIGH",
        "source_age_score": 1.0,
        "source_age_explanation": "Hypothesized source age 6.0h is fully compatible with physical spreading and Lagrangian drift for area 0.0612 km\u00b2.",
        "causal_explanation": "Vessel observed within 85.0s of hypothesized release time.",
        "hypothesis_id": "4DH_0141",
        "feature_type": "hypothesized_release_location"
      }
    },
    {
      "type": "Feature",
      "id": "4DH_0141_displacement_vector",
      "geometry": {
        "type": "LineString",
        "coordinates": [
          [
            -81.49972,
            31.15969
          ],
          [
            -81.440175,
            31.083282
          ]
        ]
      },
      "properties": {
        "hypothesis_id": "4DH_0141",
        "candidate_id": "VC_0141",
        "mmsi": 338143506,
        "vessel_name": "MORNING SUN II",
        "vessel_source_distance_m": 10213.37,
        "feature_type": "vessel_to_source_vector"
      }
    },
    {
      "type": "Feature",
      "id": "4DH_0142_release_point",
      "geometry": {
        "type": "Point",
        "coordinates": [
          -81.440175,
          31.083282
        ]
      },
      "properties": {
        "candidate_id": "VC_0142",
        "mmsi": 338184094,
        "vessel_name": "DULCINEA",
        "imo": "UNKNOWN",
        "vessel_type": "37.0",
        "release_lat": 31.083282,
        "release_lon": -81.440175,
        "release_timestamp": "2019-09-08T05:25:31.797740+00:00",
        "source_age_hours": 6.0,
        "source_plausibility": 0.4719,
        "ais_lat": 31.154998,
        "ais_lon": -81.49958,
        "vessel_source_distance_m": 9776.02,
        "ais_track_quality": "bracketed_interpolation",
        "gap_status": "177.0s",
        "compatibility_status": "COMPATIBLE",
        "source_hypothesis_id": "SH_0010",
        "source_slick_id": "CS_0065",
        "causal_precedence_status": "AT_RELEASE",
        "causal_precedence_score": 1.0,
        "causal_eligibility": true,
        "pre_release_evidence": true,
        "post_release_evidence": true,
        "source_age_plausibility": "HIGH",
        "source_age_score": 1.0,
        "source_age_explanation": "Hypothesized source age 6.0h is fully compatible with physical spreading and Lagrangian drift for area 0.0612 km\u00b2.",
        "causal_explanation": "Vessel observed within 29.0s of hypothesized release time.",
        "hypothesis_id": "4DH_0142",
        "feature_type": "hypothesized_release_location"
      }
    },
    {
      "type": "Feature",
      "id": "4DH_0142_displacement_vector",
      "geometry": {
        "type": "LineString",
        "coordinates": [
          [
            -81.49958,
            31.154998
          ],
          [
            -81.440175,
            31.083282
          ]
        ]
      },
      "properties": {
        "hypothesis_id": "4DH_0142",
        "candidate_id": "VC_0142",
        "mmsi": 338184094,
        "vessel_name": "DULCINEA",
        "vessel_source_distance_m": 9776.02,
        "feature_type": "vessel_to_source_vector"
      }
    },
    {
      "type": "Feature",
      "id": "4DH_0143_release_point",
      "geometry": {
        "type": "Point",
        "coordinates": [
          -81.440175,
          31.083282
        ]
      },
      "properties": {
        "candidate_id": "VC_0143",
        "mmsi": 338335542,
        "vessel_name": "STILL WATERS",
        "imo": "IMO0000000",
        "vessel_type": "37.0",
        "release_lat": 31.083282,
        "release_lon": -81.440175,
        "release_timestamp": "2019-09-08T05:25:31.797740+00:00",
        "source_age_hours": 6.0,
        "source_plausibility": 0.4719,
        "ais_lat": 31.167434,
        "ais_lon": -81.41487,
        "vessel_source_distance_m": 9662.32,
        "ais_track_quality": "bracketed_interpolation",
        "gap_status": "362.0s",
        "compatibility_status": "COMPATIBLE",
        "source_hypothesis_id": "SH_0010",
        "source_slick_id": "CS_0065",
        "causal_precedence_status": "AT_RELEASE",
        "causal_precedence_score": 1.0,
        "causal_eligibility": true,
        "pre_release_evidence": true,
        "post_release_evidence": true,
        "source_age_plausibility": "HIGH",
        "source_age_score": 1.0,
        "source_age_explanation": "Hypothesized source age 6.0h is fully compatible with physical spreading and Lagrangian drift for area 0.0612 km\u00b2.",
        "causal_explanation": "Vessel observed within 140.0s of hypothesized release time.",
        "hypothesis_id": "4DH_0143",
        "feature_type": "hypothesized_release_location"
      }
    },
    {
      "type": "Feature",
      "id": "4DH_0143_displacement_vector",
      "geometry": {
        "type": "LineString",
        "coordinates": [
          [
            -81.41487,
            31.167434
          ],
          [
            -81.440175,
            31.083282
          ]
        ]
      },
      "properties": {
        "hypothesis_id": "4DH_0143",
        "candidate_id": "VC_0143",
        "mmsi": 338335542,
        "vessel_name": "STILL WATERS",
        "vessel_source_distance_m": 9662.32,
        "feature_type": "vessel_to_source_vector"
      }
    },
    {
      "type": "Feature",
      "id": "4DH_0144_release_point",
      "geometry": {
        "type": "Point",
        "coordinates": [
          -81.440175,
          31.083282
        ]
      },
      "properties": {
        "candidate_id": "VC_0144",
        "mmsi": 339759000,
        "vessel_name": "REGALEC",
        "imo": "UNKNOWN",
        "vessel_type": "37.0",
        "release_lat": 31.083282,
        "release_lon": -81.440175,
        "release_timestamp": "2019-09-08T05:25:31.797740+00:00",
        "source_age_hours": 6.0,
        "source_plausibility": 0.4719,
        "ais_lat": 31.157169,
        "ais_lon": -81.49974,
        "vessel_source_distance_m": 9982.52,
        "ais_track_quality": "bracketed_interpolation",
        "gap_status": "720.0s",
        "compatibility_status": "COMPATIBLE",
        "source_hypothesis_id": "SH_0010",
        "source_slick_id": "CS_0065",
        "causal_precedence_status": "AT_RELEASE",
        "causal_precedence_score": 1.0,
        "causal_eligibility": true,
        "pre_release_evidence": true,
        "post_release_evidence": true,
        "source_age_plausibility": "HIGH",
        "source_age_score": 1.0,
        "source_age_explanation": "Hypothesized source age 6.0h is fully compatible with physical spreading and Lagrangian drift for area 0.0612 km\u00b2.",
        "causal_explanation": "Vessel observed within 78.0s of hypothesized release time.",
        "hypothesis_id": "4DH_0144",
        "feature_type": "hypothesized_release_location"
      }
    },
    {
      "type": "Feature",
      "id": "4DH_0144_displacement_vector",
      "geometry": {
        "type": "LineString",
        "coordinates": [
          [
            -81.49974,
            31.157169
          ],
          [
            -81.440175,
            31.083282
          ]
        ]
      },
      "properties": {
        "hypothesis_id": "4DH_0144",
        "candidate_id": "VC_0144",
        "mmsi": 339759000,
        "vessel_name": "REGALEC",
        "vessel_source_distance_m": 9982.52,
        "feature_type": "vessel_to_source_vector"
      }
    },
    {
      "type": "Feature",
      "id": "4DH_0145_release_point",
      "geometry": {
        "type": "Point",
        "coordinates": [
          -81.440175,
          31.083282
        ]
      },
      "properties": {
        "candidate_id": "VC_0145",
        "mmsi": 367063030,
        "vessel_name": "EMERALD PRINCESS II",
        "imo": "IMO8993057",
        "vessel_type": "60.0",
        "release_lat": 31.083282,
        "release_lon": -81.440175,
        "release_timestamp": "2019-09-08T05:25:31.797740+00:00",
        "source_age_hours": 6.0,
        "source_plausibility": 0.4719,
        "ais_lat": 31.1141,
        "ais_lon": -81.4884,
        "vessel_source_distance_m": 5729.45,
        "ais_track_quality": "bracketed_interpolation",
        "gap_status": "361.0s",
        "compatibility_status": "COMPATIBLE",
        "source_hypothesis_id": "SH_0010",
        "source_slick_id": "CS_0065",
        "causal_precedence_status": "AT_RELEASE",
        "causal_precedence_score": 1.0,
        "causal_eligibility": true,
        "pre_release_evidence": true,
        "post_release_evidence": true,
        "source_age_plausibility": "HIGH",
        "source_age_score": 1.0,
        "source_age_explanation": "Hypothesized source age 6.0h is fully compatible with physical spreading and Lagrangian drift for area 0.0612 km\u00b2.",
        "causal_explanation": "Vessel observed within 140.0s of hypothesized release time.",
        "hypothesis_id": "4DH_0145",
        "feature_type": "hypothesized_release_location"
      }
    },
    {
      "type": "Feature",
      "id": "4DH_0145_displacement_vector",
      "geometry": {
        "type": "LineString",
        "coordinates": [
          [
            -81.4884,
            31.1141
          ],
          [
            -81.440175,
            31.083282
          ]
        ]
      },
      "properties": {
        "hypothesis_id": "4DH_0145",
        "candidate_id": "VC_0145",
        "mmsi": 367063030,
        "vessel_name": "EMERALD PRINCESS II",
        "vessel_source_distance_m": 5729.45,
        "feature_type": "vessel_to_source_vector"
      }
    },
    {
      "type": "Feature",
      "id": "4DH_0146_release_point",
      "geometry": {
        "type": "Point",
        "coordinates": [
          -81.440175,
          31.083282
        ]
      },
      "properties": {
        "candidate_id": "VC_0146",
        "mmsi": 367094180,
        "vessel_name": "CHICORY",
        "imo": "UNKNOWN",
        "vessel_type": "37.0",
        "release_lat": 31.083282,
        "release_lon": -81.440175,
        "release_timestamp": "2019-09-08T05:25:31.797740+00:00",
        "source_age_hours": 6.0,
        "source_plausibility": 0.4719,
        "ais_lat": 31.155018,
        "ais_lon": -81.499413,
        "vessel_source_distance_m": 9768.65,
        "ais_track_quality": "bracketed_interpolation",
        "gap_status": "181.0s",
        "compatibility_status": "COMPATIBLE",
        "source_hypothesis_id": "SH_0010",
        "source_slick_id": "CS_0065",
        "causal_precedence_status": "AT_RELEASE",
        "causal_precedence_score": 1.0,
        "causal_eligibility": true,
        "pre_release_evidence": true,
        "post_release_evidence": true,
        "source_age_plausibility": "HIGH",
        "source_age_score": 1.0,
        "source_age_explanation": "Hypothesized source age 6.0h is fully compatible with physical spreading and Lagrangian drift for area 0.0612 km\u00b2.",
        "causal_explanation": "Vessel observed within 30.0s of hypothesized release time.",
        "hypothesis_id": "4DH_0146",
        "feature_type": "hypothesized_release_location"
      }
    },
    {
      "type": "Feature",
      "id": "4DH_0146_displacement_vector",
      "geometry": {
        "type": "LineString",
        "coordinates": [
          [
            -81.499413,
            31.155018
          ],
          [
            -81.440175,
            31.083282
          ]
        ]
      },
      "properties": {
        "hypothesis_id": "4DH_0146",
        "candidate_id": "VC_0146",
        "mmsi": 367094180,
        "vessel_name": "CHICORY",
        "vessel_source_distance_m": 9768.65,
        "feature_type": "vessel_to_source_vector"
      }
    },
    {
      "type": "Feature",
      "id": "4DH_0147_release_point",
      "geometry": {
        "type": "Point",
        "coordinates": [
          -81.440175,
          31.083282
        ]
      },
      "properties": {
        "candidate_id": "VC_0147",
        "mmsi": 367157730,
        "vessel_name": "AESTIVAL",
        "imo": "UNKNOWN",
        "vessel_type": "37.0",
        "release_lat": 31.083282,
        "release_lon": -81.440175,
        "release_timestamp": "2019-09-08T05:25:31.797740+00:00",
        "source_age_hours": 6.0,
        "source_plausibility": 0.4719,
        "ais_lat": 31.158241,
        "ais_lon": -81.499299,
        "vessel_source_distance_m": 10057.28,
        "ais_track_quality": "bracketed_interpolation",
        "gap_status": "180.0s",
        "compatibility_status": "COMPATIBLE",
        "source_hypothesis_id": "SH_0010",
        "source_slick_id": "CS_0065",
        "causal_precedence_status": "AT_RELEASE",
        "causal_precedence_score": 1.0,
        "causal_eligibility": true,
        "pre_release_evidence": true,
        "post_release_evidence": true,
        "source_age_plausibility": "HIGH",
        "source_age_score": 1.0,
        "source_age_explanation": "Hypothesized source age 6.0h is fully compatible with physical spreading and Lagrangian drift for area 0.0612 km\u00b2.",
        "causal_explanation": "Vessel observed within 12.0s of hypothesized release time.",
        "hypothesis_id": "4DH_0147",
        "feature_type": "hypothesized_release_location"
      }
    },
    {
      "type": "Feature",
      "id": "4DH_0147_displacement_vector",
      "geometry": {
        "type": "LineString",
        "coordinates": [
          [
            -81.499299,
            31.158241
          ],
          [
            -81.440175,
            31.083282
          ]
        ]
      },
      "properties": {
        "hypothesis_id": "4DH_0147",
        "candidate_id": "VC_0147",
        "mmsi": 367157730,
        "vessel_name": "AESTIVAL",
        "vessel_source_distance_m": 10057.28,
        "feature_type": "vessel_to_source_vector"
      }
    },
    {
      "type": "Feature",
      "id": "4DH_0148_release_point",
      "geometry": {
        "type": "Point",
        "coordinates": [
          -81.440175,
          31.083282
        ]
      },
      "properties": {
        "candidate_id": "VC_0148",
        "mmsi": 367305420,
        "vessel_name": "DOROTHY MORAN",
        "imo": "IMO7716995",
        "vessel_type": "31.0",
        "release_lat": 31.083282,
        "release_lon": -81.440175,
        "release_timestamp": "2019-09-08T05:25:31.797740+00:00",
        "source_age_hours": 6.0,
        "source_plausibility": 0.4719,
        "ais_lat": 31.124495,
        "ais_lon": -81.508022,
        "vessel_source_distance_m": 7920.08,
        "ais_track_quality": "bracketed_interpolation",
        "gap_status": "80.0s",
        "compatibility_status": "COMPATIBLE",
        "source_hypothesis_id": "SH_0010",
        "source_slick_id": "CS_0065",
        "causal_precedence_status": "AT_RELEASE",
        "causal_precedence_score": 1.0,
        "causal_eligibility": true,
        "pre_release_evidence": true,
        "post_release_evidence": true,
        "source_age_plausibility": "HIGH",
        "source_age_score": 1.0,
        "source_age_explanation": "Hypothesized source age 6.0h is fully compatible with physical spreading and Lagrangian drift for area 0.0612 km\u00b2.",
        "causal_explanation": "Vessel observed within 37.0s of hypothesized release time.",
        "hypothesis_id": "4DH_0148",
        "feature_type": "hypothesized_release_location"
      }
    },
    {
      "type": "Feature",
      "id": "4DH_0148_displacement_vector",
      "geometry": {
        "type": "LineString",
        "coordinates": [
          [
            -81.508022,
            31.124495
          ],
          [
            -81.440175,
            31.083282
          ]
        ]
      },
      "properties": {
        "hypothesis_id": "4DH_0148",
        "candidate_id": "VC_0148",
        "mmsi": 367305420,
        "vessel_name": "DOROTHY MORAN",
        "vessel_source_distance_m": 7920.08,
        "feature_type": "vessel_to_source_vector"
      }
    },
    {
      "type": "Feature",
      "id": "4DH_0149_release_point",
      "geometry": {
        "type": "Point",
        "coordinates": [
          -81.440175,
          31.083282
        ]
      },
      "properties": {
        "candidate_id": "VC_0149",
        "mmsi": 367369550,
        "vessel_name": "ANN MORAN",
        "imo": "IMO7716983",
        "vessel_type": "31.0",
        "release_lat": 31.083282,
        "release_lon": -81.440175,
        "release_timestamp": "2019-09-08T05:25:31.797740+00:00",
        "source_age_hours": 6.0,
        "source_plausibility": 0.4719,
        "ais_lat": 31.143112,
        "ais_lon": -81.49662,
        "vessel_source_distance_m": 8551.87,
        "ais_track_quality": "bracketed_interpolation",
        "gap_status": "70.0s",
        "compatibility_status": "COMPATIBLE",
        "source_hypothesis_id": "SH_0010",
        "source_slick_id": "CS_0065",
        "causal_precedence_status": "AT_RELEASE",
        "causal_precedence_score": 1.0,
        "causal_eligibility": true,
        "pre_release_evidence": true,
        "post_release_evidence": true,
        "source_age_plausibility": "HIGH",
        "source_age_score": 1.0,
        "source_age_explanation": "Hypothesized source age 6.0h is fully compatible with physical spreading and Lagrangian drift for area 0.0612 km\u00b2.",
        "causal_explanation": "Vessel observed within 15.0s of hypothesized release time.",
        "hypothesis_id": "4DH_0149",
        "feature_type": "hypothesized_release_location"
      }
    },
    {
      "type": "Feature",
      "id": "4DH_0149_displacement_vector",
      "geometry": {
        "type": "LineString",
        "coordinates": [
          [
            -81.49662,
            31.143112
          ],
          [
            -81.440175,
            31.083282
          ]
        ]
      },
      "properties": {
        "hypothesis_id": "4DH_0149",
        "candidate_id": "VC_0149",
        "mmsi": 367369550,
        "vessel_name": "ANN MORAN",
        "vessel_source_distance_m": 8551.87,
        "feature_type": "vessel_to_source_vector"
      }
    },
    {
      "type": "Feature",
      "id": "4DH_0150_release_point",
      "geometry": {
        "type": "Point",
        "coordinates": [
          -81.440175,
          31.083282
        ]
      },
      "properties": {
        "candidate_id": "VC_0150",
        "mmsi": 367458950,
        "vessel_name": "WYOMING WIND",
        "imo": "IMO0000000",
        "vessel_type": "36.0",
        "release_lat": 31.083282,
        "release_lon": -81.440175,
        "release_timestamp": "2019-09-08T05:25:31.797740+00:00",
        "source_age_hours": 6.0,
        "source_plausibility": 0.4719,
        "ais_lat": 31.157041,
        "ais_lon": -81.49959,
        "vessel_source_distance_m": 9962.7,
        "ais_track_quality": "bracketed_interpolation",
        "gap_status": "183.0s",
        "compatibility_status": "COMPATIBLE",
        "source_hypothesis_id": "SH_0010",
        "source_slick_id": "CS_0065",
        "causal_precedence_status": "AT_RELEASE",
        "causal_precedence_score": 1.0,
        "causal_eligibility": true,
        "pre_release_evidence": true,
        "post_release_evidence": true,
        "source_age_plausibility": "HIGH",
        "source_age_score": 1.0,
        "source_age_explanation": "Hypothesized source age 6.0h is fully compatible with physical spreading and Lagrangian drift for area 0.0612 km\u00b2.",
        "causal_explanation": "Vessel observed within 26.0s of hypothesized release time.",
        "hypothesis_id": "4DH_0150",
        "feature_type": "hypothesized_release_location"
      }
    },
    {
      "type": "Feature",
      "id": "4DH_0150_displacement_vector",
      "geometry": {
        "type": "LineString",
        "coordinates": [
          [
            -81.49959,
            31.157041
          ],
          [
            -81.440175,
            31.083282
          ]
        ]
      },
      "properties": {
        "hypothesis_id": "4DH_0150",
        "candidate_id": "VC_0150",
        "mmsi": 367458950,
        "vessel_name": "WYOMING WIND",
        "vessel_source_distance_m": 9962.7,
        "feature_type": "vessel_to_source_vector"
      }
    },
    {
      "type": "Feature",
      "id": "4DH_0151_release_point",
      "geometry": {
        "type": "Point",
        "coordinates": [
          -81.440175,
          31.083282
        ]
      },
      "properties": {
        "candidate_id": "VC_0151",
        "mmsi": 367569620,
        "vessel_name": "PURA VIDA",
        "imo": "UNKNOWN",
        "vessel_type": "37.0",
        "release_lat": 31.083282,
        "release_lon": -81.440175,
        "release_timestamp": "2019-09-08T05:25:31.797740+00:00",
        "source_age_hours": 6.0,
        "source_plausibility": 0.4719,
        "ais_lat": 31.167209,
        "ais_lon": -81.414481,
        "vessel_source_distance_m": 9647.42,
        "ais_track_quality": "bracketed_interpolation",
        "gap_status": "181.0s",
        "compatibility_status": "COMPATIBLE",
        "source_hypothesis_id": "SH_0010",
        "source_slick_id": "CS_0065",
        "causal_precedence_status": "AT_RELEASE",
        "causal_precedence_score": 1.0,
        "causal_eligibility": true,
        "pre_release_evidence": true,
        "post_release_evidence": true,
        "source_age_plausibility": "HIGH",
        "source_age_score": 1.0,
        "source_age_explanation": "Hypothesized source age 6.0h is fully compatible with physical spreading and Lagrangian drift for area 0.0612 km\u00b2.",
        "causal_explanation": "Vessel observed within 14.0s of hypothesized release time.",
        "hypothesis_id": "4DH_0151",
        "feature_type": "hypothesized_release_location"
      }
    },
    {
      "type": "Feature",
      "id": "4DH_0151_displacement_vector",
      "geometry": {
        "type": "LineString",
        "coordinates": [
          [
            -81.414481,
            31.167209
          ],
          [
            -81.440175,
            31.083282
          ]
        ]
      },
      "properties": {
        "hypothesis_id": "4DH_0151",
        "candidate_id": "VC_0151",
        "mmsi": 367569620,
        "vessel_name": "PURA VIDA",
        "vessel_source_distance_m": 9647.42,
        "feature_type": "vessel_to_source_vector"
      }
    },
    {
      "type": "Feature",
      "id": "4DH_0152_release_point",
      "geometry": {
        "type": "Point",
        "coordinates": [
          -81.440175,
          31.083282
        ]
      },
      "properties": {
        "candidate_id": "VC_0152",
        "mmsi": 367691290,
        "vessel_name": "MISS LEXY",
        "imo": "IMO8719530",
        "vessel_type": "30.0",
        "release_lat": 31.083282,
        "release_lon": -81.440175,
        "release_timestamp": "2019-09-08T05:25:31.797740+00:00",
        "source_age_hours": 6.0,
        "source_plausibility": 0.4719,
        "ais_lat": 31.142129,
        "ais_lon": -81.496411,
        "vessel_source_distance_m": 8454.52,
        "ais_track_quality": "bracketed_interpolation",
        "gap_status": "120.0s",
        "compatibility_status": "COMPATIBLE",
        "source_hypothesis_id": "SH_0010",
        "source_slick_id": "CS_0065",
        "causal_precedence_status": "AT_RELEASE",
        "causal_precedence_score": 1.0,
        "causal_eligibility": true,
        "pre_release_evidence": true,
        "post_release_evidence": true,
        "source_age_plausibility": "HIGH",
        "source_age_score": 1.0,
        "source_age_explanation": "Hypothesized source age 6.0h is fully compatible with physical spreading and Lagrangian drift for area 0.0612 km\u00b2.",
        "causal_explanation": "Vessel observed within 8.0s of hypothesized release time.",
        "hypothesis_id": "4DH_0152",
        "feature_type": "hypothesized_release_location"
      }
    },
    {
      "type": "Feature",
      "id": "4DH_0152_displacement_vector",
      "geometry": {
        "type": "LineString",
        "coordinates": [
          [
            -81.496411,
            31.142129
          ],
          [
            -81.440175,
            31.083282
          ]
        ]
      },
      "properties": {
        "hypothesis_id": "4DH_0152",
        "candidate_id": "VC_0152",
        "mmsi": 367691290,
        "vessel_name": "MISS LEXY",
        "vessel_source_distance_m": 8454.52,
        "feature_type": "vessel_to_source_vector"
      }
    },
    {
      "type": "Feature",
      "id": "4DH_0153_release_point",
      "geometry": {
        "type": "Point",
        "coordinates": [
          -81.440175,
          31.083282
        ]
      },
      "properties": {
        "candidate_id": "VC_0153",
        "mmsi": 367753660,
        "vessel_name": "AQUAMARINE",
        "imo": "UNKNOWN",
        "vessel_type": "37.0",
        "release_lat": 31.083282,
        "release_lon": -81.440175,
        "release_timestamp": "2019-09-08T05:25:31.797740+00:00",
        "source_age_hours": 6.0,
        "source_plausibility": 0.4719,
        "ais_lat": 31.1561,
        "ais_lon": -81.49924,
        "vessel_source_distance_m": 9857.71,
        "ais_track_quality": "bracketed_interpolation",
        "gap_status": "180.0s",
        "compatibility_status": "COMPATIBLE",
        "source_hypothesis_id": "SH_0010",
        "source_slick_id": "CS_0065",
        "causal_precedence_status": "AT_RELEASE",
        "causal_precedence_score": 1.0,
        "causal_eligibility": true,
        "pre_release_evidence": true,
        "post_release_evidence": true,
        "source_age_plausibility": "HIGH",
        "source_age_score": 1.0,
        "source_age_explanation": "Hypothesized source age 6.0h is fully compatible with physical spreading and Lagrangian drift for area 0.0612 km\u00b2.",
        "causal_explanation": "Vessel observed within 62.0s of hypothesized release time.",
        "hypothesis_id": "4DH_0153",
        "feature_type": "hypothesized_release_location"
      }
    },
    {
      "type": "Feature",
      "id": "4DH_0153_displacement_vector",
      "geometry": {
        "type": "LineString",
        "coordinates": [
          [
            -81.49924,
            31.1561
          ],
          [
            -81.440175,
            31.083282
          ]
        ]
      },
      "properties": {
        "hypothesis_id": "4DH_0153",
        "candidate_id": "VC_0153",
        "mmsi": 367753660,
        "vessel_name": "AQUAMARINE",
        "vessel_source_distance_m": 9857.71,
        "feature_type": "vessel_to_source_vector"
      }
    },
    {
      "type": "Feature",
      "id": "4DH_0154_release_point",
      "geometry": {
        "type": "Point",
        "coordinates": [
          -81.440175,
          31.083282
        ]
      },
      "properties": {
        "candidate_id": "VC_0154",
        "mmsi": 367762440,
        "vessel_name": "SILVER GIRL II",
        "imo": "UNKNOWN",
        "vessel_type": "37.0",
        "release_lat": 31.083282,
        "release_lon": -81.440175,
        "release_timestamp": "2019-09-08T05:25:31.797740+00:00",
        "source_age_hours": 6.0,
        "source_plausibility": 0.4719,
        "ais_lat": 31.154138,
        "ais_lon": -81.4995,
        "vessel_source_distance_m": 9693.75,
        "ais_track_quality": "bracketed_interpolation",
        "gap_status": "361.0s",
        "compatibility_status": "COMPATIBLE",
        "source_hypothesis_id": "SH_0010",
        "source_slick_id": "CS_0065",
        "causal_precedence_status": "AT_RELEASE",
        "causal_precedence_score": 1.0,
        "causal_eligibility": true,
        "pre_release_evidence": true,
        "post_release_evidence": true,
        "source_age_plausibility": "HIGH",
        "source_age_score": 1.0,
        "source_age_explanation": "Hypothesized source age 6.0h is fully compatible with physical spreading and Lagrangian drift for area 0.0612 km\u00b2.",
        "causal_explanation": "Vessel observed within 137.0s of hypothesized release time.",
        "hypothesis_id": "4DH_0154",
        "feature_type": "hypothesized_release_location"
      }
    },
    {
      "type": "Feature",
      "id": "4DH_0154_displacement_vector",
      "geometry": {
        "type": "LineString",
        "coordinates": [
          [
            -81.4995,
            31.154138
          ],
          [
            -81.440175,
            31.083282
          ]
        ]
      },
      "properties": {
        "hypothesis_id": "4DH_0154",
        "candidate_id": "VC_0154",
        "mmsi": 367762440,
        "vessel_name": "SILVER GIRL II",
        "vessel_source_distance_m": 9693.75,
        "feature_type": "vessel_to_source_vector"
      }
    },
    {
      "type": "Feature",
      "id": "4DH_0155_release_point",
      "geometry": {
        "type": "Point",
        "coordinates": [
          -81.440175,
          31.083282
        ]
      },
      "properties": {
        "candidate_id": "VC_0155",
        "mmsi": 368004680,
        "vessel_name": "TAKE IT EASY",
        "imo": "UNKNOWN",
        "vessel_type": "36.0",
        "release_lat": 31.083282,
        "release_lon": -81.440175,
        "release_timestamp": "2019-09-08T05:25:31.797740+00:00",
        "source_age_hours": 6.0,
        "source_plausibility": 0.4719,
        "ais_lat": 31.16681,
        "ais_lon": -81.41572,
        "vessel_source_distance_m": 9575.15,
        "ais_track_quality": "bracketed_interpolation",
        "gap_status": "181.0s",
        "compatibility_status": "COMPATIBLE",
        "source_hypothesis_id": "SH_0010",
        "source_slick_id": "CS_0065",
        "causal_precedence_status": "AT_RELEASE",
        "causal_precedence_score": 1.0,
        "causal_eligibility": true,
        "pre_release_evidence": true,
        "post_release_evidence": true,
        "source_age_plausibility": "HIGH",
        "source_age_score": 1.0,
        "source_age_explanation": "Hypothesized source age 6.0h is fully compatible with physical spreading and Lagrangian drift for area 0.0612 km\u00b2.",
        "causal_explanation": "Vessel observed within 6.0s of hypothesized release time.",
        "hypothesis_id": "4DH_0155",
        "feature_type": "hypothesized_release_location"
      }
    },
    {
      "type": "Feature",
      "id": "4DH_0155_displacement_vector",
      "geometry": {
        "type": "LineString",
        "coordinates": [
          [
            -81.41572,
            31.16681
          ],
          [
            -81.440175,
            31.083282
          ]
        ]
      },
      "properties": {
        "hypothesis_id": "4DH_0155",
        "candidate_id": "VC_0155",
        "mmsi": 368004680,
        "vessel_name": "TAKE IT EASY",
        "vessel_source_distance_m": 9575.15,
        "feature_type": "vessel_to_source_vector"
      }
    },
    {
      "type": "Feature",
      "id": "4DH_0156_release_point",
      "geometry": {
        "type": "Point",
        "coordinates": [
          -81.440175,
          31.083282
        ]
      },
      "properties": {
        "candidate_id": "VC_0156",
        "mmsi": 369201000,
        "vessel_name": "SALTY VIXEN",
        "imo": "UNKNOWN",
        "vessel_type": "37.0",
        "release_lat": 31.083282,
        "release_lon": -81.440175,
        "release_timestamp": "2019-09-08T05:25:31.797740+00:00",
        "source_age_hours": 6.0,
        "source_plausibility": 0.4719,
        "ais_lat": 31.156702,
        "ais_lon": -81.49923,
        "vessel_source_distance_m": 9912.22,
        "ais_track_quality": "bracketed_interpolation",
        "gap_status": "178.0s",
        "compatibility_status": "COMPATIBLE",
        "source_hypothesis_id": "SH_0010",
        "source_slick_id": "CS_0065",
        "causal_precedence_status": "AT_RELEASE",
        "causal_precedence_score": 1.0,
        "causal_eligibility": true,
        "pre_release_evidence": true,
        "post_release_evidence": true,
        "source_age_plausibility": "HIGH",
        "source_age_score": 1.0,
        "source_age_explanation": "Hypothesized source age 6.0h is fully compatible with physical spreading and Lagrangian drift for area 0.0612 km\u00b2.",
        "causal_explanation": "Vessel observed within 82.0s of hypothesized release time.",
        "hypothesis_id": "4DH_0156",
        "feature_type": "hypothesized_release_location"
      }
    },
    {
      "type": "Feature",
      "id": "4DH_0156_displacement_vector",
      "geometry": {
        "type": "LineString",
        "coordinates": [
          [
            -81.49923,
            31.156702
          ],
          [
            -81.440175,
            31.083282
          ]
        ]
      },
      "properties": {
        "hypothesis_id": "4DH_0156",
        "candidate_id": "VC_0156",
        "mmsi": 369201000,
        "vessel_name": "SALTY VIXEN",
        "vessel_source_distance_m": 9912.22,
        "feature_type": "vessel_to_source_vector"
      }
    },
    {
      "type": "Feature",
      "id": "4DH_0157_release_point",
      "geometry": {
        "type": "Point",
        "coordinates": [
          -81.440175,
          31.083282
        ]
      },
      "properties": {
        "candidate_id": "VC_0157",
        "mmsi": 538007762,
        "vessel_name": "UNKNOWN",
        "imo": "UNKNOWN",
        "vessel_type": "UNKNOWN",
        "release_lat": 31.083282,
        "release_lon": -81.440175,
        "release_timestamp": "2019-09-08T05:25:31.797740+00:00",
        "source_age_hours": 6.0,
        "source_plausibility": 0.4719,
        "ais_lat": 31.106123,
        "ais_lon": -81.442686,
        "vessel_source_distance_m": 2551.03,
        "ais_track_quality": "bracketed_interpolation",
        "gap_status": "69.0s",
        "compatibility_status": "COMPATIBLE",
        "source_hypothesis_id": "SH_0010",
        "source_slick_id": "CS_0065",
        "causal_precedence_status": "AT_RELEASE",
        "causal_precedence_score": 1.0,
        "causal_eligibility": true,
        "pre_release_evidence": true,
        "post_release_evidence": true,
        "source_age_plausibility": "HIGH",
        "source_age_score": 1.0,
        "source_age_explanation": "Hypothesized source age 6.0h is fully compatible with physical spreading and Lagrangian drift for area 0.0612 km\u00b2.",
        "causal_explanation": "Vessel observed within 28.0s of hypothesized release time.",
        "hypothesis_id": "4DH_0157",
        "feature_type": "hypothesized_release_location"
      }
    },
    {
      "type": "Feature",
      "id": "4DH_0157_displacement_vector",
      "geometry": {
        "type": "LineString",
        "coordinates": [
          [
            -81.442686,
            31.106123
          ],
          [
            -81.440175,
            31.083282
          ]
        ]
      },
      "properties": {
        "hypothesis_id": "4DH_0157",
        "candidate_id": "VC_0157",
        "mmsi": 538007762,
        "vessel_name": "UNKNOWN",
        "vessel_source_distance_m": 2551.03,
        "feature_type": "vessel_to_source_vector"
      }
    },
    {
      "type": "Feature",
      "id": "4DH_0158_release_point",
      "geometry": {
        "type": "Point",
        "coordinates": [
          -81.442111,
          31.075945
        ]
      },
      "properties": {
        "candidate_id": "VC_0158",
        "mmsi": 311828000,
        "vessel_name": "KUJAWY",
        "imo": "IMO9285029",
        "vessel_type": "70.0",
        "release_lat": 31.075945,
        "release_lon": -81.442111,
        "release_timestamp": "2019-09-08T03:25:31.797740+00:00",
        "source_age_hours": 8.0,
        "source_plausibility": 0.4444,
        "ais_lat": 31.13155,
        "ais_lon": -81.49311,
        "vessel_source_distance_m": 7861.67,
        "ais_track_quality": "bracketed_interpolation",
        "gap_status": "180.0s",
        "compatibility_status": "COMPATIBLE",
        "source_hypothesis_id": "SH_0011",
        "source_slick_id": "CS_0065",
        "causal_precedence_status": "AT_RELEASE",
        "causal_precedence_score": 1.0,
        "causal_eligibility": true,
        "pre_release_evidence": true,
        "post_release_evidence": true,
        "source_age_plausibility": "HIGH",
        "source_age_score": 1.0,
        "source_age_explanation": "Hypothesized source age 8.0h is fully compatible with physical spreading and Lagrangian drift for area 0.0612 km\u00b2.",
        "causal_explanation": "Vessel observed within 36.0s of hypothesized release time.",
        "hypothesis_id": "4DH_0158",
        "feature_type": "hypothesized_release_location"
      }
    },
    {
      "type": "Feature",
      "id": "4DH_0158_displacement_vector",
      "geometry": {
        "type": "LineString",
        "coordinates": [
          [
            -81.49311,
            31.13155
          ],
          [
            -81.442111,
            31.075945
          ]
        ]
      },
      "properties": {
        "hypothesis_id": "4DH_0158",
        "candidate_id": "VC_0158",
        "mmsi": 311828000,
        "vessel_name": "KUJAWY",
        "vessel_source_distance_m": 7861.67,
        "feature_type": "vessel_to_source_vector"
      }
    },
    {
      "type": "Feature",
      "id": "4DH_0159_release_point",
      "geometry": {
        "type": "Point",
        "coordinates": [
          -81.442111,
          31.075945
        ]
      },
      "properties": {
        "candidate_id": "VC_0159",
        "mmsi": 367063030,
        "vessel_name": "EMERALD PRINCESS II",
        "imo": "IMO8993057",
        "vessel_type": "60.0",
        "release_lat": 31.075945,
        "release_lon": -81.442111,
        "release_timestamp": "2019-09-08T03:25:31.797740+00:00",
        "source_age_hours": 8.0,
        "source_plausibility": 0.4444,
        "ais_lat": 31.100188,
        "ais_lon": -81.343728,
        "vessel_source_distance_m": 9748.59,
        "ais_track_quality": "bracketed_interpolation",
        "gap_status": "140.0s",
        "compatibility_status": "COMPATIBLE",
        "source_hypothesis_id": "SH_0011",
        "source_slick_id": "CS_0065",
        "causal_precedence_status": "AT_RELEASE",
        "causal_precedence_score": 1.0,
        "causal_eligibility": true,
        "pre_release_evidence": true,
        "post_release_evidence": true,
        "source_age_plausibility": "HIGH",
        "source_age_score": 1.0,
        "source_age_explanation": "Hypothesized source age 8.0h is fully compatible with physical spreading and Lagrangian drift for area 0.0612 km\u00b2.",
        "causal_explanation": "Vessel observed within 49.0s of hypothesized release time.",
        "hypothesis_id": "4DH_0159",
        "feature_type": "hypothesized_release_location"
      }
    },
    {
      "type": "Feature",
      "id": "4DH_0159_displacement_vector",
      "geometry": {
        "type": "LineString",
        "coordinates": [
          [
            -81.343728,
            31.100188
          ],
          [
            -81.442111,
            31.075945
          ]
        ]
      },
      "properties": {
        "hypothesis_id": "4DH_0159",
        "candidate_id": "VC_0159",
        "mmsi": 367063030,
        "vessel_name": "EMERALD PRINCESS II",
        "vessel_source_distance_m": 9748.59,
        "feature_type": "vessel_to_source_vector"
      }
    },
    {
      "type": "Feature",
      "id": "4DH_0160_release_point",
      "geometry": {
        "type": "Point",
        "coordinates": [
          -81.442111,
          31.075945
        ]
      },
      "properties": {
        "candidate_id": "VC_0160",
        "mmsi": 367305420,
        "vessel_name": "DOROTHY MORAN",
        "imo": "IMO7716995",
        "vessel_type": "31.0",
        "release_lat": 31.075945,
        "release_lon": -81.442111,
        "release_timestamp": "2019-09-08T03:25:31.797740+00:00",
        "source_age_hours": 8.0,
        "source_plausibility": 0.4444,
        "ais_lat": 31.14346,
        "ais_lon": -81.496775,
        "vessel_source_distance_m": 9134.73,
        "ais_track_quality": "bracketed_interpolation",
        "gap_status": "69.0s",
        "compatibility_status": "COMPATIBLE",
        "source_hypothesis_id": "SH_0011",
        "source_slick_id": "CS_0065",
        "causal_precedence_status": "AT_RELEASE",
        "causal_precedence_score": 1.0,
        "causal_eligibility": true,
        "pre_release_evidence": true,
        "post_release_evidence": true,
        "source_age_plausibility": "HIGH",
        "source_age_score": 1.0,
        "source_age_explanation": "Hypothesized source age 8.0h is fully compatible with physical spreading and Lagrangian drift for area 0.0612 km\u00b2.",
        "causal_explanation": "Vessel observed within 34.0s of hypothesized release time.",
        "hypothesis_id": "4DH_0160",
        "feature_type": "hypothesized_release_location"
      }
    },
    {
      "type": "Feature",
      "id": "4DH_0160_displacement_vector",
      "geometry": {
        "type": "LineString",
        "coordinates": [
          [
            -81.496775,
            31.14346
          ],
          [
            -81.442111,
            31.075945
          ]
        ]
      },
      "properties": {
        "hypothesis_id": "4DH_0160",
        "candidate_id": "VC_0160",
        "mmsi": 367305420,
        "vessel_name": "DOROTHY MORAN",
        "vessel_source_distance_m": 9134.73,
        "feature_type": "vessel_to_source_vector"
      }
    },
    {
      "type": "Feature",
      "id": "4DH_0161_release_point",
      "geometry": {
        "type": "Point",
        "coordinates": [
          -81.442111,
          31.075945
        ]
      },
      "properties": {
        "candidate_id": "VC_0161",
        "mmsi": 367369550,
        "vessel_name": "ANN MORAN",
        "imo": "IMO7716983",
        "vessel_type": "31.0",
        "release_lat": 31.075945,
        "release_lon": -81.442111,
        "release_timestamp": "2019-09-08T03:25:31.797740+00:00",
        "source_age_hours": 8.0,
        "source_plausibility": 0.4444,
        "ais_lat": 31.143094,
        "ais_lon": -81.496613,
        "vessel_source_distance_m": 9092.51,
        "ais_track_quality": "bracketed_interpolation",
        "gap_status": "150.0s",
        "compatibility_status": "COMPATIBLE",
        "source_hypothesis_id": "SH_0011",
        "source_slick_id": "CS_0065",
        "causal_precedence_status": "AT_RELEASE",
        "causal_precedence_score": 1.0,
        "causal_eligibility": true,
        "pre_release_evidence": true,
        "post_release_evidence": true,
        "source_age_plausibility": "HIGH",
        "source_age_score": 1.0,
        "source_age_explanation": "Hypothesized source age 8.0h is fully compatible with physical spreading and Lagrangian drift for area 0.0612 km\u00b2.",
        "causal_explanation": "Vessel observed within 46.0s of hypothesized release time.",
        "hypothesis_id": "4DH_0161",
        "feature_type": "hypothesized_release_location"
      }
    },
    {
      "type": "Feature",
      "id": "4DH_0161_displacement_vector",
      "geometry": {
        "type": "LineString",
        "coordinates": [
          [
            -81.496613,
            31.143094
          ],
          [
            -81.442111,
            31.075945
          ]
        ]
      },
      "properties": {
        "hypothesis_id": "4DH_0161",
        "candidate_id": "VC_0161",
        "mmsi": 367369550,
        "vessel_name": "ANN MORAN",
        "vessel_source_distance_m": 9092.51,
        "feature_type": "vessel_to_source_vector"
      }
    },
    {
      "type": "Feature",
      "id": "4DH_0162_release_point",
      "geometry": {
        "type": "Point",
        "coordinates": [
          -81.442111,
          31.075945
        ]
      },
      "properties": {
        "candidate_id": "VC_0162",
        "mmsi": 367691290,
        "vessel_name": "MISS LEXY",
        "imo": "IMO8719530",
        "vessel_type": "30.0",
        "release_lat": 31.075945,
        "release_lon": -81.442111,
        "release_timestamp": "2019-09-08T03:25:31.797740+00:00",
        "source_age_hours": 8.0,
        "source_plausibility": 0.4444,
        "ais_lat": 31.142091,
        "ais_lon": -81.496449,
        "vessel_source_distance_m": 8992.17,
        "ais_track_quality": "bracketed_interpolation",
        "gap_status": "62.0s",
        "compatibility_status": "COMPATIBLE",
        "source_hypothesis_id": "SH_0011",
        "source_slick_id": "CS_0065",
        "causal_precedence_status": "AT_RELEASE",
        "causal_precedence_score": 1.0,
        "causal_eligibility": true,
        "pre_release_evidence": true,
        "post_release_evidence": true,
        "source_age_plausibility": "HIGH",
        "source_age_score": 1.0,
        "source_age_explanation": "Hypothesized source age 8.0h is fully compatible with physical spreading and Lagrangian drift for area 0.0612 km\u00b2.",
        "causal_explanation": "Vessel observed within 2.0s of hypothesized release time.",
        "hypothesis_id": "4DH_0162",
        "feature_type": "hypothesized_release_location"
      }
    },
    {
      "type": "Feature",
      "id": "4DH_0162_displacement_vector",
      "geometry": {
        "type": "LineString",
        "coordinates": [
          [
            -81.496449,
            31.142091
          ],
          [
            -81.442111,
            31.075945
          ]
        ]
      },
      "properties": {
        "hypothesis_id": "4DH_0162",
        "candidate_id": "VC_0162",
        "mmsi": 367691290,
        "vessel_name": "MISS LEXY",
        "vessel_source_distance_m": 8992.17,
        "feature_type": "vessel_to_source_vector"
      }
    },
    {
      "type": "Feature",
      "id": "4DH_0163_release_point",
      "geometry": {
        "type": "Point",
        "coordinates": [
          -81.442111,
          31.075945
        ]
      },
      "properties": {
        "candidate_id": "VC_0163",
        "mmsi": 367762440,
        "vessel_name": "SILVER GIRL II",
        "imo": "UNKNOWN",
        "vessel_type": "37.0",
        "release_lat": 31.075945,
        "release_lon": -81.442111,
        "release_timestamp": "2019-09-08T03:25:31.797740+00:00",
        "source_age_hours": 8.0,
        "source_plausibility": 0.4444,
        "ais_lat": 31.154102,
        "ais_lon": -81.499515,
        "vessel_source_distance_m": 10266.0,
        "ais_track_quality": "bracketed_interpolation",
        "gap_status": "179.0s",
        "compatibility_status": "COMPATIBLE",
        "source_hypothesis_id": "SH_0011",
        "source_slick_id": "CS_0065",
        "causal_precedence_status": "AT_RELEASE",
        "causal_precedence_score": 1.0,
        "causal_eligibility": true,
        "pre_release_evidence": true,
        "post_release_evidence": true,
        "source_age_plausibility": "HIGH",
        "source_age_score": 1.0,
        "source_age_explanation": "Hypothesized source age 8.0h is fully compatible with physical spreading and Lagrangian drift for area 0.0612 km\u00b2.",
        "causal_explanation": "Vessel observed within 43.0s of hypothesized release time.",
        "hypothesis_id": "4DH_0163",
        "feature_type": "hypothesized_release_location"
      }
    },
    {
      "type": "Feature",
      "id": "4DH_0163_displacement_vector",
      "geometry": {
        "type": "LineString",
        "coordinates": [
          [
            -81.499515,
            31.154102
          ],
          [
            -81.442111,
            31.075945
          ]
        ]
      },
      "properties": {
        "hypothesis_id": "4DH_0163",
        "candidate_id": "VC_0163",
        "mmsi": 367762440,
        "vessel_name": "SILVER GIRL II",
        "vessel_source_distance_m": 10266.0,
        "feature_type": "vessel_to_source_vector"
      }
    },
    {
      "type": "Feature",
      "id": "4DH_0164_release_point",
      "geometry": {
        "type": "Point",
        "coordinates": [
          -81.440565,
          31.061615
        ]
      },
      "properties": {
        "candidate_id": "VC_0164",
        "mmsi": 311828000,
        "vessel_name": "KUJAWY",
        "imo": "IMO9285029",
        "vessel_type": "70.0",
        "release_lat": 31.061615,
        "release_lon": -81.440565,
        "release_timestamp": "2019-09-07T23:25:31.797740+00:00",
        "source_age_hours": 12.0,
        "source_plausibility": 0.3942,
        "ais_lat": 31.13155,
        "ais_lon": -81.49312,
        "vessel_source_distance_m": 9247.35,
        "ais_track_quality": "bracketed_interpolation",
        "gap_status": "181.0s",
        "compatibility_status": "COMPATIBLE",
        "source_hypothesis_id": "SH_0012",
        "source_slick_id": "CS_0065",
        "causal_precedence_status": "AT_RELEASE",
        "causal_precedence_score": 1.0,
        "causal_eligibility": true,
        "pre_release_evidence": true,
        "post_release_evidence": true,
        "source_age_plausibility": "HIGH",
        "source_age_score": 1.0,
        "source_age_explanation": "Hypothesized source age 12.0h is fully compatible with physical spreading and Lagrangian drift for area 0.0612 km\u00b2.",
        "causal_explanation": "Vessel observed within 39.0s of hypothesized release time.",
        "hypothesis_id": "4DH_0164",
        "feature_type": "hypothesized_release_location"
      }
    },
    {
      "type": "Feature",
      "id": "4DH_0164_displacement_vector",
      "geometry": {
        "type": "LineString",
        "coordinates": [
          [
            -81.49312,
            31.13155
          ],
          [
            -81.440565,
            31.061615
          ]
        ]
      },
      "properties": {
        "hypothesis_id": "4DH_0164",
        "candidate_id": "VC_0164",
        "mmsi": 311828000,
        "vessel_name": "KUJAWY",
        "vessel_source_distance_m": 9247.35,
        "feature_type": "vessel_to_source_vector"
      }
    },
    {
      "type": "Feature",
      "id": "4DH_0165_release_point",
      "geometry": {
        "type": "Point",
        "coordinates": [
          -81.440565,
          31.061615
        ]
      },
      "properties": {
        "candidate_id": "VC_0165",
        "mmsi": 367063030,
        "vessel_name": "EMERALD PRINCESS II",
        "imo": "IMO8993057",
        "vessel_type": "60.0",
        "release_lat": 31.061615,
        "release_lon": -81.440565,
        "release_timestamp": "2019-09-07T23:25:31.797740+00:00",
        "source_age_hours": 12.0,
        "source_plausibility": 0.3942,
        "ais_lat": 31.113826,
        "ais_lon": -81.486967,
        "vessel_source_distance_m": 7295.83,
        "ais_track_quality": "bracketed_interpolation",
        "gap_status": "120.0s",
        "compatibility_status": "COMPATIBLE",
        "source_hypothesis_id": "SH_0012",
        "source_slick_id": "CS_0065",
        "causal_precedence_status": "AT_RELEASE",
        "causal_precedence_score": 1.0,
        "causal_eligibility": true,
        "pre_release_evidence": true,
        "post_release_evidence": true,
        "source_age_plausibility": "HIGH",
        "source_age_score": 1.0,
        "source_age_explanation": "Hypothesized source age 12.0h is fully compatible with physical spreading and Lagrangian drift for area 0.0612 km\u00b2.",
        "causal_explanation": "Vessel observed within 28.0s of hypothesized release time.",
        "hypothesis_id": "4DH_0165",
        "feature_type": "hypothesized_release_location"
      }
    },
    {
      "type": "Feature",
      "id": "4DH_0165_displacement_vector",
      "geometry": {
        "type": "LineString",
        "coordinates": [
          [
            -81.486967,
            31.113826
          ],
          [
            -81.440565,
            31.061615
          ]
        ]
      },
      "properties": {
        "hypothesis_id": "4DH_0165",
        "candidate_id": "VC_0165",
        "mmsi": 367063030,
        "vessel_name": "EMERALD PRINCESS II",
        "vessel_source_distance_m": 7295.83,
        "feature_type": "vessel_to_source_vector"
      }
    },
    {
      "type": "Feature",
      "id": "4DH_0166_release_point",
      "geometry": {
        "type": "Point",
        "coordinates": [
          -81.440565,
          31.061615
        ]
      },
      "properties": {
        "candidate_id": "VC_0166",
        "mmsi": 367691290,
        "vessel_name": "MISS LEXY",
        "imo": "IMO8719530",
        "vessel_type": "30.0",
        "release_lat": 31.061615,
        "release_lon": -81.440565,
        "release_timestamp": "2019-09-07T23:25:31.797740+00:00",
        "source_age_hours": 12.0,
        "source_plausibility": 0.3942,
        "ais_lat": 31.142126,
        "ais_lon": -81.496454,
        "vessel_source_distance_m": 10414.47,
        "ais_track_quality": "bracketed_interpolation",
        "gap_status": "139.0s",
        "compatibility_status": "COMPATIBLE",
        "source_hypothesis_id": "SH_0012",
        "source_slick_id": "CS_0065",
        "causal_precedence_status": "AT_RELEASE",
        "causal_precedence_score": 1.0,
        "causal_eligibility": true,
        "pre_release_evidence": true,
        "post_release_evidence": true,
        "source_age_plausibility": "HIGH",
        "source_age_score": 1.0,
        "source_age_explanation": "Hypothesized source age 12.0h is fully compatible with physical spreading and Lagrangian drift for area 0.0612 km\u00b2.",
        "causal_explanation": "Vessel observed within 60.0s of hypothesized release time.",
        "hypothesis_id": "4DH_0166",
        "feature_type": "hypothesized_release_location"
      }
    },
    {
      "type": "Feature",
      "id": "4DH_0166_displacement_vector",
      "geometry": {
        "type": "LineString",
        "coordinates": [
          [
            -81.496454,
            31.142126
          ],
          [
            -81.440565,
            31.061615
          ]
        ]
      },
      "properties": {
        "hypothesis_id": "4DH_0166",
        "candidate_id": "VC_0166",
        "mmsi": 367691290,
        "vessel_name": "MISS LEXY",
        "vessel_source_distance_m": 10414.47,
        "feature_type": "vessel_to_source_vector"
      }
    },
    {
      "type": "Feature",
      "id": "4DH_0167_release_point",
      "geometry": {
        "type": "Point",
        "coordinates": [
          -81.422837,
          31.033816
        ]
      },
      "properties": {
        "candidate_id": "VC_0167",
        "mmsi": 338182224,
        "vessel_name": "SEA SALT",
        "imo": "UNKNOWN",
        "vessel_type": "37.0",
        "release_lat": 31.033816,
        "release_lon": -81.422837,
        "release_timestamp": "2019-09-07T17:25:31.797740+00:00",
        "source_age_hours": 18.0,
        "source_plausibility": 0.3293,
        "ais_lat": 31.057772,
        "ais_lon": -81.42471,
        "vessel_source_distance_m": 2669.76,
        "ais_track_quality": "bracketed_interpolation",
        "gap_status": "90.0s",
        "compatibility_status": "COMPATIBLE",
        "source_hypothesis_id": "SH_0013",
        "source_slick_id": "CS_0065",
        "causal_precedence_status": "AT_RELEASE",
        "causal_precedence_score": 1.0,
        "causal_eligibility": true,
        "pre_release_evidence": true,
        "post_release_evidence": true,
        "source_age_plausibility": "HIGH",
        "source_age_score": 1.0,
        "source_age_explanation": "Hypothesized source age 18.0h is fully compatible with physical spreading and Lagrangian drift for area 0.0612 km\u00b2.",
        "causal_explanation": "Vessel observed within 29.0s of hypothesized release time.",
        "hypothesis_id": "4DH_0167",
        "feature_type": "hypothesized_release_location"
      }
    },
    {
      "type": "Feature",
      "id": "4DH_0167_displacement_vector",
      "geometry": {
        "type": "LineString",
        "coordinates": [
          [
            -81.42471,
            31.057772
          ],
          [
            -81.422837,
            31.033816
          ]
        ]
      },
      "properties": {
        "hypothesis_id": "4DH_0167",
        "candidate_id": "VC_0167",
        "mmsi": 338182224,
        "vessel_name": "SEA SALT",
        "vessel_source_distance_m": 2669.76,
        "feature_type": "vessel_to_source_vector"
      }
    },
    {
      "type": "Feature",
      "id": "4DH_0168_release_point",
      "geometry": {
        "type": "Point",
        "coordinates": [
          -81.422837,
          31.033816
        ]
      },
      "properties": {
        "candidate_id": "VC_0168",
        "mmsi": 369970979,
        "vessel_name": "S3005 NRT1",
        "imo": "IMO0000000",
        "vessel_type": "33.0",
        "release_lat": 31.033816,
        "release_lon": -81.422837,
        "release_timestamp": "2019-09-07T17:25:31.797740+00:00",
        "source_age_hours": 18.0,
        "source_plausibility": 0.3293,
        "ais_lat": 31.103441,
        "ais_lon": -81.450787,
        "vessel_source_distance_m": 8186.84,
        "ais_track_quality": "bracketed_interpolation",
        "gap_status": "209.0s",
        "compatibility_status": "COMPATIBLE",
        "source_hypothesis_id": "SH_0013",
        "source_slick_id": "CS_0065",
        "causal_precedence_status": "AT_RELEASE",
        "causal_precedence_score": 1.0,
        "causal_eligibility": true,
        "pre_release_evidence": true,
        "post_release_evidence": true,
        "source_age_plausibility": "HIGH",
        "source_age_score": 1.0,
        "source_age_explanation": "Hypothesized source age 18.0h is fully compatible with physical spreading and Lagrangian drift for area 0.0612 km\u00b2.",
        "causal_explanation": "Vessel observed within 46.0s of hypothesized release time.",
        "hypothesis_id": "4DH_0168",
        "feature_type": "hypothesized_release_location"
      }
    },
    {
      "type": "Feature",
      "id": "4DH_0168_displacement_vector",
      "geometry": {
        "type": "LineString",
        "coordinates": [
          [
            -81.450787,
            31.103441
          ],
          [
            -81.422837,
            31.033816
          ]
        ]
      },
      "properties": {
        "hypothesis_id": "4DH_0168",
        "candidate_id": "VC_0168",
        "mmsi": 369970979,
        "vessel_name": "S3005 NRT1",
        "vessel_source_distance_m": 8186.84,
        "feature_type": "vessel_to_source_vector"
      }
    },
    {
      "type": "Feature",
      "id": "4DH_0169_release_point",
      "geometry": {
        "type": "Point",
        "coordinates": [
          -81.452775,
          31.08257
        ]
      },
      "properties": {
        "candidate_id": "VC_0169",
        "mmsi": 311828000,
        "vessel_name": "KUJAWY",
        "imo": "IMO9285029",
        "vessel_type": "70.0",
        "release_lat": 31.08257,
        "release_lon": -81.452775,
        "release_timestamp": "2019-09-08T09:25:31.797740+00:00",
        "source_age_hours": 2.0,
        "source_plausibility": 0.5434,
        "ais_lat": 31.13156,
        "ais_lon": -81.49311,
        "vessel_source_distance_m": 6664.91,
        "ais_track_quality": "bracketed_interpolation",
        "gap_status": "180.0s",
        "compatibility_status": "COMPATIBLE",
        "source_hypothesis_id": "SH_0015",
        "source_slick_id": "CS_0092",
        "causal_precedence_status": "AT_RELEASE",
        "causal_precedence_score": 1.0,
        "causal_eligibility": true,
        "pre_release_evidence": true,
        "post_release_evidence": true,
        "source_age_plausibility": "LOW",
        "source_age_score": 0.35,
        "source_age_explanation": "Hypothesized source age 2.0h is unphysically young for an observed slick area of 0.0561 km\u00b2 (estimated physical spreading time \u2265 3.6h).",
        "causal_explanation": "Vessel observed within 33.0s of hypothesized release time.",
        "hypothesis_id": "4DH_0169",
        "feature_type": "hypothesized_release_location"
      }
    },
    {
      "type": "Feature",
      "id": "4DH_0169_displacement_vector",
      "geometry": {
        "type": "LineString",
        "coordinates": [
          [
            -81.49311,
            31.13156
          ],
          [
            -81.452775,
            31.08257
          ]
        ]
      },
      "properties": {
        "hypothesis_id": "4DH_0169",
        "candidate_id": "VC_0169",
        "mmsi": 311828000,
        "vessel_name": "KUJAWY",
        "vessel_source_distance_m": 6664.91,
        "feature_type": "vessel_to_source_vector"
      }
    },
    {
      "type": "Feature",
      "id": "4DH_0170_release_point",
      "geometry": {
        "type": "Point",
        "coordinates": [
          -81.452775,
          31.08257
        ]
      },
      "properties": {
        "candidate_id": "VC_0170",
        "mmsi": 338102856,
        "vessel_name": "RESPONDER",
        "imo": "UNKNOWN",
        "vessel_type": "31.0",
        "release_lat": 31.08257,
        "release_lon": -81.452775,
        "release_timestamp": "2019-09-08T09:25:31.797740+00:00",
        "source_age_hours": 2.0,
        "source_plausibility": 0.5434,
        "ais_lat": 31.127014,
        "ais_lon": -81.40362,
        "vessel_source_distance_m": 6806.22,
        "ais_track_quality": "bracketed_interpolation",
        "gap_status": "111.0s",
        "compatibility_status": "COMPATIBLE",
        "source_hypothesis_id": "SH_0015",
        "source_slick_id": "CS_0092",
        "causal_precedence_status": "AT_RELEASE",
        "causal_precedence_score": 1.0,
        "causal_eligibility": true,
        "pre_release_evidence": true,
        "post_release_evidence": true,
        "source_age_plausibility": "LOW",
        "source_age_score": 0.35,
        "source_age_explanation": "Hypothesized source age 2.0h is unphysically young for an observed slick area of 0.0561 km\u00b2 (estimated physical spreading time \u2265 3.6h).",
        "causal_explanation": "Vessel observed within 25.0s of hypothesized release time.",
        "hypothesis_id": "4DH_0170",
        "feature_type": "hypothesized_release_location"
      }
    },
    {
      "type": "Feature",
      "id": "4DH_0170_displacement_vector",
      "geometry": {
        "type": "LineString",
        "coordinates": [
          [
            -81.40362,
            31.127014
          ],
          [
            -81.452775,
            31.08257
          ]
        ]
      },
      "properties": {
        "hypothesis_id": "4DH_0170",
        "candidate_id": "VC_0170",
        "mmsi": 338102856,
        "vessel_name": "RESPONDER",
        "vessel_source_distance_m": 6806.22,
        "feature_type": "vessel_to_source_vector"
      }
    },
    {
      "type": "Feature",
      "id": "4DH_0171_release_point",
      "geometry": {
        "type": "Point",
        "coordinates": [
          -81.452775,
          31.08257
        ]
      },
      "properties": {
        "candidate_id": "VC_0171",
        "mmsi": 338102861,
        "vessel_name": "RECOVERY",
        "imo": "UNKNOWN",
        "vessel_type": "90.0",
        "release_lat": 31.08257,
        "release_lon": -81.452775,
        "release_timestamp": "2019-09-08T09:25:31.797740+00:00",
        "source_age_hours": 2.0,
        "source_plausibility": 0.5434,
        "ais_lat": 31.128411,
        "ais_lon": -81.401985,
        "vessel_source_distance_m": 7026.03,
        "ais_track_quality": "bracketed_interpolation",
        "gap_status": "72.0s",
        "compatibility_status": "COMPATIBLE",
        "source_hypothesis_id": "SH_0015",
        "source_slick_id": "CS_0092",
        "causal_precedence_status": "AT_RELEASE",
        "causal_precedence_score": 1.0,
        "causal_eligibility": true,
        "pre_release_evidence": true,
        "post_release_evidence": true,
        "source_age_plausibility": "LOW",
        "source_age_score": 0.35,
        "source_age_explanation": "Hypothesized source age 2.0h is unphysically young for an observed slick area of 0.0561 km\u00b2 (estimated physical spreading time \u2265 3.6h).",
        "causal_explanation": "Vessel observed within 35.0s of hypothesized release time.",
        "hypothesis_id": "4DH_0171",
        "feature_type": "hypothesized_release_location"
      }
    },
    {
      "type": "Feature",
      "id": "4DH_0171_displacement_vector",
      "geometry": {
        "type": "LineString",
        "coordinates": [
          [
            -81.401985,
            31.128411
          ],
          [
            -81.452775,
            31.08257
          ]
        ]
      },
      "properties": {
        "hypothesis_id": "4DH_0171",
        "candidate_id": "VC_0171",
        "mmsi": 338102861,
        "vessel_name": "RECOVERY",
        "vessel_source_distance_m": 7026.03,
        "feature_type": "vessel_to_source_vector"
      }
    },
    {
      "type": "Feature",
      "id": "4DH_0172_release_point",
      "geometry": {
        "type": "Point",
        "coordinates": [
          -81.452775,
          31.08257
        ]
      },
      "properties": {
        "candidate_id": "VC_0172",
        "mmsi": 338143506,
        "vessel_name": "MORNING SUN II",
        "imo": "UNKNOWN",
        "vessel_type": "37.0",
        "release_lat": 31.08257,
        "release_lon": -81.452775,
        "release_timestamp": "2019-09-08T09:25:31.797740+00:00",
        "source_age_hours": 2.0,
        "source_plausibility": 0.5434,
        "ais_lat": 31.159695,
        "ais_lon": -81.49968,
        "vessel_source_distance_m": 9668.61,
        "ais_track_quality": "bracketed_interpolation",
        "gap_status": "180.0s",
        "compatibility_status": "COMPATIBLE",
        "source_hypothesis_id": "SH_0015",
        "source_slick_id": "CS_0092",
        "causal_precedence_status": "AT_RELEASE",
        "causal_precedence_score": 1.0,
        "causal_eligibility": true,
        "pre_release_evidence": true,
        "post_release_evidence": true,
        "source_age_plausibility": "LOW",
        "source_age_score": 0.35,
        "source_age_explanation": "Hypothesized source age 2.0h is unphysically young for an observed slick area of 0.0561 km\u00b2 (estimated physical spreading time \u2265 3.6h).",
        "causal_explanation": "Vessel observed within 85.0s of hypothesized release time.",
        "hypothesis_id": "4DH_0172",
        "feature_type": "hypothesized_release_location"
      }
    },
    {
      "type": "Feature",
      "id": "4DH_0172_displacement_vector",
      "geometry": {
        "type": "LineString",
        "coordinates": [
          [
            -81.49968,
            31.159695
          ],
          [
            -81.452775,
            31.08257
          ]
        ]
      },
      "properties": {
        "hypothesis_id": "4DH_0172",
        "candidate_id": "VC_0172",
        "mmsi": 338143506,
        "vessel_name": "MORNING SUN II",
        "vessel_source_distance_m": 9668.61,
        "feature_type": "vessel_to_source_vector"
      }
    },
    {
      "type": "Feature",
      "id": "4DH_0173_release_point",
      "geometry": {
        "type": "Point",
        "coordinates": [
          -81.452775,
          31.08257
        ]
      },
      "properties": {
        "candidate_id": "VC_0173",
        "mmsi": 338184094,
        "vessel_name": "DULCINEA",
        "imo": "UNKNOWN",
        "vessel_type": "37.0",
        "release_lat": 31.08257,
        "release_lon": -81.452775,
        "release_timestamp": "2019-09-08T09:25:31.797740+00:00",
        "source_age_hours": 2.0,
        "source_plausibility": 0.5434,
        "ais_lat": 31.154993,
        "ais_lon": -81.499587,
        "vessel_source_distance_m": 9203.79,
        "ais_track_quality": "bracketed_interpolation",
        "gap_status": "180.0s",
        "compatibility_status": "COMPATIBLE",
        "source_hypothesis_id": "SH_0015",
        "source_slick_id": "CS_0092",
        "causal_precedence_status": "AT_RELEASE",
        "causal_precedence_score": 1.0,
        "causal_eligibility": true,
        "pre_release_evidence": true,
        "post_release_evidence": true,
        "source_age_plausibility": "LOW",
        "source_age_score": 0.35,
        "source_age_explanation": "Hypothesized source age 2.0h is unphysically young for an observed slick area of 0.0561 km\u00b2 (estimated physical spreading time \u2265 3.6h).",
        "causal_explanation": "Vessel observed within 28.0s of hypothesized release time.",
        "hypothesis_id": "4DH_0173",
        "feature_type": "hypothesized_release_location"
      }
    },
    {
      "type": "Feature",
      "id": "4DH_0173_displacement_vector",
      "geometry": {
        "type": "LineString",
        "coordinates": [
          [
            -81.499587,
            31.154993
          ],
          [
            -81.452775,
            31.08257
          ]
        ]
      },
      "properties": {
        "hypothesis_id": "4DH_0173",
        "candidate_id": "VC_0173",
        "mmsi": 338184094,
        "vessel_name": "DULCINEA",
        "vessel_source_distance_m": 9203.79,
        "feature_type": "vessel_to_source_vector"
      }
    },
    {
      "type": "Feature",
      "id": "4DH_0174_release_point",
      "geometry": {
        "type": "Point",
        "coordinates": [
          -81.452775,
          31.08257
        ]
      },
      "properties": {
        "candidate_id": "VC_0174",
        "mmsi": 338235704,
        "vessel_name": "BRUNSWICK",
        "imo": "IMO0000000",
        "vessel_type": "50.0",
        "release_lat": 31.08257,
        "release_lon": -81.452775,
        "release_timestamp": "2019-09-08T09:25:31.797740+00:00",
        "source_age_hours": 2.0,
        "source_plausibility": 0.5434,
        "ais_lat": 31.127413,
        "ais_lon": -81.402043,
        "vessel_source_distance_m": 6942.11,
        "ais_track_quality": "bracketed_interpolation",
        "gap_status": "149.0s",
        "compatibility_status": "COMPATIBLE",
        "source_hypothesis_id": "SH_0015",
        "source_slick_id": "CS_0092",
        "causal_precedence_status": "AT_RELEASE",
        "causal_precedence_score": 1.0,
        "causal_eligibility": true,
        "pre_release_evidence": true,
        "post_release_evidence": true,
        "source_age_plausibility": "LOW",
        "source_age_score": 0.35,
        "source_age_explanation": "Hypothesized source age 2.0h is unphysically young for an observed slick area of 0.0561 km\u00b2 (estimated physical spreading time \u2265 3.6h).",
        "causal_explanation": "Vessel observed within 49.0s of hypothesized release time.",
        "hypothesis_id": "4DH_0174",
        "feature_type": "hypothesized_release_location"
      }
    },
    {
      "type": "Feature",
      "id": "4DH_0174_displacement_vector",
      "geometry": {
        "type": "LineString",
        "coordinates": [
          [
            -81.402043,
            31.127413
          ],
          [
            -81.452775,
            31.08257
          ]
        ]
      },
      "properties": {
        "hypothesis_id": "4DH_0174",
        "candidate_id": "VC_0174",
        "mmsi": 338235704,
        "vessel_name": "BRUNSWICK",
        "vessel_source_distance_m": 6942.11,
        "feature_type": "vessel_to_source_vector"
      }
    },
    {
      "type": "Feature",
      "id": "4DH_0175_release_point",
      "geometry": {
        "type": "Point",
        "coordinates": [
          -81.452775,
          31.08257
        ]
      },
      "properties": {
        "candidate_id": "VC_0175",
        "mmsi": 338335542,
        "vessel_name": "STILL WATERS",
        "imo": "IMO0000000",
        "vessel_type": "37.0",
        "release_lat": 31.08257,
        "release_lon": -81.452775,
        "release_timestamp": "2019-09-08T09:25:31.797740+00:00",
        "source_age_hours": 2.0,
        "source_plausibility": 0.5434,
        "ais_lat": 31.167432,
        "ais_lon": -81.41487,
        "vessel_source_distance_m": 10102.5,
        "ais_track_quality": "bracketed_interpolation",
        "gap_status": "180.0s",
        "compatibility_status": "COMPATIBLE",
        "source_hypothesis_id": "SH_0015",
        "source_slick_id": "CS_0092",
        "causal_precedence_status": "AT_RELEASE",
        "causal_precedence_score": 1.0,
        "causal_eligibility": true,
        "pre_release_evidence": true,
        "post_release_evidence": true,
        "source_age_plausibility": "LOW",
        "source_age_score": 0.35,
        "source_age_explanation": "Hypothesized source age 2.0h is unphysically young for an observed slick area of 0.0561 km\u00b2 (estimated physical spreading time \u2265 3.6h).",
        "causal_explanation": "Vessel observed within 41.0s of hypothesized release time.",
        "hypothesis_id": "4DH_0175",
        "feature_type": "hypothesized_release_location"
      }
    },
    {
      "type": "Feature",
      "id": "4DH_0175_displacement_vector",
      "geometry": {
        "type": "LineString",
        "coordinates": [
          [
            -81.41487,
            31.167432
          ],
          [
            -81.452775,
            31.08257
          ]
        ]
      },
      "properties": {
        "hypothesis_id": "4DH_0175",
        "candidate_id": "VC_0175",
        "mmsi": 338335542,
        "vessel_name": "STILL WATERS",
        "vessel_source_distance_m": 10102.5,
        "feature_type": "vessel_to_source_vector"
      }
    },
    {
      "type": "Feature",
      "id": "4DH_0176_release_point",
      "geometry": {
        "type": "Point",
        "coordinates": [
          -81.452775,
          31.08257
        ]
      },
      "properties": {
        "candidate_id": "VC_0176",
        "mmsi": 339759000,
        "vessel_name": "REGALEC",
        "imo": "UNKNOWN",
        "vessel_type": "37.0",
        "release_lat": 31.08257,
        "release_lon": -81.452775,
        "release_timestamp": "2019-09-08T09:25:31.797740+00:00",
        "source_age_hours": 2.0,
        "source_plausibility": 0.5434,
        "ais_lat": 31.157144,
        "ais_lon": -81.499742,
        "vessel_source_distance_m": 9420.75,
        "ais_track_quality": "bracketed_interpolation",
        "gap_status": "540.0s",
        "compatibility_status": "COMPATIBLE",
        "source_hypothesis_id": "SH_0015",
        "source_slick_id": "CS_0092",
        "causal_precedence_status": "AT_RELEASE",
        "causal_precedence_score": 1.0,
        "causal_eligibility": true,
        "pre_release_evidence": true,
        "post_release_evidence": true,
        "source_age_plausibility": "LOW",
        "source_age_score": 0.35,
        "source_age_explanation": "Hypothesized source age 2.0h is unphysically young for an observed slick area of 0.0561 km\u00b2 (estimated physical spreading time \u2265 3.6h).",
        "causal_explanation": "Vessel observed within 101.0s of hypothesized release time.",
        "hypothesis_id": "4DH_0176",
        "feature_type": "hypothesized_release_location"
      }
    },
    {
      "type": "Feature",
      "id": "4DH_0176_displacement_vector",
      "geometry": {
        "type": "LineString",
        "coordinates": [
          [
            -81.499742,
            31.157144
          ],
          [
            -81.452775,
            31.08257
          ]
        ]
      },
      "properties": {
        "hypothesis_id": "4DH_0176",
        "candidate_id": "VC_0176",
        "mmsi": 339759000,
        "vessel_name": "REGALEC",
        "vessel_source_distance_m": 9420.75,
        "feature_type": "vessel_to_source_vector"
      }
    },
    {
      "type": "Feature",
      "id": "4DH_0177_release_point",
      "geometry": {
        "type": "Point",
        "coordinates": [
          -81.452775,
          31.08257
        ]
      },
      "properties": {
        "candidate_id": "VC_0177",
        "mmsi": 367063030,
        "vessel_name": "EMERALD PRINCESS II",
        "imo": "IMO8993057",
        "vessel_type": "60.0",
        "release_lat": 31.08257,
        "release_lon": -81.452775,
        "release_timestamp": "2019-09-08T09:25:31.797740+00:00",
        "source_age_hours": 2.0,
        "source_plausibility": 0.5434,
        "ais_lat": 31.11411,
        "ais_lon": -81.488406,
        "vessel_source_distance_m": 4879.47,
        "ais_track_quality": "bracketed_interpolation",
        "gap_status": "359.0s",
        "compatibility_status": "COMPATIBLE",
        "source_hypothesis_id": "SH_0015",
        "source_slick_id": "CS_0092",
        "causal_precedence_status": "AT_RELEASE",
        "causal_precedence_score": 1.0,
        "causal_eligibility": true,
        "pre_release_evidence": true,
        "post_release_evidence": true,
        "source_age_plausibility": "LOW",
        "source_age_score": 0.35,
        "source_age_explanation": "Hypothesized source age 2.0h is unphysically young for an observed slick area of 0.0561 km\u00b2 (estimated physical spreading time \u2265 3.6h).",
        "causal_explanation": "Vessel observed within 139.0s of hypothesized release time.",
        "hypothesis_id": "4DH_0177",
        "feature_type": "hypothesized_release_location"
      }
    },
    {
      "type": "Feature",
      "id": "4DH_0177_displacement_vector",
      "geometry": {
        "type": "LineString",
        "coordinates": [
          [
            -81.488406,
            31.11411
          ],
          [
            -81.452775,
            31.08257
          ]
        ]
      },
      "properties": {
        "hypothesis_id": "4DH_0177",
        "candidate_id": "VC_0177",
        "mmsi": 367063030,
        "vessel_name": "EMERALD PRINCESS II",
        "vessel_source_distance_m": 4879.47,
        "feature_type": "vessel_to_source_vector"
      }
    },
    {
      "type": "Feature",
      "id": "4DH_0178_release_point",
      "geometry": {
        "type": "Point",
        "coordinates": [
          -81.452775,
          31.08257
        ]
      },
      "properties": {
        "candidate_id": "VC_0178",
        "mmsi": 367094180,
        "vessel_name": "CHICORY",
        "imo": "UNKNOWN",
        "vessel_type": "37.0",
        "release_lat": 31.08257,
        "release_lon": -81.452775,
        "release_timestamp": "2019-09-08T09:25:31.797740+00:00",
        "source_age_hours": 2.0,
        "source_plausibility": 0.5434,
        "ais_lat": 31.15502,
        "ais_lon": -81.499413,
        "vessel_source_distance_m": 9198.41,
        "ais_track_quality": "bracketed_interpolation",
        "gap_status": "179.0s",
        "compatibility_status": "COMPATIBLE",
        "source_hypothesis_id": "SH_0015",
        "source_slick_id": "CS_0092",
        "causal_precedence_status": "AT_RELEASE",
        "causal_precedence_score": 1.0,
        "causal_eligibility": true,
        "pre_release_evidence": true,
        "post_release_evidence": true,
        "source_age_plausibility": "LOW",
        "source_age_score": 0.35,
        "source_age_explanation": "Hypothesized source age 2.0h is unphysically young for an observed slick area of 0.0561 km\u00b2 (estimated physical spreading time \u2265 3.6h).",
        "causal_explanation": "Vessel observed within 29.0s of hypothesized release time.",
        "hypothesis_id": "4DH_0178",
        "feature_type": "hypothesized_release_location"
      }
    },
    {
      "type": "Feature",
      "id": "4DH_0178_displacement_vector",
      "geometry": {
        "type": "LineString",
        "coordinates": [
          [
            -81.499413,
            31.15502
          ],
          [
            -81.452775,
            31.08257
          ]
        ]
      },
      "properties": {
        "hypothesis_id": "4DH_0178",
        "candidate_id": "VC_0178",
        "mmsi": 367094180,
        "vessel_name": "CHICORY",
        "vessel_source_distance_m": 9198.41,
        "feature_type": "vessel_to_source_vector"
      }
    },
    {
      "type": "Feature",
      "id": "4DH_0179_release_point",
      "geometry": {
        "type": "Point",
        "coordinates": [
          -81.452775,
          31.08257
        ]
      },
      "properties": {
        "candidate_id": "VC_0179",
        "mmsi": 367157730,
        "vessel_name": "AESTIVAL",
        "imo": "UNKNOWN",
        "vessel_type": "37.0",
        "release_lat": 31.08257,
        "release_lon": -81.452775,
        "release_timestamp": "2019-09-08T09:25:31.797740+00:00",
        "source_age_hours": 2.0,
        "source_plausibility": 0.5434,
        "ais_lat": 31.15825,
        "ais_lon": -81.4993,
        "vessel_source_distance_m": 9509.5,
        "ais_track_quality": "bracketed_interpolation",
        "gap_status": "180.0s",
        "compatibility_status": "COMPATIBLE",
        "source_hypothesis_id": "SH_0015",
        "source_slick_id": "CS_0092",
        "causal_precedence_status": "AT_RELEASE",
        "causal_precedence_score": 1.0,
        "causal_eligibility": true,
        "pre_release_evidence": true,
        "post_release_evidence": true,
        "source_age_plausibility": "LOW",
        "source_age_score": 0.35,
        "source_age_explanation": "Hypothesized source age 2.0h is unphysically young for an observed slick area of 0.0561 km\u00b2 (estimated physical spreading time \u2265 3.6h).",
        "causal_explanation": "Vessel observed within 12.0s of hypothesized release time.",
        "hypothesis_id": "4DH_0179",
        "feature_type": "hypothesized_release_location"
      }
    },
    {
      "type": "Feature",
      "id": "4DH_0179_displacement_vector",
      "geometry": {
        "type": "LineString",
        "coordinates": [
          [
            -81.4993,
            31.15825
          ],
          [
            -81.452775,
            31.08257
          ]
        ]
      },
      "properties": {
        "hypothesis_id": "4DH_0179",
        "candidate_id": "VC_0179",
        "mmsi": 367157730,
        "vessel_name": "AESTIVAL",
        "vessel_source_distance_m": 9509.5,
        "feature_type": "vessel_to_source_vector"
      }
    },
    {
      "type": "Feature",
      "id": "4DH_0180_release_point",
      "geometry": {
        "type": "Point",
        "coordinates": [
          -81.452775,
          31.08257
        ]
      },
      "properties": {
        "candidate_id": "VC_0180",
        "mmsi": 367305420,
        "vessel_name": "DOROTHY MORAN",
        "imo": "IMO7716995",
        "vessel_type": "31.0",
        "release_lat": 31.08257,
        "release_lon": -81.452775,
        "release_timestamp": "2019-09-08T09:25:31.797740+00:00",
        "source_age_hours": 2.0,
        "source_plausibility": 0.5434,
        "ais_lat": 31.128348,
        "ais_lon": -81.403732,
        "vessel_source_distance_m": 6907.44,
        "ais_track_quality": "bracketed_interpolation",
        "gap_status": "72.0s",
        "compatibility_status": "COMPATIBLE",
        "source_hypothesis_id": "SH_0015",
        "source_slick_id": "CS_0092",
        "causal_precedence_status": "AT_RELEASE",
        "causal_precedence_score": 1.0,
        "causal_eligibility": true,
        "pre_release_evidence": true,
        "post_release_evidence": true,
        "source_age_plausibility": "LOW",
        "source_age_score": 0.35,
        "source_age_explanation": "Hypothesized source age 2.0h is unphysically young for an observed slick area of 0.0561 km\u00b2 (estimated physical spreading time \u2265 3.6h).",
        "causal_explanation": "Vessel observed within 17.0s of hypothesized release time.",
        "hypothesis_id": "4DH_0180",
        "feature_type": "hypothesized_release_location"
      }
    },
    {
      "type": "Feature",
      "id": "4DH_0180_displacement_vector",
      "geometry": {
        "type": "LineString",
        "coordinates": [
          [
            -81.403732,
            31.128348
          ],
          [
            -81.452775,
            31.08257
          ]
        ]
      },
      "properties": {
        "hypothesis_id": "4DH_0180",
        "candidate_id": "VC_0180",
        "mmsi": 367305420,
        "vessel_name": "DOROTHY MORAN",
        "vessel_source_distance_m": 6907.44,
        "feature_type": "vessel_to_source_vector"
      }
    },
    {
      "type": "Feature",
      "id": "4DH_0181_release_point",
      "geometry": {
        "type": "Point",
        "coordinates": [
          -81.452775,
          31.08257
        ]
      },
      "properties": {
        "candidate_id": "VC_0181",
        "mmsi": 367369550,
        "vessel_name": "ANN MORAN",
        "imo": "IMO7716983",
        "vessel_type": "31.0",
        "release_lat": 31.08257,
        "release_lon": -81.452775,
        "release_timestamp": "2019-09-08T09:25:31.797740+00:00",
        "source_age_hours": 2.0,
        "source_plausibility": 0.5434,
        "ais_lat": 31.128737,
        "ais_lon": -81.404293,
        "vessel_source_distance_m": 6903.55,
        "ais_track_quality": "bracketed_interpolation",
        "gap_status": "70.0s",
        "compatibility_status": "COMPATIBLE",
        "source_hypothesis_id": "SH_0015",
        "source_slick_id": "CS_0092",
        "causal_precedence_status": "AT_RELEASE",
        "causal_precedence_score": 1.0,
        "causal_eligibility": true,
        "pre_release_evidence": true,
        "post_release_evidence": true,
        "source_age_plausibility": "LOW",
        "source_age_score": 0.35,
        "source_age_explanation": "Hypothesized source age 2.0h is unphysically young for an observed slick area of 0.0561 km\u00b2 (estimated physical spreading time \u2265 3.6h).",
        "causal_explanation": "Vessel observed within 24.0s of hypothesized release time.",
        "hypothesis_id": "4DH_0181",
        "feature_type": "hypothesized_release_location"
      }
    },
    {
      "type": "Feature",
      "id": "4DH_0181_displacement_vector",
      "geometry": {
        "type": "LineString",
        "coordinates": [
          [
            -81.404293,
            31.128737
          ],
          [
            -81.452775,
            31.08257
          ]
        ]
      },
      "properties": {
        "hypothesis_id": "4DH_0181",
        "candidate_id": "VC_0181",
        "mmsi": 367369550,
        "vessel_name": "ANN MORAN",
        "vessel_source_distance_m": 6903.55,
        "feature_type": "vessel_to_source_vector"
      }
    },
    {
      "type": "Feature",
      "id": "4DH_0182_release_point",
      "geometry": {
        "type": "Point",
        "coordinates": [
          -81.452775,
          31.08257
        ]
      },
      "properties": {
        "candidate_id": "VC_0182",
        "mmsi": 367569620,
        "vessel_name": "PURA VIDA",
        "imo": "UNKNOWN",
        "vessel_type": "37.0",
        "release_lat": 31.08257,
        "release_lon": -81.452775,
        "release_timestamp": "2019-09-08T09:25:31.797740+00:00",
        "source_age_hours": 2.0,
        "source_plausibility": 0.5434,
        "ais_lat": 31.1672,
        "ais_lon": -81.41448,
        "vessel_source_distance_m": 10091.76,
        "ais_track_quality": "bracketed_interpolation",
        "gap_status": "181.0s",
        "compatibility_status": "COMPATIBLE",
        "source_hypothesis_id": "SH_0015",
        "source_slick_id": "CS_0092",
        "causal_precedence_status": "AT_RELEASE",
        "causal_precedence_score": 1.0,
        "causal_eligibility": true,
        "pre_release_evidence": true,
        "post_release_evidence": true,
        "source_age_plausibility": "LOW",
        "source_age_score": 0.35,
        "source_age_explanation": "Hypothesized source age 2.0h is unphysically young for an observed slick area of 0.0561 km\u00b2 (estimated physical spreading time \u2265 3.6h).",
        "causal_explanation": "Vessel observed within 14.0s of hypothesized release time.",
        "hypothesis_id": "4DH_0182",
        "feature_type": "hypothesized_release_location"
      }
    },
    {
      "type": "Feature",
      "id": "4DH_0182_displacement_vector",
      "geometry": {
        "type": "LineString",
        "coordinates": [
          [
            -81.41448,
            31.1672
          ],
          [
            -81.452775,
            31.08257
          ]
        ]
      },
      "properties": {
        "hypothesis_id": "4DH_0182",
        "candidate_id": "VC_0182",
        "mmsi": 367569620,
        "vessel_name": "PURA VIDA",
        "vessel_source_distance_m": 10091.76,
        "feature_type": "vessel_to_source_vector"
      }
    },
    {
      "type": "Feature",
      "id": "4DH_0183_release_point",
      "geometry": {
        "type": "Point",
        "coordinates": [
          -81.452775,
          31.08257
        ]
      },
      "properties": {
        "candidate_id": "VC_0183",
        "mmsi": 367691290,
        "vessel_name": "MISS LEXY",
        "imo": "IMO8719530",
        "vessel_type": "30.0",
        "release_lat": 31.08257,
        "release_lon": -81.452775,
        "release_timestamp": "2019-09-08T09:25:31.797740+00:00",
        "source_age_hours": 2.0,
        "source_plausibility": 0.5434,
        "ais_lat": 31.14215,
        "ais_lon": -81.49644,
        "vessel_source_distance_m": 7821.16,
        "ais_track_quality": "bracketed_interpolation",
        "gap_status": "120.0s",
        "compatibility_status": "COMPATIBLE",
        "source_hypothesis_id": "SH_0015",
        "source_slick_id": "CS_0092",
        "causal_precedence_status": "AT_RELEASE",
        "causal_precedence_score": 1.0,
        "causal_eligibility": true,
        "pre_release_evidence": true,
        "post_release_evidence": true,
        "source_age_plausibility": "LOW",
        "source_age_score": 0.35,
        "source_age_explanation": "Hypothesized source age 2.0h is unphysically young for an observed slick area of 0.0561 km\u00b2 (estimated physical spreading time \u2265 3.6h).",
        "causal_explanation": "Vessel observed within 1.0s of hypothesized release time.",
        "hypothesis_id": "4DH_0183",
        "feature_type": "hypothesized_release_location"
      }
    },
    {
      "type": "Feature",
      "id": "4DH_0183_displacement_vector",
      "geometry": {
        "type": "LineString",
        "coordinates": [
          [
            -81.49644,
            31.14215
          ],
          [
            -81.452775,
            31.08257
          ]
        ]
      },
      "properties": {
        "hypothesis_id": "4DH_0183",
        "candidate_id": "VC_0183",
        "mmsi": 367691290,
        "vessel_name": "MISS LEXY",
        "vessel_source_distance_m": 7821.16,
        "feature_type": "vessel_to_source_vector"
      }
    },
    {
      "type": "Feature",
      "id": "4DH_0184_release_point",
      "geometry": {
        "type": "Point",
        "coordinates": [
          -81.452775,
          31.08257
        ]
      },
      "properties": {
        "candidate_id": "VC_0184",
        "mmsi": 367753660,
        "vessel_name": "AQUAMARINE",
        "imo": "UNKNOWN",
        "vessel_type": "37.0",
        "release_lat": 31.08257,
        "release_lon": -81.452775,
        "release_timestamp": "2019-09-08T09:25:31.797740+00:00",
        "source_age_hours": 2.0,
        "source_plausibility": 0.5434,
        "ais_lat": 31.156097,
        "ais_lon": -81.499243,
        "vessel_source_distance_m": 9295.75,
        "ais_track_quality": "bracketed_interpolation",
        "gap_status": "181.0s",
        "compatibility_status": "COMPATIBLE",
        "source_hypothesis_id": "SH_0015",
        "source_slick_id": "CS_0092",
        "causal_precedence_status": "AT_RELEASE",
        "causal_precedence_score": 1.0,
        "causal_eligibility": true,
        "pre_release_evidence": true,
        "post_release_evidence": true,
        "source_age_plausibility": "LOW",
        "source_age_score": 0.35,
        "source_age_explanation": "Hypothesized source age 2.0h is unphysically young for an observed slick area of 0.0561 km\u00b2 (estimated physical spreading time \u2265 3.6h).",
        "causal_explanation": "Vessel observed within 60.0s of hypothesized release time.",
        "hypothesis_id": "4DH_0184",
        "feature_type": "hypothesized_release_location"
      }
    },
    {
      "type": "Feature",
      "id": "4DH_0184_displacement_vector",
      "geometry": {
        "type": "LineString",
        "coordinates": [
          [
            -81.499243,
            31.156097
          ],
          [
            -81.452775,
            31.08257
          ]
        ]
      },
      "properties": {
        "hypothesis_id": "4DH_0184",
        "candidate_id": "VC_0184",
        "mmsi": 367753660,
        "vessel_name": "AQUAMARINE",
        "vessel_source_distance_m": 9295.75,
        "feature_type": "vessel_to_source_vector"
      }
    },
    {
      "type": "Feature",
      "id": "4DH_0185_release_point",
      "geometry": {
        "type": "Point",
        "coordinates": [
          -81.452775,
          31.08257
        ]
      },
      "properties": {
        "candidate_id": "VC_0185",
        "mmsi": 367762440,
        "vessel_name": "SILVER GIRL II",
        "imo": "UNKNOWN",
        "vessel_type": "37.0",
        "release_lat": 31.08257,
        "release_lon": -81.452775,
        "release_timestamp": "2019-09-08T09:25:31.797740+00:00",
        "source_age_hours": 2.0,
        "source_plausibility": 0.5434,
        "ais_lat": 31.154142,
        "ais_lon": -81.499515,
        "vessel_source_distance_m": 9117.77,
        "ais_track_quality": "bracketed_interpolation",
        "gap_status": "180.0s",
        "compatibility_status": "COMPATIBLE",
        "source_hypothesis_id": "SH_0015",
        "source_slick_id": "CS_0092",
        "causal_precedence_status": "AT_RELEASE",
        "causal_precedence_score": 1.0,
        "causal_eligibility": true,
        "pre_release_evidence": true,
        "post_release_evidence": true,
        "source_age_plausibility": "LOW",
        "source_age_score": 0.35,
        "source_age_explanation": "Hypothesized source age 2.0h is unphysically young for an observed slick area of 0.0561 km\u00b2 (estimated physical spreading time \u2265 3.6h).",
        "causal_explanation": "Vessel observed within 44.0s of hypothesized release time.",
        "hypothesis_id": "4DH_0185",
        "feature_type": "hypothesized_release_location"
      }
    },
    {
      "type": "Feature",
      "id": "4DH_0185_displacement_vector",
      "geometry": {
        "type": "LineString",
        "coordinates": [
          [
            -81.499515,
            31.154142
          ],
          [
            -81.452775,
            31.08257
          ]
        ]
      },
      "properties": {
        "hypothesis_id": "4DH_0185",
        "candidate_id": "VC_0185",
        "mmsi": 367762440,
        "vessel_name": "SILVER GIRL II",
        "vessel_source_distance_m": 9117.77,
        "feature_type": "vessel_to_source_vector"
      }
    },
    {
      "type": "Feature",
      "id": "4DH_0186_release_point",
      "geometry": {
        "type": "Point",
        "coordinates": [
          -81.452775,
          31.08257
        ]
      },
      "properties": {
        "candidate_id": "VC_0186",
        "mmsi": 368004680,
        "vessel_name": "TAKE IT EASY",
        "imo": "UNKNOWN",
        "vessel_type": "36.0",
        "release_lat": 31.08257,
        "release_lon": -81.452775,
        "release_timestamp": "2019-09-08T09:25:31.797740+00:00",
        "source_age_hours": 2.0,
        "source_plausibility": 0.5434,
        "ais_lat": 31.16681,
        "ais_lon": -81.415701,
        "vessel_source_distance_m": 10009.78,
        "ais_track_quality": "bracketed_interpolation",
        "gap_status": "180.0s",
        "compatibility_status": "COMPATIBLE",
        "source_hypothesis_id": "SH_0015",
        "source_slick_id": "CS_0092",
        "causal_precedence_status": "AT_RELEASE",
        "causal_precedence_score": 1.0,
        "causal_eligibility": true,
        "pre_release_evidence": true,
        "post_release_evidence": true,
        "source_age_plausibility": "LOW",
        "source_age_score": 0.35,
        "source_age_explanation": "Hypothesized source age 2.0h is unphysically young for an observed slick area of 0.0561 km\u00b2 (estimated physical spreading time \u2265 3.6h).",
        "causal_explanation": "Vessel observed within 5.0s of hypothesized release time.",
        "hypothesis_id": "4DH_0186",
        "feature_type": "hypothesized_release_location"
      }
    },
    {
      "type": "Feature",
      "id": "4DH_0186_displacement_vector",
      "geometry": {
        "type": "LineString",
        "coordinates": [
          [
            -81.415701,
            31.16681
          ],
          [
            -81.452775,
            31.08257
          ]
        ]
      },
      "properties": {
        "hypothesis_id": "4DH_0186",
        "candidate_id": "VC_0186",
        "mmsi": 368004680,
        "vessel_name": "TAKE IT EASY",
        "vessel_source_distance_m": 10009.78,
        "feature_type": "vessel_to_source_vector"
      }
    },
    {
      "type": "Feature",
      "id": "4DH_0187_release_point",
      "geometry": {
        "type": "Point",
        "coordinates": [
          -81.452775,
          31.08257
        ]
      },
      "properties": {
        "candidate_id": "VC_0187",
        "mmsi": 369201000,
        "vessel_name": "SALTY VIXEN",
        "imo": "UNKNOWN",
        "vessel_type": "37.0",
        "release_lat": 31.08257,
        "release_lon": -81.452775,
        "release_timestamp": "2019-09-08T09:25:31.797740+00:00",
        "source_age_hours": 2.0,
        "source_plausibility": 0.5434,
        "ais_lat": 31.156721,
        "ais_lon": -81.499221,
        "vessel_source_distance_m": 9355.84,
        "ais_track_quality": "bracketed_interpolation",
        "gap_status": "181.0s",
        "compatibility_status": "COMPATIBLE",
        "source_hypothesis_id": "SH_0015",
        "source_slick_id": "CS_0092",
        "causal_precedence_status": "AT_RELEASE",
        "causal_precedence_score": 1.0,
        "causal_eligibility": true,
        "pre_release_evidence": true,
        "post_release_evidence": true,
        "source_age_plausibility": "LOW",
        "source_age_score": 0.35,
        "source_age_explanation": "Hypothesized source age 2.0h is unphysically young for an observed slick area of 0.0561 km\u00b2 (estimated physical spreading time \u2265 3.6h).",
        "causal_explanation": "Vessel observed within 84.0s of hypothesized release time.",
        "hypothesis_id": "4DH_0187",
        "feature_type": "hypothesized_release_location"
      }
    },
    {
      "type": "Feature",
      "id": "4DH_0187_displacement_vector",
      "geometry": {
        "type": "LineString",
        "coordinates": [
          [
            -81.499221,
            31.156721
          ],
          [
            -81.452775,
            31.08257
          ]
        ]
      },
      "properties": {
        "hypothesis_id": "4DH_0187",
        "candidate_id": "VC_0187",
        "mmsi": 369201000,
        "vessel_name": "SALTY VIXEN",
        "vessel_source_distance_m": 9355.84,
        "feature_type": "vessel_to_source_vector"
      }
    },
    {
      "type": "Feature",
      "id": "4DH_0188_release_point",
      "geometry": {
        "type": "Point",
        "coordinates": [
          -81.452775,
          31.08257
        ]
      },
      "properties": {
        "candidate_id": "VC_0188",
        "mmsi": 369273000,
        "vessel_name": "ESCAPE PLAN",
        "imo": "IMO0000000",
        "vessel_type": "36.0",
        "release_lat": 31.08257,
        "release_lon": -81.452775,
        "release_timestamp": "2019-09-08T09:25:31.797740+00:00",
        "source_age_hours": 2.0,
        "source_plausibility": 0.5434,
        "ais_lat": 31.160412,
        "ais_lon": -81.499963,
        "vessel_source_distance_m": 9751.77,
        "ais_track_quality": "bracketed_interpolation",
        "gap_status": "180.0s",
        "compatibility_status": "COMPATIBLE",
        "source_hypothesis_id": "SH_0015",
        "source_slick_id": "CS_0092",
        "causal_precedence_status": "AT_RELEASE",
        "causal_precedence_score": 1.0,
        "causal_eligibility": true,
        "pre_release_evidence": true,
        "post_release_evidence": true,
        "source_age_plausibility": "LOW",
        "source_age_score": 0.35,
        "source_age_explanation": "Hypothesized source age 2.0h is unphysically young for an observed slick area of 0.0561 km\u00b2 (estimated physical spreading time \u2265 3.6h).",
        "causal_explanation": "Vessel observed within 43.0s of hypothesized release time.",
        "hypothesis_id": "4DH_0188",
        "feature_type": "hypothesized_release_location"
      }
    },
    {
      "type": "Feature",
      "id": "4DH_0188_displacement_vector",
      "geometry": {
        "type": "LineString",
        "coordinates": [
          [
            -81.499963,
            31.160412
          ],
          [
            -81.452775,
            31.08257
          ]
        ]
      },
      "properties": {
        "hypothesis_id": "4DH_0188",
        "candidate_id": "VC_0188",
        "mmsi": 369273000,
        "vessel_name": "ESCAPE PLAN",
        "vessel_source_distance_m": 9751.77,
        "feature_type": "vessel_to_source_vector"
      }
    },
    {
      "type": "Feature",
      "id": "4DH_0189_release_point",
      "geometry": {
        "type": "Point",
        "coordinates": [
          -81.452775,
          31.08257
        ]
      },
      "properties": {
        "candidate_id": "VC_0189",
        "mmsi": 538004697,
        "vessel_name": "EMERALD ACE",
        "imo": "IMO9539236",
        "vessel_type": "70.0",
        "release_lat": 31.08257,
        "release_lon": -81.452775,
        "release_timestamp": "2019-09-08T09:25:31.797740+00:00",
        "source_age_hours": 2.0,
        "source_plausibility": 0.5434,
        "ais_lat": 31.128811,
        "ais_lon": -81.518109,
        "vessel_source_distance_m": 8070.27,
        "ais_track_quality": "bracketed_interpolation",
        "gap_status": "180.0s",
        "compatibility_status": "COMPATIBLE",
        "source_hypothesis_id": "SH_0015",
        "source_slick_id": "CS_0092",
        "causal_precedence_status": "AT_RELEASE",
        "causal_precedence_score": 1.0,
        "causal_eligibility": true,
        "pre_release_evidence": true,
        "post_release_evidence": true,
        "source_age_plausibility": "LOW",
        "source_age_score": 0.35,
        "source_age_explanation": "Hypothesized source age 2.0h is unphysically young for an observed slick area of 0.0561 km\u00b2 (estimated physical spreading time \u2265 3.6h).",
        "causal_explanation": "Vessel observed within 20.0s of hypothesized release time.",
        "hypothesis_id": "4DH_0189",
        "feature_type": "hypothesized_release_location"
      }
    },
    {
      "type": "Feature",
      "id": "4DH_0189_displacement_vector",
      "geometry": {
        "type": "LineString",
        "coordinates": [
          [
            -81.518109,
            31.128811
          ],
          [
            -81.452775,
            31.08257
          ]
        ]
      },
      "properties": {
        "hypothesis_id": "4DH_0189",
        "candidate_id": "VC_0189",
        "mmsi": 538004697,
        "vessel_name": "EMERALD ACE",
        "vessel_source_distance_m": 8070.27,
        "feature_type": "vessel_to_source_vector"
      }
    },
    {
      "type": "Feature",
      "id": "4DH_0190_release_point",
      "geometry": {
        "type": "Point",
        "coordinates": [
          -81.452775,
          31.08257
        ]
      },
      "properties": {
        "candidate_id": "VC_0190",
        "mmsi": 538007762,
        "vessel_name": "UNKNOWN",
        "imo": "UNKNOWN",
        "vessel_type": "UNKNOWN",
        "release_lat": 31.08257,
        "release_lon": -81.452775,
        "release_timestamp": "2019-09-08T09:25:31.797740+00:00",
        "source_age_hours": 2.0,
        "source_plausibility": 0.5434,
        "ais_lat": 31.127525,
        "ais_lon": -81.403057,
        "vessel_source_distance_m": 6884.33,
        "ais_track_quality": "bracketed_interpolation",
        "gap_status": "91.0s",
        "compatibility_status": "COMPATIBLE",
        "source_hypothesis_id": "SH_0015",
        "source_slick_id": "CS_0092",
        "causal_precedence_status": "AT_RELEASE",
        "causal_precedence_score": 1.0,
        "causal_eligibility": true,
        "pre_release_evidence": true,
        "post_release_evidence": true,
        "source_age_plausibility": "LOW",
        "source_age_score": 0.35,
        "source_age_explanation": "Hypothesized source age 2.0h is unphysically young for an observed slick area of 0.0561 km\u00b2 (estimated physical spreading time \u2265 3.6h).",
        "causal_explanation": "Vessel observed within 22.0s of hypothesized release time.",
        "hypothesis_id": "4DH_0190",
        "feature_type": "hypothesized_release_location"
      }
    },
    {
      "type": "Feature",
      "id": "4DH_0190_displacement_vector",
      "geometry": {
        "type": "LineString",
        "coordinates": [
          [
            -81.403057,
            31.127525
          ],
          [
            -81.452775,
            31.08257
          ]
        ]
      },
      "properties": {
        "hypothesis_id": "4DH_0190",
        "candidate_id": "VC_0190",
        "mmsi": 538007762,
        "vessel_name": "UNKNOWN",
        "vessel_source_distance_m": 6884.33,
        "feature_type": "vessel_to_source_vector"
      }
    },
    {
      "type": "Feature",
      "id": "4DH_0191_release_point",
      "geometry": {
        "type": "Point",
        "coordinates": [
          -81.455612,
          31.079111
        ]
      },
      "properties": {
        "candidate_id": "VC_0191",
        "mmsi": 311828000,
        "vessel_name": "KUJAWY",
        "imo": "IMO9285029",
        "vessel_type": "70.0",
        "release_lat": 31.079111,
        "release_lon": -81.455612,
        "release_timestamp": "2019-09-08T07:25:31.797740+00:00",
        "source_age_hours": 4.0,
        "source_plausibility": 0.5118,
        "ais_lat": 31.13155,
        "ais_lon": -81.49312,
        "vessel_source_distance_m": 6837.56,
        "ais_track_quality": "bracketed_interpolation",
        "gap_status": "180.0s",
        "compatibility_status": "COMPATIBLE",
        "source_hypothesis_id": "SH_0016",
        "source_slick_id": "CS_0092",
        "causal_precedence_status": "AT_RELEASE",
        "causal_precedence_score": 1.0,
        "causal_eligibility": true,
        "pre_release_evidence": true,
        "post_release_evidence": true,
        "source_age_plausibility": "HIGH",
        "source_age_score": 1.0,
        "source_age_explanation": "Hypothesized source age 4.0h is fully compatible with physical spreading and Lagrangian drift for area 0.0561 km\u00b2.",
        "causal_explanation": "Vessel observed within 34.0s of hypothesized release time.",
        "hypothesis_id": "4DH_0191",
        "feature_type": "hypothesized_release_location"
      }
    },
    {
      "type": "Feature",
      "id": "4DH_0191_displacement_vector",
      "geometry": {
        "type": "LineString",
        "coordinates": [
          [
            -81.49312,
            31.13155
          ],
          [
            -81.455612,
            31.079111
          ]
        ]
      },
      "properties": {
        "hypothesis_id": "4DH_0191",
        "candidate_id": "VC_0191",
        "mmsi": 311828000,
        "vessel_name": "KUJAWY",
        "vessel_source_distance_m": 6837.56,
        "feature_type": "vessel_to_source_vector"
      }
    },
    {
      "type": "Feature",
      "id": "4DH_0192_release_point",
      "geometry": {
        "type": "Point",
        "coordinates": [
          -81.455612,
          31.079111
        ]
      },
      "properties": {
        "candidate_id": "VC_0192",
        "mmsi": 338102856,
        "vessel_name": "RESPONDER",
        "imo": "UNKNOWN",
        "vessel_type": "31.0",
        "release_lat": 31.079111,
        "release_lon": -81.455612,
        "release_timestamp": "2019-09-08T07:25:31.797740+00:00",
        "source_age_hours": 4.0,
        "source_plausibility": 0.5118,
        "ais_lat": 31.128275,
        "ais_lon": -81.403426,
        "vessel_source_distance_m": 7387.32,
        "ais_track_quality": "bracketed_interpolation",
        "gap_status": "70.0s",
        "compatibility_status": "COMPATIBLE",
        "source_hypothesis_id": "SH_0016",
        "source_slick_id": "CS_0092",
        "causal_precedence_status": "AT_RELEASE",
        "causal_precedence_score": 1.0,
        "causal_eligibility": true,
        "pre_release_evidence": true,
        "post_release_evidence": true,
        "source_age_plausibility": "HIGH",
        "source_age_score": 1.0,
        "source_age_explanation": "Hypothesized source age 4.0h is fully compatible with physical spreading and Lagrangian drift for area 0.0561 km\u00b2.",
        "causal_explanation": "Vessel observed within 16.0s of hypothesized release time.",
        "hypothesis_id": "4DH_0192",
        "feature_type": "hypothesized_release_location"
      }
    },
    {
      "type": "Feature",
      "id": "4DH_0192_displacement_vector",
      "geometry": {
        "type": "LineString",
        "coordinates": [
          [
            -81.403426,
            31.128275
          ],
          [
            -81.455612,
            31.079111
          ]
        ]
      },
      "properties": {
        "hypothesis_id": "4DH_0192",
        "candidate_id": "VC_0192",
        "mmsi": 338102856,
        "vessel_name": "RESPONDER",
        "vessel_source_distance_m": 7387.32,
        "feature_type": "vessel_to_source_vector"
      }
    },
    {
      "type": "Feature",
      "id": "4DH_0193_release_point",
      "geometry": {
        "type": "Point",
        "coordinates": [
          -81.455612,
          31.079111
        ]
      },
      "properties": {
        "candidate_id": "VC_0193",
        "mmsi": 338102861,
        "vessel_name": "RECOVERY",
        "imo": "UNKNOWN",
        "vessel_type": "90.0",
        "release_lat": 31.079111,
        "release_lon": -81.455612,
        "release_timestamp": "2019-09-08T07:25:31.797740+00:00",
        "source_age_hours": 4.0,
        "source_plausibility": 0.5118,
        "ais_lat": 31.12758,
        "ais_lon": -81.40204,
        "vessel_source_distance_m": 7420.4,
        "ais_track_quality": "bracketed_interpolation",
        "gap_status": "62.0s",
        "compatibility_status": "COMPATIBLE",
        "source_hypothesis_id": "SH_0016",
        "source_slick_id": "CS_0092",
        "causal_precedence_status": "AT_RELEASE",
        "causal_precedence_score": 1.0,
        "causal_eligibility": true,
        "pre_release_evidence": true,
        "post_release_evidence": true,
        "source_age_plausibility": "HIGH",
        "source_age_score": 1.0,
        "source_age_explanation": "Hypothesized source age 4.0h is fully compatible with physical spreading and Lagrangian drift for area 0.0561 km\u00b2.",
        "causal_explanation": "Vessel observed within 7.0s of hypothesized release time.",
        "hypothesis_id": "4DH_0193",
        "feature_type": "hypothesized_release_location"
      }
    },
    {
      "type": "Feature",
      "id": "4DH_0193_displacement_vector",
      "geometry": {
        "type": "LineString",
        "coordinates": [
          [
            -81.40204,
            31.12758
          ],
          [
            -81.455612,
            31.079111
          ]
        ]
      },
      "properties": {
        "hypothesis_id": "4DH_0193",
        "candidate_id": "VC_0193",
        "mmsi": 338102861,
        "vessel_name": "RECOVERY",
        "vessel_source_distance_m": 7420.4,
        "feature_type": "vessel_to_source_vector"
      }
    },
    {
      "type": "Feature",
      "id": "4DH_0194_release_point",
      "geometry": {
        "type": "Point",
        "coordinates": [
          -81.455612,
          31.079111
        ]
      },
      "properties": {
        "candidate_id": "VC_0194",
        "mmsi": 338143506,
        "vessel_name": "MORNING SUN II",
        "imo": "UNKNOWN",
        "vessel_type": "37.0",
        "release_lat": 31.079111,
        "release_lon": -81.455612,
        "release_timestamp": "2019-09-08T07:25:31.797740+00:00",
        "source_age_hours": 4.0,
        "source_plausibility": 0.5118,
        "ais_lat": 31.15968,
        "ais_lon": -81.49969,
        "vessel_source_distance_m": 9892.78,
        "ais_track_quality": "bracketed_interpolation",
        "gap_status": "540.0s",
        "compatibility_status": "COMPATIBLE",
        "source_hypothesis_id": "SH_0016",
        "source_slick_id": "CS_0092",
        "causal_precedence_status": "AT_RELEASE",
        "causal_precedence_score": 1.0,
        "causal_eligibility": true,
        "pre_release_evidence": true,
        "post_release_evidence": true,
        "source_age_plausibility": "HIGH",
        "source_age_score": 1.0,
        "source_age_explanation": "Hypothesized source age 4.0h is fully compatible with physical spreading and Lagrangian drift for area 0.0561 km\u00b2.",
        "causal_explanation": "Vessel observed within 266.0s of hypothesized release time.",
        "hypothesis_id": "4DH_0194",
        "feature_type": "hypothesized_release_location"
      }
    },
    {
      "type": "Feature",
      "id": "4DH_0194_displacement_vector",
      "geometry": {
        "type": "LineString",
        "coordinates": [
          [
            -81.49969,
            31.15968
          ],
          [
            -81.455612,
            31.079111
          ]
        ]
      },
      "properties": {
        "hypothesis_id": "4DH_0194",
        "candidate_id": "VC_0194",
        "mmsi": 338143506,
        "vessel_name": "MORNING SUN II",
        "vessel_source_distance_m": 9892.78,
        "feature_type": "vessel_to_source_vector"
      }
    },
    {
      "type": "Feature",
      "id": "4DH_0195_release_point",
      "geometry": {
        "type": "Point",
        "coordinates": [
          -81.455612,
          31.079111
        ]
      },
      "properties": {
        "candidate_id": "VC_0195",
        "mmsi": 338184094,
        "vessel_name": "DULCINEA",
        "imo": "UNKNOWN",
        "vessel_type": "37.0",
        "release_lat": 31.079111,
        "release_lon": -81.455612,
        "release_timestamp": "2019-09-08T07:25:31.797740+00:00",
        "source_age_hours": 4.0,
        "source_plausibility": 0.5118,
        "ais_lat": 31.155,
        "ais_lon": -81.49958,
        "vessel_source_distance_m": 9419.48,
        "ais_track_quality": "bracketed_interpolation",
        "gap_status": "180.0s",
        "compatibility_status": "COMPATIBLE",
        "source_hypothesis_id": "SH_0016",
        "source_slick_id": "CS_0092",
        "causal_precedence_status": "AT_RELEASE",
        "causal_precedence_score": 1.0,
        "causal_eligibility": true,
        "pre_release_evidence": true,
        "post_release_evidence": true,
        "source_age_plausibility": "HIGH",
        "source_age_score": 1.0,
        "source_age_explanation": "Hypothesized source age 4.0h is fully compatible with physical spreading and Lagrangian drift for area 0.0561 km\u00b2.",
        "causal_explanation": "Vessel observed within 28.0s of hypothesized release time.",
        "hypothesis_id": "4DH_0195",
        "feature_type": "hypothesized_release_location"
      }
    },
    {
      "type": "Feature",
      "id": "4DH_0195_displacement_vector",
      "geometry": {
        "type": "LineString",
        "coordinates": [
          [
            -81.49958,
            31.155
          ],
          [
            -81.455612,
            31.079111
          ]
        ]
      },
      "properties": {
        "hypothesis_id": "4DH_0195",
        "candidate_id": "VC_0195",
        "mmsi": 338184094,
        "vessel_name": "DULCINEA",
        "vessel_source_distance_m": 9419.48,
        "feature_type": "vessel_to_source_vector"
      }
    },
    {
      "type": "Feature",
      "id": "4DH_0196_release_point",
      "geometry": {
        "type": "Point",
        "coordinates": [
          -81.455612,
          31.079111
        ]
      },
      "properties": {
        "candidate_id": "VC_0196",
        "mmsi": 338235704,
        "vessel_name": "BRUNSWICK",
        "imo": "IMO0000000",
        "vessel_type": "50.0",
        "release_lat": 31.079111,
        "release_lon": -81.455612,
        "release_timestamp": "2019-09-08T07:25:31.797740+00:00",
        "source_age_hours": 4.0,
        "source_plausibility": 0.5118,
        "ais_lat": 31.128636,
        "ais_lon": -81.404986,
        "vessel_source_distance_m": 7318.4,
        "ais_track_quality": "bracketed_interpolation",
        "gap_status": "89.0s",
        "compatibility_status": "COMPATIBLE",
        "source_hypothesis_id": "SH_0016",
        "source_slick_id": "CS_0092",
        "causal_precedence_status": "AT_RELEASE",
        "causal_precedence_score": 1.0,
        "causal_eligibility": true,
        "pre_release_evidence": true,
        "post_release_evidence": true,
        "source_age_plausibility": "HIGH",
        "source_age_score": 1.0,
        "source_age_explanation": "Hypothesized source age 4.0h is fully compatible with physical spreading and Lagrangian drift for area 0.0561 km\u00b2.",
        "causal_explanation": "Vessel observed within 9.0s of hypothesized release time.",
        "hypothesis_id": "4DH_0196",
        "feature_type": "hypothesized_release_location"
      }
    },
    {
      "type": "Feature",
      "id": "4DH_0196_displacement_vector",
      "geometry": {
        "type": "LineString",
        "coordinates": [
          [
            -81.404986,
            31.128636
          ],
          [
            -81.455612,
            31.079111
          ]
        ]
      },
      "properties": {
        "hypothesis_id": "4DH_0196",
        "candidate_id": "VC_0196",
        "mmsi": 338235704,
        "vessel_name": "BRUNSWICK",
        "vessel_source_distance_m": 7318.4,
        "feature_type": "vessel_to_source_vector"
      }
    },
    {
      "type": "Feature",
      "id": "4DH_0197_release_point",
      "geometry": {
        "type": "Point",
        "coordinates": [
          -81.455612,
          31.079111
        ]
      },
      "properties": {
        "candidate_id": "VC_0197",
        "mmsi": 339759000,
        "vessel_name": "REGALEC",
        "imo": "UNKNOWN",
        "vessel_type": "37.0",
        "release_lat": 31.079111,
        "release_lon": -81.455612,
        "release_timestamp": "2019-09-08T07:25:31.797740+00:00",
        "source_age_hours": 4.0,
        "source_plausibility": 0.5118,
        "ais_lat": 31.157156,
        "ais_lon": -81.499718,
        "vessel_source_distance_m": 9640.53,
        "ais_track_quality": "bracketed_interpolation",
        "gap_status": "540.0s",
        "compatibility_status": "COMPATIBLE",
        "source_hypothesis_id": "SH_0016",
        "source_slick_id": "CS_0092",
        "causal_precedence_status": "AT_RELEASE",
        "causal_precedence_score": 1.0,
        "causal_eligibility": true,
        "pre_release_evidence": true,
        "post_release_evidence": true,
        "source_age_plausibility": "HIGH",
        "source_age_score": 1.0,
        "source_age_explanation": "Hypothesized source age 4.0h is fully compatible with physical spreading and Lagrangian drift for area 0.0561 km\u00b2.",
        "causal_explanation": "Vessel observed within 101.0s of hypothesized release time.",
        "hypothesis_id": "4DH_0197",
        "feature_type": "hypothesized_release_location"
      }
    },
    {
      "type": "Feature",
      "id": "4DH_0197_displacement_vector",
      "geometry": {
        "type": "LineString",
        "coordinates": [
          [
            -81.499718,
            31.157156
          ],
          [
            -81.455612,
            31.079111
          ]
        ]
      },
      "properties": {
        "hypothesis_id": "4DH_0197",
        "candidate_id": "VC_0197",
        "mmsi": 339759000,
        "vessel_name": "REGALEC",
        "vessel_source_distance_m": 9640.53,
        "feature_type": "vessel_to_source_vector"
      }
    },
    {
      "type": "Feature",
      "id": "4DH_0198_release_point",
      "geometry": {
        "type": "Point",
        "coordinates": [
          -81.455612,
          31.079111
        ]
      },
      "properties": {
        "candidate_id": "VC_0198",
        "mmsi": 367063030,
        "vessel_name": "EMERALD PRINCESS II",
        "imo": "IMO8993057",
        "vessel_type": "60.0",
        "release_lat": 31.079111,
        "release_lon": -81.455612,
        "release_timestamp": "2019-09-08T07:25:31.797740+00:00",
        "source_age_hours": 4.0,
        "source_plausibility": 0.5118,
        "ais_lat": 31.114082,
        "ais_lon": -81.4884,
        "vessel_source_distance_m": 4986.75,
        "ais_track_quality": "bracketed_interpolation",
        "gap_status": "179.0s",
        "compatibility_status": "COMPATIBLE",
        "source_hypothesis_id": "SH_0016",
        "source_slick_id": "CS_0092",
        "causal_precedence_status": "AT_RELEASE",
        "causal_precedence_score": 1.0,
        "causal_eligibility": true,
        "pre_release_evidence": true,
        "post_release_evidence": true,
        "source_age_plausibility": "HIGH",
        "source_age_score": 1.0,
        "source_age_explanation": "Hypothesized source age 4.0h is fully compatible with physical spreading and Lagrangian drift for area 0.0561 km\u00b2.",
        "causal_explanation": "Vessel observed within 40.0s of hypothesized release time.",
        "hypothesis_id": "4DH_0198",
        "feature_type": "hypothesized_release_location"
      }
    },
    {
      "type": "Feature",
      "id": "4DH_0198_displacement_vector",
      "geometry": {
        "type": "LineString",
        "coordinates": [
          [
            -81.4884,
            31.114082
          ],
          [
            -81.455612,
            31.079111
          ]
        ]
      },
      "properties": {
        "hypothesis_id": "4DH_0198",
        "candidate_id": "VC_0198",
        "mmsi": 367063030,
        "vessel_name": "EMERALD PRINCESS II",
        "vessel_source_distance_m": 4986.75,
        "feature_type": "vessel_to_source_vector"
      }
    },
    {
      "type": "Feature",
      "id": "4DH_0199_release_point",
      "geometry": {
        "type": "Point",
        "coordinates": [
          -81.455612,
          31.079111
        ]
      },
      "properties": {
        "candidate_id": "VC_0199",
        "mmsi": 367094180,
        "vessel_name": "CHICORY",
        "imo": "UNKNOWN",
        "vessel_type": "37.0",
        "release_lat": 31.079111,
        "release_lon": -81.455612,
        "release_timestamp": "2019-09-08T07:25:31.797740+00:00",
        "source_age_hours": 4.0,
        "source_plausibility": 0.5118,
        "ais_lat": 31.15501,
        "ais_lon": -81.499418,
        "vessel_source_distance_m": 9413.64,
        "ais_track_quality": "bracketed_interpolation",
        "gap_status": "359.0s",
        "compatibility_status": "COMPATIBLE",
        "source_hypothesis_id": "SH_0016",
        "source_slick_id": "CS_0092",
        "causal_precedence_status": "AT_RELEASE",
        "causal_precedence_score": 1.0,
        "causal_eligibility": true,
        "pre_release_evidence": true,
        "post_release_evidence": true,
        "source_age_plausibility": "HIGH",
        "source_age_score": 1.0,
        "source_age_explanation": "Hypothesized source age 4.0h is fully compatible with physical spreading and Lagrangian drift for area 0.0561 km\u00b2.",
        "causal_explanation": "Vessel observed within 149.0s of hypothesized release time.",
        "hypothesis_id": "4DH_0199",
        "feature_type": "hypothesized_release_location"
      }
    },
    {
      "type": "Feature",
      "id": "4DH_0199_displacement_vector",
      "geometry": {
        "type": "LineString",
        "coordinates": [
          [
            -81.499418,
            31.15501
          ],
          [
            -81.455612,
            31.079111
          ]
        ]
      },
      "properties": {
        "hypothesis_id": "4DH_0199",
        "candidate_id": "VC_0199",
        "mmsi": 367094180,
        "vessel_name": "CHICORY",
        "vessel_source_distance_m": 9413.64,
        "feature_type": "vessel_to_source_vector"
      }
    },
    {
      "type": "Feature",
      "id": "4DH_0200_release_point",
      "geometry": {
        "type": "Point",
        "coordinates": [
          -81.455612,
          31.079111
        ]
      },
      "properties": {
        "candidate_id": "VC_0200",
        "mmsi": 367157730,
        "vessel_name": "AESTIVAL",
        "imo": "UNKNOWN",
        "vessel_type": "37.0",
        "release_lat": 31.079111,
        "release_lon": -81.455612,
        "release_timestamp": "2019-09-08T07:25:31.797740+00:00",
        "source_age_hours": 4.0,
        "source_plausibility": 0.5118,
        "ais_lat": 31.15825,
        "ais_lon": -81.499309,
        "vessel_source_distance_m": 9733.47,
        "ais_track_quality": "bracketed_interpolation",
        "gap_status": "181.0s",
        "compatibility_status": "COMPATIBLE",
        "source_hypothesis_id": "SH_0016",
        "source_slick_id": "CS_0092",
        "causal_precedence_status": "AT_RELEASE",
        "causal_precedence_score": 1.0,
        "causal_eligibility": true,
        "pre_release_evidence": true,
        "post_release_evidence": true,
        "source_age_plausibility": "HIGH",
        "source_age_score": 1.0,
        "source_age_explanation": "Hypothesized source age 4.0h is fully compatible with physical spreading and Lagrangian drift for area 0.0561 km\u00b2.",
        "causal_explanation": "Vessel observed within 12.0s of hypothesized release time.",
        "hypothesis_id": "4DH_0200",
        "feature_type": "hypothesized_release_location"
      }
    },
    {
      "type": "Feature",
      "id": "4DH_0200_displacement_vector",
      "geometry": {
        "type": "LineString",
        "coordinates": [
          [
            -81.499309,
            31.15825
          ],
          [
            -81.455612,
            31.079111
          ]
        ]
      },
      "properties": {
        "hypothesis_id": "4DH_0200",
        "candidate_id": "VC_0200",
        "mmsi": 367157730,
        "vessel_name": "AESTIVAL",
        "vessel_source_distance_m": 9733.47,
        "feature_type": "vessel_to_source_vector"
      }
    },
    {
      "type": "Feature",
      "id": "4DH_0201_release_point",
      "geometry": {
        "type": "Point",
        "coordinates": [
          -81.455612,
          31.079111
        ]
      },
      "properties": {
        "candidate_id": "VC_0201",
        "mmsi": 367305420,
        "vessel_name": "DOROTHY MORAN",
        "imo": "IMO7716995",
        "vessel_type": "31.0",
        "release_lat": 31.079111,
        "release_lon": -81.455612,
        "release_timestamp": "2019-09-08T07:25:31.797740+00:00",
        "source_age_hours": 4.0,
        "source_plausibility": 0.5118,
        "ais_lat": 31.128318,
        "ais_lon": -81.403698,
        "vessel_source_distance_m": 7373.47,
        "ais_track_quality": "bracketed_interpolation",
        "gap_status": "89.0s",
        "compatibility_status": "COMPATIBLE",
        "source_hypothesis_id": "SH_0016",
        "source_slick_id": "CS_0092",
        "causal_precedence_status": "AT_RELEASE",
        "causal_precedence_score": 1.0,
        "causal_eligibility": true,
        "pre_release_evidence": true,
        "post_release_evidence": true,
        "source_age_plausibility": "HIGH",
        "source_age_score": 1.0,
        "source_age_explanation": "Hypothesized source age 4.0h is fully compatible with physical spreading and Lagrangian drift for area 0.0561 km\u00b2.",
        "causal_explanation": "Vessel observed within 14.0s of hypothesized release time.",
        "hypothesis_id": "4DH_0201",
        "feature_type": "hypothesized_release_location"
      }
    },
    {
      "type": "Feature",
      "id": "4DH_0201_displacement_vector",
      "geometry": {
        "type": "LineString",
        "coordinates": [
          [
            -81.403698,
            31.128318
          ],
          [
            -81.455612,
            31.079111
          ]
        ]
      },
      "properties": {
        "hypothesis_id": "4DH_0201",
        "candidate_id": "VC_0201",
        "mmsi": 367305420,
        "vessel_name": "DOROTHY MORAN",
        "vessel_source_distance_m": 7373.47,
        "feature_type": "vessel_to_source_vector"
      }
    },
    {
      "type": "Feature",
      "id": "4DH_0202_release_point",
      "geometry": {
        "type": "Point",
        "coordinates": [
          -81.455612,
          31.079111
        ]
      },
      "properties": {
        "candidate_id": "VC_0202",
        "mmsi": 367369550,
        "vessel_name": "ANN MORAN",
        "imo": "IMO7716983",
        "vessel_type": "31.0",
        "release_lat": 31.079111,
        "release_lon": -81.455612,
        "release_timestamp": "2019-09-08T07:25:31.797740+00:00",
        "source_age_hours": 4.0,
        "source_plausibility": 0.5118,
        "ais_lat": 31.128707,
        "ais_lon": -81.4043,
        "vessel_source_distance_m": 7367.49,
        "ais_track_quality": "bracketed_interpolation",
        "gap_status": "129.0s",
        "compatibility_status": "COMPATIBLE",
        "source_hypothesis_id": "SH_0016",
        "source_slick_id": "CS_0092",
        "causal_precedence_status": "AT_RELEASE",
        "causal_precedence_score": 1.0,
        "causal_eligibility": true,
        "pre_release_evidence": true,
        "post_release_evidence": true,
        "source_age_plausibility": "HIGH",
        "source_age_score": 1.0,
        "source_age_explanation": "Hypothesized source age 4.0h is fully compatible with physical spreading and Lagrangian drift for area 0.0561 km\u00b2.",
        "causal_explanation": "Vessel observed within 45.0s of hypothesized release time.",
        "hypothesis_id": "4DH_0202",
        "feature_type": "hypothesized_release_location"
      }
    },
    {
      "type": "Feature",
      "id": "4DH_0202_displacement_vector",
      "geometry": {
        "type": "LineString",
        "coordinates": [
          [
            -81.4043,
            31.128707
          ],
          [
            -81.455612,
            31.079111
          ]
        ]
      },
      "properties": {
        "hypothesis_id": "4DH_0202",
        "candidate_id": "VC_0202",
        "mmsi": 367369550,
        "vessel_name": "ANN MORAN",
        "vessel_source_distance_m": 7367.49,
        "feature_type": "vessel_to_source_vector"
      }
    },
    {
      "type": "Feature",
      "id": "4DH_0203_release_point",
      "geometry": {
        "type": "Point",
        "coordinates": [
          -81.455612,
          31.079111
        ]
      },
      "properties": {
        "candidate_id": "VC_0203",
        "mmsi": 367458950,
        "vessel_name": "WYOMING WIND",
        "imo": "IMO0000000",
        "vessel_type": "36.0",
        "release_lat": 31.079111,
        "release_lon": -81.455612,
        "release_timestamp": "2019-09-08T07:25:31.797740+00:00",
        "source_age_hours": 4.0,
        "source_plausibility": 0.5118,
        "ais_lat": 31.157057,
        "ais_lon": -81.499549,
        "vessel_source_distance_m": 9623.62,
        "ais_track_quality": "bracketed_interpolation",
        "gap_status": "721.0s",
        "compatibility_status": "COMPATIBLE",
        "source_hypothesis_id": "SH_0016",
        "source_slick_id": "CS_0092",
        "causal_precedence_status": "AT_RELEASE",
        "causal_precedence_score": 1.0,
        "causal_eligibility": true,
        "pre_release_evidence": true,
        "post_release_evidence": true,
        "source_age_plausibility": "HIGH",
        "source_age_score": 1.0,
        "source_age_explanation": "Hypothesized source age 4.0h is fully compatible with physical spreading and Lagrangian drift for area 0.0561 km\u00b2.",
        "causal_explanation": "Vessel observed within 206.0s of hypothesized release time.",
        "hypothesis_id": "4DH_0203",
        "feature_type": "hypothesized_release_location"
      }
    },
    {
      "type": "Feature",
      "id": "4DH_0203_displacement_vector",
      "geometry": {
        "type": "LineString",
        "coordinates": [
          [
            -81.499549,
            31.157057
          ],
          [
            -81.455612,
            31.079111
          ]
        ]
      },
      "properties": {
        "hypothesis_id": "4DH_0203",
        "candidate_id": "VC_0203",
        "mmsi": 367458950,
        "vessel_name": "WYOMING WIND",
        "vessel_source_distance_m": 9623.62,
        "feature_type": "vessel_to_source_vector"
      }
    },
    {
      "type": "Feature",
      "id": "4DH_0204_release_point",
      "geometry": {
        "type": "Point",
        "coordinates": [
          -81.455612,
          31.079111
        ]
      },
      "properties": {
        "candidate_id": "VC_0204",
        "mmsi": 367691290,
        "vessel_name": "MISS LEXY",
        "imo": "IMO8719530",
        "vessel_type": "30.0",
        "release_lat": 31.079111,
        "release_lon": -81.455612,
        "release_timestamp": "2019-09-08T07:25:31.797740+00:00",
        "source_age_hours": 4.0,
        "source_plausibility": 0.5118,
        "ais_lat": 31.142118,
        "ais_lon": -81.49645,
        "vessel_source_distance_m": 8012.51,
        "ais_track_quality": "bracketed_interpolation",
        "gap_status": "69.0s",
        "compatibility_status": "COMPATIBLE",
        "source_hypothesis_id": "SH_0016",
        "source_slick_id": "CS_0092",
        "causal_precedence_status": "AT_RELEASE",
        "causal_precedence_score": 1.0,
        "causal_eligibility": true,
        "pre_release_evidence": true,
        "post_release_evidence": true,
        "source_age_plausibility": "HIGH",
        "source_age_score": 1.0,
        "source_age_explanation": "Hypothesized source age 4.0h is fully compatible with physical spreading and Lagrangian drift for area 0.0561 km\u00b2.",
        "causal_explanation": "Vessel observed within 11.0s of hypothesized release time.",
        "hypothesis_id": "4DH_0204",
        "feature_type": "hypothesized_release_location"
      }
    },
    {
      "type": "Feature",
      "id": "4DH_0204_displacement_vector",
      "geometry": {
        "type": "LineString",
        "coordinates": [
          [
            -81.49645,
            31.142118
          ],
          [
            -81.455612,
            31.079111
          ]
        ]
      },
      "properties": {
        "hypothesis_id": "4DH_0204",
        "candidate_id": "VC_0204",
        "mmsi": 367691290,
        "vessel_name": "MISS LEXY",
        "vessel_source_distance_m": 8012.51,
        "feature_type": "vessel_to_source_vector"
      }
    },
    {
      "type": "Feature",
      "id": "4DH_0205_release_point",
      "geometry": {
        "type": "Point",
        "coordinates": [
          -81.455612,
          31.079111
        ]
      },
      "properties": {
        "candidate_id": "VC_0205",
        "mmsi": 367753660,
        "vessel_name": "AQUAMARINE",
        "imo": "UNKNOWN",
        "vessel_type": "37.0",
        "release_lat": 31.079111,
        "release_lon": -81.455612,
        "release_timestamp": "2019-09-08T07:25:31.797740+00:00",
        "source_age_hours": 4.0,
        "source_plausibility": 0.5118,
        "ais_lat": 31.156103,
        "ais_lon": -81.499217,
        "vessel_source_distance_m": 9514.38,
        "ais_track_quality": "bracketed_interpolation",
        "gap_status": "180.0s",
        "compatibility_status": "COMPATIBLE",
        "source_hypothesis_id": "SH_0016",
        "source_slick_id": "CS_0092",
        "causal_precedence_status": "AT_RELEASE",
        "causal_precedence_score": 1.0,
        "causal_eligibility": true,
        "pre_release_evidence": true,
        "post_release_evidence": true,
        "source_age_plausibility": "HIGH",
        "source_age_score": 1.0,
        "source_age_explanation": "Hypothesized source age 4.0h is fully compatible with physical spreading and Lagrangian drift for area 0.0561 km\u00b2.",
        "causal_explanation": "Vessel observed within 61.0s of hypothesized release time.",
        "hypothesis_id": "4DH_0205",
        "feature_type": "hypothesized_release_location"
      }
    },
    {
      "type": "Feature",
      "id": "4DH_0205_displacement_vector",
      "geometry": {
        "type": "LineString",
        "coordinates": [
          [
            -81.499217,
            31.156103
          ],
          [
            -81.455612,
            31.079111
          ]
        ]
      },
      "properties": {
        "hypothesis_id": "4DH_0205",
        "candidate_id": "VC_0205",
        "mmsi": 367753660,
        "vessel_name": "AQUAMARINE",
        "vessel_source_distance_m": 9514.38,
        "feature_type": "vessel_to_source_vector"
      }
    },
    {
      "type": "Feature",
      "id": "4DH_0206_release_point",
      "geometry": {
        "type": "Point",
        "coordinates": [
          -81.455612,
          31.079111
        ]
      },
      "properties": {
        "candidate_id": "VC_0206",
        "mmsi": 367762440,
        "vessel_name": "SILVER GIRL II",
        "imo": "UNKNOWN",
        "vessel_type": "37.0",
        "release_lat": 31.079111,
        "release_lon": -81.455612,
        "release_timestamp": "2019-09-08T07:25:31.797740+00:00",
        "source_age_hours": 4.0,
        "source_plausibility": 0.5118,
        "ais_lat": 31.154121,
        "ais_lon": -81.499528,
        "vessel_source_distance_m": 9329.81,
        "ais_track_quality": "bracketed_interpolation",
        "gap_status": "357.0s",
        "compatibility_status": "COMPATIBLE",
        "source_hypothesis_id": "SH_0016",
        "source_slick_id": "CS_0092",
        "causal_precedence_status": "AT_RELEASE",
        "causal_precedence_score": 1.0,
        "causal_eligibility": true,
        "pre_release_evidence": true,
        "post_release_evidence": true,
        "source_age_plausibility": "HIGH",
        "source_age_score": 1.0,
        "source_age_explanation": "Hypothesized source age 4.0h is fully compatible with physical spreading and Lagrangian drift for area 0.0561 km\u00b2.",
        "causal_explanation": "Vessel observed within 42.0s of hypothesized release time.",
        "hypothesis_id": "4DH_0206",
        "feature_type": "hypothesized_release_location"
      }
    },
    {
      "type": "Feature",
      "id": "4DH_0206_displacement_vector",
      "geometry": {
        "type": "LineString",
        "coordinates": [
          [
            -81.499528,
            31.154121
          ],
          [
            -81.455612,
            31.079111
          ]
        ]
      },
      "properties": {
        "hypothesis_id": "4DH_0206",
        "candidate_id": "VC_0206",
        "mmsi": 367762440,
        "vessel_name": "SILVER GIRL II",
        "vessel_source_distance_m": 9329.81,
        "feature_type": "vessel_to_source_vector"
      }
    },
    {
      "type": "Feature",
      "id": "4DH_0207_release_point",
      "geometry": {
        "type": "Point",
        "coordinates": [
          -81.455612,
          31.079111
        ]
      },
      "properties": {
        "candidate_id": "VC_0207",
        "mmsi": 369201000,
        "vessel_name": "SALTY VIXEN",
        "imo": "UNKNOWN",
        "vessel_type": "37.0",
        "release_lat": 31.079111,
        "release_lon": -81.455612,
        "release_timestamp": "2019-09-08T07:25:31.797740+00:00",
        "source_age_hours": 4.0,
        "source_plausibility": 0.5118,
        "ais_lat": 31.156715,
        "ais_lon": -81.49922,
        "vessel_source_distance_m": 9575.77,
        "ais_track_quality": "bracketed_interpolation",
        "gap_status": "180.0s",
        "compatibility_status": "COMPATIBLE",
        "source_hypothesis_id": "SH_0016",
        "source_slick_id": "CS_0092",
        "causal_precedence_status": "AT_RELEASE",
        "causal_precedence_score": 1.0,
        "causal_eligibility": true,
        "pre_release_evidence": true,
        "post_release_evidence": true,
        "source_age_plausibility": "HIGH",
        "source_age_score": 1.0,
        "source_age_explanation": "Hypothesized source age 4.0h is fully compatible with physical spreading and Lagrangian drift for area 0.0561 km\u00b2.",
        "causal_explanation": "Vessel observed within 84.0s of hypothesized release time.",
        "hypothesis_id": "4DH_0207",
        "feature_type": "hypothesized_release_location"
      }
    },
    {
      "type": "Feature",
      "id": "4DH_0207_displacement_vector",
      "geometry": {
        "type": "LineString",
        "coordinates": [
          [
            -81.49922,
            31.156715
          ],
          [
            -81.455612,
            31.079111
          ]
        ]
      },
      "properties": {
        "hypothesis_id": "4DH_0207",
        "candidate_id": "VC_0207",
        "mmsi": 369201000,
        "vessel_name": "SALTY VIXEN",
        "vessel_source_distance_m": 9575.77,
        "feature_type": "vessel_to_source_vector"
      }
    },
    {
      "type": "Feature",
      "id": "4DH_0208_release_point",
      "geometry": {
        "type": "Point",
        "coordinates": [
          -81.455612,
          31.079111
        ]
      },
      "properties": {
        "candidate_id": "VC_0208",
        "mmsi": 369273000,
        "vessel_name": "ESCAPE PLAN",
        "imo": "IMO0000000",
        "vessel_type": "36.0",
        "release_lat": 31.079111,
        "release_lon": -81.455612,
        "release_timestamp": "2019-09-08T07:25:31.797740+00:00",
        "source_age_hours": 4.0,
        "source_plausibility": 0.5118,
        "ais_lat": 31.160398,
        "ais_lon": -81.499975,
        "vessel_source_distance_m": 9976.58,
        "ais_track_quality": "bracketed_interpolation",
        "gap_status": "177.0s",
        "compatibility_status": "COMPATIBLE",
        "source_hypothesis_id": "SH_0016",
        "source_slick_id": "CS_0092",
        "causal_precedence_status": "AT_RELEASE",
        "causal_precedence_score": 1.0,
        "causal_eligibility": true,
        "pre_release_evidence": true,
        "post_release_evidence": true,
        "source_age_plausibility": "HIGH",
        "source_age_score": 1.0,
        "source_age_explanation": "Hypothesized source age 4.0h is fully compatible with physical spreading and Lagrangian drift for area 0.0561 km\u00b2.",
        "causal_explanation": "Vessel observed within 44.0s of hypothesized release time.",
        "hypothesis_id": "4DH_0208",
        "feature_type": "hypothesized_release_location"
      }
    },
    {
      "type": "Feature",
      "id": "4DH_0208_displacement_vector",
      "geometry": {
        "type": "LineString",
        "coordinates": [
          [
            -81.499975,
            31.160398
          ],
          [
            -81.455612,
            31.079111
          ]
        ]
      },
      "properties": {
        "hypothesis_id": "4DH_0208",
        "candidate_id": "VC_0208",
        "mmsi": 369273000,
        "vessel_name": "ESCAPE PLAN",
        "vessel_source_distance_m": 9976.58,
        "feature_type": "vessel_to_source_vector"
      }
    },
    {
      "type": "Feature",
      "id": "4DH_0209_release_point",
      "geometry": {
        "type": "Point",
        "coordinates": [
          -81.455612,
          31.079111
        ]
      },
      "properties": {
        "candidate_id": "VC_0209",
        "mmsi": 538004697,
        "vessel_name": "EMERALD ACE",
        "imo": "IMO9539236",
        "vessel_type": "70.0",
        "release_lat": 31.079111,
        "release_lon": -81.455612,
        "release_timestamp": "2019-09-08T07:25:31.797740+00:00",
        "source_age_hours": 4.0,
        "source_plausibility": 0.5118,
        "ais_lat": 31.128683,
        "ais_lon": -81.518343,
        "vessel_source_distance_m": 8127.42,
        "ais_track_quality": "bracketed_interpolation",
        "gap_status": "180.0s",
        "compatibility_status": "COMPATIBLE",
        "source_hypothesis_id": "SH_0016",
        "source_slick_id": "CS_0092",
        "causal_precedence_status": "AT_RELEASE",
        "causal_precedence_score": 1.0,
        "causal_eligibility": true,
        "pre_release_evidence": true,
        "post_release_evidence": true,
        "source_age_plausibility": "HIGH",
        "source_age_score": 1.0,
        "source_age_explanation": "Hypothesized source age 4.0h is fully compatible with physical spreading and Lagrangian drift for area 0.0561 km\u00b2.",
        "causal_explanation": "Vessel observed within 20.0s of hypothesized release time.",
        "hypothesis_id": "4DH_0209",
        "feature_type": "hypothesized_release_location"
      }
    },
    {
      "type": "Feature",
      "id": "4DH_0209_displacement_vector",
      "geometry": {
        "type": "LineString",
        "coordinates": [
          [
            -81.518343,
            31.128683
          ],
          [
            -81.455612,
            31.079111
          ]
        ]
      },
      "properties": {
        "hypothesis_id": "4DH_0209",
        "candidate_id": "VC_0209",
        "mmsi": 538004697,
        "vessel_name": "EMERALD ACE",
        "vessel_source_distance_m": 8127.42,
        "feature_type": "vessel_to_source_vector"
      }
    },
    {
      "type": "Feature",
      "id": "4DH_0210_release_point",
      "geometry": {
        "type": "Point",
        "coordinates": [
          -81.455612,
          31.079111
        ]
      },
      "properties": {
        "candidate_id": "VC_0210",
        "mmsi": 538007762,
        "vessel_name": "UNKNOWN",
        "imo": "UNKNOWN",
        "vessel_type": "UNKNOWN",
        "release_lat": 31.079111,
        "release_lon": -81.455612,
        "release_timestamp": "2019-09-08T07:25:31.797740+00:00",
        "source_age_hours": 4.0,
        "source_plausibility": 0.5118,
        "ais_lat": 31.127487,
        "ais_lon": -81.403096,
        "vessel_source_distance_m": 7344.08,
        "ais_track_quality": "bracketed_interpolation",
        "gap_status": "90.0s",
        "compatibility_status": "COMPATIBLE",
        "source_hypothesis_id": "SH_0016",
        "source_slick_id": "CS_0092",
        "causal_precedence_status": "AT_RELEASE",
        "causal_precedence_score": 1.0,
        "causal_eligibility": true,
        "pre_release_evidence": true,
        "post_release_evidence": true,
        "source_age_plausibility": "HIGH",
        "source_age_score": 1.0,
        "source_age_explanation": "Hypothesized source age 4.0h is fully compatible with physical spreading and Lagrangian drift for area 0.0561 km\u00b2.",
        "causal_explanation": "Vessel observed within 32.0s of hypothesized release time.",
        "hypothesis_id": "4DH_0210",
        "feature_type": "hypothesized_release_location"
      }
    },
    {
      "type": "Feature",
      "id": "4DH_0210_displacement_vector",
      "geometry": {
        "type": "LineString",
        "coordinates": [
          [
            -81.403096,
            31.127487
          ],
          [
            -81.455612,
            31.079111
          ]
        ]
      },
      "properties": {
        "hypothesis_id": "4DH_0210",
        "candidate_id": "VC_0210",
        "mmsi": 538007762,
        "vessel_name": "UNKNOWN",
        "vessel_source_distance_m": 7344.08,
        "feature_type": "vessel_to_source_vector"
      }
    },
    {
      "type": "Feature",
      "id": "4DH_0211_release_point",
      "geometry": {
        "type": "Point",
        "coordinates": [
          -81.458345,
          31.074782
        ]
      },
      "properties": {
        "candidate_id": "VC_0211",
        "mmsi": 311828000,
        "vessel_name": "KUJAWY",
        "imo": "IMO9285029",
        "vessel_type": "70.0",
        "release_lat": 31.074782,
        "release_lon": -81.458345,
        "release_timestamp": "2019-09-08T05:25:31.797740+00:00",
        "source_age_hours": 6.0,
        "source_plausibility": 0.482,
        "ais_lat": 31.13155,
        "ais_lon": -81.49311,
        "vessel_source_distance_m": 7127.49,
        "ais_track_quality": "bracketed_interpolation",
        "gap_status": "180.0s",
        "compatibility_status": "COMPATIBLE",
        "source_hypothesis_id": "SH_0017",
        "source_slick_id": "CS_0092",
        "causal_precedence_status": "AT_RELEASE",
        "causal_precedence_score": 1.0,
        "causal_eligibility": true,
        "pre_release_evidence": true,
        "post_release_evidence": true,
        "source_age_plausibility": "HIGH",
        "source_age_score": 1.0,
        "source_age_explanation": "Hypothesized source age 6.0h is fully compatible with physical spreading and Lagrangian drift for area 0.0561 km\u00b2.",
        "causal_explanation": "Vessel observed within 35.0s of hypothesized release time.",
        "hypothesis_id": "4DH_0211",
        "feature_type": "hypothesized_release_location"
      }
    },
    {
      "type": "Feature",
      "id": "4DH_0211_displacement_vector",
      "geometry": {
        "type": "LineString",
        "coordinates": [
          [
            -81.49311,
            31.13155
          ],
          [
            -81.458345,
            31.074782
          ]
        ]
      },
      "properties": {
        "hypothesis_id": "4DH_0211",
        "candidate_id": "VC_0211",
        "mmsi": 311828000,
        "vessel_name": "KUJAWY",
        "vessel_source_distance_m": 7127.49,
        "feature_type": "vessel_to_source_vector"
      }
    },
    {
      "type": "Feature",
      "id": "4DH_0212_release_point",
      "geometry": {
        "type": "Point",
        "coordinates": [
          -81.458345,
          31.074782
        ]
      },
      "properties": {
        "candidate_id": "VC_0212",
        "mmsi": 338143506,
        "vessel_name": "MORNING SUN II",
        "imo": "UNKNOWN",
        "vessel_type": "37.0",
        "release_lat": 31.074782,
        "release_lon": -81.458345,
        "release_timestamp": "2019-09-08T05:25:31.797740+00:00",
        "source_age_hours": 6.0,
        "source_plausibility": 0.482,
        "ais_lat": 31.15969,
        "ais_lon": -81.49972,
        "vessel_source_distance_m": 10229.97,
        "ais_track_quality": "bracketed_interpolation",
        "gap_status": "359.0s",
        "compatibility_status": "COMPATIBLE",
        "source_hypothesis_id": "SH_0017",
        "source_slick_id": "CS_0092",
        "causal_precedence_status": "AT_RELEASE",
        "causal_precedence_score": 1.0,
        "causal_eligibility": true,
        "pre_release_evidence": true,
        "post_release_evidence": true,
        "source_age_plausibility": "HIGH",
        "source_age_score": 1.0,
        "source_age_explanation": "Hypothesized source age 6.0h is fully compatible with physical spreading and Lagrangian drift for area 0.0561 km\u00b2.",
        "causal_explanation": "Vessel observed within 85.0s of hypothesized release time.",
        "hypothesis_id": "4DH_0212",
        "feature_type": "hypothesized_release_location"
      }
    },
    {
      "type": "Feature",
      "id": "4DH_0212_displacement_vector",
      "geometry": {
        "type": "LineString",
        "coordinates": [
          [
            -81.49972,
            31.15969
          ],
          [
            -81.458345,
            31.074782
          ]
        ]
      },
      "properties": {
        "hypothesis_id": "4DH_0212",
        "candidate_id": "VC_0212",
        "mmsi": 338143506,
        "vessel_name": "MORNING SUN II",
        "vessel_source_distance_m": 10229.97,
        "feature_type": "vessel_to_source_vector"
      }
    },
    {
      "type": "Feature",
      "id": "4DH_0213_release_point",
      "geometry": {
        "type": "Point",
        "coordinates": [
          -81.458345,
          31.074782
        ]
      },
      "properties": {
        "candidate_id": "VC_0213",
        "mmsi": 338184094,
        "vessel_name": "DULCINEA",
        "imo": "UNKNOWN",
        "vessel_type": "37.0",
        "release_lat": 31.074782,
        "release_lon": -81.458345,
        "release_timestamp": "2019-09-08T05:25:31.797740+00:00",
        "source_age_hours": 6.0,
        "source_plausibility": 0.482,
        "ais_lat": 31.154998,
        "ais_lon": -81.49958,
        "vessel_source_distance_m": 9745.19,
        "ais_track_quality": "bracketed_interpolation",
        "gap_status": "177.0s",
        "compatibility_status": "COMPATIBLE",
        "source_hypothesis_id": "SH_0017",
        "source_slick_id": "CS_0092",
        "causal_precedence_status": "AT_RELEASE",
        "causal_precedence_score": 1.0,
        "causal_eligibility": true,
        "pre_release_evidence": true,
        "post_release_evidence": true,
        "source_age_plausibility": "HIGH",
        "source_age_score": 1.0,
        "source_age_explanation": "Hypothesized source age 6.0h is fully compatible with physical spreading and Lagrangian drift for area 0.0561 km\u00b2.",
        "causal_explanation": "Vessel observed within 29.0s of hypothesized release time.",
        "hypothesis_id": "4DH_0213",
        "feature_type": "hypothesized_release_location"
      }
    },
    {
      "type": "Feature",
      "id": "4DH_0213_displacement_vector",
      "geometry": {
        "type": "LineString",
        "coordinates": [
          [
            -81.49958,
            31.154998
          ],
          [
            -81.458345,
            31.074782
          ]
        ]
      },
      "properties": {
        "hypothesis_id": "4DH_0213",
        "candidate_id": "VC_0213",
        "mmsi": 338184094,
        "vessel_name": "DULCINEA",
        "vessel_source_distance_m": 9745.19,
        "feature_type": "vessel_to_source_vector"
      }
    },
    {
      "type": "Feature",
      "id": "4DH_0214_release_point",
      "geometry": {
        "type": "Point",
        "coordinates": [
          -81.458345,
          31.074782
        ]
      },
      "properties": {
        "candidate_id": "VC_0214",
        "mmsi": 339759000,
        "vessel_name": "REGALEC",
        "imo": "UNKNOWN",
        "vessel_type": "37.0",
        "release_lat": 31.074782,
        "release_lon": -81.458345,
        "release_timestamp": "2019-09-08T05:25:31.797740+00:00",
        "source_age_hours": 6.0,
        "source_plausibility": 0.482,
        "ais_lat": 31.157169,
        "ais_lon": -81.49974,
        "vessel_source_distance_m": 9972.61,
        "ais_track_quality": "bracketed_interpolation",
        "gap_status": "720.0s",
        "compatibility_status": "COMPATIBLE",
        "source_hypothesis_id": "SH_0017",
        "source_slick_id": "CS_0092",
        "causal_precedence_status": "AT_RELEASE",
        "causal_precedence_score": 1.0,
        "causal_eligibility": true,
        "pre_release_evidence": true,
        "post_release_evidence": true,
        "source_age_plausibility": "HIGH",
        "source_age_score": 1.0,
        "source_age_explanation": "Hypothesized source age 6.0h is fully compatible with physical spreading and Lagrangian drift for area 0.0561 km\u00b2.",
        "causal_explanation": "Vessel observed within 78.0s of hypothesized release time.",
        "hypothesis_id": "4DH_0214",
        "feature_type": "hypothesized_release_location"
      }
    },
    {
      "type": "Feature",
      "id": "4DH_0214_displacement_vector",
      "geometry": {
        "type": "LineString",
        "coordinates": [
          [
            -81.49974,
            31.157169
          ],
          [
            -81.458345,
            31.074782
          ]
        ]
      },
      "properties": {
        "hypothesis_id": "4DH_0214",
        "candidate_id": "VC_0214",
        "mmsi": 339759000,
        "vessel_name": "REGALEC",
        "vessel_source_distance_m": 9972.61,
        "feature_type": "vessel_to_source_vector"
      }
    },
    {
      "type": "Feature",
      "id": "4DH_0215_release_point",
      "geometry": {
        "type": "Point",
        "coordinates": [
          -81.458345,
          31.074782
        ]
      },
      "properties": {
        "candidate_id": "VC_0215",
        "mmsi": 367063030,
        "vessel_name": "EMERALD PRINCESS II",
        "imo": "IMO8993057",
        "vessel_type": "60.0",
        "release_lat": 31.074782,
        "release_lon": -81.458345,
        "release_timestamp": "2019-09-08T05:25:31.797740+00:00",
        "source_age_hours": 6.0,
        "source_plausibility": 0.482,
        "ais_lat": 31.1141,
        "ais_lon": -81.4884,
        "vessel_source_distance_m": 5225.31,
        "ais_track_quality": "bracketed_interpolation",
        "gap_status": "361.0s",
        "compatibility_status": "COMPATIBLE",
        "source_hypothesis_id": "SH_0017",
        "source_slick_id": "CS_0092",
        "causal_precedence_status": "AT_RELEASE",
        "causal_precedence_score": 1.0,
        "causal_eligibility": true,
        "pre_release_evidence": true,
        "post_release_evidence": true,
        "source_age_plausibility": "HIGH",
        "source_age_score": 1.0,
        "source_age_explanation": "Hypothesized source age 6.0h is fully compatible with physical spreading and Lagrangian drift for area 0.0561 km\u00b2.",
        "causal_explanation": "Vessel observed within 140.0s of hypothesized release time.",
        "hypothesis_id": "4DH_0215",
        "feature_type": "hypothesized_release_location"
      }
    },
    {
      "type": "Feature",
      "id": "4DH_0215_displacement_vector",
      "geometry": {
        "type": "LineString",
        "coordinates": [
          [
            -81.4884,
            31.1141
          ],
          [
            -81.458345,
            31.074782
          ]
        ]
      },
      "properties": {
        "hypothesis_id": "4DH_0215",
        "candidate_id": "VC_0215",
        "mmsi": 367063030,
        "vessel_name": "EMERALD PRINCESS II",
        "vessel_source_distance_m": 5225.31,
        "feature_type": "vessel_to_source_vector"
      }
    },
    {
      "type": "Feature",
      "id": "4DH_0216_release_point",
      "geometry": {
        "type": "Point",
        "coordinates": [
          -81.458345,
          31.074782
        ]
      },
      "properties": {
        "candidate_id": "VC_0216",
        "mmsi": 367094180,
        "vessel_name": "CHICORY",
        "imo": "UNKNOWN",
        "vessel_type": "37.0",
        "release_lat": 31.074782,
        "release_lon": -81.458345,
        "release_timestamp": "2019-09-08T05:25:31.797740+00:00",
        "source_age_hours": 6.0,
        "source_plausibility": 0.482,
        "ais_lat": 31.155018,
        "ais_lon": -81.499413,
        "vessel_source_distance_m": 9740.84,
        "ais_track_quality": "bracketed_interpolation",
        "gap_status": "181.0s",
        "compatibility_status": "COMPATIBLE",
        "source_hypothesis_id": "SH_0017",
        "source_slick_id": "CS_0092",
        "causal_precedence_status": "AT_RELEASE",
        "causal_precedence_score": 1.0,
        "causal_eligibility": true,
        "pre_release_evidence": true,
        "post_release_evidence": true,
        "source_age_plausibility": "HIGH",
        "source_age_score": 1.0,
        "source_age_explanation": "Hypothesized source age 6.0h is fully compatible with physical spreading and Lagrangian drift for area 0.0561 km\u00b2.",
        "causal_explanation": "Vessel observed within 30.0s of hypothesized release time.",
        "hypothesis_id": "4DH_0216",
        "feature_type": "hypothesized_release_location"
      }
    },
    {
      "type": "Feature",
      "id": "4DH_0216_displacement_vector",
      "geometry": {
        "type": "LineString",
        "coordinates": [
          [
            -81.499413,
            31.155018
          ],
          [
            -81.458345,
            31.074782
          ]
        ]
      },
      "properties": {
        "hypothesis_id": "4DH_0216",
        "candidate_id": "VC_0216",
        "mmsi": 367094180,
        "vessel_name": "CHICORY",
        "vessel_source_distance_m": 9740.84,
        "feature_type": "vessel_to_source_vector"
      }
    },
    {
      "type": "Feature",
      "id": "4DH_0217_release_point",
      "geometry": {
        "type": "Point",
        "coordinates": [
          -81.458345,
          31.074782
        ]
      },
      "properties": {
        "candidate_id": "VC_0217",
        "mmsi": 367157730,
        "vessel_name": "AESTIVAL",
        "imo": "UNKNOWN",
        "vessel_type": "37.0",
        "release_lat": 31.074782,
        "release_lon": -81.458345,
        "release_timestamp": "2019-09-08T05:25:31.797740+00:00",
        "source_age_hours": 6.0,
        "source_plausibility": 0.482,
        "ais_lat": 31.158241,
        "ais_lon": -81.499299,
        "vessel_source_distance_m": 10065.88,
        "ais_track_quality": "bracketed_interpolation",
        "gap_status": "180.0s",
        "compatibility_status": "COMPATIBLE",
        "source_hypothesis_id": "SH_0017",
        "source_slick_id": "CS_0092",
        "causal_precedence_status": "AT_RELEASE",
        "causal_precedence_score": 1.0,
        "causal_eligibility": true,
        "pre_release_evidence": true,
        "post_release_evidence": true,
        "source_age_plausibility": "HIGH",
        "source_age_score": 1.0,
        "source_age_explanation": "Hypothesized source age 6.0h is fully compatible with physical spreading and Lagrangian drift for area 0.0561 km\u00b2.",
        "causal_explanation": "Vessel observed within 12.0s of hypothesized release time.",
        "hypothesis_id": "4DH_0217",
        "feature_type": "hypothesized_release_location"
      }
    },
    {
      "type": "Feature",
      "id": "4DH_0217_displacement_vector",
      "geometry": {
        "type": "LineString",
        "coordinates": [
          [
            -81.499299,
            31.158241
          ],
          [
            -81.458345,
            31.074782
          ]
        ]
      },
      "properties": {
        "hypothesis_id": "4DH_0217",
        "candidate_id": "VC_0217",
        "mmsi": 367157730,
        "vessel_name": "AESTIVAL",
        "vessel_source_distance_m": 10065.88,
        "feature_type": "vessel_to_source_vector"
      }
    },
    {
      "type": "Feature",
      "id": "4DH_0218_release_point",
      "geometry": {
        "type": "Point",
        "coordinates": [
          -81.458345,
          31.074782
        ]
      },
      "properties": {
        "candidate_id": "VC_0218",
        "mmsi": 367305420,
        "vessel_name": "DOROTHY MORAN",
        "imo": "IMO7716995",
        "vessel_type": "31.0",
        "release_lat": 31.074782,
        "release_lon": -81.458345,
        "release_timestamp": "2019-09-08T05:25:31.797740+00:00",
        "source_age_hours": 6.0,
        "source_plausibility": 0.482,
        "ais_lat": 31.124495,
        "ais_lon": -81.508022,
        "vessel_source_distance_m": 7275.22,
        "ais_track_quality": "bracketed_interpolation",
        "gap_status": "80.0s",
        "compatibility_status": "COMPATIBLE",
        "source_hypothesis_id": "SH_0017",
        "source_slick_id": "CS_0092",
        "causal_precedence_status": "AT_RELEASE",
        "causal_precedence_score": 1.0,
        "causal_eligibility": true,
        "pre_release_evidence": true,
        "post_release_evidence": true,
        "source_age_plausibility": "HIGH",
        "source_age_score": 1.0,
        "source_age_explanation": "Hypothesized source age 6.0h is fully compatible with physical spreading and Lagrangian drift for area 0.0561 km\u00b2.",
        "causal_explanation": "Vessel observed within 37.0s of hypothesized release time.",
        "hypothesis_id": "4DH_0218",
        "feature_type": "hypothesized_release_location"
      }
    },
    {
      "type": "Feature",
      "id": "4DH_0218_displacement_vector",
      "geometry": {
        "type": "LineString",
        "coordinates": [
          [
            -81.508022,
            31.124495
          ],
          [
            -81.458345,
            31.074782
          ]
        ]
      },
      "properties": {
        "hypothesis_id": "4DH_0218",
        "candidate_id": "VC_0218",
        "mmsi": 367305420,
        "vessel_name": "DOROTHY MORAN",
        "vessel_source_distance_m": 7275.22,
        "feature_type": "vessel_to_source_vector"
      }
    },
    {
      "type": "Feature",
      "id": "4DH_0219_release_point",
      "geometry": {
        "type": "Point",
        "coordinates": [
          -81.458345,
          31.074782
        ]
      },
      "properties": {
        "candidate_id": "VC_0219",
        "mmsi": 367369550,
        "vessel_name": "ANN MORAN",
        "imo": "IMO7716983",
        "vessel_type": "31.0",
        "release_lat": 31.074782,
        "release_lon": -81.458345,
        "release_timestamp": "2019-09-08T05:25:31.797740+00:00",
        "source_age_hours": 6.0,
        "source_plausibility": 0.482,
        "ais_lat": 31.143112,
        "ais_lon": -81.49662,
        "vessel_source_distance_m": 8426.56,
        "ais_track_quality": "bracketed_interpolation",
        "gap_status": "70.0s",
        "compatibility_status": "COMPATIBLE",
        "source_hypothesis_id": "SH_0017",
        "source_slick_id": "CS_0092",
        "causal_precedence_status": "AT_RELEASE",
        "causal_precedence_score": 1.0,
        "causal_eligibility": true,
        "pre_release_evidence": true,
        "post_release_evidence": true,
        "source_age_plausibility": "HIGH",
        "source_age_score": 1.0,
        "source_age_explanation": "Hypothesized source age 6.0h is fully compatible with physical spreading and Lagrangian drift for area 0.0561 km\u00b2.",
        "causal_explanation": "Vessel observed within 15.0s of hypothesized release time.",
        "hypothesis_id": "4DH_0219",
        "feature_type": "hypothesized_release_location"
      }
    },
    {
      "type": "Feature",
      "id": "4DH_0219_displacement_vector",
      "geometry": {
        "type": "LineString",
        "coordinates": [
          [
            -81.49662,
            31.143112
          ],
          [
            -81.458345,
            31.074782
          ]
        ]
      },
      "properties": {
        "hypothesis_id": "4DH_0219",
        "candidate_id": "VC_0219",
        "mmsi": 367369550,
        "vessel_name": "ANN MORAN",
        "vessel_source_distance_m": 8426.56,
        "feature_type": "vessel_to_source_vector"
      }
    },
    {
      "type": "Feature",
      "id": "4DH_0220_release_point",
      "geometry": {
        "type": "Point",
        "coordinates": [
          -81.458345,
          31.074782
        ]
      },
      "properties": {
        "candidate_id": "VC_0220",
        "mmsi": 367458950,
        "vessel_name": "WYOMING WIND",
        "imo": "IMO0000000",
        "vessel_type": "36.0",
        "release_lat": 31.074782,
        "release_lon": -81.458345,
        "release_timestamp": "2019-09-08T05:25:31.797740+00:00",
        "source_age_hours": 6.0,
        "source_plausibility": 0.482,
        "ais_lat": 31.157041,
        "ais_lon": -81.49959,
        "vessel_source_distance_m": 9953.9,
        "ais_track_quality": "bracketed_interpolation",
        "gap_status": "183.0s",
        "compatibility_status": "COMPATIBLE",
        "source_hypothesis_id": "SH_0017",
        "source_slick_id": "CS_0092",
        "causal_precedence_status": "AT_RELEASE",
        "causal_precedence_score": 1.0,
        "causal_eligibility": true,
        "pre_release_evidence": true,
        "post_release_evidence": true,
        "source_age_plausibility": "HIGH",
        "source_age_score": 1.0,
        "source_age_explanation": "Hypothesized source age 6.0h is fully compatible with physical spreading and Lagrangian drift for area 0.0561 km\u00b2.",
        "causal_explanation": "Vessel observed within 26.0s of hypothesized release time.",
        "hypothesis_id": "4DH_0220",
        "feature_type": "hypothesized_release_location"
      }
    },
    {
      "type": "Feature",
      "id": "4DH_0220_displacement_vector",
      "geometry": {
        "type": "LineString",
        "coordinates": [
          [
            -81.49959,
            31.157041
          ],
          [
            -81.458345,
            31.074782
          ]
        ]
      },
      "properties": {
        "hypothesis_id": "4DH_0220",
        "candidate_id": "VC_0220",
        "mmsi": 367458950,
        "vessel_name": "WYOMING WIND",
        "vessel_source_distance_m": 9953.9,
        "feature_type": "vessel_to_source_vector"
      }
    },
    {
      "type": "Feature",
      "id": "4DH_0221_release_point",
      "geometry": {
        "type": "Point",
        "coordinates": [
          -81.458345,
          31.074782
        ]
      },
      "properties": {
        "candidate_id": "VC_0221",
        "mmsi": 367691290,
        "vessel_name": "MISS LEXY",
        "imo": "IMO8719530",
        "vessel_type": "30.0",
        "release_lat": 31.074782,
        "release_lon": -81.458345,
        "release_timestamp": "2019-09-08T05:25:31.797740+00:00",
        "source_age_hours": 6.0,
        "source_plausibility": 0.482,
        "ais_lat": 31.142129,
        "ais_lon": -81.496411,
        "vessel_source_distance_m": 8319.46,
        "ais_track_quality": "bracketed_interpolation",
        "gap_status": "120.0s",
        "compatibility_status": "COMPATIBLE",
        "source_hypothesis_id": "SH_0017",
        "source_slick_id": "CS_0092",
        "causal_precedence_status": "AT_RELEASE",
        "causal_precedence_score": 1.0,
        "causal_eligibility": true,
        "pre_release_evidence": true,
        "post_release_evidence": true,
        "source_age_plausibility": "HIGH",
        "source_age_score": 1.0,
        "source_age_explanation": "Hypothesized source age 6.0h is fully compatible with physical spreading and Lagrangian drift for area 0.0561 km\u00b2.",
        "causal_explanation": "Vessel observed within 8.0s of hypothesized release time.",
        "hypothesis_id": "4DH_0221",
        "feature_type": "hypothesized_release_location"
      }
    },
    {
      "type": "Feature",
      "id": "4DH_0221_displacement_vector",
      "geometry": {
        "type": "LineString",
        "coordinates": [
          [
            -81.496411,
            31.142129
          ],
          [
            -81.458345,
            31.074782
          ]
        ]
      },
      "properties": {
        "hypothesis_id": "4DH_0221",
        "candidate_id": "VC_0221",
        "mmsi": 367691290,
        "vessel_name": "MISS LEXY",
        "vessel_source_distance_m": 8319.46,
        "feature_type": "vessel_to_source_vector"
      }
    },
    {
      "type": "Feature",
      "id": "4DH_0222_release_point",
      "geometry": {
        "type": "Point",
        "coordinates": [
          -81.458345,
          31.074782
        ]
      },
      "properties": {
        "candidate_id": "VC_0222",
        "mmsi": 367753660,
        "vessel_name": "AQUAMARINE",
        "imo": "UNKNOWN",
        "vessel_type": "37.0",
        "release_lat": 31.074782,
        "release_lon": -81.458345,
        "release_timestamp": "2019-09-08T05:25:31.797740+00:00",
        "source_age_hours": 6.0,
        "source_plausibility": 0.482,
        "ais_lat": 31.1561,
        "ais_lon": -81.49924,
        "vessel_source_distance_m": 9844.62,
        "ais_track_quality": "bracketed_interpolation",
        "gap_status": "180.0s",
        "compatibility_status": "COMPATIBLE",
        "source_hypothesis_id": "SH_0017",
        "source_slick_id": "CS_0092",
        "causal_precedence_status": "AT_RELEASE",
        "causal_precedence_score": 1.0,
        "causal_eligibility": true,
        "pre_release_evidence": true,
        "post_release_evidence": true,
        "source_age_plausibility": "HIGH",
        "source_age_score": 1.0,
        "source_age_explanation": "Hypothesized source age 6.0h is fully compatible with physical spreading and Lagrangian drift for area 0.0561 km\u00b2.",
        "causal_explanation": "Vessel observed within 62.0s of hypothesized release time.",
        "hypothesis_id": "4DH_0222",
        "feature_type": "hypothesized_release_location"
      }
    },
    {
      "type": "Feature",
      "id": "4DH_0222_displacement_vector",
      "geometry": {
        "type": "LineString",
        "coordinates": [
          [
            -81.49924,
            31.1561
          ],
          [
            -81.458345,
            31.074782
          ]
        ]
      },
      "properties": {
        "hypothesis_id": "4DH_0222",
        "candidate_id": "VC_0222",
        "mmsi": 367753660,
        "vessel_name": "AQUAMARINE",
        "vessel_source_distance_m": 9844.62,
        "feature_type": "vessel_to_source_vector"
      }
    },
    {
      "type": "Feature",
      "id": "4DH_0223_release_point",
      "geometry": {
        "type": "Point",
        "coordinates": [
          -81.458345,
          31.074782
        ]
      },
      "properties": {
        "candidate_id": "VC_0223",
        "mmsi": 367762440,
        "vessel_name": "SILVER GIRL II",
        "imo": "UNKNOWN",
        "vessel_type": "37.0",
        "release_lat": 31.074782,
        "release_lon": -81.458345,
        "release_timestamp": "2019-09-08T05:25:31.797740+00:00",
        "source_age_hours": 6.0,
        "source_plausibility": 0.482,
        "ais_lat": 31.154138,
        "ais_lon": -81.4995,
        "vessel_source_distance_m": 9654.66,
        "ais_track_quality": "bracketed_interpolation",
        "gap_status": "361.0s",
        "compatibility_status": "COMPATIBLE",
        "source_hypothesis_id": "SH_0017",
        "source_slick_id": "CS_0092",
        "causal_precedence_status": "AT_RELEASE",
        "causal_precedence_score": 1.0,
        "causal_eligibility": true,
        "pre_release_evidence": true,
        "post_release_evidence": true,
        "source_age_plausibility": "HIGH",
        "source_age_score": 1.0,
        "source_age_explanation": "Hypothesized source age 6.0h is fully compatible with physical spreading and Lagrangian drift for area 0.0561 km\u00b2.",
        "causal_explanation": "Vessel observed within 137.0s of hypothesized release time.",
        "hypothesis_id": "4DH_0223",
        "feature_type": "hypothesized_release_location"
      }
    },
    {
      "type": "Feature",
      "id": "4DH_0223_displacement_vector",
      "geometry": {
        "type": "LineString",
        "coordinates": [
          [
            -81.4995,
            31.154138
          ],
          [
            -81.458345,
            31.074782
          ]
        ]
      },
      "properties": {
        "hypothesis_id": "4DH_0223",
        "candidate_id": "VC_0223",
        "mmsi": 367762440,
        "vessel_name": "SILVER GIRL II",
        "vessel_source_distance_m": 9654.66,
        "feature_type": "vessel_to_source_vector"
      }
    },
    {
      "type": "Feature",
      "id": "4DH_0224_release_point",
      "geometry": {
        "type": "Point",
        "coordinates": [
          -81.458345,
          31.074782
        ]
      },
      "properties": {
        "candidate_id": "VC_0224",
        "mmsi": 369201000,
        "vessel_name": "SALTY VIXEN",
        "imo": "UNKNOWN",
        "vessel_type": "37.0",
        "release_lat": 31.074782,
        "release_lon": -81.458345,
        "release_timestamp": "2019-09-08T05:25:31.797740+00:00",
        "source_age_hours": 6.0,
        "source_plausibility": 0.482,
        "ais_lat": 31.156702,
        "ais_lon": -81.49923,
        "vessel_source_distance_m": 9905.76,
        "ais_track_quality": "bracketed_interpolation",
        "gap_status": "178.0s",
        "compatibility_status": "COMPATIBLE",
        "source_hypothesis_id": "SH_0017",
        "source_slick_id": "CS_0092",
        "causal_precedence_status": "AT_RELEASE",
        "causal_precedence_score": 1.0,
        "causal_eligibility": true,
        "pre_release_evidence": true,
        "post_release_evidence": true,
        "source_age_plausibility": "HIGH",
        "source_age_score": 1.0,
        "source_age_explanation": "Hypothesized source age 6.0h is fully compatible with physical spreading and Lagrangian drift for area 0.0561 km\u00b2.",
        "causal_explanation": "Vessel observed within 82.0s of hypothesized release time.",
        "hypothesis_id": "4DH_0224",
        "feature_type": "hypothesized_release_location"
      }
    },
    {
      "type": "Feature",
      "id": "4DH_0224_displacement_vector",
      "geometry": {
        "type": "LineString",
        "coordinates": [
          [
            -81.49923,
            31.156702
          ],
          [
            -81.458345,
            31.074782
          ]
        ]
      },
      "properties": {
        "hypothesis_id": "4DH_0224",
        "candidate_id": "VC_0224",
        "mmsi": 369201000,
        "vessel_name": "SALTY VIXEN",
        "vessel_source_distance_m": 9905.76,
        "feature_type": "vessel_to_source_vector"
      }
    },
    {
      "type": "Feature",
      "id": "4DH_0225_release_point",
      "geometry": {
        "type": "Point",
        "coordinates": [
          -81.458345,
          31.074782
        ]
      },
      "properties": {
        "candidate_id": "VC_0225",
        "mmsi": 538007762,
        "vessel_name": "UNKNOWN",
        "imo": "UNKNOWN",
        "vessel_type": "UNKNOWN",
        "release_lat": 31.074782,
        "release_lon": -81.458345,
        "release_timestamp": "2019-09-08T05:25:31.797740+00:00",
        "source_age_hours": 6.0,
        "source_plausibility": 0.482,
        "ais_lat": 31.106123,
        "ais_lon": -81.442686,
        "vessel_source_distance_m": 3790.55,
        "ais_track_quality": "bracketed_interpolation",
        "gap_status": "69.0s",
        "compatibility_status": "COMPATIBLE",
        "source_hypothesis_id": "SH_0017",
        "source_slick_id": "CS_0092",
        "causal_precedence_status": "AT_RELEASE",
        "causal_precedence_score": 1.0,
        "causal_eligibility": true,
        "pre_release_evidence": true,
        "post_release_evidence": true,
        "source_age_plausibility": "HIGH",
        "source_age_score": 1.0,
        "source_age_explanation": "Hypothesized source age 6.0h is fully compatible with physical spreading and Lagrangian drift for area 0.0561 km\u00b2.",
        "causal_explanation": "Vessel observed within 28.0s of hypothesized release time.",
        "hypothesis_id": "4DH_0225",
        "feature_type": "hypothesized_release_location"
      }
    },
    {
      "type": "Feature",
      "id": "4DH_0225_displacement_vector",
      "geometry": {
        "type": "LineString",
        "coordinates": [
          [
            -81.442686,
            31.106123
          ],
          [
            -81.458345,
            31.074782
          ]
        ]
      },
      "properties": {
        "hypothesis_id": "4DH_0225",
        "candidate_id": "VC_0225",
        "mmsi": 538007762,
        "vessel_name": "UNKNOWN",
        "vessel_source_distance_m": 3790.55,
        "feature_type": "vessel_to_source_vector"
      }
    },
    {
      "type": "Feature",
      "id": "4DH_0226_release_point",
      "geometry": {
        "type": "Point",
        "coordinates": [
          -81.460067,
          31.068032
        ]
      },
      "properties": {
        "candidate_id": "VC_0226",
        "mmsi": 311828000,
        "vessel_name": "KUJAWY",
        "imo": "IMO9285029",
        "vessel_type": "70.0",
        "release_lat": 31.068032,
        "release_lon": -81.460067,
        "release_timestamp": "2019-09-08T03:25:31.797740+00:00",
        "source_age_hours": 8.0,
        "source_plausibility": 0.4539,
        "ais_lat": 31.13155,
        "ais_lon": -81.49311,
        "vessel_source_distance_m": 7731.9,
        "ais_track_quality": "bracketed_interpolation",
        "gap_status": "180.0s",
        "compatibility_status": "COMPATIBLE",
        "source_hypothesis_id": "SH_0018",
        "source_slick_id": "CS_0092",
        "causal_precedence_status": "AT_RELEASE",
        "causal_precedence_score": 1.0,
        "causal_eligibility": true,
        "pre_release_evidence": true,
        "post_release_evidence": true,
        "source_age_plausibility": "HIGH",
        "source_age_score": 1.0,
        "source_age_explanation": "Hypothesized source age 8.0h is fully compatible with physical spreading and Lagrangian drift for area 0.0561 km\u00b2.",
        "causal_explanation": "Vessel observed within 36.0s of hypothesized release time.",
        "hypothesis_id": "4DH_0226",
        "feature_type": "hypothesized_release_location"
      }
    },
    {
      "type": "Feature",
      "id": "4DH_0226_displacement_vector",
      "geometry": {
        "type": "LineString",
        "coordinates": [
          [
            -81.49311,
            31.13155
          ],
          [
            -81.460067,
            31.068032
          ]
        ]
      },
      "properties": {
        "hypothesis_id": "4DH_0226",
        "candidate_id": "VC_0226",
        "mmsi": 311828000,
        "vessel_name": "KUJAWY",
        "vessel_source_distance_m": 7731.9,
        "feature_type": "vessel_to_source_vector"
      }
    },
    {
      "type": "Feature",
      "id": "4DH_0227_release_point",
      "geometry": {
        "type": "Point",
        "coordinates": [
          -81.460067,
          31.068032
        ]
      },
      "properties": {
        "candidate_id": "VC_0227",
        "mmsi": 367305420,
        "vessel_name": "DOROTHY MORAN",
        "imo": "IMO7716995",
        "vessel_type": "31.0",
        "release_lat": 31.068032,
        "release_lon": -81.460067,
        "release_timestamp": "2019-09-08T03:25:31.797740+00:00",
        "source_age_hours": 8.0,
        "source_plausibility": 0.4539,
        "ais_lat": 31.14346,
        "ais_lon": -81.496775,
        "vessel_source_distance_m": 9086.21,
        "ais_track_quality": "bracketed_interpolation",
        "gap_status": "69.0s",
        "compatibility_status": "COMPATIBLE",
        "source_hypothesis_id": "SH_0018",
        "source_slick_id": "CS_0092",
        "causal_precedence_status": "AT_RELEASE",
        "causal_precedence_score": 1.0,
        "causal_eligibility": true,
        "pre_release_evidence": true,
        "post_release_evidence": true,
        "source_age_plausibility": "HIGH",
        "source_age_score": 1.0,
        "source_age_explanation": "Hypothesized source age 8.0h is fully compatible with physical spreading and Lagrangian drift for area 0.0561 km\u00b2.",
        "causal_explanation": "Vessel observed within 34.0s of hypothesized release time.",
        "hypothesis_id": "4DH_0227",
        "feature_type": "hypothesized_release_location"
      }
    },
    {
      "type": "Feature",
      "id": "4DH_0227_displacement_vector",
      "geometry": {
        "type": "LineString",
        "coordinates": [
          [
            -81.496775,
            31.14346
          ],
          [
            -81.460067,
            31.068032
          ]
        ]
      },
      "properties": {
        "hypothesis_id": "4DH_0227",
        "candidate_id": "VC_0227",
        "mmsi": 367305420,
        "vessel_name": "DOROTHY MORAN",
        "vessel_source_distance_m": 9086.21,
        "feature_type": "vessel_to_source_vector"
      }
    },
    {
      "type": "Feature",
      "id": "4DH_0228_release_point",
      "geometry": {
        "type": "Point",
        "coordinates": [
          -81.460067,
          31.068032
        ]
      },
      "properties": {
        "candidate_id": "VC_0228",
        "mmsi": 367369550,
        "vessel_name": "ANN MORAN",
        "imo": "IMO7716983",
        "vessel_type": "31.0",
        "release_lat": 31.068032,
        "release_lon": -81.460067,
        "release_timestamp": "2019-09-08T03:25:31.797740+00:00",
        "source_age_hours": 8.0,
        "source_plausibility": 0.4539,
        "ais_lat": 31.143094,
        "ais_lon": -81.496613,
        "vessel_source_distance_m": 9042.72,
        "ais_track_quality": "bracketed_interpolation",
        "gap_status": "150.0s",
        "compatibility_status": "COMPATIBLE",
        "source_hypothesis_id": "SH_0018",
        "source_slick_id": "CS_0092",
        "causal_precedence_status": "AT_RELEASE",
        "causal_precedence_score": 1.0,
        "causal_eligibility": true,
        "pre_release_evidence": true,
        "post_release_evidence": true,
        "source_age_plausibility": "HIGH",
        "source_age_score": 1.0,
        "source_age_explanation": "Hypothesized source age 8.0h is fully compatible with physical spreading and Lagrangian drift for area 0.0561 km\u00b2.",
        "causal_explanation": "Vessel observed within 46.0s of hypothesized release time.",
        "hypothesis_id": "4DH_0228",
        "feature_type": "hypothesized_release_location"
      }
    },
    {
      "type": "Feature",
      "id": "4DH_0228_displacement_vector",
      "geometry": {
        "type": "LineString",
        "coordinates": [
          [
            -81.496613,
            31.143094
          ],
          [
            -81.460067,
            31.068032
          ]
        ]
      },
      "properties": {
        "hypothesis_id": "4DH_0228",
        "candidate_id": "VC_0228",
        "mmsi": 367369550,
        "vessel_name": "ANN MORAN",
        "vessel_source_distance_m": 9042.72,
        "feature_type": "vessel_to_source_vector"
      }
    },
    {
      "type": "Feature",
      "id": "4DH_0229_release_point",
      "geometry": {
        "type": "Point",
        "coordinates": [
          -81.460067,
          31.068032
        ]
      },
      "properties": {
        "candidate_id": "VC_0229",
        "mmsi": 367691290,
        "vessel_name": "MISS LEXY",
        "imo": "IMO8719530",
        "vessel_type": "30.0",
        "release_lat": 31.068032,
        "release_lon": -81.460067,
        "release_timestamp": "2019-09-08T03:25:31.797740+00:00",
        "source_age_hours": 8.0,
        "source_plausibility": 0.4539,
        "ais_lat": 31.142091,
        "ais_lon": -81.496449,
        "vessel_source_distance_m": 8933.82,
        "ais_track_quality": "bracketed_interpolation",
        "gap_status": "62.0s",
        "compatibility_status": "COMPATIBLE",
        "source_hypothesis_id": "SH_0018",
        "source_slick_id": "CS_0092",
        "causal_precedence_status": "AT_RELEASE",
        "causal_precedence_score": 1.0,
        "causal_eligibility": true,
        "pre_release_evidence": true,
        "post_release_evidence": true,
        "source_age_plausibility": "HIGH",
        "source_age_score": 1.0,
        "source_age_explanation": "Hypothesized source age 8.0h is fully compatible with physical spreading and Lagrangian drift for area 0.0561 km\u00b2.",
        "causal_explanation": "Vessel observed within 2.0s of hypothesized release time.",
        "hypothesis_id": "4DH_0229",
        "feature_type": "hypothesized_release_location"
      }
    },
    {
      "type": "Feature",
      "id": "4DH_0229_displacement_vector",
      "geometry": {
        "type": "LineString",
        "coordinates": [
          [
            -81.496449,
            31.142091
          ],
          [
            -81.460067,
            31.068032
          ]
        ]
      },
      "properties": {
        "hypothesis_id": "4DH_0229",
        "candidate_id": "VC_0229",
        "mmsi": 367691290,
        "vessel_name": "MISS LEXY",
        "vessel_source_distance_m": 8933.82,
        "feature_type": "vessel_to_source_vector"
      }
    },
    {
      "type": "Feature",
      "id": "4DH_0230_release_point",
      "geometry": {
        "type": "Point",
        "coordinates": [
          -81.460067,
          31.068032
        ]
      },
      "properties": {
        "candidate_id": "VC_0230",
        "mmsi": 367762440,
        "vessel_name": "SILVER GIRL II",
        "imo": "UNKNOWN",
        "vessel_type": "37.0",
        "release_lat": 31.068032,
        "release_lon": -81.460067,
        "release_timestamp": "2019-09-08T03:25:31.797740+00:00",
        "source_age_hours": 8.0,
        "source_plausibility": 0.4539,
        "ais_lat": 31.154102,
        "ais_lon": -81.499515,
        "vessel_source_distance_m": 10281.01,
        "ais_track_quality": "bracketed_interpolation",
        "gap_status": "179.0s",
        "compatibility_status": "COMPATIBLE",
        "source_hypothesis_id": "SH_0018",
        "source_slick_id": "CS_0092",
        "causal_precedence_status": "AT_RELEASE",
        "causal_precedence_score": 1.0,
        "causal_eligibility": true,
        "pre_release_evidence": true,
        "post_release_evidence": true,
        "source_age_plausibility": "HIGH",
        "source_age_score": 1.0,
        "source_age_explanation": "Hypothesized source age 8.0h is fully compatible with physical spreading and Lagrangian drift for area 0.0561 km\u00b2.",
        "causal_explanation": "Vessel observed within 43.0s of hypothesized release time.",
        "hypothesis_id": "4DH_0230",
        "feature_type": "hypothesized_release_location"
      }
    },
    {
      "type": "Feature",
      "id": "4DH_0230_displacement_vector",
      "geometry": {
        "type": "LineString",
        "coordinates": [
          [
            -81.499515,
            31.154102
          ],
          [
            -81.460067,
            31.068032
          ]
        ]
      },
      "properties": {
        "hypothesis_id": "4DH_0230",
        "candidate_id": "VC_0230",
        "mmsi": 367762440,
        "vessel_name": "SILVER GIRL II",
        "vessel_source_distance_m": 10281.01,
        "feature_type": "vessel_to_source_vector"
      }
    },
    {
      "type": "Feature",
      "id": "4DH_0231_release_point",
      "geometry": {
        "type": "Point",
        "coordinates": [
          -81.460067,
          31.068032
        ]
      },
      "properties": {
        "candidate_id": "VC_0231",
        "mmsi": 538007762,
        "vessel_name": "UNKNOWN",
        "imo": "UNKNOWN",
        "vessel_type": "UNKNOWN",
        "release_lat": 31.068032,
        "release_lon": -81.460067,
        "release_timestamp": "2019-09-08T03:25:31.797740+00:00",
        "source_age_hours": 8.0,
        "source_plausibility": 0.4539,
        "ais_lat": 31.13095,
        "ais_lon": -81.53242,
        "vessel_source_distance_m": 9818.55,
        "ais_track_quality": "bracketed_interpolation",
        "gap_status": "176.0s",
        "compatibility_status": "COMPATIBLE",
        "source_hypothesis_id": "SH_0018",
        "source_slick_id": "CS_0092",
        "causal_precedence_status": "AT_RELEASE",
        "causal_precedence_score": 1.0,
        "causal_eligibility": true,
        "pre_release_evidence": true,
        "post_release_evidence": true,
        "source_age_plausibility": "HIGH",
        "source_age_score": 1.0,
        "source_age_explanation": "Hypothesized source age 8.0h is fully compatible with physical spreading and Lagrangian drift for area 0.0561 km\u00b2.",
        "causal_explanation": "Vessel observed within 3.0s of hypothesized release time.",
        "hypothesis_id": "4DH_0231",
        "feature_type": "hypothesized_release_location"
      }
    },
    {
      "type": "Feature",
      "id": "4DH_0231_displacement_vector",
      "geometry": {
        "type": "LineString",
        "coordinates": [
          [
            -81.53242,
            31.13095
          ],
          [
            -81.460067,
            31.068032
          ]
        ]
      },
      "properties": {
        "hypothesis_id": "4DH_0231",
        "candidate_id": "VC_0231",
        "mmsi": 538007762,
        "vessel_name": "UNKNOWN",
        "vessel_source_distance_m": 9818.55,
        "feature_type": "vessel_to_source_vector"
      }
    },
    {
      "type": "Feature",
      "id": "4DH_0232_release_point",
      "geometry": {
        "type": "Point",
        "coordinates": [
          -81.458279,
          31.054937
        ]
      },
      "properties": {
        "candidate_id": "VC_0232",
        "mmsi": 311828000,
        "vessel_name": "KUJAWY",
        "imo": "IMO9285029",
        "vessel_type": "70.0",
        "release_lat": 31.054937,
        "release_lon": -81.458279,
        "release_timestamp": "2019-09-07T23:25:31.797740+00:00",
        "source_age_hours": 12.0,
        "source_plausibility": 0.4026,
        "ais_lat": 31.13155,
        "ais_lon": -81.49312,
        "vessel_source_distance_m": 9142.16,
        "ais_track_quality": "bracketed_interpolation",
        "gap_status": "181.0s",
        "compatibility_status": "COMPATIBLE",
        "source_hypothesis_id": "SH_0019",
        "source_slick_id": "CS_0092",
        "causal_precedence_status": "AT_RELEASE",
        "causal_precedence_score": 1.0,
        "causal_eligibility": true,
        "pre_release_evidence": true,
        "post_release_evidence": true,
        "source_age_plausibility": "HIGH",
        "source_age_score": 1.0,
        "source_age_explanation": "Hypothesized source age 12.0h is fully compatible with physical spreading and Lagrangian drift for area 0.0561 km\u00b2.",
        "causal_explanation": "Vessel observed within 39.0s of hypothesized release time.",
        "hypothesis_id": "4DH_0232",
        "feature_type": "hypothesized_release_location"
      }
    },
    {
      "type": "Feature",
      "id": "4DH_0232_displacement_vector",
      "geometry": {
        "type": "LineString",
        "coordinates": [
          [
            -81.49312,
            31.13155
          ],
          [
            -81.458279,
            31.054937
          ]
        ]
      },
      "properties": {
        "hypothesis_id": "4DH_0232",
        "candidate_id": "VC_0232",
        "mmsi": 311828000,
        "vessel_name": "KUJAWY",
        "vessel_source_distance_m": 9142.16,
        "feature_type": "vessel_to_source_vector"
      }
    },
    {
      "type": "Feature",
      "id": "4DH_0233_release_point",
      "geometry": {
        "type": "Point",
        "coordinates": [
          -81.458279,
          31.054937
        ]
      },
      "properties": {
        "candidate_id": "VC_0233",
        "mmsi": 367063030,
        "vessel_name": "EMERALD PRINCESS II",
        "imo": "IMO8993057",
        "vessel_type": "60.0",
        "release_lat": 31.054937,
        "release_lon": -81.458279,
        "release_timestamp": "2019-09-07T23:25:31.797740+00:00",
        "source_age_hours": 12.0,
        "source_plausibility": 0.4026,
        "ais_lat": 31.113826,
        "ais_lon": -81.486967,
        "vessel_source_distance_m": 7095.19,
        "ais_track_quality": "bracketed_interpolation",
        "gap_status": "120.0s",
        "compatibility_status": "COMPATIBLE",
        "source_hypothesis_id": "SH_0019",
        "source_slick_id": "CS_0092",
        "causal_precedence_status": "AT_RELEASE",
        "causal_precedence_score": 1.0,
        "causal_eligibility": true,
        "pre_release_evidence": true,
        "post_release_evidence": true,
        "source_age_plausibility": "HIGH",
        "source_age_score": 1.0,
        "source_age_explanation": "Hypothesized source age 12.0h is fully compatible with physical spreading and Lagrangian drift for area 0.0561 km\u00b2.",
        "causal_explanation": "Vessel observed within 28.0s of hypothesized release time.",
        "hypothesis_id": "4DH_0233",
        "feature_type": "hypothesized_release_location"
      }
    },
    {
      "type": "Feature",
      "id": "4DH_0233_displacement_vector",
      "geometry": {
        "type": "LineString",
        "coordinates": [
          [
            -81.486967,
            31.113826
          ],
          [
            -81.458279,
            31.054937
          ]
        ]
      },
      "properties": {
        "hypothesis_id": "4DH_0233",
        "candidate_id": "VC_0233",
        "mmsi": 367063030,
        "vessel_name": "EMERALD PRINCESS II",
        "vessel_source_distance_m": 7095.19,
        "feature_type": "vessel_to_source_vector"
      }
    },
    {
      "type": "Feature",
      "id": "4DH_0234_release_point",
      "geometry": {
        "type": "Point",
        "coordinates": [
          -81.458279,
          31.054937
        ]
      },
      "properties": {
        "candidate_id": "VC_0234",
        "mmsi": 367691290,
        "vessel_name": "MISS LEXY",
        "imo": "IMO8719530",
        "vessel_type": "30.0",
        "release_lat": 31.054937,
        "release_lon": -81.458279,
        "release_timestamp": "2019-09-07T23:25:31.797740+00:00",
        "source_age_hours": 12.0,
        "source_plausibility": 0.4026,
        "ais_lat": 31.142126,
        "ais_lon": -81.496454,
        "vessel_source_distance_m": 10353.95,
        "ais_track_quality": "bracketed_interpolation",
        "gap_status": "139.0s",
        "compatibility_status": "COMPATIBLE",
        "source_hypothesis_id": "SH_0019",
        "source_slick_id": "CS_0092",
        "causal_precedence_status": "AT_RELEASE",
        "causal_precedence_score": 1.0,
        "causal_eligibility": true,
        "pre_release_evidence": true,
        "post_release_evidence": true,
        "source_age_plausibility": "HIGH",
        "source_age_score": 1.0,
        "source_age_explanation": "Hypothesized source age 12.0h is fully compatible with physical spreading and Lagrangian drift for area 0.0561 km\u00b2.",
        "causal_explanation": "Vessel observed within 60.0s of hypothesized release time.",
        "hypothesis_id": "4DH_0234",
        "feature_type": "hypothesized_release_location"
      }
    },
    {
      "type": "Feature",
      "id": "4DH_0234_displacement_vector",
      "geometry": {
        "type": "LineString",
        "coordinates": [
          [
            -81.496454,
            31.142126
          ],
          [
            -81.458279,
            31.054937
          ]
        ]
      },
      "properties": {
        "hypothesis_id": "4DH_0234",
        "candidate_id": "VC_0234",
        "mmsi": 367691290,
        "vessel_name": "MISS LEXY",
        "vessel_source_distance_m": 10353.95,
        "feature_type": "vessel_to_source_vector"
      }
    },
    {
      "type": "Feature",
      "id": "4DH_0235_release_point",
      "geometry": {
        "type": "Point",
        "coordinates": [
          -81.43823,
          31.034819
        ]
      },
      "properties": {
        "candidate_id": "VC_0235",
        "mmsi": 338182224,
        "vessel_name": "SEA SALT",
        "imo": "UNKNOWN",
        "vessel_type": "37.0",
        "release_lat": 31.034819,
        "release_lon": -81.43823,
        "release_timestamp": "2019-09-07T17:25:31.797740+00:00",
        "source_age_hours": 18.0,
        "source_plausibility": 0.3362,
        "ais_lat": 31.057772,
        "ais_lon": -81.42471,
        "vessel_source_distance_m": 2858.84,
        "ais_track_quality": "bracketed_interpolation",
        "gap_status": "90.0s",
        "compatibility_status": "COMPATIBLE",
        "source_hypothesis_id": "SH_0020",
        "source_slick_id": "CS_0092",
        "causal_precedence_status": "AT_RELEASE",
        "causal_precedence_score": 1.0,
        "causal_eligibility": true,
        "pre_release_evidence": true,
        "post_release_evidence": true,
        "source_age_plausibility": "HIGH",
        "source_age_score": 1.0,
        "source_age_explanation": "Hypothesized source age 18.0h is fully compatible with physical spreading and Lagrangian drift for area 0.0561 km\u00b2.",
        "causal_explanation": "Vessel observed within 29.0s of hypothesized release time.",
        "hypothesis_id": "4DH_0235",
        "feature_type": "hypothesized_release_location"
      }
    },
    {
      "type": "Feature",
      "id": "4DH_0235_displacement_vector",
      "geometry": {
        "type": "LineString",
        "coordinates": [
          [
            -81.42471,
            31.057772
          ],
          [
            -81.43823,
            31.034819
          ]
        ]
      },
      "properties": {
        "hypothesis_id": "4DH_0235",
        "candidate_id": "VC_0235",
        "mmsi": 338182224,
        "vessel_name": "SEA SALT",
        "vessel_source_distance_m": 2858.84,
        "feature_type": "vessel_to_source_vector"
      }
    },
    {
      "type": "Feature",
      "id": "4DH_0236_release_point",
      "geometry": {
        "type": "Point",
        "coordinates": [
          -81.43823,
          31.034819
        ]
      },
      "properties": {
        "candidate_id": "VC_0236",
        "mmsi": 369970979,
        "vessel_name": "S3005 NRT1",
        "imo": "IMO0000000",
        "vessel_type": "33.0",
        "release_lat": 31.034819,
        "release_lon": -81.43823,
        "release_timestamp": "2019-09-07T17:25:31.797740+00:00",
        "source_age_hours": 18.0,
        "source_plausibility": 0.3362,
        "ais_lat": 31.103441,
        "ais_lon": -81.450787,
        "vessel_source_distance_m": 7723.58,
        "ais_track_quality": "bracketed_interpolation",
        "gap_status": "209.0s",
        "compatibility_status": "COMPATIBLE",
        "source_hypothesis_id": "SH_0020",
        "source_slick_id": "CS_0092",
        "causal_precedence_status": "AT_RELEASE",
        "causal_precedence_score": 1.0,
        "causal_eligibility": true,
        "pre_release_evidence": true,
        "post_release_evidence": true,
        "source_age_plausibility": "HIGH",
        "source_age_score": 1.0,
        "source_age_explanation": "Hypothesized source age 18.0h is fully compatible with physical spreading and Lagrangian drift for area 0.0561 km\u00b2.",
        "causal_explanation": "Vessel observed within 46.0s of hypothesized release time.",
        "hypothesis_id": "4DH_0236",
        "feature_type": "hypothesized_release_location"
      }
    },
    {
      "type": "Feature",
      "id": "4DH_0236_displacement_vector",
      "geometry": {
        "type": "LineString",
        "coordinates": [
          [
            -81.450787,
            31.103441
          ],
          [
            -81.43823,
            31.034819
          ]
        ]
      },
      "properties": {
        "hypothesis_id": "4DH_0236",
        "candidate_id": "VC_0236",
        "mmsi": 369970979,
        "vessel_name": "S3005 NRT1",
        "vessel_source_distance_m": 7723.58,
        "feature_type": "vessel_to_source_vector"
      }
    },
    {
      "type": "Feature",
      "id": "4DH_0237_release_point",
      "geometry": {
        "type": "Point",
        "coordinates": [
          -81.404052,
          31.062942
        ]
      },
      "properties": {
        "candidate_id": "VC_0237",
        "mmsi": 338102856,
        "vessel_name": "RESPONDER",
        "imo": "UNKNOWN",
        "vessel_type": "31.0",
        "release_lat": 31.062942,
        "release_lon": -81.404052,
        "release_timestamp": "2019-09-08T09:25:31.797740+00:00",
        "source_age_hours": 2.0,
        "source_plausibility": 0.5782,
        "ais_lat": 31.127014,
        "ais_lon": -81.40362,
        "vessel_source_distance_m": 7124.6,
        "ais_track_quality": "bracketed_interpolation",
        "gap_status": "111.0s",
        "compatibility_status": "COMPATIBLE",
        "source_hypothesis_id": "SH_0022",
        "source_slick_id": "CS_0114",
        "causal_precedence_status": "AT_RELEASE",
        "causal_precedence_score": 1.0,
        "causal_eligibility": true,
        "pre_release_evidence": true,
        "post_release_evidence": true,
        "source_age_plausibility": "LOW",
        "source_age_score": 0.35,
        "source_age_explanation": "Hypothesized source age 2.0h is unphysically young for an observed slick area of 0.0860 km\u00b2 (estimated physical spreading time \u2265 4.4h).",
        "causal_explanation": "Vessel observed within 25.0s of hypothesized release time.",
        "hypothesis_id": "4DH_0237",
        "feature_type": "hypothesized_release_location"
      }
    },
    {
      "type": "Feature",
      "id": "4DH_0237_displacement_vector",
      "geometry": {
        "type": "LineString",
        "coordinates": [
          [
            -81.40362,
            31.127014
          ],
          [
            -81.404052,
            31.062942
          ]
        ]
      },
      "properties": {
        "hypothesis_id": "4DH_0237",
        "candidate_id": "VC_0237",
        "mmsi": 338102856,
        "vessel_name": "RESPONDER",
        "vessel_source_distance_m": 7124.6,
        "feature_type": "vessel_to_source_vector"
      }
    },
    {
      "type": "Feature",
      "id": "4DH_0238_release_point",
      "geometry": {
        "type": "Point",
        "coordinates": [
          -81.404052,
          31.062942
        ]
      },
      "properties": {
        "candidate_id": "VC_0238",
        "mmsi": 338102861,
        "vessel_name": "RECOVERY",
        "imo": "UNKNOWN",
        "vessel_type": "90.0",
        "release_lat": 31.062942,
        "release_lon": -81.404052,
        "release_timestamp": "2019-09-08T09:25:31.797740+00:00",
        "source_age_hours": 2.0,
        "source_plausibility": 0.5782,
        "ais_lat": 31.128411,
        "ais_lon": -81.401985,
        "vessel_source_distance_m": 7282.48,
        "ais_track_quality": "bracketed_interpolation",
        "gap_status": "72.0s",
        "compatibility_status": "COMPATIBLE",
        "source_hypothesis_id": "SH_0022",
        "source_slick_id": "CS_0114",
        "causal_precedence_status": "AT_RELEASE",
        "causal_precedence_score": 1.0,
        "causal_eligibility": true,
        "pre_release_evidence": true,
        "post_release_evidence": true,
        "source_age_plausibility": "LOW",
        "source_age_score": 0.35,
        "source_age_explanation": "Hypothesized source age 2.0h is unphysically young for an observed slick area of 0.0860 km\u00b2 (estimated physical spreading time \u2265 4.4h).",
        "causal_explanation": "Vessel observed within 35.0s of hypothesized release time.",
        "hypothesis_id": "4DH_0238",
        "feature_type": "hypothesized_release_location"
      }
    },
    {
      "type": "Feature",
      "id": "4DH_0238_displacement_vector",
      "geometry": {
        "type": "LineString",
        "coordinates": [
          [
            -81.401985,
            31.128411
          ],
          [
            -81.404052,
            31.062942
          ]
        ]
      },
      "properties": {
        "hypothesis_id": "4DH_0238",
        "candidate_id": "VC_0238",
        "mmsi": 338102861,
        "vessel_name": "RECOVERY",
        "vessel_source_distance_m": 7282.48,
        "feature_type": "vessel_to_source_vector"
      }
    },
    {
      "type": "Feature",
      "id": "4DH_0239_release_point",
      "geometry": {
        "type": "Point",
        "coordinates": [
          -81.404052,
          31.062942
        ]
      },
      "properties": {
        "candidate_id": "VC_0239",
        "mmsi": 338235704,
        "vessel_name": "BRUNSWICK",
        "imo": "IMO0000000",
        "vessel_type": "50.0",
        "release_lat": 31.062942,
        "release_lon": -81.404052,
        "release_timestamp": "2019-09-08T09:25:31.797740+00:00",
        "source_age_hours": 2.0,
        "source_plausibility": 0.5782,
        "ais_lat": 31.127413,
        "ais_lon": -81.402043,
        "vessel_source_distance_m": 7171.4,
        "ais_track_quality": "bracketed_interpolation",
        "gap_status": "149.0s",
        "compatibility_status": "COMPATIBLE",
        "source_hypothesis_id": "SH_0022",
        "source_slick_id": "CS_0114",
        "causal_precedence_status": "AT_RELEASE",
        "causal_precedence_score": 1.0,
        "causal_eligibility": true,
        "pre_release_evidence": true,
        "post_release_evidence": true,
        "source_age_plausibility": "LOW",
        "source_age_score": 0.35,
        "source_age_explanation": "Hypothesized source age 2.0h is unphysically young for an observed slick area of 0.0860 km\u00b2 (estimated physical spreading time \u2265 4.4h).",
        "causal_explanation": "Vessel observed within 49.0s of hypothesized release time.",
        "hypothesis_id": "4DH_0239",
        "feature_type": "hypothesized_release_location"
      }
    },
    {
      "type": "Feature",
      "id": "4DH_0239_displacement_vector",
      "geometry": {
        "type": "LineString",
        "coordinates": [
          [
            -81.402043,
            31.127413
          ],
          [
            -81.404052,
            31.062942
          ]
        ]
      },
      "properties": {
        "hypothesis_id": "4DH_0239",
        "candidate_id": "VC_0239",
        "mmsi": 338235704,
        "vessel_name": "BRUNSWICK",
        "vessel_source_distance_m": 7171.4,
        "feature_type": "vessel_to_source_vector"
      }
    },
    {
      "type": "Feature",
      "id": "4DH_0240_release_point",
      "geometry": {
        "type": "Point",
        "coordinates": [
          -81.404052,
          31.062942
        ]
      },
      "properties": {
        "candidate_id": "VC_0240",
        "mmsi": 367063030,
        "vessel_name": "EMERALD PRINCESS II",
        "imo": "IMO8993057",
        "vessel_type": "60.0",
        "release_lat": 31.062942,
        "release_lon": -81.404052,
        "release_timestamp": "2019-09-08T09:25:31.797740+00:00",
        "source_age_hours": 2.0,
        "source_plausibility": 0.5782,
        "ais_lat": 31.11411,
        "ais_lon": -81.488406,
        "vessel_source_distance_m": 9843.44,
        "ais_track_quality": "bracketed_interpolation",
        "gap_status": "359.0s",
        "compatibility_status": "COMPATIBLE",
        "source_hypothesis_id": "SH_0022",
        "source_slick_id": "CS_0114",
        "causal_precedence_status": "AT_RELEASE",
        "causal_precedence_score": 1.0,
        "causal_eligibility": true,
        "pre_release_evidence": true,
        "post_release_evidence": true,
        "source_age_plausibility": "LOW",
        "source_age_score": 0.35,
        "source_age_explanation": "Hypothesized source age 2.0h is unphysically young for an observed slick area of 0.0860 km\u00b2 (estimated physical spreading time \u2265 4.4h).",
        "causal_explanation": "Vessel observed within 139.0s of hypothesized release time.",
        "hypothesis_id": "4DH_0240",
        "feature_type": "hypothesized_release_location"
      }
    },
    {
      "type": "Feature",
      "id": "4DH_0240_displacement_vector",
      "geometry": {
        "type": "LineString",
        "coordinates": [
          [
            -81.488406,
            31.11411
          ],
          [
            -81.404052,
            31.062942
          ]
        ]
      },
      "properties": {
        "hypothesis_id": "4DH_0240",
        "candidate_id": "VC_0240",
        "mmsi": 367063030,
        "vessel_name": "EMERALD PRINCESS II",
        "vessel_source_distance_m": 9843.44,
        "feature_type": "vessel_to_source_vector"
      }
    },
    {
      "type": "Feature",
      "id": "4DH_0241_release_point",
      "geometry": {
        "type": "Point",
        "coordinates": [
          -81.404052,
          31.062942
        ]
      },
      "properties": {
        "candidate_id": "VC_0241",
        "mmsi": 367305420,
        "vessel_name": "DOROTHY MORAN",
        "imo": "IMO7716995",
        "vessel_type": "31.0",
        "release_lat": 31.062942,
        "release_lon": -81.404052,
        "release_timestamp": "2019-09-08T09:25:31.797740+00:00",
        "source_age_hours": 2.0,
        "source_plausibility": 0.5782,
        "ais_lat": 31.128348,
        "ais_lon": -81.403732,
        "vessel_source_distance_m": 7272.88,
        "ais_track_quality": "bracketed_interpolation",
        "gap_status": "72.0s",
        "compatibility_status": "COMPATIBLE",
        "source_hypothesis_id": "SH_0022",
        "source_slick_id": "CS_0114",
        "causal_precedence_status": "AT_RELEASE",
        "causal_precedence_score": 1.0,
        "causal_eligibility": true,
        "pre_release_evidence": true,
        "post_release_evidence": true,
        "source_age_plausibility": "LOW",
        "source_age_score": 0.35,
        "source_age_explanation": "Hypothesized source age 2.0h is unphysically young for an observed slick area of 0.0860 km\u00b2 (estimated physical spreading time \u2265 4.4h).",
        "causal_explanation": "Vessel observed within 17.0s of hypothesized release time.",
        "hypothesis_id": "4DH_0241",
        "feature_type": "hypothesized_release_location"
      }
    },
    {
      "type": "Feature",
      "id": "4DH_0241_displacement_vector",
      "geometry": {
        "type": "LineString",
        "coordinates": [
          [
            -81.403732,
            31.128348
          ],
          [
            -81.404052,
            31.062942
          ]
        ]
      },
      "properties": {
        "hypothesis_id": "4DH_0241",
        "candidate_id": "VC_0241",
        "mmsi": 367305420,
        "vessel_name": "DOROTHY MORAN",
        "vessel_source_distance_m": 7272.88,
        "feature_type": "vessel_to_source_vector"
      }
    },
    {
      "type": "Feature",
      "id": "4DH_0242_release_point",
      "geometry": {
        "type": "Point",
        "coordinates": [
          -81.404052,
          31.062942
        ]
      },
      "properties": {
        "candidate_id": "VC_0242",
        "mmsi": 367369550,
        "vessel_name": "ANN MORAN",
        "imo": "IMO7716983",
        "vessel_type": "31.0",
        "release_lat": 31.062942,
        "release_lon": -81.404052,
        "release_timestamp": "2019-09-08T09:25:31.797740+00:00",
        "source_age_hours": 2.0,
        "source_plausibility": 0.5782,
        "ais_lat": 31.128737,
        "ais_lon": -81.404293,
        "vessel_source_distance_m": 7316.11,
        "ais_track_quality": "bracketed_interpolation",
        "gap_status": "70.0s",
        "compatibility_status": "COMPATIBLE",
        "source_hypothesis_id": "SH_0022",
        "source_slick_id": "CS_0114",
        "causal_precedence_status": "AT_RELEASE",
        "causal_precedence_score": 1.0,
        "causal_eligibility": true,
        "pre_release_evidence": true,
        "post_release_evidence": true,
        "source_age_plausibility": "LOW",
        "source_age_score": 0.35,
        "source_age_explanation": "Hypothesized source age 2.0h is unphysically young for an observed slick area of 0.0860 km\u00b2 (estimated physical spreading time \u2265 4.4h).",
        "causal_explanation": "Vessel observed within 24.0s of hypothesized release time.",
        "hypothesis_id": "4DH_0242",
        "feature_type": "hypothesized_release_location"
      }
    },
    {
      "type": "Feature",
      "id": "4DH_0242_displacement_vector",
      "geometry": {
        "type": "LineString",
        "coordinates": [
          [
            -81.404293,
            31.128737
          ],
          [
            -81.404052,
            31.062942
          ]
        ]
      },
      "properties": {
        "hypothesis_id": "4DH_0242",
        "candidate_id": "VC_0242",
        "mmsi": 367369550,
        "vessel_name": "ANN MORAN",
        "vessel_source_distance_m": 7316.11,
        "feature_type": "vessel_to_source_vector"
      }
    },
    {
      "type": "Feature",
      "id": "4DH_0243_release_point",
      "geometry": {
        "type": "Point",
        "coordinates": [
          -81.404052,
          31.062942
        ]
      },
      "properties": {
        "candidate_id": "VC_0243",
        "mmsi": 538007762,
        "vessel_name": "UNKNOWN",
        "imo": "UNKNOWN",
        "vessel_type": "UNKNOWN",
        "release_lat": 31.062942,
        "release_lon": -81.404052,
        "release_timestamp": "2019-09-08T09:25:31.797740+00:00",
        "source_age_hours": 2.0,
        "source_plausibility": 0.5782,
        "ais_lat": 31.127525,
        "ais_lon": -81.403057,
        "vessel_source_distance_m": 7181.93,
        "ais_track_quality": "bracketed_interpolation",
        "gap_status": "91.0s",
        "compatibility_status": "COMPATIBLE",
        "source_hypothesis_id": "SH_0022",
        "source_slick_id": "CS_0114",
        "causal_precedence_status": "AT_RELEASE",
        "causal_precedence_score": 1.0,
        "causal_eligibility": true,
        "pre_release_evidence": true,
        "post_release_evidence": true,
        "source_age_plausibility": "LOW",
        "source_age_score": 0.35,
        "source_age_explanation": "Hypothesized source age 2.0h is unphysically young for an observed slick area of 0.0860 km\u00b2 (estimated physical spreading time \u2265 4.4h).",
        "causal_explanation": "Vessel observed within 22.0s of hypothesized release time.",
        "hypothesis_id": "4DH_0243",
        "feature_type": "hypothesized_release_location"
      }
    },
    {
      "type": "Feature",
      "id": "4DH_0243_displacement_vector",
      "geometry": {
        "type": "LineString",
        "coordinates": [
          [
            -81.403057,
            31.127525
          ],
          [
            -81.404052,
            31.062942
          ]
        ]
      },
      "properties": {
        "hypothesis_id": "4DH_0243",
        "candidate_id": "VC_0243",
        "mmsi": 538007762,
        "vessel_name": "UNKNOWN",
        "vessel_source_distance_m": 7181.93,
        "feature_type": "vessel_to_source_vector"
      }
    },
    {
      "type": "Feature",
      "id": "4DH_0244_release_point",
      "geometry": {
        "type": "Point",
        "coordinates": [
          -81.407424,
          31.057201
        ]
      },
      "properties": {
        "candidate_id": "VC_0244",
        "mmsi": 338102856,
        "vessel_name": "RESPONDER",
        "imo": "UNKNOWN",
        "vessel_type": "31.0",
        "release_lat": 31.057201,
        "release_lon": -81.407424,
        "release_timestamp": "2019-09-08T07:25:31.797740+00:00",
        "source_age_hours": 4.0,
        "source_plausibility": 0.5446,
        "ais_lat": 31.128275,
        "ais_lon": -81.403426,
        "vessel_source_distance_m": 7912.23,
        "ais_track_quality": "bracketed_interpolation",
        "gap_status": "70.0s",
        "compatibility_status": "COMPATIBLE",
        "source_hypothesis_id": "SH_0023",
        "source_slick_id": "CS_0114",
        "causal_precedence_status": "AT_RELEASE",
        "causal_precedence_score": 1.0,
        "causal_eligibility": true,
        "pre_release_evidence": true,
        "post_release_evidence": true,
        "source_age_plausibility": "MEDIUM",
        "source_age_score": 0.75,
        "source_age_explanation": "Hypothesized source age 4.0h is on the lower boundary of physical spreading for area 0.0860 km\u00b2 (nominal minimum 4.4h).",
        "causal_explanation": "Vessel observed within 16.0s of hypothesized release time.",
        "hypothesis_id": "4DH_0244",
        "feature_type": "hypothesized_release_location"
      }
    },
    {
      "type": "Feature",
      "id": "4DH_0244_displacement_vector",
      "geometry": {
        "type": "LineString",
        "coordinates": [
          [
            -81.403426,
            31.128275
          ],
          [
            -81.407424,
            31.057201
          ]
        ]
      },
      "properties": {
        "hypothesis_id": "4DH_0244",
        "candidate_id": "VC_0244",
        "mmsi": 338102856,
        "vessel_name": "RESPONDER",
        "vessel_source_distance_m": 7912.23,
        "feature_type": "vessel_to_source_vector"
      }
    },
    {
      "type": "Feature",
      "id": "4DH_0245_release_point",
      "geometry": {
        "type": "Point",
        "coordinates": [
          -81.407424,
          31.057201
        ]
      },
      "properties": {
        "candidate_id": "VC_0245",
        "mmsi": 338102861,
        "vessel_name": "RECOVERY",
        "imo": "UNKNOWN",
        "vessel_type": "90.0",
        "release_lat": 31.057201,
        "release_lon": -81.407424,
        "release_timestamp": "2019-09-08T07:25:31.797740+00:00",
        "source_age_hours": 4.0,
        "source_plausibility": 0.5446,
        "ais_lat": 31.12758,
        "ais_lon": -81.40204,
        "vessel_source_distance_m": 7842.56,
        "ais_track_quality": "bracketed_interpolation",
        "gap_status": "62.0s",
        "compatibility_status": "COMPATIBLE",
        "source_hypothesis_id": "SH_0023",
        "source_slick_id": "CS_0114",
        "causal_precedence_status": "AT_RELEASE",
        "causal_precedence_score": 1.0,
        "causal_eligibility": true,
        "pre_release_evidence": true,
        "post_release_evidence": true,
        "source_age_plausibility": "MEDIUM",
        "source_age_score": 0.75,
        "source_age_explanation": "Hypothesized source age 4.0h is on the lower boundary of physical spreading for area 0.0860 km\u00b2 (nominal minimum 4.4h).",
        "causal_explanation": "Vessel observed within 7.0s of hypothesized release time.",
        "hypothesis_id": "4DH_0245",
        "feature_type": "hypothesized_release_location"
      }
    },
    {
      "type": "Feature",
      "id": "4DH_0245_displacement_vector",
      "geometry": {
        "type": "LineString",
        "coordinates": [
          [
            -81.40204,
            31.12758
          ],
          [
            -81.407424,
            31.057201
          ]
        ]
      },
      "properties": {
        "hypothesis_id": "4DH_0245",
        "candidate_id": "VC_0245",
        "mmsi": 338102861,
        "vessel_name": "RECOVERY",
        "vessel_source_distance_m": 7842.56,
        "feature_type": "vessel_to_source_vector"
      }
    },
    {
      "type": "Feature",
      "id": "4DH_0246_release_point",
      "geometry": {
        "type": "Point",
        "coordinates": [
          -81.407424,
          31.057201
        ]
      },
      "properties": {
        "candidate_id": "VC_0246",
        "mmsi": 338235704,
        "vessel_name": "BRUNSWICK",
        "imo": "IMO0000000",
        "vessel_type": "50.0",
        "release_lat": 31.057201,
        "release_lon": -81.407424,
        "release_timestamp": "2019-09-08T07:25:31.797740+00:00",
        "source_age_hours": 4.0,
        "source_plausibility": 0.5446,
        "ais_lat": 31.128636,
        "ais_lon": -81.404986,
        "vessel_source_distance_m": 7946.6,
        "ais_track_quality": "bracketed_interpolation",
        "gap_status": "89.0s",
        "compatibility_status": "COMPATIBLE",
        "source_hypothesis_id": "SH_0023",
        "source_slick_id": "CS_0114",
        "causal_precedence_status": "AT_RELEASE",
        "causal_precedence_score": 1.0,
        "causal_eligibility": true,
        "pre_release_evidence": true,
        "post_release_evidence": true,
        "source_age_plausibility": "MEDIUM",
        "source_age_score": 0.75,
        "source_age_explanation": "Hypothesized source age 4.0h is on the lower boundary of physical spreading for area 0.0860 km\u00b2 (nominal minimum 4.4h).",
        "causal_explanation": "Vessel observed within 9.0s of hypothesized release time.",
        "hypothesis_id": "4DH_0246",
        "feature_type": "hypothesized_release_location"
      }
    },
    {
      "type": "Feature",
      "id": "4DH_0246_displacement_vector",
      "geometry": {
        "type": "LineString",
        "coordinates": [
          [
            -81.404986,
            31.128636
          ],
          [
            -81.407424,
            31.057201
          ]
        ]
      },
      "properties": {
        "hypothesis_id": "4DH_0246",
        "candidate_id": "VC_0246",
        "mmsi": 338235704,
        "vessel_name": "BRUNSWICK",
        "vessel_source_distance_m": 7946.6,
        "feature_type": "vessel_to_source_vector"
      }
    },
    {
      "type": "Feature",
      "id": "4DH_0247_release_point",
      "geometry": {
        "type": "Point",
        "coordinates": [
          -81.407424,
          31.057201
        ]
      },
      "properties": {
        "candidate_id": "VC_0247",
        "mmsi": 367063030,
        "vessel_name": "EMERALD PRINCESS II",
        "imo": "IMO8993057",
        "vessel_type": "60.0",
        "release_lat": 31.057201,
        "release_lon": -81.407424,
        "release_timestamp": "2019-09-08T07:25:31.797740+00:00",
        "source_age_hours": 4.0,
        "source_plausibility": 0.5446,
        "ais_lat": 31.114082,
        "ais_lon": -81.4884,
        "vessel_source_distance_m": 9973.22,
        "ais_track_quality": "bracketed_interpolation",
        "gap_status": "179.0s",
        "compatibility_status": "COMPATIBLE",
        "source_hypothesis_id": "SH_0023",
        "source_slick_id": "CS_0114",
        "causal_precedence_status": "AT_RELEASE",
        "causal_precedence_score": 1.0,
        "causal_eligibility": true,
        "pre_release_evidence": true,
        "post_release_evidence": true,
        "source_age_plausibility": "MEDIUM",
        "source_age_score": 0.75,
        "source_age_explanation": "Hypothesized source age 4.0h is on the lower boundary of physical spreading for area 0.0860 km\u00b2 (nominal minimum 4.4h).",
        "causal_explanation": "Vessel observed within 40.0s of hypothesized release time.",
        "hypothesis_id": "4DH_0247",
        "feature_type": "hypothesized_release_location"
      }
    },
    {
      "type": "Feature",
      "id": "4DH_0247_displacement_vector",
      "geometry": {
        "type": "LineString",
        "coordinates": [
          [
            -81.4884,
            31.114082
          ],
          [
            -81.407424,
            31.057201
          ]
        ]
      },
      "properties": {
        "hypothesis_id": "4DH_0247",
        "candidate_id": "VC_0247",
        "mmsi": 367063030,
        "vessel_name": "EMERALD PRINCESS II",
        "vessel_source_distance_m": 9973.22,
        "feature_type": "vessel_to_source_vector"
      }
    },
    {
      "type": "Feature",
      "id": "4DH_0248_release_point",
      "geometry": {
        "type": "Point",
        "coordinates": [
          -81.407424,
          31.057201
        ]
      },
      "properties": {
        "candidate_id": "VC_0248",
        "mmsi": 367305420,
        "vessel_name": "DOROTHY MORAN",
        "imo": "IMO7716995",
        "vessel_type": "31.0",
        "release_lat": 31.057201,
        "release_lon": -81.407424,
        "release_timestamp": "2019-09-08T07:25:31.797740+00:00",
        "source_age_hours": 4.0,
        "source_plausibility": 0.5446,
        "ais_lat": 31.128318,
        "ais_lon": -81.403698,
        "vessel_source_distance_m": 7915.8,
        "ais_track_quality": "bracketed_interpolation",
        "gap_status": "89.0s",
        "compatibility_status": "COMPATIBLE",
        "source_hypothesis_id": "SH_0023",
        "source_slick_id": "CS_0114",
        "causal_precedence_status": "AT_RELEASE",
        "causal_precedence_score": 1.0,
        "causal_eligibility": true,
        "pre_release_evidence": true,
        "post_release_evidence": true,
        "source_age_plausibility": "MEDIUM",
        "source_age_score": 0.75,
        "source_age_explanation": "Hypothesized source age 4.0h is on the lower boundary of physical spreading for area 0.0860 km\u00b2 (nominal minimum 4.4h).",
        "causal_explanation": "Vessel observed within 14.0s of hypothesized release time.",
        "hypothesis_id": "4DH_0248",
        "feature_type": "hypothesized_release_location"
      }
    },
    {
      "type": "Feature",
      "id": "4DH_0248_displacement_vector",
      "geometry": {
        "type": "LineString",
        "coordinates": [
          [
            -81.403698,
            31.128318
          ],
          [
            -81.407424,
            31.057201
          ]
        ]
      },
      "properties": {
        "hypothesis_id": "4DH_0248",
        "candidate_id": "VC_0248",
        "mmsi": 367305420,
        "vessel_name": "DOROTHY MORAN",
        "vessel_source_distance_m": 7915.8,
        "feature_type": "vessel_to_source_vector"
      }
    },
    {
      "type": "Feature",
      "id": "4DH_0249_release_point",
      "geometry": {
        "type": "Point",
        "coordinates": [
          -81.407424,
          31.057201
        ]
      },
      "properties": {
        "candidate_id": "VC_0249",
        "mmsi": 367369550,
        "vessel_name": "ANN MORAN",
        "imo": "IMO7716983",
        "vessel_type": "31.0",
        "release_lat": 31.057201,
        "release_lon": -81.407424,
        "release_timestamp": "2019-09-08T07:25:31.797740+00:00",
        "source_age_hours": 4.0,
        "source_plausibility": 0.5446,
        "ais_lat": 31.128707,
        "ais_lon": -81.4043,
        "vessel_source_distance_m": 7956.67,
        "ais_track_quality": "bracketed_interpolation",
        "gap_status": "129.0s",
        "compatibility_status": "COMPATIBLE",
        "source_hypothesis_id": "SH_0023",
        "source_slick_id": "CS_0114",
        "causal_precedence_status": "AT_RELEASE",
        "causal_precedence_score": 1.0,
        "causal_eligibility": true,
        "pre_release_evidence": true,
        "post_release_evidence": true,
        "source_age_plausibility": "MEDIUM",
        "source_age_score": 0.75,
        "source_age_explanation": "Hypothesized source age 4.0h is on the lower boundary of physical spreading for area 0.0860 km\u00b2 (nominal minimum 4.4h).",
        "causal_explanation": "Vessel observed within 45.0s of hypothesized release time.",
        "hypothesis_id": "4DH_0249",
        "feature_type": "hypothesized_release_location"
      }
    },
    {
      "type": "Feature",
      "id": "4DH_0249_displacement_vector",
      "geometry": {
        "type": "LineString",
        "coordinates": [
          [
            -81.4043,
            31.128707
          ],
          [
            -81.407424,
            31.057201
          ]
        ]
      },
      "properties": {
        "hypothesis_id": "4DH_0249",
        "candidate_id": "VC_0249",
        "mmsi": 367369550,
        "vessel_name": "ANN MORAN",
        "vessel_source_distance_m": 7956.67,
        "feature_type": "vessel_to_source_vector"
      }
    },
    {
      "type": "Feature",
      "id": "4DH_0250_release_point",
      "geometry": {
        "type": "Point",
        "coordinates": [
          -81.407424,
          31.057201
        ]
      },
      "properties": {
        "candidate_id": "VC_0250",
        "mmsi": 538007762,
        "vessel_name": "UNKNOWN",
        "imo": "UNKNOWN",
        "vessel_type": "UNKNOWN",
        "release_lat": 31.057201,
        "release_lon": -81.407424,
        "release_timestamp": "2019-09-08T07:25:31.797740+00:00",
        "source_age_hours": 4.0,
        "source_plausibility": 0.5446,
        "ais_lat": 31.127487,
        "ais_lon": -81.403096,
        "vessel_source_distance_m": 7826.3,
        "ais_track_quality": "bracketed_interpolation",
        "gap_status": "90.0s",
        "compatibility_status": "COMPATIBLE",
        "source_hypothesis_id": "SH_0023",
        "source_slick_id": "CS_0114",
        "causal_precedence_status": "AT_RELEASE",
        "causal_precedence_score": 1.0,
        "causal_eligibility": true,
        "pre_release_evidence": true,
        "post_release_evidence": true,
        "source_age_plausibility": "MEDIUM",
        "source_age_score": 0.75,
        "source_age_explanation": "Hypothesized source age 4.0h is on the lower boundary of physical spreading for area 0.0860 km\u00b2 (nominal minimum 4.4h).",
        "causal_explanation": "Vessel observed within 32.0s of hypothesized release time.",
        "hypothesis_id": "4DH_0250",
        "feature_type": "hypothesized_release_location"
      }
    },
    {
      "type": "Feature",
      "id": "4DH_0250_displacement_vector",
      "geometry": {
        "type": "LineString",
        "coordinates": [
          [
            -81.403096,
            31.127487
          ],
          [
            -81.407424,
            31.057201
          ]
        ]
      },
      "properties": {
        "hypothesis_id": "4DH_0250",
        "candidate_id": "VC_0250",
        "mmsi": 538007762,
        "vessel_name": "UNKNOWN",
        "vessel_source_distance_m": 7826.3,
        "feature_type": "vessel_to_source_vector"
      }
    },
    {
      "type": "Feature",
      "id": "4DH_0251_release_point",
      "geometry": {
        "type": "Point",
        "coordinates": [
          -81.410975,
          31.05069
        ]
      },
      "properties": {
        "candidate_id": "VC_0251",
        "mmsi": 367063030,
        "vessel_name": "EMERALD PRINCESS II",
        "imo": "IMO8993057",
        "vessel_type": "60.0",
        "release_lat": 31.05069,
        "release_lon": -81.410975,
        "release_timestamp": "2019-09-08T05:25:31.797740+00:00",
        "source_age_hours": 6.0,
        "source_plausibility": 0.5129,
        "ais_lat": 31.1141,
        "ais_lon": -81.4884,
        "vessel_source_distance_m": 10201.9,
        "ais_track_quality": "bracketed_interpolation",
        "gap_status": "361.0s",
        "compatibility_status": "COMPATIBLE",
        "source_hypothesis_id": "SH_0024",
        "source_slick_id": "CS_0114",
        "causal_precedence_status": "AT_RELEASE",
        "causal_precedence_score": 1.0,
        "causal_eligibility": true,
        "pre_release_evidence": true,
        "post_release_evidence": true,
        "source_age_plausibility": "HIGH",
        "source_age_score": 1.0,
        "source_age_explanation": "Hypothesized source age 6.0h is fully compatible with physical spreading and Lagrangian drift for area 0.0860 km\u00b2.",
        "causal_explanation": "Vessel observed within 140.0s of hypothesized release time.",
        "hypothesis_id": "4DH_0251",
        "feature_type": "hypothesized_release_location"
      }
    },
    {
      "type": "Feature",
      "id": "4DH_0251_displacement_vector",
      "geometry": {
        "type": "LineString",
        "coordinates": [
          [
            -81.4884,
            31.1141
          ],
          [
            -81.410975,
            31.05069
          ]
        ]
      },
      "properties": {
        "hypothesis_id": "4DH_0251",
        "candidate_id": "VC_0251",
        "mmsi": 367063030,
        "vessel_name": "EMERALD PRINCESS II",
        "vessel_source_distance_m": 10201.9,
        "feature_type": "vessel_to_source_vector"
      }
    },
    {
      "type": "Feature",
      "id": "4DH_0252_release_point",
      "geometry": {
        "type": "Point",
        "coordinates": [
          -81.410975,
          31.05069
        ]
      },
      "properties": {
        "candidate_id": "VC_0252",
        "mmsi": 538004697,
        "vessel_name": "EMERALD ACE",
        "imo": "IMO9539236",
        "vessel_type": "70.0",
        "release_lat": 31.05069,
        "release_lon": -81.410975,
        "release_timestamp": "2019-09-08T05:25:31.797740+00:00",
        "source_age_hours": 6.0,
        "source_plausibility": 0.5129,
        "ais_lat": 31.098999,
        "ais_lon": -81.331559,
        "vessel_source_distance_m": 9276.87,
        "ais_track_quality": "bracketed_interpolation",
        "gap_status": "110.0s",
        "compatibility_status": "COMPATIBLE",
        "source_hypothesis_id": "SH_0024",
        "source_slick_id": "CS_0114",
        "causal_precedence_status": "AT_RELEASE",
        "causal_precedence_score": 1.0,
        "causal_eligibility": true,
        "pre_release_evidence": true,
        "post_release_evidence": true,
        "source_age_plausibility": "HIGH",
        "source_age_score": 1.0,
        "source_age_explanation": "Hypothesized source age 6.0h is fully compatible with physical spreading and Lagrangian drift for area 0.0860 km\u00b2.",
        "causal_explanation": "Vessel observed within 19.0s of hypothesized release time.",
        "hypothesis_id": "4DH_0252",
        "feature_type": "hypothesized_release_location"
      }
    },
    {
      "type": "Feature",
      "id": "4DH_0252_displacement_vector",
      "geometry": {
        "type": "LineString",
        "coordinates": [
          [
            -81.331559,
            31.098999
          ],
          [
            -81.410975,
            31.05069
          ]
        ]
      },
      "properties": {
        "hypothesis_id": "4DH_0252",
        "candidate_id": "VC_0252",
        "mmsi": 538004697,
        "vessel_name": "EMERALD ACE",
        "vessel_source_distance_m": 9276.87,
        "feature_type": "vessel_to_source_vector"
      }
    },
    {
      "type": "Feature",
      "id": "4DH_0253_release_point",
      "geometry": {
        "type": "Point",
        "coordinates": [
          -81.410975,
          31.05069
        ]
      },
      "properties": {
        "candidate_id": "VC_0253",
        "mmsi": 538007762,
        "vessel_name": "UNKNOWN",
        "imo": "UNKNOWN",
        "vessel_type": "UNKNOWN",
        "release_lat": 31.05069,
        "release_lon": -81.410975,
        "release_timestamp": "2019-09-08T05:25:31.797740+00:00",
        "source_age_hours": 6.0,
        "source_plausibility": 0.5129,
        "ais_lat": 31.106123,
        "ais_lon": -81.442686,
        "vessel_source_distance_m": 6863.93,
        "ais_track_quality": "bracketed_interpolation",
        "gap_status": "69.0s",
        "compatibility_status": "COMPATIBLE",
        "source_hypothesis_id": "SH_0024",
        "source_slick_id": "CS_0114",
        "causal_precedence_status": "AT_RELEASE",
        "causal_precedence_score": 1.0,
        "causal_eligibility": true,
        "pre_release_evidence": true,
        "post_release_evidence": true,
        "source_age_plausibility": "HIGH",
        "source_age_score": 1.0,
        "source_age_explanation": "Hypothesized source age 6.0h is fully compatible with physical spreading and Lagrangian drift for area 0.0860 km\u00b2.",
        "causal_explanation": "Vessel observed within 28.0s of hypothesized release time.",
        "hypothesis_id": "4DH_0253",
        "feature_type": "hypothesized_release_location"
      }
    },
    {
      "type": "Feature",
      "id": "4DH_0253_displacement_vector",
      "geometry": {
        "type": "LineString",
        "coordinates": [
          [
            -81.442686,
            31.106123
          ],
          [
            -81.410975,
            31.05069
          ]
        ]
      },
      "properties": {
        "hypothesis_id": "4DH_0253",
        "candidate_id": "VC_0253",
        "mmsi": 538007762,
        "vessel_name": "UNKNOWN",
        "vessel_source_distance_m": 6863.93,
        "feature_type": "vessel_to_source_vector"
      }
    },
    {
      "type": "Feature",
      "id": "4DH_0254_release_point",
      "geometry": {
        "type": "Point",
        "coordinates": [
          -81.413528,
          31.041608
        ]
      },
      "properties": {
        "candidate_id": "VC_0254",
        "mmsi": 367063030,
        "vessel_name": "EMERALD PRINCESS II",
        "imo": "IMO8993057",
        "vessel_type": "60.0",
        "release_lat": 31.041608,
        "release_lon": -81.413528,
        "release_timestamp": "2019-09-08T03:25:31.797740+00:00",
        "source_age_hours": 8.0,
        "source_plausibility": 0.483,
        "ais_lat": 31.100188,
        "ais_lon": -81.343728,
        "vessel_source_distance_m": 9307.19,
        "ais_track_quality": "bracketed_interpolation",
        "gap_status": "140.0s",
        "compatibility_status": "COMPATIBLE",
        "source_hypothesis_id": "SH_0025",
        "source_slick_id": "CS_0114",
        "causal_precedence_status": "AT_RELEASE",
        "causal_precedence_score": 1.0,
        "causal_eligibility": true,
        "pre_release_evidence": true,
        "post_release_evidence": true,
        "source_age_plausibility": "HIGH",
        "source_age_score": 1.0,
        "source_age_explanation": "Hypothesized source age 8.0h is fully compatible with physical spreading and Lagrangian drift for area 0.0860 km\u00b2.",
        "causal_explanation": "Vessel observed within 49.0s of hypothesized release time.",
        "hypothesis_id": "4DH_0254",
        "feature_type": "hypothesized_release_location"
      }
    },
    {
      "type": "Feature",
      "id": "4DH_0254_displacement_vector",
      "geometry": {
        "type": "LineString",
        "coordinates": [
          [
            -81.343728,
            31.100188
          ],
          [
            -81.413528,
            31.041608
          ]
        ]
      },
      "properties": {
        "hypothesis_id": "4DH_0254",
        "candidate_id": "VC_0254",
        "mmsi": 367063030,
        "vessel_name": "EMERALD PRINCESS II",
        "vessel_source_distance_m": 9307.19,
        "feature_type": "vessel_to_source_vector"
      }
    },
    {
      "type": "Feature",
      "id": "4DH_0255_release_point",
      "geometry": {
        "type": "Point",
        "coordinates": [
          -81.39459,
          30.987785
        ]
      },
      "properties": {
        "candidate_id": "VC_0255",
        "mmsi": 338182224,
        "vessel_name": "SEA SALT",
        "imo": "UNKNOWN",
        "vessel_type": "37.0",
        "release_lat": 30.987785,
        "release_lon": -81.39459,
        "release_timestamp": "2019-09-07T17:25:31.797740+00:00",
        "source_age_hours": 18.0,
        "source_plausibility": 0.3578,
        "ais_lat": 31.057772,
        "ais_lon": -81.42471,
        "vessel_source_distance_m": 8294.59,
        "ais_track_quality": "bracketed_interpolation",
        "gap_status": "90.0s",
        "compatibility_status": "COMPATIBLE",
        "source_hypothesis_id": "SH_0027",
        "source_slick_id": "CS_0114",
        "causal_precedence_status": "AT_RELEASE",
        "causal_precedence_score": 1.0,
        "causal_eligibility": true,
        "pre_release_evidence": true,
        "post_release_evidence": true,
        "source_age_plausibility": "HIGH",
        "source_age_score": 1.0,
        "source_age_explanation": "Hypothesized source age 18.0h is fully compatible with physical spreading and Lagrangian drift for area 0.0860 km\u00b2.",
        "causal_explanation": "Vessel observed within 29.0s of hypothesized release time.",
        "hypothesis_id": "4DH_0255",
        "feature_type": "hypothesized_release_location"
      }
    },
    {
      "type": "Feature",
      "id": "4DH_0255_displacement_vector",
      "geometry": {
        "type": "LineString",
        "coordinates": [
          [
            -81.42471,
            31.057772
          ],
          [
            -81.39459,
            30.987785
          ]
        ]
      },
      "properties": {
        "hypothesis_id": "4DH_0255",
        "candidate_id": "VC_0255",
        "mmsi": 338182224,
        "vessel_name": "SEA SALT",
        "vessel_source_distance_m": 8294.59,
        "feature_type": "vessel_to_source_vector"
      }
    },
    {
      "type": "Feature",
      "id": "4DH_0256_release_point",
      "geometry": {
        "type": "Point",
        "coordinates": [
          -81.4215,
          31.014711
        ]
      },
      "properties": {
        "candidate_id": "VC_0256",
        "mmsi": 538007762,
        "vessel_name": "UNKNOWN",
        "imo": "UNKNOWN",
        "vessel_type": "UNKNOWN",
        "release_lat": 31.014711,
        "release_lon": -81.4215,
        "release_timestamp": "2019-09-08T05:25:31.797740+00:00",
        "source_age_hours": 6.0,
        "source_plausibility": 0.5847,
        "ais_lat": 31.106123,
        "ais_lon": -81.442686,
        "vessel_source_distance_m": 10362.94,
        "ais_track_quality": "bracketed_interpolation",
        "gap_status": "69.0s",
        "compatibility_status": "COMPATIBLE",
        "source_hypothesis_id": "SH_0031",
        "source_slick_id": "CS_0161",
        "causal_precedence_status": "AT_RELEASE",
        "causal_precedence_score": 1.0,
        "causal_eligibility": true,
        "pre_release_evidence": true,
        "post_release_evidence": true,
        "source_age_plausibility": "MEDIUM",
        "source_age_score": 0.75,
        "source_age_explanation": "Hypothesized source age 6.0h is on the lower boundary of physical spreading for area 0.2202 km\u00b2 (nominal minimum 7.0h).",
        "causal_explanation": "Vessel observed within 28.0s of hypothesized release time.",
        "hypothesis_id": "4DH_0256",
        "feature_type": "hypothesized_release_location"
      }
    },
    {
      "type": "Feature",
      "id": "4DH_0256_displacement_vector",
      "geometry": {
        "type": "LineString",
        "coordinates": [
          [
            -81.442686,
            31.106123
          ],
          [
            -81.4215,
            31.014711
          ]
        ]
      },
      "properties": {
        "hypothesis_id": "4DH_0256",
        "candidate_id": "VC_0256",
        "mmsi": 538007762,
        "vessel_name": "UNKNOWN",
        "vessel_source_distance_m": 10362.94,
        "feature_type": "vessel_to_source_vector"
      }
    }
  ]
}