hypothesis_id,candidate_id,mmsi,vessel_name,imo,vessel_type,release_lat,release_lon,release_timestamp,source_age_hours,source_plausibility,ais_lat,ais_lon,vessel_source_distance_m,ais_track_quality,gap_status,compatibility_status,source_hypothesis_id,source_slick_id,causal_precedence_status,causal_precedence_score,causal_eligibility,pre_release_evidence,post_release_evidence,source_age_plausibility,source_age_score,source_age_explanation,causal_explanation
4DH_0001,VC_0001,311828000,KUJAWY,IMO9285029,70.0,31.115912,-81.41812,2019-09-08T09:25:31.797740+00:00,2.0,0.5274,31.13156,-81.49311,7347.21,bracketed_interpolation,180.0s,COMPATIBLE,SH_0001,CS_0035,AT_RELEASE,1.0,True,True,True,LOW,0.35,Hypothesized source age 2.0h is unphysically young for an observed slick area of 0.0526 km² (estimated physical spreading time ≥ 3.4h).,Vessel observed within 33.0s of hypothesized release time.
4DH_0002,VC_0002,338102856,RESPONDER,UNKNOWN,31.0,31.115912,-81.41812,2019-09-08T09:25:31.797740+00:00,2.0,0.5274,31.127014,-81.40362,1851.78,bracketed_interpolation,111.0s,COMPATIBLE,SH_0001,CS_0035,AT_RELEASE,1.0,True,True,True,LOW,0.35,Hypothesized source age 2.0h is unphysically young for an observed slick area of 0.0526 km² (estimated physical spreading time ≥ 3.4h).,Vessel observed within 25.0s of hypothesized release time.
4DH_0003,VC_0003,338102861,RECOVERY,UNKNOWN,90.0,31.115912,-81.41812,2019-09-08T09:25:31.797740+00:00,2.0,0.5274,31.128411,-81.401985,2071.37,bracketed_interpolation,72.0s,COMPATIBLE,SH_0001,CS_0035,AT_RELEASE,1.0,True,True,True,LOW,0.35,Hypothesized source age 2.0h is unphysically young for an observed slick area of 0.0526 km² (estimated physical spreading time ≥ 3.4h).,Vessel observed within 35.0s of hypothesized release time.
4DH_0004,VC_0004,338143506,MORNING SUN II,UNKNOWN,37.0,31.115912,-81.41812,2019-09-08T09:25:31.797740+00:00,2.0,0.5274,31.159695,-81.49968,9162.82,bracketed_interpolation,180.0s,COMPATIBLE,SH_0001,CS_0035,AT_RELEASE,1.0,True,True,True,LOW,0.35,Hypothesized source age 2.0h is unphysically young for an observed slick area of 0.0526 km² (estimated physical spreading time ≥ 3.4h).,Vessel observed within 85.0s of hypothesized release time.
4DH_0005,VC_0005,338184094,DULCINEA,UNKNOWN,37.0,31.115912,-81.41812,2019-09-08T09:25:31.797740+00:00,2.0,0.5274,31.154993,-81.499587,8888.5,bracketed_interpolation,180.0s,COMPATIBLE,SH_0001,CS_0035,AT_RELEASE,1.0,True,True,True,LOW,0.35,Hypothesized source age 2.0h is unphysically young for an observed slick area of 0.0526 km² (estimated physical spreading time ≥ 3.4h).,Vessel observed within 28.0s of hypothesized release time.
4DH_0006,VC_0006,338235704,BRUNSWICK,IMO0000000,50.0,31.115912,-81.41812,2019-09-08T09:25:31.797740+00:00,2.0,0.5274,31.127413,-81.402043,1994.38,bracketed_interpolation,149.0s,COMPATIBLE,SH_0001,CS_0035,AT_RELEASE,1.0,True,True,True,LOW,0.35,Hypothesized source age 2.0h is unphysically young for an observed slick area of 0.0526 km² (estimated physical spreading time ≥ 3.4h).,Vessel observed within 49.0s of hypothesized release time.
4DH_0007,VC_0007,338335542,STILL WATERS,IMO0000000,37.0,31.115912,-81.41812,2019-09-08T09:25:31.797740+00:00,2.0,0.5274,31.167432,-81.41487,5737.11,bracketed_interpolation,180.0s,COMPATIBLE,SH_0001,CS_0035,AT_RELEASE,1.0,True,True,True,LOW,0.35,Hypothesized source age 2.0h is unphysically young for an observed slick area of 0.0526 km² (estimated physical spreading time ≥ 3.4h).,Vessel observed within 41.0s of hypothesized release time.
4DH_0008,VC_0008,339759000,REGALEC,UNKNOWN,37.0,31.115912,-81.41812,2019-09-08T09:25:31.797740+00:00,2.0,0.5274,31.157144,-81.499742,9020.48,bracketed_interpolation,540.0s,COMPATIBLE,SH_0001,CS_0035,AT_RELEASE,1.0,True,True,True,LOW,0.35,Hypothesized source age 2.0h is unphysically young for an observed slick area of 0.0526 km² (estimated physical spreading time ≥ 3.4h).,Vessel observed within 101.0s of hypothesized release time.
4DH_0009,VC_0009,367063030,EMERALD PRINCESS II,IMO8993057,60.0,31.115912,-81.41812,2019-09-08T09:25:31.797740+00:00,2.0,0.5274,31.11411,-81.488406,6694.05,bracketed_interpolation,359.0s,COMPATIBLE,SH_0001,CS_0035,AT_RELEASE,1.0,True,True,True,LOW,0.35,Hypothesized source age 2.0h is unphysically young for an observed slick area of 0.0526 km² (estimated physical spreading time ≥ 3.4h).,Vessel observed within 139.0s of hypothesized release time.
4DH_0010,VC_0010,367094180,CHICORY,UNKNOWN,37.0,31.115912,-81.41812,2019-09-08T09:25:31.797740+00:00,2.0,0.5274,31.15502,-81.499413,8875.53,bracketed_interpolation,179.0s,COMPATIBLE,SH_0001,CS_0035,AT_RELEASE,1.0,True,True,True,LOW,0.35,Hypothesized source age 2.0h is unphysically young for an observed slick area of 0.0526 km² (estimated physical spreading time ≥ 3.4h).,Vessel observed within 29.0s of hypothesized release time.
4DH_0011,VC_0011,367157730,AESTIVAL,UNKNOWN,37.0,31.115912,-81.41812,2019-09-08T09:25:31.797740+00:00,2.0,0.5274,31.15825,-81.4993,9047.62,bracketed_interpolation,180.0s,COMPATIBLE,SH_0001,CS_0035,AT_RELEASE,1.0,True,True,True,LOW,0.35,Hypothesized source age 2.0h is unphysically young for an observed slick area of 0.0526 km² (estimated physical spreading time ≥ 3.4h).,Vessel observed within 12.0s of hypothesized release time.
4DH_0012,VC_0012,367305420,DOROTHY MORAN,IMO7716995,31.0,31.115912,-81.41812,2019-09-08T09:25:31.797740+00:00,2.0,0.5274,31.128348,-81.403732,1946.28,bracketed_interpolation,72.0s,COMPATIBLE,SH_0001,CS_0035,AT_RELEASE,1.0,True,True,True,LOW,0.35,Hypothesized source age 2.0h is unphysically young for an observed slick area of 0.0526 km² (estimated physical spreading time ≥ 3.4h).,Vessel observed within 17.0s of hypothesized release time.
4DH_0013,VC_0013,367369550,ANN MORAN,IMO7716983,31.0,31.115912,-81.41812,2019-09-08T09:25:31.797740+00:00,2.0,0.5274,31.128737,-81.404293,1940.63,bracketed_interpolation,70.0s,COMPATIBLE,SH_0001,CS_0035,AT_RELEASE,1.0,True,True,True,LOW,0.35,Hypothesized source age 2.0h is unphysically young for an observed slick area of 0.0526 km² (estimated physical spreading time ≥ 3.4h).,Vessel observed within 24.0s of hypothesized release time.
4DH_0014,VC_0014,367569620,PURA VIDA,UNKNOWN,37.0,31.115912,-81.41812,2019-09-08T09:25:31.797740+00:00,2.0,0.5274,31.1672,-81.41448,5713.48,bracketed_interpolation,181.0s,COMPATIBLE,SH_0001,CS_0035,AT_RELEASE,1.0,True,True,True,LOW,0.35,Hypothesized source age 2.0h is unphysically young for an observed slick area of 0.0526 km² (estimated physical spreading time ≥ 3.4h).,Vessel observed within 14.0s of hypothesized release time.
4DH_0015,VC_0015,367691290,MISS LEXY,IMO8719530,30.0,31.115912,-81.41812,2019-09-08T09:25:31.797740+00:00,2.0,0.5274,31.14215,-81.49644,8005.34,bracketed_interpolation,120.0s,COMPATIBLE,SH_0001,CS_0035,AT_RELEASE,1.0,True,True,True,LOW,0.35,Hypothesized source age 2.0h is unphysically young for an observed slick area of 0.0526 km² (estimated physical spreading time ≥ 3.4h).,Vessel observed within 1.0s of hypothesized release time.
4DH_0016,VC_0016,367753660,AQUAMARINE,UNKNOWN,37.0,31.115912,-81.41812,2019-09-08T09:25:31.797740+00:00,2.0,0.5274,31.156097,-81.499243,8920.77,bracketed_interpolation,181.0s,COMPATIBLE,SH_0001,CS_0035,AT_RELEASE,1.0,True,True,True,LOW,0.35,Hypothesized source age 2.0h is unphysically young for an observed slick area of 0.0526 km² (estimated physical spreading time ≥ 3.4h).,Vessel observed within 60.0s of hypothesized release time.
4DH_0017,VC_0017,367762440,SILVER GIRL II,UNKNOWN,37.0,31.115912,-81.41812,2019-09-08T09:25:31.797740+00:00,2.0,0.5274,31.154142,-81.499515,8836.65,bracketed_interpolation,180.0s,COMPATIBLE,SH_0001,CS_0035,AT_RELEASE,1.0,True,True,True,LOW,0.35,Hypothesized source age 2.0h is unphysically young for an observed slick area of 0.0526 km² (estimated physical spreading time ≥ 3.4h).,Vessel observed within 44.0s of hypothesized release time.
4DH_0018,VC_0018,368004680,TAKE IT EASY,UNKNOWN,36.0,31.115912,-81.41812,2019-09-08T09:25:31.797740+00:00,2.0,0.5274,31.16681,-81.415701,5664.28,bracketed_interpolation,180.0s,COMPATIBLE,SH_0001,CS_0035,AT_RELEASE,1.0,True,True,True,LOW,0.35,Hypothesized source age 2.0h is unphysically young for an observed slick area of 0.0526 km² (estimated physical spreading time ≥ 3.4h).,Vessel observed within 5.0s of hypothesized release time.
4DH_0019,VC_0019,369201000,SALTY VIXEN,UNKNOWN,37.0,31.115912,-81.41812,2019-09-08T09:25:31.797740+00:00,2.0,0.5274,31.156721,-81.499221,8953.9,bracketed_interpolation,181.0s,COMPATIBLE,SH_0001,CS_0035,AT_RELEASE,1.0,True,True,True,LOW,0.35,Hypothesized source age 2.0h is unphysically young for an observed slick area of 0.0526 km² (estimated physical spreading time ≥ 3.4h).,Vessel observed within 84.0s of hypothesized release time.
4DH_0020,VC_0020,369273000,ESCAPE PLAN,IMO0000000,36.0,31.115912,-81.41812,2019-09-08T09:25:31.797740+00:00,2.0,0.5274,31.160412,-81.499963,9228.13,bracketed_interpolation,180.0s,COMPATIBLE,SH_0001,CS_0035,AT_RELEASE,1.0,True,True,True,LOW,0.35,Hypothesized source age 2.0h is unphysically young for an observed slick area of 0.0526 km² (estimated physical spreading time ≥ 3.4h).,Vessel observed within 43.0s of hypothesized release time.
4DH_0021,VC_0021,538004697,EMERALD ACE,IMO9539236,70.0,31.115912,-81.41812,2019-09-08T09:25:31.797740+00:00,2.0,0.5274,31.128811,-81.518109,9625.43,bracketed_interpolation,180.0s,COMPATIBLE,SH_0001,CS_0035,AT_RELEASE,1.0,True,True,True,LOW,0.35,Hypothesized source age 2.0h is unphysically young for an observed slick area of 0.0526 km² (estimated physical spreading time ≥ 3.4h).,Vessel observed within 20.0s of hypothesized release time.
4DH_0022,VC_0022,538007762,UNKNOWN,UNKNOWN,UNKNOWN,31.115912,-81.41812,2019-09-08T09:25:31.797740+00:00,2.0,0.5274,31.127525,-81.403057,1929.62,bracketed_interpolation,91.0s,COMPATIBLE,SH_0001,CS_0035,AT_RELEASE,1.0,True,True,True,LOW,0.35,Hypothesized source age 2.0h is unphysically young for an observed slick area of 0.0526 km² (estimated physical spreading time ≥ 3.4h).,Vessel observed within 22.0s of hypothesized release time.
4DH_0023,VC_0023,311828000,KUJAWY,IMO9285029,70.0,31.110186,-81.421491,2019-09-08T07:25:31.797740+00:00,4.0,0.4967,31.13155,-81.49312,7220.46,bracketed_interpolation,180.0s,COMPATIBLE,SH_0002,CS_0035,AT_RELEASE,1.0,True,True,True,HIGH,1.0,Hypothesized source age 4.0h is fully compatible with physical spreading and Lagrangian drift for area 0.0526 km².,Vessel observed within 34.0s of hypothesized release time.
4DH_0024,VC_0024,338102856,RESPONDER,UNKNOWN,31.0,31.110186,-81.421491,2019-09-08T07:25:31.797740+00:00,4.0,0.4967,31.128275,-81.403426,2646.32,bracketed_interpolation,70.0s,COMPATIBLE,SH_0002,CS_0035,AT_RELEASE,1.0,True,True,True,HIGH,1.0,Hypothesized source age 4.0h is fully compatible with physical spreading and Lagrangian drift for area 0.0526 km².,Vessel observed within 16.0s of hypothesized release time.
4DH_0025,VC_0025,338102861,RECOVERY,UNKNOWN,90.0,31.110186,-81.421491,2019-09-08T07:25:31.797740+00:00,4.0,0.4967,31.12758,-81.40204,2677.56,bracketed_interpolation,62.0s,COMPATIBLE,SH_0002,CS_0035,AT_RELEASE,1.0,True,True,True,HIGH,1.0,Hypothesized source age 4.0h is fully compatible with physical spreading and Lagrangian drift for area 0.0526 km².,Vessel observed within 7.0s of hypothesized release time.
4DH_0026,VC_0026,338143506,MORNING SUN II,UNKNOWN,37.0,31.110186,-81.421491,2019-09-08T07:25:31.797740+00:00,4.0,0.4967,31.15968,-81.49969,9256.53,bracketed_interpolation,540.0s,COMPATIBLE,SH_0002,CS_0035,AT_RELEASE,1.0,True,True,True,HIGH,1.0,Hypothesized source age 4.0h is fully compatible with physical spreading and Lagrangian drift for area 0.0526 km².,Vessel observed within 266.0s of hypothesized release time.
4DH_0027,VC_0027,338184094,DULCINEA,UNKNOWN,37.0,31.110186,-81.421491,2019-09-08T07:25:31.797740+00:00,4.0,0.4967,31.155,-81.49958,8948.37,bracketed_interpolation,180.0s,COMPATIBLE,SH_0002,CS_0035,AT_RELEASE,1.0,True,True,True,HIGH,1.0,Hypothesized source age 4.0h is fully compatible with physical spreading and Lagrangian drift for area 0.0526 km².,Vessel observed within 28.0s of hypothesized release time.
4DH_0028,VC_0028,338235704,BRUNSWICK,IMO0000000,50.0,31.110186,-81.421491,2019-09-08T07:25:31.797740+00:00,4.0,0.4967,31.128636,-81.404986,2584.07,bracketed_interpolation,89.0s,COMPATIBLE,SH_0002,CS_0035,AT_RELEASE,1.0,True,True,True,HIGH,1.0,Hypothesized source age 4.0h is fully compatible with physical spreading and Lagrangian drift for area 0.0526 km².,Vessel observed within 9.0s of hypothesized release time.
4DH_0029,VC_0029,338335542,STILL WATERS,IMO0000000,37.0,31.110186,-81.421491,2019-09-08T07:25:31.797740+00:00,4.0,0.4967,31.167432,-81.41489,6396.39,bracketed_interpolation,182.0s,COMPATIBLE,SH_0002,CS_0035,AT_RELEASE,1.0,True,True,True,HIGH,1.0,Hypothesized source age 4.0h is fully compatible with physical spreading and Lagrangian drift for area 0.0526 km².,Vessel observed within 42.0s of hypothesized release time.
4DH_0030,VC_0030,339759000,REGALEC,UNKNOWN,37.0,31.110186,-81.421491,2019-09-08T07:25:31.797740+00:00,4.0,0.4967,31.157156,-81.499718,9094.73,bracketed_interpolation,540.0s,COMPATIBLE,SH_0002,CS_0035,AT_RELEASE,1.0,True,True,True,HIGH,1.0,Hypothesized source age 4.0h is fully compatible with physical spreading and Lagrangian drift for area 0.0526 km².,Vessel observed within 101.0s of hypothesized release time.
4DH_0031,VC_0031,367063030,EMERALD PRINCESS II,IMO8993057,60.0,31.110186,-81.421491,2019-09-08T07:25:31.797740+00:00,4.0,0.4967,31.114082,-81.4884,6384.48,bracketed_interpolation,179.0s,COMPATIBLE,SH_0002,CS_0035,AT_RELEASE,1.0,True,True,True,HIGH,1.0,Hypothesized source age 4.0h is fully compatible with physical spreading and Lagrangian drift for area 0.0526 km².,Vessel observed within 40.0s of hypothesized release time.
4DH_0032,VC_0032,367094180,CHICORY,UNKNOWN,37.0,31.110186,-81.421491,2019-09-08T07:25:31.797740+00:00,4.0,0.4967,31.15501,-81.499418,8936.18,bracketed_interpolation,359.0s,COMPATIBLE,SH_0002,CS_0035,AT_RELEASE,1.0,True,True,True,HIGH,1.0,Hypothesized source age 4.0h is fully compatible with physical spreading and Lagrangian drift for area 0.0526 km².,Vessel observed within 149.0s of hypothesized release time.
4DH_0033,VC_0033,367157730,AESTIVAL,UNKNOWN,37.0,31.110186,-81.421491,2019-09-08T07:25:31.797740+00:00,4.0,0.4967,31.15825,-81.499309,9133.5,bracketed_interpolation,181.0s,COMPATIBLE,SH_0002,CS_0035,AT_RELEASE,1.0,True,True,True,HIGH,1.0,Hypothesized source age 4.0h is fully compatible with physical spreading and Lagrangian drift for area 0.0526 km².,Vessel observed within 12.0s of hypothesized release time.
4DH_0034,VC_0034,367305420,DOROTHY MORAN,IMO7716995,31.0,31.110186,-81.421491,2019-09-08T07:25:31.797740+00:00,4.0,0.4967,31.128318,-81.403698,2633.23,bracketed_interpolation,89.0s,COMPATIBLE,SH_0002,CS_0035,AT_RELEASE,1.0,True,True,True,HIGH,1.0,Hypothesized source age 4.0h is fully compatible with physical spreading and Lagrangian drift for area 0.0526 km².,Vessel observed within 14.0s of hypothesized release time.
4DH_0035,VC_0035,367369550,ANN MORAN,IMO7716983,31.0,31.110186,-81.421491,2019-09-08T07:25:31.797740+00:00,4.0,0.4967,31.128707,-81.4043,2630.46,bracketed_interpolation,129.0s,COMPATIBLE,SH_0002,CS_0035,AT_RELEASE,1.0,True,True,True,HIGH,1.0,Hypothesized source age 4.0h is fully compatible with physical spreading and Lagrangian drift for area 0.0526 km².,Vessel observed within 45.0s of hypothesized release time.
4DH_0036,VC_0036,367458950,WYOMING WIND,IMO0000000,36.0,31.110186,-81.421491,2019-09-08T07:25:31.797740+00:00,4.0,0.4967,31.157057,-81.499549,9075.24,bracketed_interpolation,721.0s,COMPATIBLE,SH_0002,CS_0035,AT_RELEASE,1.0,True,True,True,HIGH,1.0,Hypothesized source age 4.0h is fully compatible with physical spreading and Lagrangian drift for area 0.0526 km².,Vessel observed within 206.0s of hypothesized release time.
4DH_0037,VC_0037,367569620,PURA VIDA,UNKNOWN,37.0,31.110186,-81.421491,2019-09-08T07:25:31.797740+00:00,4.0,0.4967,31.167209,-81.414471,6375.77,bracketed_interpolation,182.0s,COMPATIBLE,SH_0002,CS_0035,AT_RELEASE,1.0,True,True,True,HIGH,1.0,Hypothesized source age 4.0h is fully compatible with physical spreading and Lagrangian drift for area 0.0526 km².,Vessel observed within 15.0s of hypothesized release time.
4DH_0038,VC_0038,367691290,MISS LEXY,IMO8719530,30.0,31.110186,-81.421491,2019-09-08T07:25:31.797740+00:00,4.0,0.4967,31.142118,-81.49645,7969.73,bracketed_interpolation,69.0s,COMPATIBLE,SH_0002,CS_0035,AT_RELEASE,1.0,True,True,True,HIGH,1.0,Hypothesized source age 4.0h is fully compatible with physical spreading and Lagrangian drift for area 0.0526 km².,Vessel observed within 11.0s of hypothesized release time.
4DH_0039,VC_0039,367753660,AQUAMARINE,UNKNOWN,37.0,31.110186,-81.421491,2019-09-08T07:25:31.797740+00:00,4.0,0.4967,31.156103,-81.499217,8988.75,bracketed_interpolation,180.0s,COMPATIBLE,SH_0002,CS_0035,AT_RELEASE,1.0,True,True,True,HIGH,1.0,Hypothesized source age 4.0h is fully compatible with physical spreading and Lagrangian drift for area 0.0526 km².,Vessel observed within 61.0s of hypothesized release time.
4DH_0040,VC_0040,367762440,SILVER GIRL II,UNKNOWN,37.0,31.110186,-81.421491,2019-09-08T07:25:31.797740+00:00,4.0,0.4967,31.154121,-81.499528,8890.2,bracketed_interpolation,357.0s,COMPATIBLE,SH_0002,CS_0035,AT_RELEASE,1.0,True,True,True,HIGH,1.0,Hypothesized source age 4.0h is fully compatible with physical spreading and Lagrangian drift for area 0.0526 km².,Vessel observed within 42.0s of hypothesized release time.
4DH_0041,VC_0041,368004680,TAKE IT EASY,UNKNOWN,36.0,31.110186,-81.421491,2019-09-08T07:25:31.797740+00:00,4.0,0.4967,31.16683,-81.41569,6322.68,bracketed_interpolation,181.0s,COMPATIBLE,SH_0002,CS_0035,AT_RELEASE,1.0,True,True,True,HIGH,1.0,Hypothesized source age 4.0h is fully compatible with physical spreading and Lagrangian drift for area 0.0526 km².,Vessel observed within 6.0s of hypothesized release time.
4DH_0042,VC_0042,369201000,SALTY VIXEN,UNKNOWN,37.0,31.110186,-81.421491,2019-09-08T07:25:31.797740+00:00,4.0,0.4967,31.156715,-81.49922,9027.79,bracketed_interpolation,180.0s,COMPATIBLE,SH_0002,CS_0035,AT_RELEASE,1.0,True,True,True,HIGH,1.0,Hypothesized source age 4.0h is fully compatible with physical spreading and Lagrangian drift for area 0.0526 km².,Vessel observed within 84.0s of hypothesized release time.
4DH_0043,VC_0043,369273000,ESCAPE PLAN,IMO0000000,36.0,31.110186,-81.421491,2019-09-08T07:25:31.797740+00:00,4.0,0.4967,31.160398,-81.499975,9325.91,bracketed_interpolation,177.0s,COMPATIBLE,SH_0002,CS_0035,AT_RELEASE,1.0,True,True,True,HIGH,1.0,Hypothesized source age 4.0h is fully compatible with physical spreading and Lagrangian drift for area 0.0526 km².,Vessel observed within 44.0s of hypothesized release time.
4DH_0044,VC_0044,538004697,EMERALD ACE,IMO9539236,70.0,31.110186,-81.421491,2019-09-08T07:25:31.797740+00:00,4.0,0.4967,31.128683,-81.518343,9446.27,bracketed_interpolation,180.0s,COMPATIBLE,SH_0002,CS_0035,AT_RELEASE,1.0,True,True,True,HIGH,1.0,Hypothesized source age 4.0h is fully compatible with physical spreading and Lagrangian drift for area 0.0526 km².,Vessel observed within 20.0s of hypothesized release time.
4DH_0045,VC_0045,538007762,UNKNOWN,UNKNOWN,UNKNOWN,31.110186,-81.421491,2019-09-08T07:25:31.797740+00:00,4.0,0.4967,31.127487,-81.403096,2601.39,bracketed_interpolation,90.0s,COMPATIBLE,SH_0002,CS_0035,AT_RELEASE,1.0,True,True,True,HIGH,1.0,Hypothesized source age 4.0h is fully compatible with physical spreading and Lagrangian drift for area 0.0526 km².,Vessel observed within 32.0s of hypothesized release time.
4DH_0046,VC_0046,311828000,KUJAWY,IMO9285029,70.0,31.103675,-81.425044,2019-09-08T05:25:31.797740+00:00,6.0,0.4678,31.13155,-81.49311,7182.73,bracketed_interpolation,180.0s,COMPATIBLE,SH_0003,CS_0035,AT_RELEASE,1.0,True,True,True,HIGH,1.0,Hypothesized source age 6.0h is fully compatible with physical spreading and Lagrangian drift for area 0.0526 km².,Vessel observed within 35.0s of hypothesized release time.
4DH_0047,VC_0047,338143506,MORNING SUN II,UNKNOWN,37.0,31.103675,-81.425044,2019-09-08T05:25:31.797740+00:00,6.0,0.4678,31.15969,-81.49972,9450.66,bracketed_interpolation,359.0s,COMPATIBLE,SH_0003,CS_0035,AT_RELEASE,1.0,True,True,True,HIGH,1.0,Hypothesized source age 6.0h is fully compatible with physical spreading and Lagrangian drift for area 0.0526 km².,Vessel observed within 85.0s of hypothesized release time.
4DH_0048,VC_0048,338184094,DULCINEA,UNKNOWN,37.0,31.103675,-81.425044,2019-09-08T05:25:31.797740+00:00,6.0,0.4678,31.154998,-81.49958,9105.01,bracketed_interpolation,177.0s,COMPATIBLE,SH_0003,CS_0035,AT_RELEASE,1.0,True,True,True,HIGH,1.0,Hypothesized source age 6.0h is fully compatible with physical spreading and Lagrangian drift for area 0.0526 km².,Vessel observed within 29.0s of hypothesized release time.
4DH_0049,VC_0049,338335542,STILL WATERS,IMO0000000,37.0,31.103675,-81.425044,2019-09-08T05:25:31.797740+00:00,6.0,0.4678,31.167434,-81.41487,7155.5,bracketed_interpolation,362.0s,COMPATIBLE,SH_0003,CS_0035,AT_RELEASE,1.0,True,True,True,HIGH,1.0,Hypothesized source age 6.0h is fully compatible with physical spreading and Lagrangian drift for area 0.0526 km².,Vessel observed within 140.0s of hypothesized release time.
4DH_0050,VC_0050,339759000,REGALEC,UNKNOWN,37.0,31.103675,-81.425044,2019-09-08T05:25:31.797740+00:00,6.0,0.4678,31.157169,-81.49974,9269.84,bracketed_interpolation,720.0s,COMPATIBLE,SH_0003,CS_0035,AT_RELEASE,1.0,True,True,True,HIGH,1.0,Hypothesized source age 6.0h is fully compatible with physical spreading and Lagrangian drift for area 0.0526 km².,Vessel observed within 78.0s of hypothesized release time.
4DH_0051,VC_0051,367063030,EMERALD PRINCESS II,IMO8993057,60.0,31.103675,-81.425044,2019-09-08T05:25:31.797740+00:00,6.0,0.4678,31.1141,-81.4884,6142.1,bracketed_interpolation,361.0s,COMPATIBLE,SH_0003,CS_0035,AT_RELEASE,1.0,True,True,True,HIGH,1.0,Hypothesized source age 6.0h is fully compatible with physical spreading and Lagrangian drift for area 0.0526 km².,Vessel observed within 140.0s of hypothesized release time.
4DH_0052,VC_0052,367094180,CHICORY,UNKNOWN,37.0,31.103675,-81.425044,2019-09-08T05:25:31.797740+00:00,6.0,0.4678,31.155018,-81.499413,9094.02,bracketed_interpolation,181.0s,COMPATIBLE,SH_0003,CS_0035,AT_RELEASE,1.0,True,True,True,HIGH,1.0,Hypothesized source age 6.0h is fully compatible with physical spreading and Lagrangian drift for area 0.0526 km².,Vessel observed within 30.0s of hypothesized release time.
4DH_0053,VC_0053,367157730,AESTIVAL,UNKNOWN,37.0,31.103675,-81.425044,2019-09-08T05:25:31.797740+00:00,6.0,0.4678,31.158241,-81.499299,9314.85,bracketed_interpolation,180.0s,COMPATIBLE,SH_0003,CS_0035,AT_RELEASE,1.0,True,True,True,HIGH,1.0,Hypothesized source age 6.0h is fully compatible with physical spreading and Lagrangian drift for area 0.0526 km².,Vessel observed within 12.0s of hypothesized release time.
4DH_0054,VC_0054,367305420,DOROTHY MORAN,IMO7716995,31.0,31.103675,-81.425044,2019-09-08T05:25:31.797740+00:00,6.0,0.4678,31.124495,-81.508022,8231.63,bracketed_interpolation,80.0s,COMPATIBLE,SH_0003,CS_0035,AT_RELEASE,1.0,True,True,True,HIGH,1.0,Hypothesized source age 6.0h is fully compatible with physical spreading and Lagrangian drift for area 0.0526 km².,Vessel observed within 37.0s of hypothesized release time.
4DH_0055,VC_0055,367369550,ANN MORAN,IMO7716983,31.0,31.103675,-81.425044,2019-09-08T05:25:31.797740+00:00,6.0,0.4678,31.143112,-81.49662,8102.49,bracketed_interpolation,70.0s,COMPATIBLE,SH_0003,CS_0035,AT_RELEASE,1.0,True,True,True,HIGH,1.0,Hypothesized source age 6.0h is fully compatible with physical spreading and Lagrangian drift for area 0.0526 km².,Vessel observed within 15.0s of hypothesized release time.
4DH_0056,VC_0056,367458950,WYOMING WIND,IMO0000000,36.0,31.103675,-81.425044,2019-09-08T05:25:31.797740+00:00,6.0,0.4678,31.157041,-81.49959,9249.76,bracketed_interpolation,183.0s,COMPATIBLE,SH_0003,CS_0035,AT_RELEASE,1.0,True,True,True,HIGH,1.0,Hypothesized source age 6.0h is fully compatible with physical spreading and Lagrangian drift for area 0.0526 km².,Vessel observed within 26.0s of hypothesized release time.
4DH_0057,VC_0057,367569620,PURA VIDA,UNKNOWN,37.0,31.103675,-81.425044,2019-09-08T05:25:31.797740+00:00,6.0,0.4678,31.167209,-81.414481,7135.83,bracketed_interpolation,181.0s,COMPATIBLE,SH_0003,CS_0035,AT_RELEASE,1.0,True,True,True,HIGH,1.0,Hypothesized source age 6.0h is fully compatible with physical spreading and Lagrangian drift for area 0.0526 km².,Vessel observed within 14.0s of hypothesized release time.
4DH_0058,VC_0058,367691290,MISS LEXY,IMO8719530,30.0,31.103675,-81.425044,2019-09-08T05:25:31.797740+00:00,6.0,0.4678,31.142129,-81.496411,8027.04,bracketed_interpolation,120.0s,COMPATIBLE,SH_0003,CS_0035,AT_RELEASE,1.0,True,True,True,HIGH,1.0,Hypothesized source age 6.0h is fully compatible with physical spreading and Lagrangian drift for area 0.0526 km².,Vessel observed within 8.0s of hypothesized release time.
4DH_0059,VC_0059,367753660,AQUAMARINE,UNKNOWN,37.0,31.103675,-81.425044,2019-09-08T05:25:31.797740+00:00,6.0,0.4678,31.1561,-81.49924,9157.29,bracketed_interpolation,180.0s,COMPATIBLE,SH_0003,CS_0035,AT_RELEASE,1.0,True,True,True,HIGH,1.0,Hypothesized source age 6.0h is fully compatible with physical spreading and Lagrangian drift for area 0.0526 km².,Vessel observed within 62.0s of hypothesized release time.
4DH_0060,VC_0060,367762440,SILVER GIRL II,UNKNOWN,37.0,31.103675,-81.425044,2019-09-08T05:25:31.797740+00:00,6.0,0.4678,31.154138,-81.4995,9039.43,bracketed_interpolation,361.0s,COMPATIBLE,SH_0003,CS_0035,AT_RELEASE,1.0,True,True,True,HIGH,1.0,Hypothesized source age 6.0h is fully compatible with physical spreading and Lagrangian drift for area 0.0526 km².,Vessel observed within 137.0s of hypothesized release time.
4DH_0061,VC_0061,368004680,TAKE IT EASY,UNKNOWN,36.0,31.103675,-81.425044,2019-09-08T05:25:31.797740+00:00,6.0,0.4678,31.16681,-81.41572,7076.16,bracketed_interpolation,181.0s,COMPATIBLE,SH_0003,CS_0035,AT_RELEASE,1.0,True,True,True,HIGH,1.0,Hypothesized source age 6.0h is fully compatible with physical spreading and Lagrangian drift for area 0.0526 km².,Vessel observed within 6.0s of hypothesized release time.
4DH_0062,VC_0062,369201000,SALTY VIXEN,UNKNOWN,37.0,31.103675,-81.425044,2019-09-08T05:25:31.797740+00:00,6.0,0.4678,31.156702,-81.49923,9199.3,bracketed_interpolation,178.0s,COMPATIBLE,SH_0003,CS_0035,AT_RELEASE,1.0,True,True,True,HIGH,1.0,Hypothesized source age 6.0h is fully compatible with physical spreading and Lagrangian drift for area 0.0526 km².,Vessel observed within 82.0s of hypothesized release time.
4DH_0063,VC_0063,369273000,ESCAPE PLAN,IMO0000000,36.0,31.103675,-81.425044,2019-09-08T05:25:31.797740+00:00,6.0,0.4678,31.160405,-81.49996,9520.32,bracketed_interpolation,181.0s,COMPATIBLE,SH_0003,CS_0035,AT_RELEASE,1.0,True,True,True,HIGH,1.0,Hypothesized source age 6.0h is fully compatible with physical spreading and Lagrangian drift for area 0.0526 km².,Vessel observed within 44.0s of hypothesized release time.
4DH_0064,VC_0064,538004697,EMERALD ACE,IMO9539236,70.0,31.103675,-81.425044,2019-09-08T05:25:31.797740+00:00,6.0,0.4678,31.098999,-81.331559,8915.99,bracketed_interpolation,110.0s,COMPATIBLE,SH_0003,CS_0035,AT_RELEASE,1.0,True,True,True,HIGH,1.0,Hypothesized source age 6.0h is fully compatible with physical spreading and Lagrangian drift for area 0.0526 km².,Vessel observed within 19.0s of hypothesized release time.
4DH_0065,VC_0065,538007762,UNKNOWN,UNKNOWN,UNKNOWN,31.103675,-81.425044,2019-09-08T05:25:31.797740+00:00,6.0,0.4678,31.106123,-81.442686,1701.57,bracketed_interpolation,69.0s,COMPATIBLE,SH_0003,CS_0035,AT_RELEASE,1.0,True,True,True,HIGH,1.0,Hypothesized source age 6.0h is fully compatible with physical spreading and Lagrangian drift for area 0.0526 km².,Vessel observed within 28.0s of hypothesized release time.
4DH_0066,VC_0066,311828000,KUJAWY,IMO9285029,70.0,31.094595,-81.427598,2019-09-08T03:25:31.797740+00:00,8.0,0.4405,31.13155,-81.49311,7468.74,bracketed_interpolation,180.0s,COMPATIBLE,SH_0004,CS_0035,AT_RELEASE,1.0,True,True,True,HIGH,1.0,Hypothesized source age 8.0h is fully compatible with physical spreading and Lagrangian drift for area 0.0526 km².,Vessel observed within 36.0s of hypothesized release time.
4DH_0067,VC_0067,338143506,MORNING SUN II,UNKNOWN,37.0,31.094595,-81.427598,2019-09-08T03:25:31.797740+00:00,8.0,0.4405,31.159675,-81.4997,9973.43,bracketed_interpolation,181.0s,COMPATIBLE,SH_0004,CS_0035,AT_RELEASE,1.0,True,True,True,HIGH,1.0,Hypothesized source age 8.0h is fully compatible with physical spreading and Lagrangian drift for area 0.0526 km².,Vessel observed within 86.0s of hypothesized release time.
4DH_0068,VC_0068,338184094,DULCINEA,UNKNOWN,37.0,31.094595,-81.427598,2019-09-08T03:25:31.797740+00:00,8.0,0.4405,31.154993,-81.49958,9594.33,bracketed_interpolation,181.0s,COMPATIBLE,SH_0004,CS_0035,AT_RELEASE,1.0,True,True,True,HIGH,1.0,Hypothesized source age 8.0h is fully compatible with physical spreading and Lagrangian drift for area 0.0526 km².,Vessel observed within 30.0s of hypothesized release time.
4DH_0069,VC_0069,338335542,STILL WATERS,IMO0000000,37.0,31.094595,-81.427598,2019-09-08T03:25:31.797740+00:00,8.0,0.4405,31.167432,-81.41487,8189.21,bracketed_interpolation,180.0s,COMPATIBLE,SH_0004,CS_0035,AT_RELEASE,1.0,True,True,True,HIGH,1.0,Hypothesized source age 8.0h is fully compatible with physical spreading and Lagrangian drift for area 0.0526 km².,Vessel observed within 42.0s of hypothesized release time.
4DH_0070,VC_0070,339759000,REGALEC,UNKNOWN,37.0,31.094595,-81.427598,2019-09-08T03:25:31.797740+00:00,8.0,0.4405,31.157164,-81.499727,9774.6,bracketed_interpolation,181.0s,COMPATIBLE,SH_0004,CS_0035,AT_RELEASE,1.0,True,True,True,HIGH,1.0,Hypothesized source age 8.0h is fully compatible with physical spreading and Lagrangian drift for area 0.0526 km².,Vessel observed within 79.0s of hypothesized release time.
4DH_0071,VC_0071,367063030,EMERALD PRINCESS II,IMO8993057,60.0,31.094595,-81.427598,2019-09-08T03:25:31.797740+00:00,8.0,0.4405,31.100188,-81.343728,8009.88,bracketed_interpolation,140.0s,COMPATIBLE,SH_0004,CS_0035,AT_RELEASE,1.0,True,True,True,HIGH,1.0,Hypothesized source age 8.0h is fully compatible with physical spreading and Lagrangian drift for area 0.0526 km².,Vessel observed within 49.0s of hypothesized release time.
4DH_0072,VC_0072,367094180,CHICORY,UNKNOWN,37.0,31.094595,-81.427598,2019-09-08T03:25:31.797740+00:00,8.0,0.4405,31.15501,-81.49942,9584.78,bracketed_interpolation,181.0s,COMPATIBLE,SH_0004,CS_0035,AT_RELEASE,1.0,True,True,True,HIGH,1.0,Hypothesized source age 8.0h is fully compatible with physical spreading and Lagrangian drift for area 0.0526 km².,Vessel observed within 33.0s of hypothesized release time.
4DH_0073,VC_0073,367157730,AESTIVAL,UNKNOWN,37.0,31.094595,-81.427598,2019-09-08T03:25:31.797740+00:00,8.0,0.4405,31.15824,-81.4993,9831.84,bracketed_interpolation,176.0s,COMPATIBLE,SH_0004,CS_0035,AT_RELEASE,1.0,True,True,True,HIGH,1.0,Hypothesized source age 8.0h is fully compatible with physical spreading and Lagrangian drift for area 0.0526 km².,Vessel observed within 8.0s of hypothesized release time.
4DH_0074,VC_0074,367305420,DOROTHY MORAN,IMO7716995,31.0,31.094595,-81.427598,2019-09-08T03:25:31.797740+00:00,8.0,0.4405,31.14346,-81.496775,8537.46,bracketed_interpolation,69.0s,COMPATIBLE,SH_0004,CS_0035,AT_RELEASE,1.0,True,True,True,HIGH,1.0,Hypothesized source age 8.0h is fully compatible with physical spreading and Lagrangian drift for area 0.0526 km².,Vessel observed within 34.0s of hypothesized release time.
4DH_0075,VC_0075,367369550,ANN MORAN,IMO7716983,31.0,31.094595,-81.427598,2019-09-08T03:25:31.797740+00:00,8.0,0.4405,31.143094,-81.496613,8499.7,bracketed_interpolation,150.0s,COMPATIBLE,SH_0004,CS_0035,AT_RELEASE,1.0,True,True,True,HIGH,1.0,Hypothesized source age 8.0h is fully compatible with physical spreading and Lagrangian drift for area 0.0526 km².,Vessel observed within 46.0s of hypothesized release time.
4DH_0076,VC_0076,367458950,WYOMING WIND,IMO0000000,36.0,31.094595,-81.427598,2019-09-08T03:25:31.797740+00:00,8.0,0.4405,31.157031,-81.49959,9754.92,bracketed_interpolation,179.0s,COMPATIBLE,SH_0004,CS_0035,AT_RELEASE,1.0,True,True,True,HIGH,1.0,Hypothesized source age 8.0h is fully compatible with physical spreading and Lagrangian drift for area 0.0526 km².,Vessel observed within 25.0s of hypothesized release time.
4DH_0077,VC_0077,367569620,PURA VIDA,UNKNOWN,37.0,31.094595,-81.427598,2019-09-08T03:25:31.797740+00:00,8.0,0.4405,31.167201,-81.414481,8169.38,bracketed_interpolation,179.0s,COMPATIBLE,SH_0004,CS_0035,AT_RELEASE,1.0,True,True,True,HIGH,1.0,Hypothesized source age 8.0h is fully compatible with physical spreading and Lagrangian drift for area 0.0526 km².,Vessel observed within 13.0s of hypothesized release time.
4DH_0078,VC_0078,367691290,MISS LEXY,IMO8719530,30.0,31.094595,-81.427598,2019-09-08T03:25:31.797740+00:00,8.0,0.4405,31.142091,-81.496449,8417.24,bracketed_interpolation,62.0s,COMPATIBLE,SH_0004,CS_0035,AT_RELEASE,1.0,True,True,True,HIGH,1.0,Hypothesized source age 8.0h is fully compatible with physical spreading and Lagrangian drift for area 0.0526 km².,Vessel observed within 2.0s of hypothesized release time.
4DH_0079,VC_0079,367753660,AQUAMARINE,UNKNOWN,37.0,31.094595,-81.427598,2019-09-08T03:25:31.797740+00:00,8.0,0.4405,31.156097,-81.499227,9656.88,bracketed_interpolation,180.0s,COMPATIBLE,SH_0004,CS_0035,AT_RELEASE,1.0,True,True,True,HIGH,1.0,Hypothesized source age 8.0h is fully compatible with physical spreading and Lagrangian drift for area 0.0526 km².,Vessel observed within 62.0s of hypothesized release time.
4DH_0080,VC_0080,367762440,SILVER GIRL II,UNKNOWN,37.0,31.094595,-81.427598,2019-09-08T03:25:31.797740+00:00,8.0,0.4405,31.154102,-81.499515,9520.81,bracketed_interpolation,179.0s,COMPATIBLE,SH_0004,CS_0035,AT_RELEASE,1.0,True,True,True,HIGH,1.0,Hypothesized source age 8.0h is fully compatible with physical spreading and Lagrangian drift for area 0.0526 km².,Vessel observed within 43.0s of hypothesized release time.
4DH_0081,VC_0081,368004680,TAKE IT EASY,UNKNOWN,36.0,31.094595,-81.427598,2019-09-08T03:25:31.797740+00:00,8.0,0.4405,31.16682,-81.415711,8110.36,bracketed_interpolation,180.0s,COMPATIBLE,SH_0004,CS_0035,AT_RELEASE,1.0,True,True,True,HIGH,1.0,Hypothesized source age 8.0h is fully compatible with physical spreading and Lagrangian drift for area 0.0526 km².,Vessel observed within 6.0s of hypothesized release time.
4DH_0082,VC_0082,369201000,SALTY VIXEN,UNKNOWN,37.0,31.094595,-81.427598,2019-09-08T03:25:31.797740+00:00,8.0,0.4405,31.156729,-81.499225,9706.62,bracketed_interpolation,178.0s,COMPATIBLE,SH_0004,CS_0035,AT_RELEASE,1.0,True,True,True,HIGH,1.0,Hypothesized source age 8.0h is fully compatible with physical spreading and Lagrangian drift for area 0.0526 km².,Vessel observed within 82.0s of hypothesized release time.
4DH_0083,VC_0083,369273000,ESCAPE PLAN,IMO0000000,36.0,31.094595,-81.427598,2019-09-08T03:25:31.797740+00:00,8.0,0.4405,31.160405,-81.499968,10049.94,bracketed_interpolation,179.0s,COMPATIBLE,SH_0004,CS_0035,AT_RELEASE,1.0,True,True,True,HIGH,1.0,Hypothesized source age 8.0h is fully compatible with physical spreading and Lagrangian drift for area 0.0526 km².,Vessel observed within 43.0s of hypothesized release time.
4DH_0084,VC_0084,311828000,KUJAWY,IMO9285029,70.0,31.075746,-81.427038,2019-09-07T23:25:31.797740+00:00,12.0,0.3907,31.13155,-81.49312,8836.72,bracketed_interpolation,181.0s,COMPATIBLE,SH_0005,CS_0035,AT_RELEASE,1.0,True,True,True,HIGH,1.0,Hypothesized source age 12.0h is fully compatible with physical spreading and Lagrangian drift for area 0.0526 km².,Vessel observed within 39.0s of hypothesized release time.
4DH_0085,VC_0085,338335542,STILL WATERS,IMO0000000,37.0,31.075746,-81.427038,2019-09-07T23:25:31.797740+00:00,12.0,0.3907,31.16744,-81.414875,10261.43,bracketed_interpolation,180.0s,COMPATIBLE,SH_0005,CS_0035,AT_RELEASE,1.0,True,True,True,HIGH,1.0,Hypothesized source age 12.0h is fully compatible with physical spreading and Lagrangian drift for area 0.0526 km².,Vessel observed within 43.0s of hypothesized release time.
4DH_0086,VC_0086,367063030,EMERALD PRINCESS II,IMO8993057,60.0,31.075746,-81.427038,2019-09-07T23:25:31.797740+00:00,12.0,0.3907,31.113826,-81.486967,7105.72,bracketed_interpolation,120.0s,COMPATIBLE,SH_0005,CS_0035,AT_RELEASE,1.0,True,True,True,HIGH,1.0,Hypothesized source age 12.0h is fully compatible with physical spreading and Lagrangian drift for area 0.0526 km².,Vessel observed within 28.0s of hypothesized release time.
4DH_0087,VC_0087,367305420,DOROTHY MORAN,IMO7716995,31.0,31.075746,-81.427038,2019-09-07T23:25:31.797740+00:00,12.0,0.3907,31.14346,-81.49678,10038.8,bracketed_interpolation,111.0s,COMPATIBLE,SH_0005,CS_0035,AT_RELEASE,1.0,True,True,True,HIGH,1.0,Hypothesized source age 12.0h is fully compatible with physical spreading and Lagrangian drift for area 0.0526 km².,Vessel observed within 26.0s of hypothesized release time.
4DH_0088,VC_0088,367369550,ANN MORAN,IMO7716983,31.0,31.075746,-81.427038,2019-09-07T23:25:31.797740+00:00,12.0,0.3907,31.143125,-81.49664,10002.06,bracketed_interpolation,119.0s,COMPATIBLE,SH_0005,CS_0035,AT_RELEASE,1.0,True,True,True,HIGH,1.0,Hypothesized source age 12.0h is fully compatible with physical spreading and Lagrangian drift for area 0.0526 km².,Vessel observed within 55.0s of hypothesized release time.
4DH_0089,VC_0089,367569620,PURA VIDA,UNKNOWN,37.0,31.075746,-81.427038,2019-09-07T23:25:31.797740+00:00,12.0,0.3907,31.167201,-81.41449,10239.24,bracketed_interpolation,185.0s,COMPATIBLE,SH_0005,CS_0035,AT_RELEASE,1.0,True,True,True,HIGH,1.0,Hypothesized source age 12.0h is fully compatible with physical spreading and Lagrangian drift for area 0.0526 km².,Vessel observed within 18.0s of hypothesized release time.
4DH_0090,VC_0090,367691290,MISS LEXY,IMO8719530,30.0,31.075746,-81.427038,2019-09-07T23:25:31.797740+00:00,12.0,0.3907,31.142126,-81.496454,9907.33,bracketed_interpolation,139.0s,COMPATIBLE,SH_0005,CS_0035,AT_RELEASE,1.0,True,True,True,HIGH,1.0,Hypothesized source age 12.0h is fully compatible with physical spreading and Lagrangian drift for area 0.0526 km².,Vessel observed within 60.0s of hypothesized release time.
4DH_0091,VC_0091,368004680,TAKE IT EASY,UNKNOWN,36.0,31.075746,-81.427038,2019-09-07T23:25:31.797740+00:00,12.0,0.3907,31.16684,-81.41573,10186.23,bracketed_interpolation,356.0s,COMPATIBLE,SH_0005,CS_0035,AT_RELEASE,1.0,True,True,True,HIGH,1.0,Hypothesized source age 12.0h is fully compatible with physical spreading and Lagrangian drift for area 0.0526 km².,Vessel observed within 2.0s of hypothesized release time.
4DH_0092,VC_0092,338182224,SEA SALT,UNKNOWN,37.0,31.047147,-81.40956,2019-09-07T17:25:31.797740+00:00,18.0,0.3263,31.057772,-81.42471,1865.11,bracketed_interpolation,90.0s,COMPATIBLE,SH_0006,CS_0035,AT_RELEASE,1.0,True,True,True,HIGH,1.0,Hypothesized source age 18.0h is fully compatible with physical spreading and Lagrangian drift for area 0.0526 km².,Vessel observed within 29.0s of hypothesized release time.
4DH_0093,VC_0093,367063030,EMERALD PRINCESS II,IMO8993057,60.0,31.047147,-81.40956,2019-09-07T17:25:31.797740+00:00,18.0,0.3263,31.102151,-81.342301,8856.6,bracketed_interpolation,111.0s,COMPATIBLE,SH_0006,CS_0035,AT_RELEASE,1.0,True,True,True,HIGH,1.0,Hypothesized source age 18.0h is fully compatible with physical spreading and Lagrangian drift for area 0.0526 km².,Vessel observed within 25.0s of hypothesized release time.
4DH_0094,VC_0094,369970979,S3005 NRT1,IMO0000000,33.0,31.047147,-81.40956,2019-09-07T17:25:31.797740+00:00,18.0,0.3263,31.103441,-81.450787,7389.11,bracketed_interpolation,209.0s,COMPATIBLE,SH_0006,CS_0035,AT_RELEASE,1.0,True,True,True,HIGH,1.0,Hypothesized source age 18.0h is fully compatible with physical spreading and Lagrangian drift for area 0.0526 km².,Vessel observed within 46.0s of hypothesized release time.
4DH_0095,VC_0095,311828000,KUJAWY,IMO9285029,70.0,31.095025,-81.43345,2019-09-08T09:25:31.797740+00:00,2.0,0.5321,31.13156,-81.49311,6982.95,bracketed_interpolation,180.0s,COMPATIBLE,SH_0008,CS_0065,AT_RELEASE,1.0,True,True,True,LOW,0.35,Hypothesized source age 2.0h is unphysically young for an observed slick area of 0.0612 km² (estimated physical spreading time ≥ 3.7h).,Vessel observed within 33.0s of hypothesized release time.
4DH_0096,VC_0096,338102856,RESPONDER,UNKNOWN,31.0,31.095025,-81.43345,2019-09-08T09:25:31.797740+00:00,2.0,0.5321,31.127014,-81.40362,4551.61,bracketed_interpolation,111.0s,COMPATIBLE,SH_0008,CS_0065,AT_RELEASE,1.0,True,True,True,LOW,0.35,Hypothesized source age 2.0h is unphysically young for an observed slick area of 0.0612 km² (estimated physical spreading time ≥ 3.7h).,Vessel observed within 25.0s of hypothesized release time.
4DH_0097,VC_0097,338102861,RECOVERY,UNKNOWN,90.0,31.095025,-81.43345,2019-09-08T09:25:31.797740+00:00,2.0,0.5321,31.128411,-81.401985,4770.17,bracketed_interpolation,72.0s,COMPATIBLE,SH_0008,CS_0065,AT_RELEASE,1.0,True,True,True,LOW,0.35,Hypothesized source age 2.0h is unphysically young for an observed slick area of 0.0612 km² (estimated physical spreading time ≥ 3.7h).,Vessel observed within 35.0s of hypothesized release time.
4DH_0098,VC_0098,338143506,MORNING SUN II,UNKNOWN,37.0,31.095025,-81.43345,2019-09-08T09:25:31.797740+00:00,2.0,0.5321,31.159695,-81.49968,9563.05,bracketed_interpolation,180.0s,COMPATIBLE,SH_0008,CS_0065,AT_RELEASE,1.0,True,True,True,LOW,0.35,Hypothesized source age 2.0h is unphysically young for an observed slick area of 0.0612 km² (estimated physical spreading time ≥ 3.7h).,Vessel observed within 85.0s of hypothesized release time.
4DH_0099,VC_0099,338184094,DULCINEA,UNKNOWN,37.0,31.095025,-81.43345,2019-09-08T09:25:31.797740+00:00,2.0,0.5321,31.154993,-81.499587,9170.4,bracketed_interpolation,180.0s,COMPATIBLE,SH_0008,CS_0065,AT_RELEASE,1.0,True,True,True,LOW,0.35,Hypothesized source age 2.0h is unphysically young for an observed slick area of 0.0612 km² (estimated physical spreading time ≥ 3.7h).,Vessel observed within 28.0s of hypothesized release time.
4DH_0100,VC_0100,338235704,BRUNSWICK,IMO0000000,50.0,31.095025,-81.43345,2019-09-08T09:25:31.797740+00:00,2.0,0.5321,31.127413,-81.402043,4680.81,bracketed_interpolation,149.0s,COMPATIBLE,SH_0008,CS_0065,AT_RELEASE,1.0,True,True,True,LOW,0.35,Hypothesized source age 2.0h is unphysically young for an observed slick area of 0.0612 km² (estimated physical spreading time ≥ 3.7h).,Vessel observed within 49.0s of hypothesized release time.
4DH_0101,VC_0101,338335542,STILL WATERS,IMO0000000,37.0,31.095025,-81.43345,2019-09-08T09:25:31.797740+00:00,2.0,0.5321,31.167432,-81.41487,8243.23,bracketed_interpolation,180.0s,COMPATIBLE,SH_0008,CS_0065,AT_RELEASE,1.0,True,True,True,LOW,0.35,Hypothesized source age 2.0h is unphysically young for an observed slick area of 0.0612 km² (estimated physical spreading time ≥ 3.7h).,Vessel observed within 41.0s of hypothesized release time.
4DH_0102,VC_0102,339759000,REGALEC,UNKNOWN,37.0,31.095025,-81.43345,2019-09-08T09:25:31.797740+00:00,2.0,0.5321,31.157144,-81.499742,9355.66,bracketed_interpolation,540.0s,COMPATIBLE,SH_0008,CS_0065,AT_RELEASE,1.0,True,True,True,LOW,0.35,Hypothesized source age 2.0h is unphysically young for an observed slick area of 0.0612 km² (estimated physical spreading time ≥ 3.7h).,Vessel observed within 101.0s of hypothesized release time.
4DH_0103,VC_0103,367063030,EMERALD PRINCESS II,IMO8993057,60.0,31.095025,-81.43345,2019-09-08T09:25:31.797740+00:00,2.0,0.5321,31.11411,-81.488406,5646.24,bracketed_interpolation,359.0s,COMPATIBLE,SH_0008,CS_0065,AT_RELEASE,1.0,True,True,True,LOW,0.35,Hypothesized source age 2.0h is unphysically young for an observed slick area of 0.0612 km² (estimated physical spreading time ≥ 3.7h).,Vessel observed within 139.0s of hypothesized release time.
4DH_0104,VC_0104,367094180,CHICORY,UNKNOWN,37.0,31.095025,-81.43345,2019-09-08T09:25:31.797740+00:00,2.0,0.5321,31.15502,-81.499413,9161.23,bracketed_interpolation,179.0s,COMPATIBLE,SH_0008,CS_0065,AT_RELEASE,1.0,True,True,True,LOW,0.35,Hypothesized source age 2.0h is unphysically young for an observed slick area of 0.0612 km² (estimated physical spreading time ≥ 3.7h).,Vessel observed within 29.0s of hypothesized release time.
4DH_0105,VC_0105,367157730,AESTIVAL,UNKNOWN,37.0,31.095025,-81.43345,2019-09-08T09:25:31.797740+00:00,2.0,0.5321,31.15825,-81.4993,9418.75,bracketed_interpolation,180.0s,COMPATIBLE,SH_0008,CS_0065,AT_RELEASE,1.0,True,True,True,LOW,0.35,Hypothesized source age 2.0h is unphysically young for an observed slick area of 0.0612 km² (estimated physical spreading time ≥ 3.7h).,Vessel observed within 12.0s of hypothesized release time.
4DH_0106,VC_0106,367305420,DOROTHY MORAN,IMO7716995,31.0,31.095025,-81.43345,2019-09-08T09:25:31.797740+00:00,2.0,0.5321,31.128348,-81.403732,4661.96,bracketed_interpolation,72.0s,COMPATIBLE,SH_0008,CS_0065,AT_RELEASE,1.0,True,True,True,LOW,0.35,Hypothesized source age 2.0h is unphysically young for an observed slick area of 0.0612 km² (estimated physical spreading time ≥ 3.7h).,Vessel observed within 17.0s of hypothesized release time.
4DH_0107,VC_0107,367369550,ANN MORAN,IMO7716983,31.0,31.095025,-81.43345,2019-09-08T09:25:31.797740+00:00,2.0,0.5321,31.128737,-81.404293,4664.43,bracketed_interpolation,70.0s,COMPATIBLE,SH_0008,CS_0065,AT_RELEASE,1.0,True,True,True,LOW,0.35,Hypothesized source age 2.0h is unphysically young for an observed slick area of 0.0612 km² (estimated physical spreading time ≥ 3.7h).,Vessel observed within 24.0s of hypothesized release time.
4DH_0108,VC_0108,367569620,PURA VIDA,UNKNOWN,37.0,31.095025,-81.43345,2019-09-08T09:25:31.797740+00:00,2.0,0.5321,31.1672,-81.41448,8226.1,bracketed_interpolation,181.0s,COMPATIBLE,SH_0008,CS_0065,AT_RELEASE,1.0,True,True,True,LOW,0.35,Hypothesized source age 2.0h is unphysically young for an observed slick area of 0.0612 km² (estimated physical spreading time ≥ 3.7h).,Vessel observed within 14.0s of hypothesized release time.
4DH_0109,VC_0109,367691290,MISS LEXY,IMO8719530,30.0,31.095025,-81.43345,2019-09-08T09:25:31.797740+00:00,2.0,0.5321,31.14215,-81.49644,7963.25,bracketed_interpolation,120.0s,COMPATIBLE,SH_0008,CS_0065,AT_RELEASE,1.0,True,True,True,LOW,0.35,Hypothesized source age 2.0h is unphysically young for an observed slick area of 0.0612 km² (estimated physical spreading time ≥ 3.7h).,Vessel observed within 1.0s of hypothesized release time.
4DH_0110,VC_0110,367753660,AQUAMARINE,UNKNOWN,37.0,31.095025,-81.43345,2019-09-08T09:25:31.797740+00:00,2.0,0.5321,31.156097,-81.499243,9237.79,bracketed_interpolation,181.0s,COMPATIBLE,SH_0008,CS_0065,AT_RELEASE,1.0,True,True,True,LOW,0.35,Hypothesized source age 2.0h is unphysically young for an observed slick area of 0.0612 km² (estimated physical spreading time ≥ 3.7h).,Vessel observed within 60.0s of hypothesized release time.
4DH_0111,VC_0111,367762440,SILVER GIRL II,UNKNOWN,37.0,31.095025,-81.43345,2019-09-08T09:25:31.797740+00:00,2.0,0.5321,31.154142,-81.499515,9097.11,bracketed_interpolation,180.0s,COMPATIBLE,SH_0008,CS_0065,AT_RELEASE,1.0,True,True,True,LOW,0.35,Hypothesized source age 2.0h is unphysically young for an observed slick area of 0.0612 km² (estimated physical spreading time ≥ 3.7h).,Vessel observed within 44.0s of hypothesized release time.
4DH_0112,VC_0112,368004680,TAKE IT EASY,UNKNOWN,36.0,31.095025,-81.43345,2019-09-08T09:25:31.797740+00:00,2.0,0.5321,31.16681,-81.415701,8158.94,bracketed_interpolation,180.0s,COMPATIBLE,SH_0008,CS_0065,AT_RELEASE,1.0,True,True,True,LOW,0.35,Hypothesized source age 2.0h is unphysically young for an observed slick area of 0.0612 km² (estimated physical spreading time ≥ 3.7h).,Vessel observed within 5.0s of hypothesized release time.
4DH_0113,VC_0113,369201000,SALTY VIXEN,UNKNOWN,37.0,31.095025,-81.43345,2019-09-08T09:25:31.797740+00:00,2.0,0.5321,31.156721,-81.499221,9287.49,bracketed_interpolation,181.0s,COMPATIBLE,SH_0008,CS_0065,AT_RELEASE,1.0,True,True,True,LOW,0.35,Hypothesized source age 2.0h is unphysically young for an observed slick area of 0.0612 km² (estimated physical spreading time ≥ 3.7h).,Vessel observed within 84.0s of hypothesized release time.
4DH_0114,VC_0114,369273000,ESCAPE PLAN,IMO0000000,36.0,31.095025,-81.43345,2019-09-08T09:25:31.797740+00:00,2.0,0.5321,31.160412,-81.499963,9640.8,bracketed_interpolation,180.0s,COMPATIBLE,SH_0008,CS_0065,AT_RELEASE,1.0,True,True,True,LOW,0.35,Hypothesized source age 2.0h is unphysically young for an observed slick area of 0.0612 km² (estimated physical spreading time ≥ 3.7h).,Vessel observed within 43.0s of hypothesized release time.
4DH_0115,VC_0115,538004697,EMERALD ACE,IMO9539236,70.0,31.095025,-81.43345,2019-09-08T09:25:31.797740+00:00,2.0,0.5321,31.128811,-81.518109,8892.17,bracketed_interpolation,180.0s,COMPATIBLE,SH_0008,CS_0065,AT_RELEASE,1.0,True,True,True,LOW,0.35,Hypothesized source age 2.0h is unphysically young for an observed slick area of 0.0612 km² (estimated physical spreading time ≥ 3.7h).,Vessel observed within 20.0s of hypothesized release time.
4DH_0116,VC_0116,538007762,UNKNOWN,UNKNOWN,UNKNOWN,31.095025,-81.43345,2019-09-08T09:25:31.797740+00:00,2.0,0.5321,31.127525,-81.403057,4629.46,bracketed_interpolation,91.0s,COMPATIBLE,SH_0008,CS_0065,AT_RELEASE,1.0,True,True,True,LOW,0.35,Hypothesized source age 2.0h is unphysically young for an observed slick area of 0.0612 km² (estimated physical spreading time ≥ 3.7h).,Vessel observed within 22.0s of hypothesized release time.
4DH_0117,VC_0117,311828000,KUJAWY,IMO9285029,70.0,31.089295,-81.43682,2019-09-08T07:25:31.797740+00:00,4.0,0.5011,31.13155,-81.49312,7127.73,bracketed_interpolation,180.0s,COMPATIBLE,SH_0009,CS_0065,AT_RELEASE,1.0,True,True,True,HIGH,1.0,Hypothesized source age 4.0h is fully compatible with physical spreading and Lagrangian drift for area 0.0612 km².,Vessel observed within 34.0s of hypothesized release time.
4DH_0118,VC_0118,338102856,RESPONDER,UNKNOWN,31.0,31.089295,-81.43682,2019-09-08T07:25:31.797740+00:00,4.0,0.5011,31.128275,-81.403426,5375.35,bracketed_interpolation,70.0s,COMPATIBLE,SH_0009,CS_0065,AT_RELEASE,1.0,True,True,True,HIGH,1.0,Hypothesized source age 4.0h is fully compatible with physical spreading and Lagrangian drift for area 0.0612 km².,Vessel observed within 16.0s of hypothesized release time.
4DH_0119,VC_0119,338102861,RECOVERY,UNKNOWN,90.0,31.089295,-81.43682,2019-09-08T07:25:31.797740+00:00,4.0,0.5011,31.12758,-81.40204,5393.23,bracketed_interpolation,62.0s,COMPATIBLE,SH_0009,CS_0065,AT_RELEASE,1.0,True,True,True,HIGH,1.0,Hypothesized source age 4.0h is fully compatible with physical spreading and Lagrangian drift for area 0.0612 km².,Vessel observed within 7.0s of hypothesized release time.
4DH_0120,VC_0120,338143506,MORNING SUN II,UNKNOWN,37.0,31.089295,-81.43682,2019-09-08T07:25:31.797740+00:00,4.0,0.5011,31.15968,-81.49969,9852.27,bracketed_interpolation,540.0s,COMPATIBLE,SH_0009,CS_0065,AT_RELEASE,1.0,True,True,True,HIGH,1.0,Hypothesized source age 4.0h is fully compatible with physical spreading and Lagrangian drift for area 0.0612 km².,Vessel observed within 266.0s of hypothesized release time.
4DH_0121,VC_0121,338184094,DULCINEA,UNKNOWN,37.0,31.089295,-81.43682,2019-09-08T07:25:31.797740+00:00,4.0,0.5011,31.155,-81.49958,9437.64,bracketed_interpolation,180.0s,COMPATIBLE,SH_0009,CS_0065,AT_RELEASE,1.0,True,True,True,HIGH,1.0,Hypothesized source age 4.0h is fully compatible with physical spreading and Lagrangian drift for area 0.0612 km².,Vessel observed within 28.0s of hypothesized release time.
4DH_0122,VC_0122,338235704,BRUNSWICK,IMO0000000,50.0,31.089295,-81.43682,2019-09-08T07:25:31.797740+00:00,4.0,0.5011,31.128636,-81.404986,5321.81,bracketed_interpolation,89.0s,COMPATIBLE,SH_0009,CS_0065,AT_RELEASE,1.0,True,True,True,HIGH,1.0,Hypothesized source age 4.0h is fully compatible with physical spreading and Lagrangian drift for area 0.0612 km².,Vessel observed within 9.0s of hypothesized release time.
4DH_0123,VC_0123,338335542,STILL WATERS,IMO0000000,37.0,31.089295,-81.43682,2019-09-08T07:25:31.797740+00:00,4.0,0.5011,31.167432,-81.41489,8935.67,bracketed_interpolation,182.0s,COMPATIBLE,SH_0009,CS_0065,AT_RELEASE,1.0,True,True,True,HIGH,1.0,Hypothesized source age 4.0h is fully compatible with physical spreading and Lagrangian drift for area 0.0612 km².,Vessel observed within 42.0s of hypothesized release time.
4DH_0124,VC_0124,339759000,REGALEC,UNKNOWN,37.0,31.089295,-81.43682,2019-09-08T07:25:31.797740+00:00,4.0,0.5011,31.157156,-81.499718,9632.54,bracketed_interpolation,540.0s,COMPATIBLE,SH_0009,CS_0065,AT_RELEASE,1.0,True,True,True,HIGH,1.0,Hypothesized source age 4.0h is fully compatible with physical spreading and Lagrangian drift for area 0.0612 km².,Vessel observed within 101.0s of hypothesized release time.
4DH_0125,VC_0125,367063030,EMERALD PRINCESS II,IMO8993057,60.0,31.089295,-81.43682,2019-09-08T07:25:31.797740+00:00,4.0,0.5011,31.114082,-81.4884,5631.54,bracketed_interpolation,179.0s,COMPATIBLE,SH_0009,CS_0065,AT_RELEASE,1.0,True,True,True,HIGH,1.0,Hypothesized source age 4.0h is fully compatible with physical spreading and Lagrangian drift for area 0.0612 km².,Vessel observed within 40.0s of hypothesized release time.
4DH_0126,VC_0126,367094180,CHICORY,UNKNOWN,37.0,31.089295,-81.43682,2019-09-08T07:25:31.797740+00:00,4.0,0.5011,31.15501,-81.499418,9428.74,bracketed_interpolation,359.0s,COMPATIBLE,SH_0009,CS_0065,AT_RELEASE,1.0,True,True,True,HIGH,1.0,Hypothesized source age 4.0h is fully compatible with physical spreading and Lagrangian drift for area 0.0612 km².,Vessel observed within 149.0s of hypothesized release time.
4DH_0127,VC_0127,367157730,AESTIVAL,UNKNOWN,37.0,31.089295,-81.43682,2019-09-08T07:25:31.797740+00:00,4.0,0.5011,31.15825,-81.499309,9704.19,bracketed_interpolation,181.0s,COMPATIBLE,SH_0009,CS_0065,AT_RELEASE,1.0,True,True,True,HIGH,1.0,Hypothesized source age 4.0h is fully compatible with physical spreading and Lagrangian drift for area 0.0612 km².,Vessel observed within 12.0s of hypothesized release time.
4DH_0128,VC_0128,367305420,DOROTHY MORAN,IMO7716995,31.0,31.089295,-81.43682,2019-09-08T07:25:31.797740+00:00,4.0,0.5011,31.128318,-81.403698,5363.94,bracketed_interpolation,89.0s,COMPATIBLE,SH_0009,CS_0065,AT_RELEASE,1.0,True,True,True,HIGH,1.0,Hypothesized source age 4.0h is fully compatible with physical spreading and Lagrangian drift for area 0.0612 km².,Vessel observed within 14.0s of hypothesized release time.
4DH_0129,VC_0129,367369550,ANN MORAN,IMO7716983,31.0,31.089295,-81.43682,2019-09-08T07:25:31.797740+00:00,4.0,0.5011,31.128707,-81.4043,5365.71,bracketed_interpolation,129.0s,COMPATIBLE,SH_0009,CS_0065,AT_RELEASE,1.0,True,True,True,HIGH,1.0,Hypothesized source age 4.0h is fully compatible with physical spreading and Lagrangian drift for area 0.0612 km².,Vessel observed within 45.0s of hypothesized release time.
4DH_0130,VC_0130,367458950,WYOMING WIND,IMO0000000,36.0,31.089295,-81.43682,2019-09-08T07:25:31.797740+00:00,4.0,0.5011,31.157057,-81.499549,9613.92,bracketed_interpolation,721.0s,COMPATIBLE,SH_0009,CS_0065,AT_RELEASE,1.0,True,True,True,HIGH,1.0,Hypothesized source age 4.0h is fully compatible with physical spreading and Lagrangian drift for area 0.0612 km².,Vessel observed within 206.0s of hypothesized release time.
4DH_0131,VC_0131,367569620,PURA VIDA,UNKNOWN,37.0,31.089295,-81.43682,2019-09-08T07:25:31.797740+00:00,4.0,0.5011,31.167209,-81.414471,8920.98,bracketed_interpolation,182.0s,COMPATIBLE,SH_0009,CS_0065,AT_RELEASE,1.0,True,True,True,HIGH,1.0,Hypothesized source age 4.0h is fully compatible with physical spreading and Lagrangian drift for area 0.0612 km².,Vessel observed within 15.0s of hypothesized release time.
4DH_0132,VC_0132,367691290,MISS LEXY,IMO8719530,30.0,31.089295,-81.43682,2019-09-08T07:25:31.797740+00:00,4.0,0.5011,31.142118,-81.49645,8168.44,bracketed_interpolation,69.0s,COMPATIBLE,SH_0009,CS_0065,AT_RELEASE,1.0,True,True,True,HIGH,1.0,Hypothesized source age 4.0h is fully compatible with physical spreading and Lagrangian drift for area 0.0612 km².,Vessel observed within 11.0s of hypothesized release time.
4DH_0133,VC_0133,367753660,AQUAMARINE,UNKNOWN,37.0,31.089295,-81.43682,2019-09-08T07:25:31.797740+00:00,4.0,0.5011,31.156103,-81.499217,9511.26,bracketed_interpolation,180.0s,COMPATIBLE,SH_0009,CS_0065,AT_RELEASE,1.0,True,True,True,HIGH,1.0,Hypothesized source age 4.0h is fully compatible with physical spreading and Lagrangian drift for area 0.0612 km².,Vessel observed within 61.0s of hypothesized release time.
4DH_0134,VC_0134,367762440,SILVER GIRL II,UNKNOWN,37.0,31.089295,-81.43682,2019-09-08T07:25:31.797740+00:00,4.0,0.5011,31.154121,-81.499528,9359.03,bracketed_interpolation,357.0s,COMPATIBLE,SH_0009,CS_0065,AT_RELEASE,1.0,True,True,True,HIGH,1.0,Hypothesized source age 4.0h is fully compatible with physical spreading and Lagrangian drift for area 0.0612 km².,Vessel observed within 42.0s of hypothesized release time.
4DH_0135,VC_0135,368004680,TAKE IT EASY,UNKNOWN,36.0,31.089295,-81.43682,2019-09-08T07:25:31.797740+00:00,4.0,0.5011,31.16683,-81.41569,8852.99,bracketed_interpolation,181.0s,COMPATIBLE,SH_0009,CS_0065,AT_RELEASE,1.0,True,True,True,HIGH,1.0,Hypothesized source age 4.0h is fully compatible with physical spreading and Lagrangian drift for area 0.0612 km².,Vessel observed within 6.0s of hypothesized release time.
4DH_0136,VC_0136,369201000,SALTY VIXEN,UNKNOWN,37.0,31.089295,-81.43682,2019-09-08T07:25:31.797740+00:00,4.0,0.5011,31.156715,-81.49922,9564.67,bracketed_interpolation,180.0s,COMPATIBLE,SH_0009,CS_0065,AT_RELEASE,1.0,True,True,True,HIGH,1.0,Hypothesized source age 4.0h is fully compatible with physical spreading and Lagrangian drift for area 0.0612 km².,Vessel observed within 84.0s of hypothesized release time.
4DH_0137,VC_0137,369273000,ESCAPE PLAN,IMO0000000,36.0,31.089295,-81.43682,2019-09-08T07:25:31.797740+00:00,4.0,0.5011,31.160398,-81.499975,9932.19,bracketed_interpolation,177.0s,COMPATIBLE,SH_0009,CS_0065,AT_RELEASE,1.0,True,True,True,HIGH,1.0,Hypothesized source age 4.0h is fully compatible with physical spreading and Lagrangian drift for area 0.0612 km².,Vessel observed within 44.0s of hypothesized release time.
4DH_0138,VC_0138,538004697,EMERALD ACE,IMO9539236,70.0,31.089295,-81.43682,2019-09-08T07:25:31.797740+00:00,4.0,0.5011,31.128683,-81.518343,8911.77,bracketed_interpolation,180.0s,COMPATIBLE,SH_0009,CS_0065,AT_RELEASE,1.0,True,True,True,HIGH,1.0,Hypothesized source age 4.0h is fully compatible with physical spreading and Lagrangian drift for area 0.0612 km².,Vessel observed within 20.0s of hypothesized release time.
4DH_0139,VC_0139,538007762,UNKNOWN,UNKNOWN,UNKNOWN,31.089295,-81.43682,2019-09-08T07:25:31.797740+00:00,4.0,0.5011,31.127487,-81.403096,5323.84,bracketed_interpolation,90.0s,COMPATIBLE,SH_0009,CS_0065,AT_RELEASE,1.0,True,True,True,HIGH,1.0,Hypothesized source age 4.0h is fully compatible with physical spreading and Lagrangian drift for area 0.0612 km².,Vessel observed within 32.0s of hypothesized release time.
4DH_0140,VC_0140,311828000,KUJAWY,IMO9285029,70.0,31.083282,-81.440175,2019-09-08T05:25:31.797740+00:00,6.0,0.4719,31.13155,-81.49311,7362.39,bracketed_interpolation,180.0s,COMPATIBLE,SH_0010,CS_0065,AT_RELEASE,1.0,True,True,True,HIGH,1.0,Hypothesized source age 6.0h is fully compatible with physical spreading and Lagrangian drift for area 0.0612 km².,Vessel observed within 35.0s of hypothesized release time.
4DH_0141,VC_0141,338143506,MORNING SUN II,UNKNOWN,37.0,31.083282,-81.440175,2019-09-08T05:25:31.797740+00:00,6.0,0.4719,31.15969,-81.49972,10213.37,bracketed_interpolation,359.0s,COMPATIBLE,SH_0010,CS_0065,AT_RELEASE,1.0,True,True,True,HIGH,1.0,Hypothesized source age 6.0h is fully compatible with physical spreading and Lagrangian drift for area 0.0612 km².,Vessel observed within 85.0s of hypothesized release time.
4DH_0142,VC_0142,338184094,DULCINEA,UNKNOWN,37.0,31.083282,-81.440175,2019-09-08T05:25:31.797740+00:00,6.0,0.4719,31.154998,-81.49958,9776.02,bracketed_interpolation,177.0s,COMPATIBLE,SH_0010,CS_0065,AT_RELEASE,1.0,True,True,True,HIGH,1.0,Hypothesized source age 6.0h is fully compatible with physical spreading and Lagrangian drift for area 0.0612 km².,Vessel observed within 29.0s of hypothesized release time.
4DH_0143,VC_0143,338335542,STILL WATERS,IMO0000000,37.0,31.083282,-81.440175,2019-09-08T05:25:31.797740+00:00,6.0,0.4719,31.167434,-81.41487,9662.32,bracketed_interpolation,362.0s,COMPATIBLE,SH_0010,CS_0065,AT_RELEASE,1.0,True,True,True,HIGH,1.0,Hypothesized source age 6.0h is fully compatible with physical spreading and Lagrangian drift for area 0.0612 km².,Vessel observed within 140.0s of hypothesized release time.
4DH_0144,VC_0144,339759000,REGALEC,UNKNOWN,37.0,31.083282,-81.440175,2019-09-08T05:25:31.797740+00:00,6.0,0.4719,31.157169,-81.49974,9982.52,bracketed_interpolation,720.0s,COMPATIBLE,SH_0010,CS_0065,AT_RELEASE,1.0,True,True,True,HIGH,1.0,Hypothesized source age 6.0h is fully compatible with physical spreading and Lagrangian drift for area 0.0612 km².,Vessel observed within 78.0s of hypothesized release time.
4DH_0145,VC_0145,367063030,EMERALD PRINCESS II,IMO8993057,60.0,31.083282,-81.440175,2019-09-08T05:25:31.797740+00:00,6.0,0.4719,31.1141,-81.4884,5729.45,bracketed_interpolation,361.0s,COMPATIBLE,SH_0010,CS_0065,AT_RELEASE,1.0,True,True,True,HIGH,1.0,Hypothesized source age 6.0h is fully compatible with physical spreading and Lagrangian drift for area 0.0612 km².,Vessel observed within 140.0s of hypothesized release time.
4DH_0146,VC_0146,367094180,CHICORY,UNKNOWN,37.0,31.083282,-81.440175,2019-09-08T05:25:31.797740+00:00,6.0,0.4719,31.155018,-81.499413,9768.65,bracketed_interpolation,181.0s,COMPATIBLE,SH_0010,CS_0065,AT_RELEASE,1.0,True,True,True,HIGH,1.0,Hypothesized source age 6.0h is fully compatible with physical spreading and Lagrangian drift for area 0.0612 km².,Vessel observed within 30.0s of hypothesized release time.
4DH_0147,VC_0147,367157730,AESTIVAL,UNKNOWN,37.0,31.083282,-81.440175,2019-09-08T05:25:31.797740+00:00,6.0,0.4719,31.158241,-81.499299,10057.28,bracketed_interpolation,180.0s,COMPATIBLE,SH_0010,CS_0065,AT_RELEASE,1.0,True,True,True,HIGH,1.0,Hypothesized source age 6.0h is fully compatible with physical spreading and Lagrangian drift for area 0.0612 km².,Vessel observed within 12.0s of hypothesized release time.
4DH_0148,VC_0148,367305420,DOROTHY MORAN,IMO7716995,31.0,31.083282,-81.440175,2019-09-08T05:25:31.797740+00:00,6.0,0.4719,31.124495,-81.508022,7920.08,bracketed_interpolation,80.0s,COMPATIBLE,SH_0010,CS_0065,AT_RELEASE,1.0,True,True,True,HIGH,1.0,Hypothesized source age 6.0h is fully compatible with physical spreading and Lagrangian drift for area 0.0612 km².,Vessel observed within 37.0s of hypothesized release time.
4DH_0149,VC_0149,367369550,ANN MORAN,IMO7716983,31.0,31.083282,-81.440175,2019-09-08T05:25:31.797740+00:00,6.0,0.4719,31.143112,-81.49662,8551.87,bracketed_interpolation,70.0s,COMPATIBLE,SH_0010,CS_0065,AT_RELEASE,1.0,True,True,True,HIGH,1.0,Hypothesized source age 6.0h is fully compatible with physical spreading and Lagrangian drift for area 0.0612 km².,Vessel observed within 15.0s of hypothesized release time.
4DH_0150,VC_0150,367458950,WYOMING WIND,IMO0000000,36.0,31.083282,-81.440175,2019-09-08T05:25:31.797740+00:00,6.0,0.4719,31.157041,-81.49959,9962.7,bracketed_interpolation,183.0s,COMPATIBLE,SH_0010,CS_0065,AT_RELEASE,1.0,True,True,True,HIGH,1.0,Hypothesized source age 6.0h is fully compatible with physical spreading and Lagrangian drift for area 0.0612 km².,Vessel observed within 26.0s of hypothesized release time.
4DH_0151,VC_0151,367569620,PURA VIDA,UNKNOWN,37.0,31.083282,-81.440175,2019-09-08T05:25:31.797740+00:00,6.0,0.4719,31.167209,-81.414481,9647.42,bracketed_interpolation,181.0s,COMPATIBLE,SH_0010,CS_0065,AT_RELEASE,1.0,True,True,True,HIGH,1.0,Hypothesized source age 6.0h is fully compatible with physical spreading and Lagrangian drift for area 0.0612 km².,Vessel observed within 14.0s of hypothesized release time.
4DH_0152,VC_0152,367691290,MISS LEXY,IMO8719530,30.0,31.083282,-81.440175,2019-09-08T05:25:31.797740+00:00,6.0,0.4719,31.142129,-81.496411,8454.52,bracketed_interpolation,120.0s,COMPATIBLE,SH_0010,CS_0065,AT_RELEASE,1.0,True,True,True,HIGH,1.0,Hypothesized source age 6.0h is fully compatible with physical spreading and Lagrangian drift for area 0.0612 km².,Vessel observed within 8.0s of hypothesized release time.
4DH_0153,VC_0153,367753660,AQUAMARINE,UNKNOWN,37.0,31.083282,-81.440175,2019-09-08T05:25:31.797740+00:00,6.0,0.4719,31.1561,-81.49924,9857.71,bracketed_interpolation,180.0s,COMPATIBLE,SH_0010,CS_0065,AT_RELEASE,1.0,True,True,True,HIGH,1.0,Hypothesized source age 6.0h is fully compatible with physical spreading and Lagrangian drift for area 0.0612 km².,Vessel observed within 62.0s of hypothesized release time.
4DH_0154,VC_0154,367762440,SILVER GIRL II,UNKNOWN,37.0,31.083282,-81.440175,2019-09-08T05:25:31.797740+00:00,6.0,0.4719,31.154138,-81.4995,9693.75,bracketed_interpolation,361.0s,COMPATIBLE,SH_0010,CS_0065,AT_RELEASE,1.0,True,True,True,HIGH,1.0,Hypothesized source age 6.0h is fully compatible with physical spreading and Lagrangian drift for area 0.0612 km².,Vessel observed within 137.0s of hypothesized release time.
4DH_0155,VC_0155,368004680,TAKE IT EASY,UNKNOWN,36.0,31.083282,-81.440175,2019-09-08T05:25:31.797740+00:00,6.0,0.4719,31.16681,-81.41572,9575.15,bracketed_interpolation,181.0s,COMPATIBLE,SH_0010,CS_0065,AT_RELEASE,1.0,True,True,True,HIGH,1.0,Hypothesized source age 6.0h is fully compatible with physical spreading and Lagrangian drift for area 0.0612 km².,Vessel observed within 6.0s of hypothesized release time.
4DH_0156,VC_0156,369201000,SALTY VIXEN,UNKNOWN,37.0,31.083282,-81.440175,2019-09-08T05:25:31.797740+00:00,6.0,0.4719,31.156702,-81.49923,9912.22,bracketed_interpolation,178.0s,COMPATIBLE,SH_0010,CS_0065,AT_RELEASE,1.0,True,True,True,HIGH,1.0,Hypothesized source age 6.0h is fully compatible with physical spreading and Lagrangian drift for area 0.0612 km².,Vessel observed within 82.0s of hypothesized release time.
4DH_0157,VC_0157,538007762,UNKNOWN,UNKNOWN,UNKNOWN,31.083282,-81.440175,2019-09-08T05:25:31.797740+00:00,6.0,0.4719,31.106123,-81.442686,2551.03,bracketed_interpolation,69.0s,COMPATIBLE,SH_0010,CS_0065,AT_RELEASE,1.0,True,True,True,HIGH,1.0,Hypothesized source age 6.0h is fully compatible with physical spreading and Lagrangian drift for area 0.0612 km².,Vessel observed within 28.0s of hypothesized release time.
4DH_0158,VC_0158,311828000,KUJAWY,IMO9285029,70.0,31.075945,-81.442111,2019-09-08T03:25:31.797740+00:00,8.0,0.4444,31.13155,-81.49311,7861.67,bracketed_interpolation,180.0s,COMPATIBLE,SH_0011,CS_0065,AT_RELEASE,1.0,True,True,True,HIGH,1.0,Hypothesized source age 8.0h is fully compatible with physical spreading and Lagrangian drift for area 0.0612 km².,Vessel observed within 36.0s of hypothesized release time.
4DH_0159,VC_0159,367063030,EMERALD PRINCESS II,IMO8993057,60.0,31.075945,-81.442111,2019-09-08T03:25:31.797740+00:00,8.0,0.4444,31.100188,-81.343728,9748.59,bracketed_interpolation,140.0s,COMPATIBLE,SH_0011,CS_0065,AT_RELEASE,1.0,True,True,True,HIGH,1.0,Hypothesized source age 8.0h is fully compatible with physical spreading and Lagrangian drift for area 0.0612 km².,Vessel observed within 49.0s of hypothesized release time.
4DH_0160,VC_0160,367305420,DOROTHY MORAN,IMO7716995,31.0,31.075945,-81.442111,2019-09-08T03:25:31.797740+00:00,8.0,0.4444,31.14346,-81.496775,9134.73,bracketed_interpolation,69.0s,COMPATIBLE,SH_0011,CS_0065,AT_RELEASE,1.0,True,True,True,HIGH,1.0,Hypothesized source age 8.0h is fully compatible with physical spreading and Lagrangian drift for area 0.0612 km².,Vessel observed within 34.0s of hypothesized release time.
4DH_0161,VC_0161,367369550,ANN MORAN,IMO7716983,31.0,31.075945,-81.442111,2019-09-08T03:25:31.797740+00:00,8.0,0.4444,31.143094,-81.496613,9092.51,bracketed_interpolation,150.0s,COMPATIBLE,SH_0011,CS_0065,AT_RELEASE,1.0,True,True,True,HIGH,1.0,Hypothesized source age 8.0h is fully compatible with physical spreading and Lagrangian drift for area 0.0612 km².,Vessel observed within 46.0s of hypothesized release time.
4DH_0162,VC_0162,367691290,MISS LEXY,IMO8719530,30.0,31.075945,-81.442111,2019-09-08T03:25:31.797740+00:00,8.0,0.4444,31.142091,-81.496449,8992.17,bracketed_interpolation,62.0s,COMPATIBLE,SH_0011,CS_0065,AT_RELEASE,1.0,True,True,True,HIGH,1.0,Hypothesized source age 8.0h is fully compatible with physical spreading and Lagrangian drift for area 0.0612 km².,Vessel observed within 2.0s of hypothesized release time.
4DH_0163,VC_0163,367762440,SILVER GIRL II,UNKNOWN,37.0,31.075945,-81.442111,2019-09-08T03:25:31.797740+00:00,8.0,0.4444,31.154102,-81.499515,10266.0,bracketed_interpolation,179.0s,COMPATIBLE,SH_0011,CS_0065,AT_RELEASE,1.0,True,True,True,HIGH,1.0,Hypothesized source age 8.0h is fully compatible with physical spreading and Lagrangian drift for area 0.0612 km².,Vessel observed within 43.0s of hypothesized release time.
4DH_0164,VC_0164,311828000,KUJAWY,IMO9285029,70.0,31.061615,-81.440565,2019-09-07T23:25:31.797740+00:00,12.0,0.3942,31.13155,-81.49312,9247.35,bracketed_interpolation,181.0s,COMPATIBLE,SH_0012,CS_0065,AT_RELEASE,1.0,True,True,True,HIGH,1.0,Hypothesized source age 12.0h is fully compatible with physical spreading and Lagrangian drift for area 0.0612 km².,Vessel observed within 39.0s of hypothesized release time.
4DH_0165,VC_0165,367063030,EMERALD PRINCESS II,IMO8993057,60.0,31.061615,-81.440565,2019-09-07T23:25:31.797740+00:00,12.0,0.3942,31.113826,-81.486967,7295.83,bracketed_interpolation,120.0s,COMPATIBLE,SH_0012,CS_0065,AT_RELEASE,1.0,True,True,True,HIGH,1.0,Hypothesized source age 12.0h is fully compatible with physical spreading and Lagrangian drift for area 0.0612 km².,Vessel observed within 28.0s of hypothesized release time.
4DH_0166,VC_0166,367691290,MISS LEXY,IMO8719530,30.0,31.061615,-81.440565,2019-09-07T23:25:31.797740+00:00,12.0,0.3942,31.142126,-81.496454,10414.47,bracketed_interpolation,139.0s,COMPATIBLE,SH_0012,CS_0065,AT_RELEASE,1.0,True,True,True,HIGH,1.0,Hypothesized source age 12.0h is fully compatible with physical spreading and Lagrangian drift for area 0.0612 km².,Vessel observed within 60.0s of hypothesized release time.
4DH_0167,VC_0167,338182224,SEA SALT,UNKNOWN,37.0,31.033816,-81.422837,2019-09-07T17:25:31.797740+00:00,18.0,0.3293,31.057772,-81.42471,2669.76,bracketed_interpolation,90.0s,COMPATIBLE,SH_0013,CS_0065,AT_RELEASE,1.0,True,True,True,HIGH,1.0,Hypothesized source age 18.0h is fully compatible with physical spreading and Lagrangian drift for area 0.0612 km².,Vessel observed within 29.0s of hypothesized release time.
4DH_0168,VC_0168,369970979,S3005 NRT1,IMO0000000,33.0,31.033816,-81.422837,2019-09-07T17:25:31.797740+00:00,18.0,0.3293,31.103441,-81.450787,8186.84,bracketed_interpolation,209.0s,COMPATIBLE,SH_0013,CS_0065,AT_RELEASE,1.0,True,True,True,HIGH,1.0,Hypothesized source age 18.0h is fully compatible with physical spreading and Lagrangian drift for area 0.0612 km².,Vessel observed within 46.0s of hypothesized release time.
4DH_0169,VC_0169,311828000,KUJAWY,IMO9285029,70.0,31.08257,-81.452775,2019-09-08T09:25:31.797740+00:00,2.0,0.5434,31.13156,-81.49311,6664.91,bracketed_interpolation,180.0s,COMPATIBLE,SH_0015,CS_0092,AT_RELEASE,1.0,True,True,True,LOW,0.35,Hypothesized source age 2.0h is unphysically young for an observed slick area of 0.0561 km² (estimated physical spreading time ≥ 3.6h).,Vessel observed within 33.0s of hypothesized release time.
4DH_0170,VC_0170,338102856,RESPONDER,UNKNOWN,31.0,31.08257,-81.452775,2019-09-08T09:25:31.797740+00:00,2.0,0.5434,31.127014,-81.40362,6806.22,bracketed_interpolation,111.0s,COMPATIBLE,SH_0015,CS_0092,AT_RELEASE,1.0,True,True,True,LOW,0.35,Hypothesized source age 2.0h is unphysically young for an observed slick area of 0.0561 km² (estimated physical spreading time ≥ 3.6h).,Vessel observed within 25.0s of hypothesized release time.
4DH_0171,VC_0171,338102861,RECOVERY,UNKNOWN,90.0,31.08257,-81.452775,2019-09-08T09:25:31.797740+00:00,2.0,0.5434,31.128411,-81.401985,7026.03,bracketed_interpolation,72.0s,COMPATIBLE,SH_0015,CS_0092,AT_RELEASE,1.0,True,True,True,LOW,0.35,Hypothesized source age 2.0h is unphysically young for an observed slick area of 0.0561 km² (estimated physical spreading time ≥ 3.6h).,Vessel observed within 35.0s of hypothesized release time.
4DH_0172,VC_0172,338143506,MORNING SUN II,UNKNOWN,37.0,31.08257,-81.452775,2019-09-08T09:25:31.797740+00:00,2.0,0.5434,31.159695,-81.49968,9668.61,bracketed_interpolation,180.0s,COMPATIBLE,SH_0015,CS_0092,AT_RELEASE,1.0,True,True,True,LOW,0.35,Hypothesized source age 2.0h is unphysically young for an observed slick area of 0.0561 km² (estimated physical spreading time ≥ 3.6h).,Vessel observed within 85.0s of hypothesized release time.
4DH_0173,VC_0173,338184094,DULCINEA,UNKNOWN,37.0,31.08257,-81.452775,2019-09-08T09:25:31.797740+00:00,2.0,0.5434,31.154993,-81.499587,9203.79,bracketed_interpolation,180.0s,COMPATIBLE,SH_0015,CS_0092,AT_RELEASE,1.0,True,True,True,LOW,0.35,Hypothesized source age 2.0h is unphysically young for an observed slick area of 0.0561 km² (estimated physical spreading time ≥ 3.6h).,Vessel observed within 28.0s of hypothesized release time.
4DH_0174,VC_0174,338235704,BRUNSWICK,IMO0000000,50.0,31.08257,-81.452775,2019-09-08T09:25:31.797740+00:00,2.0,0.5434,31.127413,-81.402043,6942.11,bracketed_interpolation,149.0s,COMPATIBLE,SH_0015,CS_0092,AT_RELEASE,1.0,True,True,True,LOW,0.35,Hypothesized source age 2.0h is unphysically young for an observed slick area of 0.0561 km² (estimated physical spreading time ≥ 3.6h).,Vessel observed within 49.0s of hypothesized release time.
4DH_0175,VC_0175,338335542,STILL WATERS,IMO0000000,37.0,31.08257,-81.452775,2019-09-08T09:25:31.797740+00:00,2.0,0.5434,31.167432,-81.41487,10102.5,bracketed_interpolation,180.0s,COMPATIBLE,SH_0015,CS_0092,AT_RELEASE,1.0,True,True,True,LOW,0.35,Hypothesized source age 2.0h is unphysically young for an observed slick area of 0.0561 km² (estimated physical spreading time ≥ 3.6h).,Vessel observed within 41.0s of hypothesized release time.
4DH_0176,VC_0176,339759000,REGALEC,UNKNOWN,37.0,31.08257,-81.452775,2019-09-08T09:25:31.797740+00:00,2.0,0.5434,31.157144,-81.499742,9420.75,bracketed_interpolation,540.0s,COMPATIBLE,SH_0015,CS_0092,AT_RELEASE,1.0,True,True,True,LOW,0.35,Hypothesized source age 2.0h is unphysically young for an observed slick area of 0.0561 km² (estimated physical spreading time ≥ 3.6h).,Vessel observed within 101.0s of hypothesized release time.
4DH_0177,VC_0177,367063030,EMERALD PRINCESS II,IMO8993057,60.0,31.08257,-81.452775,2019-09-08T09:25:31.797740+00:00,2.0,0.5434,31.11411,-81.488406,4879.47,bracketed_interpolation,359.0s,COMPATIBLE,SH_0015,CS_0092,AT_RELEASE,1.0,True,True,True,LOW,0.35,Hypothesized source age 2.0h is unphysically young for an observed slick area of 0.0561 km² (estimated physical spreading time ≥ 3.6h).,Vessel observed within 139.0s of hypothesized release time.
4DH_0178,VC_0178,367094180,CHICORY,UNKNOWN,37.0,31.08257,-81.452775,2019-09-08T09:25:31.797740+00:00,2.0,0.5434,31.15502,-81.499413,9198.41,bracketed_interpolation,179.0s,COMPATIBLE,SH_0015,CS_0092,AT_RELEASE,1.0,True,True,True,LOW,0.35,Hypothesized source age 2.0h is unphysically young for an observed slick area of 0.0561 km² (estimated physical spreading time ≥ 3.6h).,Vessel observed within 29.0s of hypothesized release time.
4DH_0179,VC_0179,367157730,AESTIVAL,UNKNOWN,37.0,31.08257,-81.452775,2019-09-08T09:25:31.797740+00:00,2.0,0.5434,31.15825,-81.4993,9509.5,bracketed_interpolation,180.0s,COMPATIBLE,SH_0015,CS_0092,AT_RELEASE,1.0,True,True,True,LOW,0.35,Hypothesized source age 2.0h is unphysically young for an observed slick area of 0.0561 km² (estimated physical spreading time ≥ 3.6h).,Vessel observed within 12.0s of hypothesized release time.
4DH_0180,VC_0180,367305420,DOROTHY MORAN,IMO7716995,31.0,31.08257,-81.452775,2019-09-08T09:25:31.797740+00:00,2.0,0.5434,31.128348,-81.403732,6907.44,bracketed_interpolation,72.0s,COMPATIBLE,SH_0015,CS_0092,AT_RELEASE,1.0,True,True,True,LOW,0.35,Hypothesized source age 2.0h is unphysically young for an observed slick area of 0.0561 km² (estimated physical spreading time ≥ 3.6h).,Vessel observed within 17.0s of hypothesized release time.
4DH_0181,VC_0181,367369550,ANN MORAN,IMO7716983,31.0,31.08257,-81.452775,2019-09-08T09:25:31.797740+00:00,2.0,0.5434,31.128737,-81.404293,6903.55,bracketed_interpolation,70.0s,COMPATIBLE,SH_0015,CS_0092,AT_RELEASE,1.0,True,True,True,LOW,0.35,Hypothesized source age 2.0h is unphysically young for an observed slick area of 0.0561 km² (estimated physical spreading time ≥ 3.6h).,Vessel observed within 24.0s of hypothesized release time.
4DH_0182,VC_0182,367569620,PURA VIDA,UNKNOWN,37.0,31.08257,-81.452775,2019-09-08T09:25:31.797740+00:00,2.0,0.5434,31.1672,-81.41448,10091.76,bracketed_interpolation,181.0s,COMPATIBLE,SH_0015,CS_0092,AT_RELEASE,1.0,True,True,True,LOW,0.35,Hypothesized source age 2.0h is unphysically young for an observed slick area of 0.0561 km² (estimated physical spreading time ≥ 3.6h).,Vessel observed within 14.0s of hypothesized release time.
4DH_0183,VC_0183,367691290,MISS LEXY,IMO8719530,30.0,31.08257,-81.452775,2019-09-08T09:25:31.797740+00:00,2.0,0.5434,31.14215,-81.49644,7821.16,bracketed_interpolation,120.0s,COMPATIBLE,SH_0015,CS_0092,AT_RELEASE,1.0,True,True,True,LOW,0.35,Hypothesized source age 2.0h is unphysically young for an observed slick area of 0.0561 km² (estimated physical spreading time ≥ 3.6h).,Vessel observed within 1.0s of hypothesized release time.
4DH_0184,VC_0184,367753660,AQUAMARINE,UNKNOWN,37.0,31.08257,-81.452775,2019-09-08T09:25:31.797740+00:00,2.0,0.5434,31.156097,-81.499243,9295.75,bracketed_interpolation,181.0s,COMPATIBLE,SH_0015,CS_0092,AT_RELEASE,1.0,True,True,True,LOW,0.35,Hypothesized source age 2.0h is unphysically young for an observed slick area of 0.0561 km² (estimated physical spreading time ≥ 3.6h).,Vessel observed within 60.0s of hypothesized release time.
4DH_0185,VC_0185,367762440,SILVER GIRL II,UNKNOWN,37.0,31.08257,-81.452775,2019-09-08T09:25:31.797740+00:00,2.0,0.5434,31.154142,-81.499515,9117.77,bracketed_interpolation,180.0s,COMPATIBLE,SH_0015,CS_0092,AT_RELEASE,1.0,True,True,True,LOW,0.35,Hypothesized source age 2.0h is unphysically young for an observed slick area of 0.0561 km² (estimated physical spreading time ≥ 3.6h).,Vessel observed within 44.0s of hypothesized release time.
4DH_0186,VC_0186,368004680,TAKE IT EASY,UNKNOWN,36.0,31.08257,-81.452775,2019-09-08T09:25:31.797740+00:00,2.0,0.5434,31.16681,-81.415701,10009.78,bracketed_interpolation,180.0s,COMPATIBLE,SH_0015,CS_0092,AT_RELEASE,1.0,True,True,True,LOW,0.35,Hypothesized source age 2.0h is unphysically young for an observed slick area of 0.0561 km² (estimated physical spreading time ≥ 3.6h).,Vessel observed within 5.0s of hypothesized release time.
4DH_0187,VC_0187,369201000,SALTY VIXEN,UNKNOWN,37.0,31.08257,-81.452775,2019-09-08T09:25:31.797740+00:00,2.0,0.5434,31.156721,-81.499221,9355.84,bracketed_interpolation,181.0s,COMPATIBLE,SH_0015,CS_0092,AT_RELEASE,1.0,True,True,True,LOW,0.35,Hypothesized source age 2.0h is unphysically young for an observed slick area of 0.0561 km² (estimated physical spreading time ≥ 3.6h).,Vessel observed within 84.0s of hypothesized release time.
4DH_0188,VC_0188,369273000,ESCAPE PLAN,IMO0000000,36.0,31.08257,-81.452775,2019-09-08T09:25:31.797740+00:00,2.0,0.5434,31.160412,-81.499963,9751.77,bracketed_interpolation,180.0s,COMPATIBLE,SH_0015,CS_0092,AT_RELEASE,1.0,True,True,True,LOW,0.35,Hypothesized source age 2.0h is unphysically young for an observed slick area of 0.0561 km² (estimated physical spreading time ≥ 3.6h).,Vessel observed within 43.0s of hypothesized release time.
4DH_0189,VC_0189,538004697,EMERALD ACE,IMO9539236,70.0,31.08257,-81.452775,2019-09-08T09:25:31.797740+00:00,2.0,0.5434,31.128811,-81.518109,8070.27,bracketed_interpolation,180.0s,COMPATIBLE,SH_0015,CS_0092,AT_RELEASE,1.0,True,True,True,LOW,0.35,Hypothesized source age 2.0h is unphysically young for an observed slick area of 0.0561 km² (estimated physical spreading time ≥ 3.6h).,Vessel observed within 20.0s of hypothesized release time.
4DH_0190,VC_0190,538007762,UNKNOWN,UNKNOWN,UNKNOWN,31.08257,-81.452775,2019-09-08T09:25:31.797740+00:00,2.0,0.5434,31.127525,-81.403057,6884.33,bracketed_interpolation,91.0s,COMPATIBLE,SH_0015,CS_0092,AT_RELEASE,1.0,True,True,True,LOW,0.35,Hypothesized source age 2.0h is unphysically young for an observed slick area of 0.0561 km² (estimated physical spreading time ≥ 3.6h).,Vessel observed within 22.0s of hypothesized release time.
4DH_0191,VC_0191,311828000,KUJAWY,IMO9285029,70.0,31.079111,-81.455612,2019-09-08T07:25:31.797740+00:00,4.0,0.5118,31.13155,-81.49312,6837.56,bracketed_interpolation,180.0s,COMPATIBLE,SH_0016,CS_0092,AT_RELEASE,1.0,True,True,True,HIGH,1.0,Hypothesized source age 4.0h is fully compatible with physical spreading and Lagrangian drift for area 0.0561 km².,Vessel observed within 34.0s of hypothesized release time.
4DH_0192,VC_0192,338102856,RESPONDER,UNKNOWN,31.0,31.079111,-81.455612,2019-09-08T07:25:31.797740+00:00,4.0,0.5118,31.128275,-81.403426,7387.32,bracketed_interpolation,70.0s,COMPATIBLE,SH_0016,CS_0092,AT_RELEASE,1.0,True,True,True,HIGH,1.0,Hypothesized source age 4.0h is fully compatible with physical spreading and Lagrangian drift for area 0.0561 km².,Vessel observed within 16.0s of hypothesized release time.
4DH_0193,VC_0193,338102861,RECOVERY,UNKNOWN,90.0,31.079111,-81.455612,2019-09-08T07:25:31.797740+00:00,4.0,0.5118,31.12758,-81.40204,7420.4,bracketed_interpolation,62.0s,COMPATIBLE,SH_0016,CS_0092,AT_RELEASE,1.0,True,True,True,HIGH,1.0,Hypothesized source age 4.0h is fully compatible with physical spreading and Lagrangian drift for area 0.0561 km².,Vessel observed within 7.0s of hypothesized release time.
4DH_0194,VC_0194,338143506,MORNING SUN II,UNKNOWN,37.0,31.079111,-81.455612,2019-09-08T07:25:31.797740+00:00,4.0,0.5118,31.15968,-81.49969,9892.78,bracketed_interpolation,540.0s,COMPATIBLE,SH_0016,CS_0092,AT_RELEASE,1.0,True,True,True,HIGH,1.0,Hypothesized source age 4.0h is fully compatible with physical spreading and Lagrangian drift for area 0.0561 km².,Vessel observed within 266.0s of hypothesized release time.
4DH_0195,VC_0195,338184094,DULCINEA,UNKNOWN,37.0,31.079111,-81.455612,2019-09-08T07:25:31.797740+00:00,4.0,0.5118,31.155,-81.49958,9419.48,bracketed_interpolation,180.0s,COMPATIBLE,SH_0016,CS_0092,AT_RELEASE,1.0,True,True,True,HIGH,1.0,Hypothesized source age 4.0h is fully compatible with physical spreading and Lagrangian drift for area 0.0561 km².,Vessel observed within 28.0s of hypothesized release time.
4DH_0196,VC_0196,338235704,BRUNSWICK,IMO0000000,50.0,31.079111,-81.455612,2019-09-08T07:25:31.797740+00:00,4.0,0.5118,31.128636,-81.404986,7318.4,bracketed_interpolation,89.0s,COMPATIBLE,SH_0016,CS_0092,AT_RELEASE,1.0,True,True,True,HIGH,1.0,Hypothesized source age 4.0h is fully compatible with physical spreading and Lagrangian drift for area 0.0561 km².,Vessel observed within 9.0s of hypothesized release time.
4DH_0197,VC_0197,339759000,REGALEC,UNKNOWN,37.0,31.079111,-81.455612,2019-09-08T07:25:31.797740+00:00,4.0,0.5118,31.157156,-81.499718,9640.53,bracketed_interpolation,540.0s,COMPATIBLE,SH_0016,CS_0092,AT_RELEASE,1.0,True,True,True,HIGH,1.0,Hypothesized source age 4.0h is fully compatible with physical spreading and Lagrangian drift for area 0.0561 km².,Vessel observed within 101.0s of hypothesized release time.
4DH_0198,VC_0198,367063030,EMERALD PRINCESS II,IMO8993057,60.0,31.079111,-81.455612,2019-09-08T07:25:31.797740+00:00,4.0,0.5118,31.114082,-81.4884,4986.75,bracketed_interpolation,179.0s,COMPATIBLE,SH_0016,CS_0092,AT_RELEASE,1.0,True,True,True,HIGH,1.0,Hypothesized source age 4.0h is fully compatible with physical spreading and Lagrangian drift for area 0.0561 km².,Vessel observed within 40.0s of hypothesized release time.
4DH_0199,VC_0199,367094180,CHICORY,UNKNOWN,37.0,31.079111,-81.455612,2019-09-08T07:25:31.797740+00:00,4.0,0.5118,31.15501,-81.499418,9413.64,bracketed_interpolation,359.0s,COMPATIBLE,SH_0016,CS_0092,AT_RELEASE,1.0,True,True,True,HIGH,1.0,Hypothesized source age 4.0h is fully compatible with physical spreading and Lagrangian drift for area 0.0561 km².,Vessel observed within 149.0s of hypothesized release time.
4DH_0200,VC_0200,367157730,AESTIVAL,UNKNOWN,37.0,31.079111,-81.455612,2019-09-08T07:25:31.797740+00:00,4.0,0.5118,31.15825,-81.499309,9733.47,bracketed_interpolation,181.0s,COMPATIBLE,SH_0016,CS_0092,AT_RELEASE,1.0,True,True,True,HIGH,1.0,Hypothesized source age 4.0h is fully compatible with physical spreading and Lagrangian drift for area 0.0561 km².,Vessel observed within 12.0s of hypothesized release time.
4DH_0201,VC_0201,367305420,DOROTHY MORAN,IMO7716995,31.0,31.079111,-81.455612,2019-09-08T07:25:31.797740+00:00,4.0,0.5118,31.128318,-81.403698,7373.47,bracketed_interpolation,89.0s,COMPATIBLE,SH_0016,CS_0092,AT_RELEASE,1.0,True,True,True,HIGH,1.0,Hypothesized source age 4.0h is fully compatible with physical spreading and Lagrangian drift for area 0.0561 km².,Vessel observed within 14.0s of hypothesized release time.
4DH_0202,VC_0202,367369550,ANN MORAN,IMO7716983,31.0,31.079111,-81.455612,2019-09-08T07:25:31.797740+00:00,4.0,0.5118,31.128707,-81.4043,7367.49,bracketed_interpolation,129.0s,COMPATIBLE,SH_0016,CS_0092,AT_RELEASE,1.0,True,True,True,HIGH,1.0,Hypothesized source age 4.0h is fully compatible with physical spreading and Lagrangian drift for area 0.0561 km².,Vessel observed within 45.0s of hypothesized release time.
4DH_0203,VC_0203,367458950,WYOMING WIND,IMO0000000,36.0,31.079111,-81.455612,2019-09-08T07:25:31.797740+00:00,4.0,0.5118,31.157057,-81.499549,9623.62,bracketed_interpolation,721.0s,COMPATIBLE,SH_0016,CS_0092,AT_RELEASE,1.0,True,True,True,HIGH,1.0,Hypothesized source age 4.0h is fully compatible with physical spreading and Lagrangian drift for area 0.0561 km².,Vessel observed within 206.0s of hypothesized release time.
4DH_0204,VC_0204,367691290,MISS LEXY,IMO8719530,30.0,31.079111,-81.455612,2019-09-08T07:25:31.797740+00:00,4.0,0.5118,31.142118,-81.49645,8012.51,bracketed_interpolation,69.0s,COMPATIBLE,SH_0016,CS_0092,AT_RELEASE,1.0,True,True,True,HIGH,1.0,Hypothesized source age 4.0h is fully compatible with physical spreading and Lagrangian drift for area 0.0561 km².,Vessel observed within 11.0s of hypothesized release time.
4DH_0205,VC_0205,367753660,AQUAMARINE,UNKNOWN,37.0,31.079111,-81.455612,2019-09-08T07:25:31.797740+00:00,4.0,0.5118,31.156103,-81.499217,9514.38,bracketed_interpolation,180.0s,COMPATIBLE,SH_0016,CS_0092,AT_RELEASE,1.0,True,True,True,HIGH,1.0,Hypothesized source age 4.0h is fully compatible with physical spreading and Lagrangian drift for area 0.0561 km².,Vessel observed within 61.0s of hypothesized release time.
4DH_0206,VC_0206,367762440,SILVER GIRL II,UNKNOWN,37.0,31.079111,-81.455612,2019-09-08T07:25:31.797740+00:00,4.0,0.5118,31.154121,-81.499528,9329.81,bracketed_interpolation,357.0s,COMPATIBLE,SH_0016,CS_0092,AT_RELEASE,1.0,True,True,True,HIGH,1.0,Hypothesized source age 4.0h is fully compatible with physical spreading and Lagrangian drift for area 0.0561 km².,Vessel observed within 42.0s of hypothesized release time.
4DH_0207,VC_0207,369201000,SALTY VIXEN,UNKNOWN,37.0,31.079111,-81.455612,2019-09-08T07:25:31.797740+00:00,4.0,0.5118,31.156715,-81.49922,9575.77,bracketed_interpolation,180.0s,COMPATIBLE,SH_0016,CS_0092,AT_RELEASE,1.0,True,True,True,HIGH,1.0,Hypothesized source age 4.0h is fully compatible with physical spreading and Lagrangian drift for area 0.0561 km².,Vessel observed within 84.0s of hypothesized release time.
4DH_0208,VC_0208,369273000,ESCAPE PLAN,IMO0000000,36.0,31.079111,-81.455612,2019-09-08T07:25:31.797740+00:00,4.0,0.5118,31.160398,-81.499975,9976.58,bracketed_interpolation,177.0s,COMPATIBLE,SH_0016,CS_0092,AT_RELEASE,1.0,True,True,True,HIGH,1.0,Hypothesized source age 4.0h is fully compatible with physical spreading and Lagrangian drift for area 0.0561 km².,Vessel observed within 44.0s of hypothesized release time.
4DH_0209,VC_0209,538004697,EMERALD ACE,IMO9539236,70.0,31.079111,-81.455612,2019-09-08T07:25:31.797740+00:00,4.0,0.5118,31.128683,-81.518343,8127.42,bracketed_interpolation,180.0s,COMPATIBLE,SH_0016,CS_0092,AT_RELEASE,1.0,True,True,True,HIGH,1.0,Hypothesized source age 4.0h is fully compatible with physical spreading and Lagrangian drift for area 0.0561 km².,Vessel observed within 20.0s of hypothesized release time.
4DH_0210,VC_0210,538007762,UNKNOWN,UNKNOWN,UNKNOWN,31.079111,-81.455612,2019-09-08T07:25:31.797740+00:00,4.0,0.5118,31.127487,-81.403096,7344.08,bracketed_interpolation,90.0s,COMPATIBLE,SH_0016,CS_0092,AT_RELEASE,1.0,True,True,True,HIGH,1.0,Hypothesized source age 4.0h is fully compatible with physical spreading and Lagrangian drift for area 0.0561 km².,Vessel observed within 32.0s of hypothesized release time.
4DH_0211,VC_0211,311828000,KUJAWY,IMO9285029,70.0,31.074782,-81.458345,2019-09-08T05:25:31.797740+00:00,6.0,0.482,31.13155,-81.49311,7127.49,bracketed_interpolation,180.0s,COMPATIBLE,SH_0017,CS_0092,AT_RELEASE,1.0,True,True,True,HIGH,1.0,Hypothesized source age 6.0h is fully compatible with physical spreading and Lagrangian drift for area 0.0561 km².,Vessel observed within 35.0s of hypothesized release time.
4DH_0212,VC_0212,338143506,MORNING SUN II,UNKNOWN,37.0,31.074782,-81.458345,2019-09-08T05:25:31.797740+00:00,6.0,0.482,31.15969,-81.49972,10229.97,bracketed_interpolation,359.0s,COMPATIBLE,SH_0017,CS_0092,AT_RELEASE,1.0,True,True,True,HIGH,1.0,Hypothesized source age 6.0h is fully compatible with physical spreading and Lagrangian drift for area 0.0561 km².,Vessel observed within 85.0s of hypothesized release time.
4DH_0213,VC_0213,338184094,DULCINEA,UNKNOWN,37.0,31.074782,-81.458345,2019-09-08T05:25:31.797740+00:00,6.0,0.482,31.154998,-81.49958,9745.19,bracketed_interpolation,177.0s,COMPATIBLE,SH_0017,CS_0092,AT_RELEASE,1.0,True,True,True,HIGH,1.0,Hypothesized source age 6.0h is fully compatible with physical spreading and Lagrangian drift for area 0.0561 km².,Vessel observed within 29.0s of hypothesized release time.
4DH_0214,VC_0214,339759000,REGALEC,UNKNOWN,37.0,31.074782,-81.458345,2019-09-08T05:25:31.797740+00:00,6.0,0.482,31.157169,-81.49974,9972.61,bracketed_interpolation,720.0s,COMPATIBLE,SH_0017,CS_0092,AT_RELEASE,1.0,True,True,True,HIGH,1.0,Hypothesized source age 6.0h is fully compatible with physical spreading and Lagrangian drift for area 0.0561 km².,Vessel observed within 78.0s of hypothesized release time.
4DH_0215,VC_0215,367063030,EMERALD PRINCESS II,IMO8993057,60.0,31.074782,-81.458345,2019-09-08T05:25:31.797740+00:00,6.0,0.482,31.1141,-81.4884,5225.31,bracketed_interpolation,361.0s,COMPATIBLE,SH_0017,CS_0092,AT_RELEASE,1.0,True,True,True,HIGH,1.0,Hypothesized source age 6.0h is fully compatible with physical spreading and Lagrangian drift for area 0.0561 km².,Vessel observed within 140.0s of hypothesized release time.
4DH_0216,VC_0216,367094180,CHICORY,UNKNOWN,37.0,31.074782,-81.458345,2019-09-08T05:25:31.797740+00:00,6.0,0.482,31.155018,-81.499413,9740.84,bracketed_interpolation,181.0s,COMPATIBLE,SH_0017,CS_0092,AT_RELEASE,1.0,True,True,True,HIGH,1.0,Hypothesized source age 6.0h is fully compatible with physical spreading and Lagrangian drift for area 0.0561 km².,Vessel observed within 30.0s of hypothesized release time.
4DH_0217,VC_0217,367157730,AESTIVAL,UNKNOWN,37.0,31.074782,-81.458345,2019-09-08T05:25:31.797740+00:00,6.0,0.482,31.158241,-81.499299,10065.88,bracketed_interpolation,180.0s,COMPATIBLE,SH_0017,CS_0092,AT_RELEASE,1.0,True,True,True,HIGH,1.0,Hypothesized source age 6.0h is fully compatible with physical spreading and Lagrangian drift for area 0.0561 km².,Vessel observed within 12.0s of hypothesized release time.
4DH_0218,VC_0218,367305420,DOROTHY MORAN,IMO7716995,31.0,31.074782,-81.458345,2019-09-08T05:25:31.797740+00:00,6.0,0.482,31.124495,-81.508022,7275.22,bracketed_interpolation,80.0s,COMPATIBLE,SH_0017,CS_0092,AT_RELEASE,1.0,True,True,True,HIGH,1.0,Hypothesized source age 6.0h is fully compatible with physical spreading and Lagrangian drift for area 0.0561 km².,Vessel observed within 37.0s of hypothesized release time.
4DH_0219,VC_0219,367369550,ANN MORAN,IMO7716983,31.0,31.074782,-81.458345,2019-09-08T05:25:31.797740+00:00,6.0,0.482,31.143112,-81.49662,8426.56,bracketed_interpolation,70.0s,COMPATIBLE,SH_0017,CS_0092,AT_RELEASE,1.0,True,True,True,HIGH,1.0,Hypothesized source age 6.0h is fully compatible with physical spreading and Lagrangian drift for area 0.0561 km².,Vessel observed within 15.0s of hypothesized release time.
4DH_0220,VC_0220,367458950,WYOMING WIND,IMO0000000,36.0,31.074782,-81.458345,2019-09-08T05:25:31.797740+00:00,6.0,0.482,31.157041,-81.49959,9953.9,bracketed_interpolation,183.0s,COMPATIBLE,SH_0017,CS_0092,AT_RELEASE,1.0,True,True,True,HIGH,1.0,Hypothesized source age 6.0h is fully compatible with physical spreading and Lagrangian drift for area 0.0561 km².,Vessel observed within 26.0s of hypothesized release time.
4DH_0221,VC_0221,367691290,MISS LEXY,IMO8719530,30.0,31.074782,-81.458345,2019-09-08T05:25:31.797740+00:00,6.0,0.482,31.142129,-81.496411,8319.46,bracketed_interpolation,120.0s,COMPATIBLE,SH_0017,CS_0092,AT_RELEASE,1.0,True,True,True,HIGH,1.0,Hypothesized source age 6.0h is fully compatible with physical spreading and Lagrangian drift for area 0.0561 km².,Vessel observed within 8.0s of hypothesized release time.
4DH_0222,VC_0222,367753660,AQUAMARINE,UNKNOWN,37.0,31.074782,-81.458345,2019-09-08T05:25:31.797740+00:00,6.0,0.482,31.1561,-81.49924,9844.62,bracketed_interpolation,180.0s,COMPATIBLE,SH_0017,CS_0092,AT_RELEASE,1.0,True,True,True,HIGH,1.0,Hypothesized source age 6.0h is fully compatible with physical spreading and Lagrangian drift for area 0.0561 km².,Vessel observed within 62.0s of hypothesized release time.
4DH_0223,VC_0223,367762440,SILVER GIRL II,UNKNOWN,37.0,31.074782,-81.458345,2019-09-08T05:25:31.797740+00:00,6.0,0.482,31.154138,-81.4995,9654.66,bracketed_interpolation,361.0s,COMPATIBLE,SH_0017,CS_0092,AT_RELEASE,1.0,True,True,True,HIGH,1.0,Hypothesized source age 6.0h is fully compatible with physical spreading and Lagrangian drift for area 0.0561 km².,Vessel observed within 137.0s of hypothesized release time.
4DH_0224,VC_0224,369201000,SALTY VIXEN,UNKNOWN,37.0,31.074782,-81.458345,2019-09-08T05:25:31.797740+00:00,6.0,0.482,31.156702,-81.49923,9905.76,bracketed_interpolation,178.0s,COMPATIBLE,SH_0017,CS_0092,AT_RELEASE,1.0,True,True,True,HIGH,1.0,Hypothesized source age 6.0h is fully compatible with physical spreading and Lagrangian drift for area 0.0561 km².,Vessel observed within 82.0s of hypothesized release time.
4DH_0225,VC_0225,538007762,UNKNOWN,UNKNOWN,UNKNOWN,31.074782,-81.458345,2019-09-08T05:25:31.797740+00:00,6.0,0.482,31.106123,-81.442686,3790.55,bracketed_interpolation,69.0s,COMPATIBLE,SH_0017,CS_0092,AT_RELEASE,1.0,True,True,True,HIGH,1.0,Hypothesized source age 6.0h is fully compatible with physical spreading and Lagrangian drift for area 0.0561 km².,Vessel observed within 28.0s of hypothesized release time.
4DH_0226,VC_0226,311828000,KUJAWY,IMO9285029,70.0,31.068032,-81.460067,2019-09-08T03:25:31.797740+00:00,8.0,0.4539,31.13155,-81.49311,7731.9,bracketed_interpolation,180.0s,COMPATIBLE,SH_0018,CS_0092,AT_RELEASE,1.0,True,True,True,HIGH,1.0,Hypothesized source age 8.0h is fully compatible with physical spreading and Lagrangian drift for area 0.0561 km².,Vessel observed within 36.0s of hypothesized release time.
4DH_0227,VC_0227,367305420,DOROTHY MORAN,IMO7716995,31.0,31.068032,-81.460067,2019-09-08T03:25:31.797740+00:00,8.0,0.4539,31.14346,-81.496775,9086.21,bracketed_interpolation,69.0s,COMPATIBLE,SH_0018,CS_0092,AT_RELEASE,1.0,True,True,True,HIGH,1.0,Hypothesized source age 8.0h is fully compatible with physical spreading and Lagrangian drift for area 0.0561 km².,Vessel observed within 34.0s of hypothesized release time.
4DH_0228,VC_0228,367369550,ANN MORAN,IMO7716983,31.0,31.068032,-81.460067,2019-09-08T03:25:31.797740+00:00,8.0,0.4539,31.143094,-81.496613,9042.72,bracketed_interpolation,150.0s,COMPATIBLE,SH_0018,CS_0092,AT_RELEASE,1.0,True,True,True,HIGH,1.0,Hypothesized source age 8.0h is fully compatible with physical spreading and Lagrangian drift for area 0.0561 km².,Vessel observed within 46.0s of hypothesized release time.
4DH_0229,VC_0229,367691290,MISS LEXY,IMO8719530,30.0,31.068032,-81.460067,2019-09-08T03:25:31.797740+00:00,8.0,0.4539,31.142091,-81.496449,8933.82,bracketed_interpolation,62.0s,COMPATIBLE,SH_0018,CS_0092,AT_RELEASE,1.0,True,True,True,HIGH,1.0,Hypothesized source age 8.0h is fully compatible with physical spreading and Lagrangian drift for area 0.0561 km².,Vessel observed within 2.0s of hypothesized release time.
4DH_0230,VC_0230,367762440,SILVER GIRL II,UNKNOWN,37.0,31.068032,-81.460067,2019-09-08T03:25:31.797740+00:00,8.0,0.4539,31.154102,-81.499515,10281.01,bracketed_interpolation,179.0s,COMPATIBLE,SH_0018,CS_0092,AT_RELEASE,1.0,True,True,True,HIGH,1.0,Hypothesized source age 8.0h is fully compatible with physical spreading and Lagrangian drift for area 0.0561 km².,Vessel observed within 43.0s of hypothesized release time.
4DH_0231,VC_0231,538007762,UNKNOWN,UNKNOWN,UNKNOWN,31.068032,-81.460067,2019-09-08T03:25:31.797740+00:00,8.0,0.4539,31.13095,-81.53242,9818.55,bracketed_interpolation,176.0s,COMPATIBLE,SH_0018,CS_0092,AT_RELEASE,1.0,True,True,True,HIGH,1.0,Hypothesized source age 8.0h is fully compatible with physical spreading and Lagrangian drift for area 0.0561 km².,Vessel observed within 3.0s of hypothesized release time.
4DH_0232,VC_0232,311828000,KUJAWY,IMO9285029,70.0,31.054937,-81.458279,2019-09-07T23:25:31.797740+00:00,12.0,0.4026,31.13155,-81.49312,9142.16,bracketed_interpolation,181.0s,COMPATIBLE,SH_0019,CS_0092,AT_RELEASE,1.0,True,True,True,HIGH,1.0,Hypothesized source age 12.0h is fully compatible with physical spreading and Lagrangian drift for area 0.0561 km².,Vessel observed within 39.0s of hypothesized release time.
4DH_0233,VC_0233,367063030,EMERALD PRINCESS II,IMO8993057,60.0,31.054937,-81.458279,2019-09-07T23:25:31.797740+00:00,12.0,0.4026,31.113826,-81.486967,7095.19,bracketed_interpolation,120.0s,COMPATIBLE,SH_0019,CS_0092,AT_RELEASE,1.0,True,True,True,HIGH,1.0,Hypothesized source age 12.0h is fully compatible with physical spreading and Lagrangian drift for area 0.0561 km².,Vessel observed within 28.0s of hypothesized release time.
4DH_0234,VC_0234,367691290,MISS LEXY,IMO8719530,30.0,31.054937,-81.458279,2019-09-07T23:25:31.797740+00:00,12.0,0.4026,31.142126,-81.496454,10353.95,bracketed_interpolation,139.0s,COMPATIBLE,SH_0019,CS_0092,AT_RELEASE,1.0,True,True,True,HIGH,1.0,Hypothesized source age 12.0h is fully compatible with physical spreading and Lagrangian drift for area 0.0561 km².,Vessel observed within 60.0s of hypothesized release time.
4DH_0235,VC_0235,338182224,SEA SALT,UNKNOWN,37.0,31.034819,-81.43823,2019-09-07T17:25:31.797740+00:00,18.0,0.3362,31.057772,-81.42471,2858.84,bracketed_interpolation,90.0s,COMPATIBLE,SH_0020,CS_0092,AT_RELEASE,1.0,True,True,True,HIGH,1.0,Hypothesized source age 18.0h is fully compatible with physical spreading and Lagrangian drift for area 0.0561 km².,Vessel observed within 29.0s of hypothesized release time.
4DH_0236,VC_0236,369970979,S3005 NRT1,IMO0000000,33.0,31.034819,-81.43823,2019-09-07T17:25:31.797740+00:00,18.0,0.3362,31.103441,-81.450787,7723.58,bracketed_interpolation,209.0s,COMPATIBLE,SH_0020,CS_0092,AT_RELEASE,1.0,True,True,True,HIGH,1.0,Hypothesized source age 18.0h is fully compatible with physical spreading and Lagrangian drift for area 0.0561 km².,Vessel observed within 46.0s of hypothesized release time.
4DH_0237,VC_0237,338102856,RESPONDER,UNKNOWN,31.0,31.062942,-81.404052,2019-09-08T09:25:31.797740+00:00,2.0,0.5782,31.127014,-81.40362,7124.6,bracketed_interpolation,111.0s,COMPATIBLE,SH_0022,CS_0114,AT_RELEASE,1.0,True,True,True,LOW,0.35,Hypothesized source age 2.0h is unphysically young for an observed slick area of 0.0860 km² (estimated physical spreading time ≥ 4.4h).,Vessel observed within 25.0s of hypothesized release time.
4DH_0238,VC_0238,338102861,RECOVERY,UNKNOWN,90.0,31.062942,-81.404052,2019-09-08T09:25:31.797740+00:00,2.0,0.5782,31.128411,-81.401985,7282.48,bracketed_interpolation,72.0s,COMPATIBLE,SH_0022,CS_0114,AT_RELEASE,1.0,True,True,True,LOW,0.35,Hypothesized source age 2.0h is unphysically young for an observed slick area of 0.0860 km² (estimated physical spreading time ≥ 4.4h).,Vessel observed within 35.0s of hypothesized release time.
4DH_0239,VC_0239,338235704,BRUNSWICK,IMO0000000,50.0,31.062942,-81.404052,2019-09-08T09:25:31.797740+00:00,2.0,0.5782,31.127413,-81.402043,7171.4,bracketed_interpolation,149.0s,COMPATIBLE,SH_0022,CS_0114,AT_RELEASE,1.0,True,True,True,LOW,0.35,Hypothesized source age 2.0h is unphysically young for an observed slick area of 0.0860 km² (estimated physical spreading time ≥ 4.4h).,Vessel observed within 49.0s of hypothesized release time.
4DH_0240,VC_0240,367063030,EMERALD PRINCESS II,IMO8993057,60.0,31.062942,-81.404052,2019-09-08T09:25:31.797740+00:00,2.0,0.5782,31.11411,-81.488406,9843.44,bracketed_interpolation,359.0s,COMPATIBLE,SH_0022,CS_0114,AT_RELEASE,1.0,True,True,True,LOW,0.35,Hypothesized source age 2.0h is unphysically young for an observed slick area of 0.0860 km² (estimated physical spreading time ≥ 4.4h).,Vessel observed within 139.0s of hypothesized release time.
4DH_0241,VC_0241,367305420,DOROTHY MORAN,IMO7716995,31.0,31.062942,-81.404052,2019-09-08T09:25:31.797740+00:00,2.0,0.5782,31.128348,-81.403732,7272.88,bracketed_interpolation,72.0s,COMPATIBLE,SH_0022,CS_0114,AT_RELEASE,1.0,True,True,True,LOW,0.35,Hypothesized source age 2.0h is unphysically young for an observed slick area of 0.0860 km² (estimated physical spreading time ≥ 4.4h).,Vessel observed within 17.0s of hypothesized release time.
4DH_0242,VC_0242,367369550,ANN MORAN,IMO7716983,31.0,31.062942,-81.404052,2019-09-08T09:25:31.797740+00:00,2.0,0.5782,31.128737,-81.404293,7316.11,bracketed_interpolation,70.0s,COMPATIBLE,SH_0022,CS_0114,AT_RELEASE,1.0,True,True,True,LOW,0.35,Hypothesized source age 2.0h is unphysically young for an observed slick area of 0.0860 km² (estimated physical spreading time ≥ 4.4h).,Vessel observed within 24.0s of hypothesized release time.
4DH_0243,VC_0243,538007762,UNKNOWN,UNKNOWN,UNKNOWN,31.062942,-81.404052,2019-09-08T09:25:31.797740+00:00,2.0,0.5782,31.127525,-81.403057,7181.93,bracketed_interpolation,91.0s,COMPATIBLE,SH_0022,CS_0114,AT_RELEASE,1.0,True,True,True,LOW,0.35,Hypothesized source age 2.0h is unphysically young for an observed slick area of 0.0860 km² (estimated physical spreading time ≥ 4.4h).,Vessel observed within 22.0s of hypothesized release time.
4DH_0244,VC_0244,338102856,RESPONDER,UNKNOWN,31.0,31.057201,-81.407424,2019-09-08T07:25:31.797740+00:00,4.0,0.5446,31.128275,-81.403426,7912.23,bracketed_interpolation,70.0s,COMPATIBLE,SH_0023,CS_0114,AT_RELEASE,1.0,True,True,True,MEDIUM,0.75,Hypothesized source age 4.0h is on the lower boundary of physical spreading for area 0.0860 km² (nominal minimum 4.4h).,Vessel observed within 16.0s of hypothesized release time.
4DH_0245,VC_0245,338102861,RECOVERY,UNKNOWN,90.0,31.057201,-81.407424,2019-09-08T07:25:31.797740+00:00,4.0,0.5446,31.12758,-81.40204,7842.56,bracketed_interpolation,62.0s,COMPATIBLE,SH_0023,CS_0114,AT_RELEASE,1.0,True,True,True,MEDIUM,0.75,Hypothesized source age 4.0h is on the lower boundary of physical spreading for area 0.0860 km² (nominal minimum 4.4h).,Vessel observed within 7.0s of hypothesized release time.
4DH_0246,VC_0246,338235704,BRUNSWICK,IMO0000000,50.0,31.057201,-81.407424,2019-09-08T07:25:31.797740+00:00,4.0,0.5446,31.128636,-81.404986,7946.6,bracketed_interpolation,89.0s,COMPATIBLE,SH_0023,CS_0114,AT_RELEASE,1.0,True,True,True,MEDIUM,0.75,Hypothesized source age 4.0h is on the lower boundary of physical spreading for area 0.0860 km² (nominal minimum 4.4h).,Vessel observed within 9.0s of hypothesized release time.
4DH_0247,VC_0247,367063030,EMERALD PRINCESS II,IMO8993057,60.0,31.057201,-81.407424,2019-09-08T07:25:31.797740+00:00,4.0,0.5446,31.114082,-81.4884,9973.22,bracketed_interpolation,179.0s,COMPATIBLE,SH_0023,CS_0114,AT_RELEASE,1.0,True,True,True,MEDIUM,0.75,Hypothesized source age 4.0h is on the lower boundary of physical spreading for area 0.0860 km² (nominal minimum 4.4h).,Vessel observed within 40.0s of hypothesized release time.
4DH_0248,VC_0248,367305420,DOROTHY MORAN,IMO7716995,31.0,31.057201,-81.407424,2019-09-08T07:25:31.797740+00:00,4.0,0.5446,31.128318,-81.403698,7915.8,bracketed_interpolation,89.0s,COMPATIBLE,SH_0023,CS_0114,AT_RELEASE,1.0,True,True,True,MEDIUM,0.75,Hypothesized source age 4.0h is on the lower boundary of physical spreading for area 0.0860 km² (nominal minimum 4.4h).,Vessel observed within 14.0s of hypothesized release time.
4DH_0249,VC_0249,367369550,ANN MORAN,IMO7716983,31.0,31.057201,-81.407424,2019-09-08T07:25:31.797740+00:00,4.0,0.5446,31.128707,-81.4043,7956.67,bracketed_interpolation,129.0s,COMPATIBLE,SH_0023,CS_0114,AT_RELEASE,1.0,True,True,True,MEDIUM,0.75,Hypothesized source age 4.0h is on the lower boundary of physical spreading for area 0.0860 km² (nominal minimum 4.4h).,Vessel observed within 45.0s of hypothesized release time.
4DH_0250,VC_0250,538007762,UNKNOWN,UNKNOWN,UNKNOWN,31.057201,-81.407424,2019-09-08T07:25:31.797740+00:00,4.0,0.5446,31.127487,-81.403096,7826.3,bracketed_interpolation,90.0s,COMPATIBLE,SH_0023,CS_0114,AT_RELEASE,1.0,True,True,True,MEDIUM,0.75,Hypothesized source age 4.0h is on the lower boundary of physical spreading for area 0.0860 km² (nominal minimum 4.4h).,Vessel observed within 32.0s of hypothesized release time.
4DH_0251,VC_0251,367063030,EMERALD PRINCESS II,IMO8993057,60.0,31.05069,-81.410975,2019-09-08T05:25:31.797740+00:00,6.0,0.5129,31.1141,-81.4884,10201.9,bracketed_interpolation,361.0s,COMPATIBLE,SH_0024,CS_0114,AT_RELEASE,1.0,True,True,True,HIGH,1.0,Hypothesized source age 6.0h is fully compatible with physical spreading and Lagrangian drift for area 0.0860 km².,Vessel observed within 140.0s of hypothesized release time.
4DH_0252,VC_0252,538004697,EMERALD ACE,IMO9539236,70.0,31.05069,-81.410975,2019-09-08T05:25:31.797740+00:00,6.0,0.5129,31.098999,-81.331559,9276.87,bracketed_interpolation,110.0s,COMPATIBLE,SH_0024,CS_0114,AT_RELEASE,1.0,True,True,True,HIGH,1.0,Hypothesized source age 6.0h is fully compatible with physical spreading and Lagrangian drift for area 0.0860 km².,Vessel observed within 19.0s of hypothesized release time.
4DH_0253,VC_0253,538007762,UNKNOWN,UNKNOWN,UNKNOWN,31.05069,-81.410975,2019-09-08T05:25:31.797740+00:00,6.0,0.5129,31.106123,-81.442686,6863.93,bracketed_interpolation,69.0s,COMPATIBLE,SH_0024,CS_0114,AT_RELEASE,1.0,True,True,True,HIGH,1.0,Hypothesized source age 6.0h is fully compatible with physical spreading and Lagrangian drift for area 0.0860 km².,Vessel observed within 28.0s of hypothesized release time.
4DH_0254,VC_0254,367063030,EMERALD PRINCESS II,IMO8993057,60.0,31.041608,-81.413528,2019-09-08T03:25:31.797740+00:00,8.0,0.483,31.100188,-81.343728,9307.19,bracketed_interpolation,140.0s,COMPATIBLE,SH_0025,CS_0114,AT_RELEASE,1.0,True,True,True,HIGH,1.0,Hypothesized source age 8.0h is fully compatible with physical spreading and Lagrangian drift for area 0.0860 km².,Vessel observed within 49.0s of hypothesized release time.
4DH_0255,VC_0255,338182224,SEA SALT,UNKNOWN,37.0,30.987785,-81.39459,2019-09-07T17:25:31.797740+00:00,18.0,0.3578,31.057772,-81.42471,8294.59,bracketed_interpolation,90.0s,COMPATIBLE,SH_0027,CS_0114,AT_RELEASE,1.0,True,True,True,HIGH,1.0,Hypothesized source age 18.0h is fully compatible with physical spreading and Lagrangian drift for area 0.0860 km².,Vessel observed within 29.0s of hypothesized release time.
4DH_0256,VC_0256,538007762,UNKNOWN,UNKNOWN,UNKNOWN,31.014711,-81.4215,2019-09-08T05:25:31.797740+00:00,6.0,0.5847,31.106123,-81.442686,10362.94,bracketed_interpolation,69.0s,COMPATIBLE,SH_0031,CS_0161,AT_RELEASE,1.0,True,True,True,MEDIUM,0.75,Hypothesized source age 6.0h is on the lower boundary of physical spreading for area 0.2202 km² (nominal minimum 7.0h).,Vessel observed within 28.0s of hypothesized release time.
