{
  "type": "FeatureCollection",
  "metadata": {
    "case_id": "case_003_golden_ray",
    "timestamp_utc": "2026-09-11T12:59:24Z",
    "detection_mode": "adaptive",
    "total_candidates": 207,
    "accepted_candidates": 6,
    "rejected_candidates": 201
  },
  "features": [
    {
      "type": "Feature",
      "id": "CS_0001",
      "geometry": {
        "type": "Polygon",
        "coordinates": [
          [
            [
              -81.4024,
              31.247600000000002
            ],
            [
              -81.4024,
              31.247200000000003
            ],
            [
              -81.4025,
              31.247200000000003
            ],
            [
              -81.4025,
              31.246900000000004
            ],
            [
              -81.4022,
              31.246900000000004
            ],
            [
              -81.4022,
              31.247100000000003
            ],
            [
              -81.4021,
              31.247100000000003
            ],
            [
              -81.4021,
              31.247600000000002
            ],
            [
              -81.4024,
              31.247600000000002
            ]
          ]
        ]
      },
      "properties": {
        "candidate_id": "CS_0001",
        "numeric_id": 1,
        "raw_component_id": 8,
        "pixel_count": 83,
        "area_km2": 0.0088,
        "perimeter_km": 0.555,
        "centroid_lon": -81.40218,
        "centroid_lat": 31.24667,
        "bounding_box": [
          -81.40275,
          31.24615,
          -81.40155,
          31.24755
        ],
        "length_km": 0.174,
        "width_km": 0.12,
        "aspect_ratio": 1.45,
        "orientation_deg": -3.1,
        "mean_sigma0_db": -24.91,
        "min_sigma0_db": -28.64,
        "mean_contrast_db": 9.92,
        "max_contrast_db": 13.5,
        "candidate_score": 0.63,
        "heuristic_confidence": 0.63,
        "rejection_reasons": [
          "AREA_TOO_SMALL"
        ],
        "status": "REJECTED"
      }
    },
    {
      "type": "Feature",
      "id": "CS_0002",
      "geometry": {
        "type": "Polygon",
        "coordinates": [
          [
            [
              -81.3248,
              31.2335
            ],
            [
              -81.3248,
              31.2332
            ],
            [
              -81.32469999999999,
              31.2332
            ],
            [
              -81.32469999999999,
              31.233
            ],
            [
              -81.32419999999999,
              31.233
            ],
            [
              -81.32419999999999,
              31.2333
            ],
            [
              -81.32449999999999,
              31.2333
            ],
            [
              -81.32449999999999,
              31.2335
            ],
            [
              -81.3248,
              31.2335
            ]
          ]
        ]
      },
      "properties": {
        "candidate_id": "CS_0002",
        "numeric_id": 2,
        "raw_component_id": 56,
        "pixel_count": 51,
        "area_km2": 0.0054,
        "perimeter_km": 0.401,
        "centroid_lon": -81.32486,
        "centroid_lat": 31.23322,
        "bounding_box": [
          -81.32545,
          31.23295,
          -81.32425,
          31.23345
        ],
        "length_km": 0.133,
        "width_km": 0.065,
        "aspect_ratio": 2.06,
        "orientation_deg": -80.2,
        "mean_sigma0_db": -25.14,
        "min_sigma0_db": -26.9,
        "mean_contrast_db": 5.0,
        "max_contrast_db": 6.95,
        "candidate_score": 0.487,
        "heuristic_confidence": 0.487,
        "rejection_reasons": [
          "AREA_TOO_SMALL"
        ],
        "status": "REJECTED"
      }
    },
    {
      "type": "Feature",
      "id": "CS_0003",
      "geometry": {
        "type": "Polygon",
        "coordinates": [
          [
            [
              -81.328,
              31.2326
            ],
            [
              -81.328,
              31.232300000000002
            ],
            [
              -81.3281,
              31.232300000000002
            ],
            [
              -81.3281,
              31.232200000000002
            ],
            [
              -81.3283,
              31.232200000000002
            ],
            [
              -81.3283,
              31.232100000000003
            ],
            [
              -81.3284,
              31.232100000000003
            ],
            [
              -81.3284,
              31.232000000000003
            ],
            [
              -81.3286,
              31.232000000000003
            ],
            [
              -81.3286,
              31.231900000000003
            ],
            [
              -81.3287,
              31.231900000000003
            ],
            [
              -81.3287,
              31.232000000000003
            ],
            [
              -81.3288,
              31.232000000000003
            ],
            [
              -81.3288,
              31.232100000000003
            ],
            [
              -81.3291,
              31.232100000000003
            ],
            [
              -81.3291,
              31.232000000000003
            ],
            [
              -81.3292,
              31.232000000000003
            ],
            [
              -81.3292,
              31.2317
            ],
            [
              -81.3291,
              31.2317
            ],
            [
              -81.3291,
              31.2316
            ],
            [
              -81.3288,
              31.2316
            ],
            [
              -81.3288,
              31.2313
            ],
            [
              -81.3287,
              31.2313
            ],
            [
              -81.3287,
              31.2312
            ],
            [
              -81.3284,
              31.2312
            ],
            [
              -81.3284,
              31.2314
            ],
            [
              -81.3283,
              31.2314
            ],
            [
              -81.3283,
              31.2316
            ],
            [
              -81.3282,
              31.2316
            ],
            [
              -81.3282,
              31.2315
            ],
            [
              -81.3279,
              31.2315
            ],
            [
              -81.3279,
              31.2317
            ],
            [
              -81.3278,
              31.2317
            ],
            [
              -81.3278,
              31.2318
            ],
            [
              -81.3274,
              31.2318
            ],
            [
              -81.3274,
              31.2316
            ],
            [
              -81.3271,
              31.2316
            ],
            [
              -81.3271,
              31.231900000000003
            ],
            [
              -81.3274,
              31.231900000000003
            ],
            [
              -81.3274,
              31.232100000000003
            ],
            [
              -81.3276,
              31.232100000000003
            ],
            [
              -81.3276,
              31.232300000000002
            ],
            [
              -81.32770000000001,
              31.232300000000002
            ],
            [
              -81.32770000000001,
              31.2326
            ],
            [
              -81.328,
              31.2326
            ]
          ]
        ]
      },
      "properties": {
        "candidate_id": "CS_0003",
        "numeric_id": 3,
        "raw_component_id": 65,
        "pixel_count": 124,
        "area_km2": 0.0131,
        "perimeter_km": 0.617,
        "centroid_lon": -81.32821,
        "centroid_lat": 31.23186,
        "bounding_box": [
          -81.32915,
          31.23125,
          -81.32715,
          31.23255
        ],
        "length_km": 0.202,
        "width_km": 0.114,
        "aspect_ratio": 1.77,
        "orientation_deg": 72.1,
        "mean_sigma0_db": -25.14,
        "min_sigma0_db": -28.29,
        "mean_contrast_db": 8.56,
        "max_contrast_db": 12.16,
        "candidate_score": 0.642,
        "heuristic_confidence": 0.642,
        "rejection_reasons": [
          "AREA_TOO_SMALL"
        ],
        "status": "REJECTED"
      }
    },
    {
      "type": "Feature",
      "id": "CS_0004",
      "geometry": {
        "type": "Polygon",
        "coordinates": [
          [
            [
              -81.33019999999999,
              31.2315
            ],
            [
              -81.33019999999999,
              31.2312
            ],
            [
              -81.33009999999999,
              31.2312
            ],
            [
              -81.33009999999999,
              31.230900000000002
            ],
            [
              -81.3299,
              31.230900000000002
            ],
            [
              -81.3299,
              31.2304
            ],
            [
              -81.32929999999999,
              31.2304
            ],
            [
              -81.32929999999999,
              31.2306
            ],
            [
              -81.329,
              31.2306
            ],
            [
              -81.329,
              31.230800000000002
            ],
            [
              -81.32879999999999,
              31.230800000000002
            ],
            [
              -81.32879999999999,
              31.2311
            ],
            [
              -81.32889999999999,
              31.2311
            ],
            [
              -81.32889999999999,
              31.2312
            ],
            [
              -81.3291,
              31.2312
            ],
            [
              -81.3291,
              31.2314
            ],
            [
              -81.32919999999999,
              31.2314
            ],
            [
              -81.32919999999999,
              31.2315
            ],
            [
              -81.32959999999999,
              31.2315
            ],
            [
              -81.32959999999999,
              31.2311
            ],
            [
              -81.3295,
              31.2311
            ],
            [
              -81.3295,
              31.231
            ],
            [
              -81.32919999999999,
              31.231
            ],
            [
              -81.32919999999999,
              31.230900000000002
            ],
            [
              -81.32969999999999,
              31.230900000000002
            ],
            [
              -81.32969999999999,
              31.2313
            ],
            [
              -81.32979999999999,
              31.2313
            ],
            [
              -81.32979999999999,
              31.2315
            ],
            [
              -81.33019999999999,
              31.2315
            ]
          ]
        ]
      },
      "properties": {
        "candidate_id": "CS_0004",
        "numeric_id": 4,
        "raw_component_id": 76,
        "pixel_count": 98,
        "area_km2": 0.0104,
        "perimeter_km": 0.555,
        "centroid_lon": -81.32952,
        "centroid_lat": 31.23098,
        "bounding_box": [
          -81.33015,
          31.23045,
          -81.32885,
          31.23145
        ],
        "length_km": 0.141,
        "width_km": 0.122,
        "aspect_ratio": 1.16,
        "orientation_deg": -45.5,
        "mean_sigma0_db": -24.76,
        "min_sigma0_db": -28.68,
        "mean_contrast_db": 9.31,
        "max_contrast_db": 13.45,
        "candidate_score": 0.621,
        "heuristic_confidence": 0.621,
        "rejection_reasons": [
          "AREA_TOO_SMALL"
        ],
        "status": "REJECTED"
      }
    },
    {
      "type": "Feature",
      "id": "CS_0005",
      "geometry": {
        "type": "Polygon",
        "coordinates": [
          [
            [
              -81.32149999999999,
              31.2314
            ],
            [
              -81.32149999999999,
              31.2312
            ],
            [
              -81.32189999999999,
              31.2312
            ],
            [
              -81.32189999999999,
              31.2311
            ],
            [
              -81.32199999999999,
              31.2311
            ],
            [
              -81.32199999999999,
              31.230900000000002
            ],
            [
              -81.32209999999999,
              31.230900000000002
            ],
            [
              -81.32209999999999,
              31.231
            ],
            [
              -81.32249999999999,
              31.231
            ],
            [
              -81.32249999999999,
              31.2306
            ],
            [
              -81.32199999999999,
              31.2306
            ],
            [
              -81.32199999999999,
              31.230700000000002
            ],
            [
              -81.3218,
              31.230700000000002
            ],
            [
              -81.3218,
              31.2305
            ],
            [
              -81.3213,
              31.2305
            ],
            [
              -81.3213,
              31.230900000000002
            ],
            [
              -81.32149999999999,
              31.230900000000002
            ],
            [
              -81.32149999999999,
              31.2311
            ],
            [
              -81.3209,
              31.2311
            ],
            [
              -81.3209,
              31.2314
            ],
            [
              -81.32149999999999,
              31.2314
            ]
          ]
        ]
      },
      "properties": {
        "candidate_id": "CS_0005",
        "numeric_id": 5,
        "raw_component_id": 79,
        "pixel_count": 75,
        "area_km2": 0.0079,
        "perimeter_km": 0.514,
        "centroid_lon": -81.3217,
        "centroid_lat": 31.23092,
        "bounding_box": [
          -81.32245,
          31.23055,
          -81.32095,
          31.23135
        ],
        "length_km": 0.169,
        "width_km": 0.084,
        "aspect_ratio": 2.0,
        "orientation_deg": 64.3,
        "mean_sigma0_db": -24.55,
        "min_sigma0_db": -26.59,
        "mean_contrast_db": 4.87,
        "max_contrast_db": 6.95,
        "candidate_score": 0.458,
        "heuristic_confidence": 0.458,
        "rejection_reasons": [
          "AREA_TOO_SMALL"
        ],
        "status": "REJECTED"
      }
    },
    {
      "type": "Feature",
      "id": "CS_0006",
      "geometry": {
        "type": "Polygon",
        "coordinates": [
          [
            [
              -81.32449999999999,
              31.231
            ],
            [
              -81.32449999999999,
              31.230800000000002
            ],
            [
              -81.32469999999999,
              31.230800000000002
            ],
            [
              -81.32469999999999,
              31.230500000000003
            ],
            [
              -81.3244,
              31.230500000000003
            ],
            [
              -81.3244,
              31.230700000000002
            ],
            [
              -81.3243,
              31.230700000000002
            ],
            [
              -81.3243,
              31.230300000000003
            ],
            [
              -81.32419999999999,
              31.230300000000003
            ],
            [
              -81.32419999999999,
              31.2299
            ],
            [
              -81.3239,
              31.2299
            ],
            [
              -81.3239,
              31.2301
            ],
            [
              -81.32379999999999,
              31.2301
            ],
            [
              -81.32379999999999,
              31.230400000000003
            ],
            [
              -81.32369999999999,
              31.230400000000003
            ],
            [
              -81.32369999999999,
              31.230700000000002
            ],
            [
              -81.32379999999999,
              31.230700000000002
            ],
            [
              -81.32379999999999,
              31.230800000000002
            ],
            [
              -81.324,
              31.230800000000002
            ],
            [
              -81.324,
              31.230900000000002
            ],
            [
              -81.32409999999999,
              31.230900000000002
            ],
            [
              -81.32409999999999,
              31.231
            ],
            [
              -81.32449999999999,
              31.231
            ]
          ]
        ]
      },
      "properties": {
        "candidate_id": "CS_0006",
        "numeric_id": 6,
        "raw_component_id": 83,
        "pixel_count": 61,
        "area_km2": 0.0064,
        "perimeter_km": 0.37,
        "centroid_lon": -81.32414,
        "centroid_lat": 31.23052,
        "bounding_box": [
          -81.32465,
          31.22995,
          -81.32375,
          31.23095
        ],
        "length_km": 0.13,
        "width_km": 0.078,
        "aspect_ratio": 1.66,
        "orientation_deg": -25.8,
        "mean_sigma0_db": -24.62,
        "min_sigma0_db": -26.58,
        "mean_contrast_db": 5.0,
        "max_contrast_db": 6.98,
        "candidate_score": 0.465,
        "heuristic_confidence": 0.465,
        "rejection_reasons": [
          "AREA_TOO_SMALL"
        ],
        "status": "REJECTED"
      }
    },
    {
      "type": "Feature",
      "id": "CS_0007",
      "geometry": {
        "type": "Polygon",
        "coordinates": [
          [
            [
              -81.3295,
              31.2298
            ],
            [
              -81.3295,
              31.229300000000002
            ],
            [
              -81.32939999999999,
              31.229300000000002
            ],
            [
              -81.32939999999999,
              31.229100000000003
            ],
            [
              -81.32889999999999,
              31.229100000000003
            ],
            [
              -81.32889999999999,
              31.2288
            ],
            [
              -81.3292,
              31.2288
            ],
            [
              -81.3292,
              31.2285
            ],
            [
              -81.3291,
              31.2285
            ],
            [
              -81.3291,
              31.227800000000002
            ],
            [
              -81.329,
              31.227800000000002
            ],
            [
              -81.329,
              31.227700000000002
            ],
            [
              -81.3286,
              31.227700000000002
            ],
            [
              -81.3286,
              31.228
            ],
            [
              -81.3288,
              31.228
            ],
            [
              -81.3288,
              31.2281
            ],
            [
              -81.3284,
              31.2281
            ],
            [
              -81.3284,
              31.2284
            ],
            [
              -81.3288,
              31.2284
            ],
            [
              -81.3288,
              31.2286
            ],
            [
              -81.3286,
              31.2286
            ],
            [
              -81.3286,
              31.229
            ],
            [
              -81.3282,
              31.229
            ],
            [
              -81.3282,
              31.229400000000002
            ],
            [
              -81.3284,
              31.229400000000002
            ],
            [
              -81.3284,
              31.2295
            ],
            [
              -81.3286,
              31.2295
            ],
            [
              -81.3286,
              31.2296
            ],
            [
              -81.32889999999999,
              31.2296
            ],
            [
              -81.32889999999999,
              31.229400000000002
            ],
            [
              -81.3292,
              31.229400000000002
            ],
            [
              -81.3292,
              31.2298
            ],
            [
              -81.3295,
              31.2298
            ]
          ],
          [
            [
              -81.32889999999999,
              31.229200000000002
            ],
            [
              -81.3288,
              31.229200000000002
            ],
            [
              -81.3288,
              31.229100000000003
            ],
            [
              -81.32889999999999,
              31.229100000000003
            ],
            [
              -81.32889999999999,
              31.229200000000002
            ]
          ]
        ]
      },
      "properties": {
        "candidate_id": "CS_0007",
        "numeric_id": 7,
        "raw_component_id": 93,
        "pixel_count": 126,
        "area_km2": 0.0133,
        "perimeter_km": 0.781,
        "centroid_lon": -81.32885,
        "centroid_lat": 31.22883,
        "bounding_box": [
          -81.32945,
          31.22775,
          -81.32825,
          31.22975
        ],
        "length_km": 0.255,
        "width_km": 0.111,
        "aspect_ratio": 2.3,
        "orientation_deg": -5.4,
        "mean_sigma0_db": -24.77,
        "min_sigma0_db": -28.29,
        "mean_contrast_db": 9.19,
        "max_contrast_db": 13.09,
        "candidate_score": 0.64,
        "heuristic_confidence": 0.64,
        "rejection_reasons": [
          "AREA_TOO_SMALL"
        ],
        "status": "REJECTED"
      }
    },
    {
      "type": "Feature",
      "id": "CS_0008",
      "geometry": {
        "type": "Polygon",
        "coordinates": [
          [
            [
              -81.324,
              31.2297
            ],
            [
              -81.324,
              31.229300000000002
            ],
            [
              -81.3235,
              31.229300000000002
            ],
            [
              -81.3235,
              31.2289
            ],
            [
              -81.32339999999999,
              31.2289
            ],
            [
              -81.32339999999999,
              31.2282
            ],
            [
              -81.3233,
              31.2282
            ],
            [
              -81.3233,
              31.2281
            ],
            [
              -81.323,
              31.2281
            ],
            [
              -81.323,
              31.2284
            ],
            [
              -81.3229,
              31.2284
            ],
            [
              -81.3229,
              31.2288
            ],
            [
              -81.3231,
              31.2288
            ],
            [
              -81.3231,
              31.229000000000003
            ],
            [
              -81.3232,
              31.229000000000003
            ],
            [
              -81.3232,
              31.229300000000002
            ],
            [
              -81.3233,
              31.229300000000002
            ],
            [
              -81.3233,
              31.2296
            ],
            [
              -81.3237,
              31.2296
            ],
            [
              -81.3237,
              31.2297
            ],
            [
              -81.324,
              31.2297
            ]
          ]
        ]
      },
      "properties": {
        "candidate_id": "CS_0008",
        "numeric_id": 8,
        "raw_component_id": 95,
        "pixel_count": 71,
        "area_km2": 0.0075,
        "perimeter_km": 0.473,
        "centroid_lon": -81.32337,
        "centroid_lat": 31.22894,
        "bounding_box": [
          -81.32395,
          31.22815,
          -81.32295,
          31.22965
        ],
        "length_km": 0.223,
        "width_km": 0.061,
        "aspect_ratio": 3.63,
        "orientation_deg": -22.9,
        "mean_sigma0_db": -24.94,
        "min_sigma0_db": -27.92,
        "mean_contrast_db": 6.01,
        "max_contrast_db": 9.37,
        "candidate_score": 0.589,
        "heuristic_confidence": 0.589,
        "rejection_reasons": [
          "AREA_TOO_SMALL"
        ],
        "status": "REJECTED"
      }
    },
    {
      "type": "Feature",
      "id": "CS_0009",
      "geometry": {
        "type": "Polygon",
        "coordinates": [
          [
            [
              -81.33019999999999,
              31.229400000000002
            ],
            [
              -81.33019999999999,
              31.229000000000003
            ],
            [
              -81.3303,
              31.229000000000003
            ],
            [
              -81.3303,
              31.228700000000003
            ],
            [
              -81.33,
              31.228700000000003
            ],
            [
              -81.33,
              31.2285
            ],
            [
              -81.33009999999999,
              31.2285
            ],
            [
              -81.33009999999999,
              31.2282
            ],
            [
              -81.32969999999999,
              31.2282
            ],
            [
              -81.32969999999999,
              31.2284
            ],
            [
              -81.3296,
              31.2284
            ],
            [
              -81.3296,
              31.228900000000003
            ],
            [
              -81.32969999999999,
              31.228900000000003
            ],
            [
              -81.32969999999999,
              31.229200000000002
            ],
            [
              -81.32979999999999,
              31.229200000000002
            ],
            [
              -81.32979999999999,
              31.229300000000002
            ],
            [
              -81.3299,
              31.229300000000002
            ],
            [
              -81.3299,
              31.229400000000002
            ],
            [
              -81.33019999999999,
              31.229400000000002
            ]
          ]
        ]
      },
      "properties": {
        "candidate_id": "CS_0009",
        "numeric_id": 9,
        "raw_component_id": 98,
        "pixel_count": 58,
        "area_km2": 0.0061,
        "perimeter_km": 0.339,
        "centroid_lon": -81.32993,
        "centroid_lat": 31.2288,
        "bounding_box": [
          -81.33025,
          31.22825,
          -81.32965,
          31.22935
        ],
        "length_km": 0.142,
        "width_km": 0.059,
        "aspect_ratio": 2.4,
        "orientation_deg": -9.3,
        "mean_sigma0_db": -24.52,
        "min_sigma0_db": -26.9,
        "mean_contrast_db": 9.42,
        "max_contrast_db": 11.89,
        "candidate_score": 0.635,
        "heuristic_confidence": 0.635,
        "rejection_reasons": [
          "AREA_TOO_SMALL"
        ],
        "status": "REJECTED"
      }
    },
    {
      "type": "Feature",
      "id": "CS_0010",
      "geometry": {
        "type": "Polygon",
        "coordinates": [
          [
            [
              -81.32099999999998,
              31.229300000000002
            ],
            [
              -81.32099999999998,
              31.229200000000002
            ],
            [
              -81.3213,
              31.229200000000002
            ],
            [
              -81.3213,
              31.228800000000003
            ],
            [
              -81.32139999999998,
              31.228800000000003
            ],
            [
              -81.32139999999998,
              31.2284
            ],
            [
              -81.32149999999999,
              31.2284
            ],
            [
              -81.32149999999999,
              31.2283
            ],
            [
              -81.32159999999999,
              31.2283
            ],
            [
              -81.32159999999999,
              31.228
            ],
            [
              -81.3213,
              31.228
            ],
            [
              -81.3213,
              31.2281
            ],
            [
              -81.32109999999999,
              31.2281
            ],
            [
              -81.32109999999999,
              31.2284
            ],
            [
              -81.3209,
              31.2284
            ],
            [
              -81.3209,
              31.228700000000003
            ],
            [
              -81.32099999999998,
              31.228700000000003
            ],
            [
              -81.32099999999998,
              31.228900000000003
            ],
            [
              -81.32059999999998,
              31.228900000000003
            ],
            [
              -81.32059999999998,
              31.229300000000002
            ],
            [
              -81.32099999999998,
              31.229300000000002
            ]
          ]
        ]
      },
      "properties": {
        "candidate_id": "CS_0010",
        "numeric_id": 10,
        "raw_component_id": 99,
        "pixel_count": 64,
        "area_km2": 0.0068,
        "perimeter_km": 0.411,
        "centroid_lon": -81.32112,
        "centroid_lat": 31.22869,
        "bounding_box": [
          -81.32155,
          31.22805,
          -81.32065,
          31.22925
        ],
        "length_km": 0.178,
        "width_km": 0.057,
        "aspect_ratio": 3.12,
        "orientation_deg": 24.3,
        "mean_sigma0_db": -24.78,
        "min_sigma0_db": -29.51,
        "mean_contrast_db": 5.72,
        "max_contrast_db": 10.3,
        "candidate_score": 0.552,
        "heuristic_confidence": 0.552,
        "rejection_reasons": [
          "AREA_TOO_SMALL"
        ],
        "status": "REJECTED"
      }
    },
    {
      "type": "Feature",
      "id": "CS_0011",
      "geometry": {
        "type": "Polygon",
        "coordinates": [
          [
            [
              -81.3228,
              31.2285
            ],
            [
              -81.3228,
              31.228
            ],
            [
              -81.32289999999999,
              31.228
            ],
            [
              -81.32289999999999,
              31.2279
            ],
            [
              -81.3231,
              31.2279
            ],
            [
              -81.3231,
              31.2276
            ],
            [
              -81.323,
              31.2276
            ],
            [
              -81.323,
              31.2275
            ],
            [
              -81.32289999999999,
              31.2275
            ],
            [
              -81.32289999999999,
              31.2274
            ],
            [
              -81.3224,
              31.2274
            ],
            [
              -81.3224,
              31.227800000000002
            ],
            [
              -81.3219,
              31.227800000000002
            ],
            [
              -81.3219,
              31.2285
            ],
            [
              -81.3222,
              31.2285
            ],
            [
              -81.3222,
              31.2283
            ],
            [
              -81.3224,
              31.2283
            ],
            [
              -81.3224,
              31.2284
            ],
            [
              -81.32249999999999,
              31.2284
            ],
            [
              -81.32249999999999,
              31.2285
            ],
            [
              -81.3228,
              31.2285
            ]
          ]
        ]
      },
      "properties": {
        "candidate_id": "CS_0011",
        "numeric_id": 11,
        "raw_component_id": 104,
        "pixel_count": 87,
        "area_km2": 0.0092,
        "perimeter_km": 0.432,
        "centroid_lon": -81.32248,
        "centroid_lat": 31.22797,
        "bounding_box": [
          -81.32305,
          31.22745,
          -81.32195,
          31.22845
        ],
        "length_km": 0.147,
        "width_km": 0.091,
        "aspect_ratio": 1.61,
        "orientation_deg": 39.7,
        "mean_sigma0_db": -24.97,
        "min_sigma0_db": -28.29,
        "mean_contrast_db": 6.66,
        "max_contrast_db": 10.1,
        "candidate_score": 0.607,
        "heuristic_confidence": 0.607,
        "rejection_reasons": [
          "AREA_TOO_SMALL"
        ],
        "status": "REJECTED"
      }
    },
    {
      "type": "Feature",
      "id": "CS_0012",
      "geometry": {
        "type": "Polygon",
        "coordinates": [
          [
            [
              -81.32139999999998,
              31.2276
            ],
            [
              -81.32139999999998,
              31.2275
            ],
            [
              -81.32159999999999,
              31.2275
            ],
            [
              -81.32159999999999,
              31.2272
            ],
            [
              -81.32119999999999,
              31.2272
            ],
            [
              -81.32119999999999,
              31.2271
            ],
            [
              -81.3213,
              31.2271
            ],
            [
              -81.3213,
              31.227
            ],
            [
              -81.32139999999998,
              31.227
            ],
            [
              -81.32139999999998,
              31.226599999999998
            ],
            [
              -81.32079999999999,
              31.226599999999998
            ],
            [
              -81.32079999999999,
              31.2269
            ],
            [
              -81.3209,
              31.2269
            ],
            [
              -81.3209,
              31.2273
            ],
            [
              -81.32099999999998,
              31.2273
            ],
            [
              -81.32099999999998,
              31.2276
            ],
            [
              -81.32139999999998,
              31.2276
            ]
          ]
        ]
      },
      "properties": {
        "candidate_id": "CS_0012",
        "numeric_id": 12,
        "raw_component_id": 112,
        "pixel_count": 53,
        "area_km2": 0.0056,
        "perimeter_km": 0.35,
        "centroid_lon": -81.32117,
        "centroid_lat": 31.22709,
        "bounding_box": [
          -81.32155,
          31.22665,
          -81.32085,
          31.22755
        ],
        "length_km": 0.133,
        "width_km": 0.063,
        "aspect_ratio": 2.12,
        "orientation_deg": -14.7,
        "mean_sigma0_db": -24.86,
        "min_sigma0_db": -27.93,
        "mean_contrast_db": 6.5,
        "max_contrast_db": 9.41,
        "candidate_score": 0.6,
        "heuristic_confidence": 0.6,
        "rejection_reasons": [
          "AREA_TOO_SMALL"
        ],
        "status": "REJECTED"
      }
    },
    {
      "type": "Feature",
      "id": "CS_0013",
      "geometry": {
        "type": "Polygon",
        "coordinates": [
          [
            [
              -81.34719999999999,
              31.221700000000002
            ],
            [
              -81.34719999999999,
              31.221500000000002
            ],
            [
              -81.3474,
              31.221500000000002
            ],
            [
              -81.3474,
              31.221300000000003
            ],
            [
              -81.3475,
              31.221300000000003
            ],
            [
              -81.3475,
              31.221200000000003
            ],
            [
              -81.34759999999999,
              31.221200000000003
            ],
            [
              -81.34759999999999,
              31.221300000000003
            ],
            [
              -81.34769999999999,
              31.221300000000003
            ],
            [
              -81.34769999999999,
              31.221400000000003
            ],
            [
              -81.34819999999999,
              31.221400000000003
            ],
            [
              -81.34819999999999,
              31.2208
            ],
            [
              -81.34769999999999,
              31.2208
            ],
            [
              -81.34769999999999,
              31.2209
            ],
            [
              -81.3474,
              31.2209
            ],
            [
              -81.3474,
              31.221000000000004
            ],
            [
              -81.34719999999999,
              31.221000000000004
            ],
            [
              -81.34719999999999,
              31.221200000000003
            ],
            [
              -81.34689999999999,
              31.221200000000003
            ],
            [
              -81.34689999999999,
              31.221300000000003
            ],
            [
              -81.34679999999999,
              31.221300000000003
            ],
            [
              -81.34679999999999,
              31.221700000000002
            ],
            [
              -81.34719999999999,
              31.221700000000002
            ]
          ]
        ]
      },
      "properties": {
        "candidate_id": "CS_0013",
        "numeric_id": 13,
        "raw_component_id": 157,
        "pixel_count": 70,
        "area_km2": 0.0074,
        "perimeter_km": 0.422,
        "centroid_lon": -81.34754,
        "centroid_lat": 31.22122,
        "bounding_box": [
          -81.34815,
          31.22085,
          -81.34685,
          31.22165
        ],
        "length_km": 0.171,
        "width_km": 0.068,
        "aspect_ratio": 2.53,
        "orientation_deg": 64.1,
        "mean_sigma0_db": -24.65,
        "min_sigma0_db": -28.28,
        "mean_contrast_db": 10.5,
        "max_contrast_db": 14.01,
        "candidate_score": 0.641,
        "heuristic_confidence": 0.641,
        "rejection_reasons": [
          "AREA_TOO_SMALL"
        ],
        "status": "REJECTED"
      }
    },
    {
      "type": "Feature",
      "id": "CS_0014",
      "geometry": {
        "type": "Polygon",
        "coordinates": [
          [
            [
              -81.3416,
              31.221
            ],
            [
              -81.3416,
              31.2206
            ],
            [
              -81.3415,
              31.2206
            ],
            [
              -81.3415,
              31.2204
            ],
            [
              -81.3414,
              31.2204
            ],
            [
              -81.3414,
              31.2203
            ],
            [
              -81.3415,
              31.2203
            ],
            [
              -81.3415,
              31.22
            ],
            [
              -81.3413,
              31.22
            ],
            [
              -81.3413,
              31.2197
            ],
            [
              -81.3411,
              31.2197
            ],
            [
              -81.3411,
              31.2196
            ],
            [
              -81.3407,
              31.2196
            ],
            [
              -81.3407,
              31.2193
            ],
            [
              -81.34,
              31.2193
            ],
            [
              -81.34,
              31.2197
            ],
            [
              -81.3401,
              31.2197
            ],
            [
              -81.3401,
              31.2198
            ],
            [
              -81.3405,
              31.2198
            ],
            [
              -81.3405,
              31.2197
            ],
            [
              -81.3406,
              31.2197
            ],
            [
              -81.3406,
              31.2199
            ],
            [
              -81.3405,
              31.2199
            ],
            [
              -81.3405,
              31.2202
            ],
            [
              -81.3409,
              31.2202
            ],
            [
              -81.3409,
              31.2205
            ],
            [
              -81.3404,
              31.2205
            ],
            [
              -81.3404,
              31.2206
            ],
            [
              -81.3402,
              31.2206
            ],
            [
              -81.3402,
              31.2209
            ],
            [
              -81.3403,
              31.2209
            ],
            [
              -81.3403,
              31.221
            ],
            [
              -81.3407,
              31.221
            ],
            [
              -81.3407,
              31.2209
            ],
            [
              -81.3411,
              31.2209
            ],
            [
              -81.3411,
              31.2206
            ],
            [
              -81.3412,
              31.2206
            ],
            [
              -81.3412,
              31.221
            ],
            [
              -81.3416,
              31.221
            ]
          ],
          [
            [
              -81.3412,
              31.2202
            ],
            [
              -81.341,
              31.2202
            ],
            [
              -81.341,
              31.2201
            ],
            [
              -81.3412,
              31.2201
            ],
            [
              -81.3412,
              31.2202
            ]
          ]
        ]
      },
      "properties": {
        "candidate_id": "CS_0014",
        "numeric_id": 14,
        "raw_component_id": 168,
        "pixel_count": 151,
        "area_km2": 0.016,
        "perimeter_km": 0.792,
        "centroid_lon": -81.34083,
        "centroid_lat": 31.2202,
        "bounding_box": [
          -81.34155,
          31.21935,
          -81.34005,
          31.22095
        ],
        "length_km": 0.235,
        "width_km": 0.132,
        "aspect_ratio": 1.77,
        "orientation_deg": -23.5,
        "mean_sigma0_db": -24.55,
        "min_sigma0_db": -27.22,
        "mean_contrast_db": 10.74,
        "max_contrast_db": 13.43,
        "candidate_score": 0.625,
        "heuristic_confidence": 0.625,
        "rejection_reasons": [
          "AREA_TOO_SMALL"
        ],
        "status": "REJECTED"
      }
    },
    {
      "type": "Feature",
      "id": "CS_0015",
      "geometry": {
        "type": "Polygon",
        "coordinates": [
          [
            [
              -81.3168,
              31.2203
            ],
            [
              -81.3168,
              31.219900000000003
            ],
            [
              -81.3167,
              31.219900000000003
            ],
            [
              -81.3167,
              31.219800000000003
            ],
            [
              -81.3168,
              31.219800000000003
            ],
            [
              -81.3168,
              31.2195
            ],
            [
              -81.3164,
              31.2195
            ],
            [
              -81.3164,
              31.219600000000003
            ],
            [
              -81.3162,
              31.219600000000003
            ],
            [
              -81.3162,
              31.219900000000003
            ],
            [
              -81.316,
              31.219900000000003
            ],
            [
              -81.316,
              31.2203
            ],
            [
              -81.3164,
              31.2203
            ],
            [
              -81.3164,
              31.220100000000002
            ],
            [
              -81.3165,
              31.220100000000002
            ],
            [
              -81.3165,
              31.2203
            ],
            [
              -81.3168,
              31.2203
            ]
          ]
        ]
      },
      "properties": {
        "candidate_id": "CS_0015",
        "numeric_id": 15,
        "raw_component_id": 179,
        "pixel_count": 51,
        "area_km2": 0.0054,
        "perimeter_km": 0.319,
        "centroid_lon": -81.31644,
        "centroid_lat": 31.21993,
        "bounding_box": [
          -81.31675,
          31.21955,
          -81.31605,
          31.22025
        ],
        "length_km": 0.103,
        "width_km": 0.075,
        "aspect_ratio": 1.38,
        "orientation_deg": 28.5,
        "mean_sigma0_db": -24.19,
        "min_sigma0_db": -26.59,
        "mean_contrast_db": 7.57,
        "max_contrast_db": 10.36,
        "candidate_score": 0.607,
        "heuristic_confidence": 0.607,
        "rejection_reasons": [
          "AREA_TOO_SMALL"
        ],
        "status": "REJECTED"
      }
    },
    {
      "type": "Feature",
      "id": "CS_0016",
      "geometry": {
        "type": "Polygon",
        "coordinates": [
          [
            [
              -81.57169999999999,
              31.217100000000002
            ],
            [
              -81.57169999999999,
              31.217000000000002
            ],
            [
              -81.57199999999999,
              31.217000000000002
            ],
            [
              -81.57199999999999,
              31.216700000000003
            ],
            [
              -81.57189999999999,
              31.216700000000003
            ],
            [
              -81.57189999999999,
              31.216500000000003
            ],
            [
              -81.57179999999998,
              31.216500000000003
            ],
            [
              -81.57179999999998,
              31.216400000000004
            ],
            [
              -81.57169999999999,
              31.216400000000004
            ],
            [
              -81.57169999999999,
              31.2162
            ],
            [
              -81.57099999999998,
              31.2162
            ],
            [
              -81.57099999999998,
              31.216600000000003
            ],
            [
              -81.5713,
              31.216600000000003
            ],
            [
              -81.5713,
              31.216500000000003
            ],
            [
              -81.57149999999999,
              31.216500000000003
            ],
            [
              -81.57149999999999,
              31.216600000000003
            ],
            [
              -81.57139999999998,
              31.216600000000003
            ],
            [
              -81.57139999999998,
              31.216700000000003
            ],
            [
              -81.57109999999999,
              31.216700000000003
            ],
            [
              -81.57109999999999,
              31.217000000000002
            ],
            [
              -81.57119999999999,
              31.217000000000002
            ],
            [
              -81.57119999999999,
              31.217100000000002
            ],
            [
              -81.57169999999999,
              31.217100000000002
            ]
          ]
        ]
      },
      "properties": {
        "candidate_id": "CS_0016",
        "numeric_id": 16,
        "raw_component_id": 226,
        "pixel_count": 66,
        "area_km2": 0.007,
        "perimeter_km": 0.38,
        "centroid_lon": -81.57148,
        "centroid_lat": 31.21665,
        "bounding_box": [
          -81.57195,
          31.21625,
          -81.57105,
          31.21705
        ],
        "length_km": 0.119,
        "width_km": 0.087,
        "aspect_ratio": 1.37,
        "orientation_deg": -29.0,
        "mean_sigma0_db": -24.75,
        "min_sigma0_db": -29.38,
        "mean_contrast_db": 7.14,
        "max_contrast_db": 11.73,
        "candidate_score": 0.624,
        "heuristic_confidence": 0.624,
        "rejection_reasons": [
          "AREA_TOO_SMALL"
        ],
        "status": "REJECTED"
      }
    },
    {
      "type": "Feature",
      "id": "CS_0017",
      "geometry": {
        "type": "Polygon",
        "coordinates": [
          [
            [
              -81.5799,
              31.2115
            ],
            [
              -81.5799,
              31.2112
            ],
            [
              -81.5796,
              31.2112
            ],
            [
              -81.5796,
              31.211000000000002
            ],
            [
              -81.5795,
              31.211000000000002
            ],
            [
              -81.5795,
              31.210900000000002
            ],
            [
              -81.57939999999999,
              31.210900000000002
            ],
            [
              -81.57939999999999,
              31.2106
            ],
            [
              -81.57889999999999,
              31.2106
            ],
            [
              -81.57889999999999,
              31.2112
            ],
            [
              -81.57929999999999,
              31.2112
            ],
            [
              -81.57929999999999,
              31.2113
            ],
            [
              -81.57939999999999,
              31.2113
            ],
            [
              -81.57939999999999,
              31.2115
            ],
            [
              -81.5799,
              31.2115
            ]
          ]
        ]
      },
      "properties": {
        "candidate_id": "CS_0017",
        "numeric_id": 17,
        "raw_component_id": 288,
        "pixel_count": 51,
        "area_km2": 0.0054,
        "perimeter_km": 0.339,
        "centroid_lon": -81.57933,
        "centroid_lat": 31.21106,
        "bounding_box": [
          -81.57985,
          31.21065,
          -81.57895,
          31.21145
        ],
        "length_km": 0.136,
        "width_km": 0.058,
        "aspect_ratio": 2.34,
        "orientation_deg": -41.5,
        "mean_sigma0_db": -24.44,
        "min_sigma0_db": -26.77,
        "mean_contrast_db": 6.46,
        "max_contrast_db": 8.81,
        "candidate_score": 0.588,
        "heuristic_confidence": 0.588,
        "rejection_reasons": [
          "AREA_TOO_SMALL"
        ],
        "status": "REJECTED"
      }
    },
    {
      "type": "Feature",
      "id": "CS_0018",
      "geometry": {
        "type": "Polygon",
        "coordinates": [
          [
            [
              -81.59009999999999,
              31.2105
            ],
            [
              -81.59009999999999,
              31.2102
            ],
            [
              -81.5902,
              31.2102
            ],
            [
              -81.5902,
              31.2099
            ],
            [
              -81.5898,
              31.2099
            ],
            [
              -81.5898,
              31.21
            ],
            [
              -81.5897,
              31.21
            ],
            [
              -81.5897,
              31.2098
            ],
            [
              -81.5894,
              31.2098
            ],
            [
              -81.5894,
              31.2102
            ],
            [
              -81.58919999999999,
              31.2102
            ],
            [
              -81.58919999999999,
              31.2105
            ],
            [
              -81.59009999999999,
              31.2105
            ]
          ]
        ]
      },
      "properties": {
        "candidate_id": "CS_0018",
        "numeric_id": 18,
        "raw_component_id": 299,
        "pixel_count": 53,
        "area_km2": 0.0056,
        "perimeter_km": 0.329,
        "centroid_lon": -81.58971,
        "centroid_lat": 31.21019,
        "bounding_box": [
          -81.59015,
          31.20985,
          -81.58925,
          31.21045
        ],
        "length_km": 0.099,
        "width_km": 0.079,
        "aspect_ratio": 1.26,
        "orientation_deg": 68.9,
        "mean_sigma0_db": -24.36,
        "min_sigma0_db": -26.45,
        "mean_contrast_db": 6.52,
        "max_contrast_db": 8.6,
        "candidate_score": 0.572,
        "heuristic_confidence": 0.572,
        "rejection_reasons": [
          "AREA_TOO_SMALL"
        ],
        "status": "REJECTED"
      }
    },
    {
      "type": "Feature",
      "id": "CS_0019",
      "geometry": {
        "type": "Polygon",
        "coordinates": [
          [
            [
              -81.5872,
              31.2101
            ],
            [
              -81.5872,
              31.21
            ],
            [
              -81.5873,
              31.21
            ],
            [
              -81.5873,
              31.209600000000002
            ],
            [
              -81.5868,
              31.209600000000002
            ],
            [
              -81.5868,
              31.2093
            ],
            [
              -81.5865,
              31.2093
            ],
            [
              -81.5865,
              31.2092
            ],
            [
              -81.5864,
              31.2092
            ],
            [
              -81.5864,
              31.2089
            ],
            [
              -81.5861,
              31.2089
            ],
            [
              -81.5861,
              31.209
            ],
            [
              -81.586,
              31.209
            ],
            [
              -81.586,
              31.2091
            ],
            [
              -81.5859,
              31.2091
            ],
            [
              -81.5859,
              31.209500000000002
            ],
            [
              -81.5863,
              31.209500000000002
            ],
            [
              -81.5863,
              31.209600000000002
            ],
            [
              -81.5865,
              31.209600000000002
            ],
            [
              -81.5865,
              31.2097
            ],
            [
              -81.5867,
              31.2097
            ],
            [
              -81.5867,
              31.2101
            ],
            [
              -81.5872,
              31.2101
            ]
          ]
        ]
      },
      "properties": {
        "candidate_id": "CS_0019",
        "numeric_id": 19,
        "raw_component_id": 305,
        "pixel_count": 72,
        "area_km2": 0.0076,
        "perimeter_km": 0.442,
        "centroid_lon": -81.58659,
        "centroid_lat": 31.20953,
        "bounding_box": [
          -81.58725,
          31.20895,
          -81.58595,
          31.21005
        ],
        "length_km": 0.192,
        "width_km": 0.064,
        "aspect_ratio": 3.02,
        "orientation_deg": -47.8,
        "mean_sigma0_db": -24.59,
        "min_sigma0_db": -27.1,
        "mean_contrast_db": 6.6,
        "max_contrast_db": 8.9,
        "candidate_score": 0.615,
        "heuristic_confidence": 0.615,
        "rejection_reasons": [
          "AREA_TOO_SMALL"
        ],
        "status": "REJECTED"
      }
    },
    {
      "type": "Feature",
      "id": "CS_0020",
      "geometry": {
        "type": "Polygon",
        "coordinates": [
          [
            [
              -81.3518,
              31.2014
            ],
            [
              -81.3518,
              31.2013
            ],
            [
              -81.35189999999999,
              31.2013
            ],
            [
              -81.35189999999999,
              31.2011
            ],
            [
              -81.3521,
              31.2011
            ],
            [
              -81.3521,
              31.2012
            ],
            [
              -81.35289999999999,
              31.2012
            ],
            [
              -81.35289999999999,
              31.2008
            ],
            [
              -81.3526,
              31.2008
            ],
            [
              -81.3526,
              31.2009
            ],
            [
              -81.35249999999999,
              31.2009
            ],
            [
              -81.35249999999999,
              31.2007
            ],
            [
              -81.3521,
              31.2007
            ],
            [
              -81.3521,
              31.2008
            ],
            [
              -81.35189999999999,
              31.2008
            ],
            [
              -81.35189999999999,
              31.201
            ],
            [
              -81.35159999999999,
              31.201
            ],
            [
              -81.35159999999999,
              31.2011
            ],
            [
              -81.35149999999999,
              31.2011
            ],
            [
              -81.35149999999999,
              31.2014
            ],
            [
              -81.3518,
              31.2014
            ]
          ]
        ]
      },
      "properties": {
        "candidate_id": "CS_0020",
        "numeric_id": 20,
        "raw_component_id": 376,
        "pixel_count": 55,
        "area_km2": 0.0058,
        "perimeter_km": 0.391,
        "centroid_lon": -81.35223,
        "centroid_lat": 31.20103,
        "bounding_box": [
          -81.35285,
          31.20075,
          -81.35155,
          31.20135
        ],
        "length_km": 0.152,
        "width_km": 0.061,
        "aspect_ratio": 2.5,
        "orientation_deg": 76.1,
        "mean_sigma0_db": -24.6,
        "min_sigma0_db": -27.91,
        "mean_contrast_db": 9.74,
        "max_contrast_db": 13.06,
        "candidate_score": 0.639,
        "heuristic_confidence": 0.639,
        "rejection_reasons": [
          "AREA_TOO_SMALL"
        ],
        "status": "REJECTED"
      }
    },
    {
      "type": "Feature",
      "id": "CS_0021",
      "geometry": {
        "type": "Polygon",
        "coordinates": [
          [
            [
              -81.55749999999999,
              31.1537
            ],
            [
              -81.55749999999999,
              31.1535
            ],
            [
              -81.5576,
              31.1535
            ],
            [
              -81.5576,
              31.153200000000002
            ],
            [
              -81.55739999999999,
              31.153200000000002
            ],
            [
              -81.55739999999999,
              31.153100000000002
            ],
            [
              -81.5573,
              31.153100000000002
            ],
            [
              -81.5573,
              31.1528
            ],
            [
              -81.5572,
              31.1528
            ],
            [
              -81.5572,
              31.1527
            ],
            [
              -81.5564,
              31.1527
            ],
            [
              -81.5564,
              31.153000000000002
            ],
            [
              -81.55669999999999,
              31.153000000000002
            ],
            [
              -81.55669999999999,
              31.153100000000002
            ],
            [
              -81.55699999999999,
              31.153100000000002
            ],
            [
              -81.55699999999999,
              31.1533
            ],
            [
              -81.55709999999999,
              31.1533
            ],
            [
              -81.55709999999999,
              31.1537
            ],
            [
              -81.55749999999999,
              31.1537
            ]
          ]
        ]
      },
      "properties": {
        "candidate_id": "CS_0021",
        "numeric_id": 21,
        "raw_component_id": 530,
        "pixel_count": 60,
        "area_km2": 0.0063,
        "perimeter_km": 0.381,
        "centroid_lon": -81.55707,
        "centroid_lat": 31.15312,
        "bounding_box": [
          -81.55755,
          31.15275,
          -81.55645,
          31.15365
        ],
        "length_km": 0.157,
        "width_km": 0.066,
        "aspect_ratio": 2.39,
        "orientation_deg": -41.0,
        "mean_sigma0_db": -24.96,
        "min_sigma0_db": -28.18,
        "mean_contrast_db": 9.68,
        "max_contrast_db": 12.86,
        "candidate_score": 0.648,
        "heuristic_confidence": 0.648,
        "rejection_reasons": [
          "AREA_TOO_SMALL"
        ],
        "status": "REJECTED"
      }
    },
    {
      "type": "Feature",
      "id": "CS_0022",
      "geometry": {
        "type": "Polygon",
        "coordinates": [
          [
            [
              -81.5534,
              31.1534
            ],
            [
              -81.5534,
              31.1533
            ],
            [
              -81.5535,
              31.1533
            ],
            [
              -81.5535,
              31.152800000000003
            ],
            [
              -81.5532,
              31.152800000000003
            ],
            [
              -81.5532,
              31.1526
            ],
            [
              -81.553,
              31.1526
            ],
            [
              -81.553,
              31.1525
            ],
            [
              -81.5533,
              31.1525
            ],
            [
              -81.5533,
              31.1522
            ],
            [
              -81.5526,
              31.1522
            ],
            [
              -81.5526,
              31.1525
            ],
            [
              -81.5527,
              31.1525
            ],
            [
              -81.5527,
              31.1526
            ],
            [
              -81.5529,
              31.1526
            ],
            [
              -81.5529,
              31.153000000000002
            ],
            [
              -81.5531,
              31.153000000000002
            ],
            [
              -81.5531,
              31.1534
            ],
            [
              -81.5534,
              31.1534
            ]
          ]
        ]
      },
      "properties": {
        "candidate_id": "CS_0022",
        "numeric_id": 22,
        "raw_component_id": 534,
        "pixel_count": 57,
        "area_km2": 0.006,
        "perimeter_km": 0.411,
        "centroid_lon": -81.5531,
        "centroid_lat": 31.15273,
        "bounding_box": [
          -81.55345,
          31.15225,
          -81.55265,
          31.15335
        ],
        "length_km": 0.167,
        "width_km": 0.06,
        "aspect_ratio": 2.77,
        "orientation_deg": -22.1,
        "mean_sigma0_db": -24.61,
        "min_sigma0_db": -27.12,
        "mean_contrast_db": 9.94,
        "max_contrast_db": 12.44,
        "candidate_score": 0.644,
        "heuristic_confidence": 0.644,
        "rejection_reasons": [
          "AREA_TOO_SMALL"
        ],
        "status": "REJECTED"
      }
    },
    {
      "type": "Feature",
      "id": "CS_0023",
      "geometry": {
        "type": "Polygon",
        "coordinates": [
          [
            [
              -81.5217,
              31.1518
            ],
            [
              -81.5217,
              31.1517
            ],
            [
              -81.5221,
              31.1517
            ],
            [
              -81.5221,
              31.151400000000002
            ],
            [
              -81.52189999999999,
              31.151400000000002
            ],
            [
              -81.52189999999999,
              31.151300000000003
            ],
            [
              -81.52159999999999,
              31.151300000000003
            ],
            [
              -81.52159999999999,
              31.151400000000002
            ],
            [
              -81.5214,
              31.151400000000002
            ],
            [
              -81.5214,
              31.151200000000003
            ],
            [
              -81.5213,
              31.151200000000003
            ],
            [
              -81.5213,
              31.1509
            ],
            [
              -81.52109999999999,
              31.1509
            ],
            [
              -81.52109999999999,
              31.1505
            ],
            [
              -81.5208,
              31.1505
            ],
            [
              -81.5208,
              31.1509
            ],
            [
              -81.521,
              31.1509
            ],
            [
              -81.521,
              31.151
            ],
            [
              -81.5208,
              31.151
            ],
            [
              -81.5208,
              31.151400000000002
            ],
            [
              -81.5209,
              31.151400000000002
            ],
            [
              -81.5209,
              31.151600000000002
            ],
            [
              -81.521,
              31.151600000000002
            ],
            [
              -81.521,
              31.1517
            ],
            [
              -81.5214,
              31.1517
            ],
            [
              -81.5214,
              31.1518
            ],
            [
              -81.5217,
              31.1518
            ]
          ]
        ]
      },
      "properties": {
        "candidate_id": "CS_0023",
        "numeric_id": 23,
        "raw_component_id": 564,
        "pixel_count": 78,
        "area_km2": 0.0083,
        "perimeter_km": 0.473,
        "centroid_lon": -81.5213,
        "centroid_lat": 31.1513,
        "bounding_box": [
          -81.52205,
          31.15055,
          -81.52085,
          31.15175
        ],
        "length_km": 0.178,
        "width_km": 0.087,
        "aspect_ratio": 2.05,
        "orientation_deg": -41.5,
        "mean_sigma0_db": -24.7,
        "min_sigma0_db": -27.48,
        "mean_contrast_db": 6.5,
        "max_contrast_db": 9.31,
        "candidate_score": 0.594,
        "heuristic_confidence": 0.594,
        "rejection_reasons": [
          "AREA_TOO_SMALL"
        ],
        "status": "REJECTED"
      }
    },
    {
      "type": "Feature",
      "id": "CS_0024",
      "geometry": {
        "type": "Polygon",
        "coordinates": [
          [
            [
              -81.442,
              31.1505
            ],
            [
              -81.442,
              31.1502
            ],
            [
              -81.4419,
              31.1502
            ],
            [
              -81.4419,
              31.150000000000002
            ],
            [
              -81.4417,
              31.150000000000002
            ],
            [
              -81.4417,
              31.149800000000003
            ],
            [
              -81.4423,
              31.149800000000003
            ],
            [
              -81.4423,
              31.1502
            ],
            [
              -81.44279999999999,
              31.1502
            ],
            [
              -81.44279999999999,
              31.150000000000002
            ],
            [
              -81.443,
              31.150000000000002
            ],
            [
              -81.443,
              31.1497
            ],
            [
              -81.4429,
              31.1497
            ],
            [
              -81.4429,
              31.1496
            ],
            [
              -81.4426,
              31.1496
            ],
            [
              -81.4426,
              31.149800000000003
            ],
            [
              -81.44239999999999,
              31.149800000000003
            ],
            [
              -81.44239999999999,
              31.1495
            ],
            [
              -81.4422,
              31.1495
            ],
            [
              -81.4422,
              31.1494
            ],
            [
              -81.4425,
              31.1494
            ],
            [
              -81.4425,
              31.1491
            ],
            [
              -81.4421,
              31.1491
            ],
            [
              -81.4421,
              31.1493
            ],
            [
              -81.4419,
              31.1493
            ],
            [
              -81.4419,
              31.1494
            ],
            [
              -81.4416,
              31.1494
            ],
            [
              -81.4416,
              31.1497
            ],
            [
              -81.4414,
              31.1497
            ],
            [
              -81.4414,
              31.1496
            ],
            [
              -81.44109999999999,
              31.1496
            ],
            [
              -81.44109999999999,
              31.149900000000002
            ],
            [
              -81.4413,
              31.149900000000002
            ],
            [
              -81.4413,
              31.150000000000002
            ],
            [
              -81.4416,
              31.150000000000002
            ],
            [
              -81.4416,
              31.1505
            ],
            [
              -81.442,
              31.1505
            ]
          ]
        ]
      },
      "properties": {
        "candidate_id": "CS_0024",
        "numeric_id": 24,
        "raw_component_id": 594,
        "pixel_count": 111,
        "area_km2": 0.0117,
        "perimeter_km": 0.772,
        "centroid_lon": -81.44207,
        "centroid_lat": 31.14979,
        "bounding_box": [
          -81.44295,
          31.14915,
          -81.44115,
          31.15045
        ],
        "length_km": 0.18,
        "width_km": 0.14,
        "aspect_ratio": 1.29,
        "orientation_deg": 80.3,
        "mean_sigma0_db": -24.7,
        "min_sigma0_db": -27.52,
        "mean_contrast_db": 9.36,
        "max_contrast_db": 12.27,
        "candidate_score": 0.621,
        "heuristic_confidence": 0.621,
        "rejection_reasons": [
          "AREA_TOO_SMALL"
        ],
        "status": "REJECTED"
      }
    },
    {
      "type": "Feature",
      "id": "CS_0025",
      "geometry": {
        "type": "Polygon",
        "coordinates": [
          [
            [
              -81.4367,
              31.1505
            ],
            [
              -81.4367,
              31.1503
            ],
            [
              -81.43679999999999,
              31.1503
            ],
            [
              -81.43679999999999,
              31.149800000000003
            ],
            [
              -81.4369,
              31.149800000000003
            ],
            [
              -81.4369,
              31.1497
            ],
            [
              -81.4371,
              31.1497
            ],
            [
              -81.4371,
              31.149800000000003
            ],
            [
              -81.4374,
              31.149800000000003
            ],
            [
              -81.4374,
              31.1495
            ],
            [
              -81.4373,
              31.1495
            ],
            [
              -81.4373,
              31.1493
            ],
            [
              -81.437,
              31.1493
            ],
            [
              -81.437,
              31.1494
            ],
            [
              -81.43679999999999,
              31.1494
            ],
            [
              -81.43679999999999,
              31.1495
            ],
            [
              -81.4366,
              31.1495
            ],
            [
              -81.4366,
              31.1494
            ],
            [
              -81.4362,
              31.1494
            ],
            [
              -81.4362,
              31.1495
            ],
            [
              -81.4356,
              31.1495
            ],
            [
              -81.4356,
              31.149900000000002
            ],
            [
              -81.4361,
              31.149900000000002
            ],
            [
              -81.4361,
              31.149800000000003
            ],
            [
              -81.43639999999999,
              31.149800000000003
            ],
            [
              -81.43639999999999,
              31.150000000000002
            ],
            [
              -81.4363,
              31.150000000000002
            ],
            [
              -81.4363,
              31.1503
            ],
            [
              -81.43639999999999,
              31.1503
            ],
            [
              -81.43639999999999,
              31.1505
            ],
            [
              -81.4367,
              31.1505
            ]
          ],
          [
            [
              -81.4365,
              31.149800000000003
            ],
            [
              -81.43639999999999,
              31.149800000000003
            ],
            [
              -81.43639999999999,
              31.1497
            ],
            [
              -81.4365,
              31.1497
            ],
            [
              -81.4365,
              31.149800000000003
            ]
          ]
        ]
      },
      "properties": {
        "candidate_id": "CS_0025",
        "numeric_id": 25,
        "raw_component_id": 596,
        "pixel_count": 97,
        "area_km2": 0.0103,
        "perimeter_km": 0.576,
        "centroid_lon": -81.43652,
        "centroid_lat": 31.14977,
        "bounding_box": [
          -81.43735,
          31.14935,
          -81.43565,
          31.15045
        ],
        "length_km": 0.173,
        "width_km": 0.122,
        "aspect_ratio": 1.42,
        "orientation_deg": 81.6,
        "mean_sigma0_db": -24.69,
        "min_sigma0_db": -28.24,
        "mean_contrast_db": 5.93,
        "max_contrast_db": 9.79,
        "candidate_score": 0.537,
        "heuristic_confidence": 0.537,
        "rejection_reasons": [
          "AREA_TOO_SMALL"
        ],
        "status": "REJECTED"
      }
    },
    {
      "type": "Feature",
      "id": "CS_0026",
      "geometry": {
        "type": "Polygon",
        "coordinates": [
          [
            [
              -81.43849999999999,
              31.1479
            ],
            [
              -81.43849999999999,
              31.1475
            ],
            [
              -81.4382,
              31.1475
            ],
            [
              -81.4382,
              31.1472
            ],
            [
              -81.43809999999999,
              31.1472
            ],
            [
              -81.43809999999999,
              31.1471
            ],
            [
              -81.4378,
              31.1471
            ],
            [
              -81.4378,
              31.1475
            ],
            [
              -81.4374,
              31.1475
            ],
            [
              -81.4374,
              31.1476
            ],
            [
              -81.4373,
              31.1476
            ],
            [
              -81.4373,
              31.1474
            ],
            [
              -81.43749999999999,
              31.1474
            ],
            [
              -81.43749999999999,
              31.1471
            ],
            [
              -81.43709999999999,
              31.1471
            ],
            [
              -81.43709999999999,
              31.1474
            ],
            [
              -81.4369,
              31.1474
            ],
            [
              -81.4369,
              31.1477
            ],
            [
              -81.4373,
              31.1477
            ],
            [
              -81.4373,
              31.1479
            ],
            [
              -81.43769999999999,
              31.1479
            ],
            [
              -81.43769999999999,
              31.1478
            ],
            [
              -81.4378,
              31.1478
            ],
            [
              -81.4378,
              31.1477
            ],
            [
              -81.4382,
              31.1477
            ],
            [
              -81.4382,
              31.1479
            ],
            [
              -81.43849999999999,
              31.1479
            ]
          ]
        ]
      },
      "properties": {
        "candidate_id": "CS_0026",
        "numeric_id": 26,
        "raw_component_id": 639,
        "pixel_count": 77,
        "area_km2": 0.0081,
        "perimeter_km": 0.555,
        "centroid_lon": -81.4377,
        "centroid_lat": 31.14752,
        "bounding_box": [
          -81.43845,
          31.14715,
          -81.43695,
          31.14785
        ],
        "length_km": 0.167,
        "width_km": 0.09,
        "aspect_ratio": 1.86,
        "orientation_deg": -82.1,
        "mean_sigma0_db": -25.07,
        "min_sigma0_db": -27.52,
        "mean_contrast_db": 6.73,
        "max_contrast_db": 9.1,
        "candidate_score": 0.62,
        "heuristic_confidence": 0.62,
        "rejection_reasons": [
          "AREA_TOO_SMALL"
        ],
        "status": "REJECTED"
      }
    },
    {
      "type": "Feature",
      "id": "CS_0027",
      "geometry": {
        "type": "Polygon",
        "coordinates": [
          [
            [
              -81.4369,
              31.1469
            ],
            [
              -81.4369,
              31.1468
            ],
            [
              -81.43709999999999,
              31.1468
            ],
            [
              -81.43709999999999,
              31.1465
            ],
            [
              -81.43719999999999,
              31.1465
            ],
            [
              -81.43719999999999,
              31.1462
            ],
            [
              -81.4369,
              31.1462
            ],
            [
              -81.4369,
              31.145899999999997
            ],
            [
              -81.4365,
              31.145899999999997
            ],
            [
              -81.4365,
              31.1462
            ],
            [
              -81.43659999999998,
              31.1462
            ],
            [
              -81.43659999999998,
              31.1464
            ],
            [
              -81.43619999999999,
              31.1464
            ],
            [
              -81.43619999999999,
              31.1463
            ],
            [
              -81.4361,
              31.1463
            ],
            [
              -81.4361,
              31.1462
            ],
            [
              -81.43629999999999,
              31.1462
            ],
            [
              -81.43629999999999,
              31.145899999999997
            ],
            [
              -81.43619999999999,
              31.145899999999997
            ],
            [
              -81.43619999999999,
              31.145799999999998
            ],
            [
              -81.4361,
              31.145799999999998
            ],
            [
              -81.4361,
              31.145699999999998
            ],
            [
              -81.4357,
              31.145699999999998
            ],
            [
              -81.4357,
              31.145999999999997
            ],
            [
              -81.43579999999999,
              31.145999999999997
            ],
            [
              -81.43579999999999,
              31.1463
            ],
            [
              -81.43589999999999,
              31.1463
            ],
            [
              -81.43589999999999,
              31.1468
            ],
            [
              -81.43619999999999,
              31.1468
            ],
            [
              -81.43619999999999,
              31.1469
            ],
            [
              -81.4369,
              31.1469
            ]
          ]
        ]
      },
      "properties": {
        "candidate_id": "CS_0027",
        "numeric_id": 27,
        "raw_component_id": 645,
        "pixel_count": 111,
        "area_km2": 0.0117,
        "perimeter_km": 0.586,
        "centroid_lon": -81.43643,
        "centroid_lat": 31.14636,
        "bounding_box": [
          -81.43715,
          31.14575,
          -81.43575,
          31.14685
        ],
        "length_km": 0.168,
        "width_km": 0.117,
        "aspect_ratio": 1.44,
        "orientation_deg": -51.5,
        "mean_sigma0_db": -24.7,
        "min_sigma0_db": -29.03,
        "mean_contrast_db": 5.61,
        "max_contrast_db": 9.83,
        "candidate_score": 0.512,
        "heuristic_confidence": 0.512,
        "rejection_reasons": [
          "AREA_TOO_SMALL"
        ],
        "status": "REJECTED"
      }
    },
    {
      "type": "Feature",
      "id": "CS_0028",
      "geometry": {
        "type": "Polygon",
        "coordinates": [
          [
            [
              -81.4352,
              31.1449
            ],
            [
              -81.4352,
              31.1446
            ],
            [
              -81.43509999999999,
              31.1446
            ],
            [
              -81.43509999999999,
              31.1445
            ],
            [
              -81.43499999999999,
              31.1445
            ],
            [
              -81.43499999999999,
              31.1443
            ],
            [
              -81.4348,
              31.1443
            ],
            [
              -81.4348,
              31.1442
            ],
            [
              -81.4343,
              31.1442
            ],
            [
              -81.4343,
              31.144099999999998
            ],
            [
              -81.4345,
              31.144099999999998
            ],
            [
              -81.4345,
              31.1438
            ],
            [
              -81.43379999999999,
              31.1438
            ],
            [
              -81.43379999999999,
              31.1434
            ],
            [
              -81.4335,
              31.1434
            ],
            [
              -81.4335,
              31.1435
            ],
            [
              -81.43339999999999,
              31.1435
            ],
            [
              -81.43339999999999,
              31.1438
            ],
            [
              -81.4337,
              31.1438
            ],
            [
              -81.4337,
              31.144099999999998
            ],
            [
              -81.4339,
              31.144099999999998
            ],
            [
              -81.4339,
              31.1442
            ],
            [
              -81.434,
              31.1442
            ],
            [
              -81.434,
              31.1443
            ],
            [
              -81.4339,
              31.1443
            ],
            [
              -81.4339,
              31.1446
            ],
            [
              -81.434,
              31.1446
            ],
            [
              -81.434,
              31.1448
            ],
            [
              -81.4349,
              31.1448
            ],
            [
              -81.4349,
              31.1449
            ],
            [
              -81.4352,
              31.1449
            ]
          ]
        ]
      },
      "properties": {
        "candidate_id": "CS_0028",
        "numeric_id": 28,
        "raw_component_id": 664,
        "pixel_count": 112,
        "area_km2": 0.0119,
        "perimeter_km": 0.597,
        "centroid_lon": -81.4343,
        "centroid_lat": 31.14427,
        "bounding_box": [
          -81.43515,
          31.14345,
          -81.43345,
          31.14485
        ],
        "length_km": 0.222,
        "width_km": 0.085,
        "aspect_ratio": 2.61,
        "orientation_deg": -44.5,
        "mean_sigma0_db": -24.72,
        "min_sigma0_db": -29.04,
        "mean_contrast_db": 5.37,
        "max_contrast_db": 9.82,
        "candidate_score": 0.514,
        "heuristic_confidence": 0.514,
        "rejection_reasons": [
          "AREA_TOO_SMALL"
        ],
        "status": "REJECTED"
      }
    },
    {
      "type": "Feature",
      "id": "CS_0029",
      "geometry": {
        "type": "Polygon",
        "coordinates": [
          [
            [
              -81.4348,
              31.1436
            ],
            [
              -81.4348,
              31.1432
            ],
            [
              -81.43499999999999,
              31.1432
            ],
            [
              -81.43499999999999,
              31.1431
            ],
            [
              -81.4352,
              31.1431
            ],
            [
              -81.4352,
              31.142699999999998
            ],
            [
              -81.43469999999999,
              31.142699999999998
            ],
            [
              -81.43469999999999,
              31.142799999999998
            ],
            [
              -81.4345,
              31.142799999999998
            ],
            [
              -81.4345,
              31.1423
            ],
            [
              -81.4341,
              31.1423
            ],
            [
              -81.4341,
              31.143
            ],
            [
              -81.43419999999999,
              31.143
            ],
            [
              -81.43419999999999,
              31.1431
            ],
            [
              -81.4343,
              31.1431
            ],
            [
              -81.4343,
              31.1432
            ],
            [
              -81.4345,
              31.1432
            ],
            [
              -81.4345,
              31.1436
            ],
            [
              -81.4348,
              31.1436
            ]
          ]
        ]
      },
      "properties": {
        "candidate_id": "CS_0029",
        "numeric_id": 29,
        "raw_component_id": 671,
        "pixel_count": 76,
        "area_km2": 0.008,
        "perimeter_km": 0.442,
        "centroid_lon": -81.43458,
        "centroid_lat": 31.14292,
        "bounding_box": [
          -81.43515,
          31.14235,
          -81.43415,
          31.14355
        ],
        "length_km": 0.145,
        "width_km": 0.094,
        "aspect_ratio": 1.54,
        "orientation_deg": -31.1,
        "mean_sigma0_db": -24.47,
        "min_sigma0_db": -27.88,
        "mean_contrast_db": 5.9,
        "max_contrast_db": 9.28,
        "candidate_score": 0.53,
        "heuristic_confidence": 0.53,
        "rejection_reasons": [
          "AREA_TOO_SMALL"
        ],
        "status": "REJECTED"
      }
    },
    {
      "type": "Feature",
      "id": "CS_0030",
      "geometry": {
        "type": "Polygon",
        "coordinates": [
          [
            [
              -81.40929999999999,
              31.137
            ],
            [
              -81.40929999999999,
              31.136400000000002
            ],
            [
              -81.40919999999998,
              31.136400000000002
            ],
            [
              -81.40919999999998,
              31.136300000000002
            ],
            [
              -81.40889999999999,
              31.136300000000002
            ],
            [
              -81.40889999999999,
              31.136400000000002
            ],
            [
              -81.40869999999998,
              31.136400000000002
            ],
            [
              -81.40869999999998,
              31.136300000000002
            ],
            [
              -81.40859999999999,
              31.136300000000002
            ],
            [
              -81.40859999999999,
              31.1362
            ],
            [
              -81.40799999999999,
              31.1362
            ],
            [
              -81.40799999999999,
              31.1365
            ],
            [
              -81.40839999999999,
              31.1365
            ],
            [
              -81.40839999999999,
              31.1367
            ],
            [
              -81.40889999999999,
              31.1367
            ],
            [
              -81.40889999999999,
              31.1368
            ],
            [
              -81.40899999999999,
              31.1368
            ],
            [
              -81.40899999999999,
              31.137
            ],
            [
              -81.40929999999999,
              31.137
            ]
          ]
        ]
      },
      "properties": {
        "candidate_id": "CS_0030",
        "numeric_id": 30,
        "raw_component_id": 728,
        "pixel_count": 57,
        "area_km2": 0.006,
        "perimeter_km": 0.381,
        "centroid_lon": -81.40874,
        "centroid_lat": 31.13653,
        "bounding_box": [
          -81.40925,
          31.13625,
          -81.40805,
          31.13695
        ],
        "length_km": 0.154,
        "width_km": 0.061,
        "aspect_ratio": 2.53,
        "orientation_deg": -65.6,
        "mean_sigma0_db": -24.76,
        "min_sigma0_db": -29.05,
        "mean_contrast_db": 7.09,
        "max_contrast_db": 11.26,
        "candidate_score": 0.644,
        "heuristic_confidence": 0.644,
        "rejection_reasons": [
          "AREA_TOO_SMALL"
        ],
        "status": "REJECTED"
      }
    },
    {
      "type": "Feature",
      "id": "CS_0031",
      "geometry": {
        "type": "Polygon",
        "coordinates": [
          [
            [
              -81.41,
              31.136
            ],
            [
              -81.41,
              31.1357
            ],
            [
              -81.40969999999999,
              31.1357
            ],
            [
              -81.40969999999999,
              31.1355
            ],
            [
              -81.41,
              31.1355
            ],
            [
              -81.41,
              31.1353
            ],
            [
              -81.41029999999999,
              31.1353
            ],
            [
              -81.41029999999999,
              31.1356
            ],
            [
              -81.41059999999999,
              31.1356
            ],
            [
              -81.41059999999999,
              31.1354
            ],
            [
              -81.41069999999999,
              31.1354
            ],
            [
              -81.41069999999999,
              31.135099999999998
            ],
            [
              -81.4104,
              31.135099999999998
            ],
            [
              -81.4104,
              31.134999999999998
            ],
            [
              -81.41009999999999,
              31.134999999999998
            ],
            [
              -81.41009999999999,
              31.1349
            ],
            [
              -81.40969999999999,
              31.1349
            ],
            [
              -81.40969999999999,
              31.1353
            ],
            [
              -81.4092,
              31.1353
            ],
            [
              -81.4092,
              31.1354
            ],
            [
              -81.40899999999999,
              31.1354
            ],
            [
              -81.40899999999999,
              31.1353
            ],
            [
              -81.40889999999999,
              31.1353
            ],
            [
              -81.40889999999999,
              31.135199999999998
            ],
            [
              -81.40849999999999,
              31.135199999999998
            ],
            [
              -81.40849999999999,
              31.1353
            ],
            [
              -81.40839999999999,
              31.1353
            ],
            [
              -81.40839999999999,
              31.1355
            ],
            [
              -81.40809999999999,
              31.1355
            ],
            [
              -81.40809999999999,
              31.1354
            ],
            [
              -81.4082,
              31.1354
            ],
            [
              -81.4082,
              31.135099999999998
            ],
            [
              -81.40759999999999,
              31.135099999999998
            ],
            [
              -81.40759999999999,
              31.1355
            ],
            [
              -81.40769999999999,
              31.1355
            ],
            [
              -81.40769999999999,
              31.1356
            ],
            [
              -81.40799999999999,
              31.1356
            ],
            [
              -81.40799999999999,
              31.136
            ],
            [
              -81.40849999999999,
              31.136
            ],
            [
              -81.40849999999999,
              31.1356
            ],
            [
              -81.4087,
              31.1356
            ],
            [
              -81.4087,
              31.136
            ],
            [
              -81.40899999999999,
              31.136
            ],
            [
              -81.40899999999999,
              31.1357
            ],
            [
              -81.40929999999999,
              31.1357
            ],
            [
              -81.40929999999999,
              31.1356
            ],
            [
              -81.40939999999999,
              31.1356
            ],
            [
              -81.40939999999999,
              31.1358
            ],
            [
              -81.40969999999999,
              31.1358
            ],
            [
              -81.40969999999999,
              31.136
            ],
            [
              -81.41,
              31.136
            ]
          ]
        ]
      },
      "properties": {
        "candidate_id": "CS_0031",
        "numeric_id": 31,
        "raw_component_id": 734,
        "pixel_count": 168,
        "area_km2": 0.0178,
        "perimeter_km": 1.06,
        "centroid_lon": -81.40911,
        "centroid_lat": 31.13547,
        "bounding_box": [
          -81.41065,
          31.13495,
          -81.40765,
          31.13595
        ],
        "length_km": 0.334,
        "width_km": 0.11,
        "aspect_ratio": 3.04,
        "orientation_deg": 84.2,
        "mean_sigma0_db": -24.56,
        "min_sigma0_db": -27.54,
        "mean_contrast_db": 5.98,
        "max_contrast_db": 9.23,
        "candidate_score": 0.565,
        "heuristic_confidence": 0.565,
        "rejection_reasons": [
          "AREA_TOO_SMALL"
        ],
        "status": "REJECTED"
      }
    },
    {
      "type": "Feature",
      "id": "CS_0032",
      "geometry": {
        "type": "Polygon",
        "coordinates": [
          [
            [
              -81.38659999999999,
              31.1331
            ],
            [
              -81.38659999999999,
              31.1329
            ],
            [
              -81.38749999999999,
              31.1329
            ],
            [
              -81.38749999999999,
              31.1326
            ],
            [
              -81.38719999999999,
              31.1326
            ],
            [
              -81.38719999999999,
              31.132299999999997
            ],
            [
              -81.38689999999998,
              31.132299999999997
            ],
            [
              -81.38689999999998,
              31.1324
            ],
            [
              -81.38669999999999,
              31.1324
            ],
            [
              -81.38669999999999,
              31.1318
            ],
            [
              -81.3864,
              31.1318
            ],
            [
              -81.3864,
              31.1326
            ],
            [
              -81.38619999999999,
              31.1326
            ],
            [
              -81.38619999999999,
              31.1325
            ],
            [
              -81.38589999999999,
              31.1325
            ],
            [
              -81.38589999999999,
              31.1326
            ],
            [
              -81.38569999999999,
              31.1326
            ],
            [
              -81.38569999999999,
              31.1329
            ],
            [
              -81.38609999999998,
              31.1329
            ],
            [
              -81.38609999999998,
              31.133
            ],
            [
              -81.38619999999999,
              31.133
            ],
            [
              -81.38619999999999,
              31.1331
            ],
            [
              -81.38659999999999,
              31.1331
            ]
          ]
        ]
      },
      "properties": {
        "candidate_id": "CS_0032",
        "numeric_id": 32,
        "raw_component_id": 777,
        "pixel_count": 103,
        "area_km2": 0.0109,
        "perimeter_km": 0.586,
        "centroid_lon": -81.3866,
        "centroid_lat": 31.1326,
        "bounding_box": [
          -81.38745,
          31.13185,
          -81.38575,
          31.13305
        ],
        "length_km": 0.161,
        "width_km": 0.126,
        "aspect_ratio": 1.28,
        "orientation_deg": 81.3,
        "mean_sigma0_db": -24.55,
        "min_sigma0_db": -28.66,
        "mean_contrast_db": 5.37,
        "max_contrast_db": 9.9,
        "candidate_score": 0.486,
        "heuristic_confidence": 0.486,
        "rejection_reasons": [
          "AREA_TOO_SMALL"
        ],
        "status": "REJECTED"
      }
    },
    {
      "type": "Feature",
      "id": "CS_0033",
      "geometry": {
        "type": "Polygon",
        "coordinates": [
          [
            [
              -81.3937,
              31.130499999999998
            ],
            [
              -81.3937,
              31.1302
            ],
            [
              -81.3932,
              31.1302
            ],
            [
              -81.3932,
              31.130499999999998
            ],
            [
              -81.3937,
              31.130499999999998
            ]
          ]
        ]
      },
      "properties": {
        "candidate_id": "CS_0033",
        "numeric_id": 33,
        "raw_component_id": 807,
        "pixel_count": 180,
        "area_km2": 0.0191,
        "perimeter_km": 0.936,
        "centroid_lon": -81.39447,
        "centroid_lat": 31.13075,
        "bounding_box": [
          -81.39575,
          31.12995,
          -81.39325,
          31.13145
        ],
        "length_km": 0.24,
        "width_km": 0.151,
        "aspect_ratio": 1.59,
        "orientation_deg": -64.2,
        "mean_sigma0_db": -25.21,
        "min_sigma0_db": -28.65,
        "mean_contrast_db": 5.63,
        "max_contrast_db": 9.33,
        "candidate_score": 0.532,
        "heuristic_confidence": 0.532,
        "rejection_reasons": [
          "AREA_TOO_SMALL"
        ],
        "status": "REJECTED"
      }
    },
    {
      "type": "Feature",
      "id": "CS_0034",
      "geometry": {
        "type": "Polygon",
        "coordinates": [
          [
            [
              -81.41149999999999,
              31.122700000000002
            ],
            [
              -81.41149999999999,
              31.122600000000002
            ],
            [
              -81.41159999999999,
              31.122600000000002
            ],
            [
              -81.41159999999999,
              31.122300000000003
            ],
            [
              -81.41189999999999,
              31.122300000000003
            ],
            [
              -81.41189999999999,
              31.122200000000003
            ],
            [
              -81.41199999999999,
              31.122200000000003
            ],
            [
              -81.41199999999999,
              31.122100000000003
            ],
            [
              -81.41229999999999,
              31.122100000000003
            ],
            [
              -81.41229999999999,
              31.122000000000003
            ],
            [
              -81.4125,
              31.122000000000003
            ],
            [
              -81.4125,
              31.1219
            ],
            [
              -81.41309999999999,
              31.1219
            ],
            [
              -81.41309999999999,
              31.1212
            ],
            [
              -81.41299999999998,
              31.1212
            ],
            [
              -81.41299999999998,
              31.121100000000002
            ],
            [
              -81.41269999999999,
              31.121100000000002
            ],
            [
              -81.41269999999999,
              31.1214
            ],
            [
              -81.41279999999999,
              31.1214
            ],
            [
              -81.41279999999999,
              31.1215
            ],
            [
              -81.41239999999999,
              31.1215
            ],
            [
              -81.41239999999999,
              31.1213
            ],
            [
              -81.41209999999998,
              31.1213
            ],
            [
              -81.41209999999998,
              31.1218
            ],
            [
              -81.41169999999998,
              31.1218
            ],
            [
              -81.41169999999998,
              31.122000000000003
            ],
            [
              -81.41149999999999,
              31.122000000000003
            ],
            [
              -81.41149999999999,
              31.122300000000003
            ],
            [
              -81.41139999999999,
              31.122300000000003
            ],
            [
              -81.41139999999999,
              31.122100000000003
            ],
            [
              -81.41099999999999,
              31.122100000000003
            ],
            [
              -81.41099999999999,
              31.122400000000003
            ],
            [
              -81.41109999999999,
              31.122400000000003
            ],
            [
              -81.41109999999999,
              31.122500000000002
            ],
            [
              -81.4112,
              31.122500000000002
            ],
            [
              -81.4112,
              31.122700000000002
            ],
            [
              -81.41149999999999,
              31.122700000000002
            ]
          ]
        ]
      },
      "properties": {
        "candidate_id": "CS_0034",
        "numeric_id": 34,
        "raw_component_id": 908,
        "pixel_count": 145,
        "area_km2": 0.0153,
        "perimeter_km": 0.977,
        "centroid_lon": -81.41243,
        "centroid_lat": 31.12172,
        "bounding_box": [
          -81.41395,
          31.12085,
          -81.41105,
          31.12265
        ],
        "length_km": 0.352,
        "width_km": 0.088,
        "aspect_ratio": 4.01,
        "orientation_deg": 56.3,
        "mean_sigma0_db": -24.74,
        "min_sigma0_db": -29.05,
        "mean_contrast_db": 5.49,
        "max_contrast_db": 8.98,
        "candidate_score": 0.548,
        "heuristic_confidence": 0.548,
        "rejection_reasons": [
          "AREA_TOO_SMALL"
        ],
        "status": "REJECTED"
      }
    },
    {
      "type": "Feature",
      "id": "CS_0035",
      "geometry": {
        "type": "Polygon",
        "coordinates": [
          [
            [
              -81.41499999999999,
              31.1225
            ],
            [
              -81.41499999999999,
              31.1223
            ],
            [
              -81.4151,
              31.1223
            ],
            [
              -81.4151,
              31.1222
            ],
            [
              -81.4152,
              31.1222
            ],
            [
              -81.4152,
              31.1224
            ],
            [
              -81.4156,
              31.1224
            ],
            [
              -81.4156,
              31.1221
            ],
            [
              -81.41529999999999,
              31.1221
            ],
            [
              -81.41529999999999,
              31.1219
            ],
            [
              -81.41539999999999,
              31.1219
            ],
            [
              -81.41539999999999,
              31.1218
            ],
            [
              -81.4159,
              31.1218
            ],
            [
              -81.4159,
              31.122
            ],
            [
              -81.41619999999999,
              31.122
            ],
            [
              -81.41619999999999,
              31.121399999999998
            ],
            [
              -81.4159,
              31.121399999999998
            ],
            [
              -81.4159,
              31.121199999999998
            ],
            [
              -81.416,
              31.121199999999998
            ],
            [
              -81.416,
              31.1208
            ],
            [
              -81.41609999999999,
              31.1208
            ],
            [
              -81.41609999999999,
              31.121
            ],
            [
              -81.4168,
              31.121
            ],
            [
              -81.4168,
              31.1207
            ],
            [
              -81.41699999999999,
              31.1207
            ],
            [
              -81.41699999999999,
              31.1203
            ],
            [
              -81.41709999999999,
              31.1203
            ],
            [
              -81.41709999999999,
              31.1207
            ],
            [
              -81.4176,
              31.1207
            ],
            [
              -81.4176,
              31.1205
            ],
            [
              -81.4177,
              31.1205
            ],
            [
              -81.4177,
              31.1207
            ],
            [
              -81.41799999999999,
              31.1207
            ],
            [
              -81.41799999999999,
              31.120199999999997
            ],
            [
              -81.41789999999999,
              31.120199999999997
            ],
            [
              -81.41789999999999,
              31.119799999999998
            ],
            [
              -81.4177,
              31.119799999999998
            ],
            [
              -81.4177,
              31.1195
            ],
            [
              -81.41749999999999,
              31.1195
            ],
            [
              -81.41749999999999,
              31.1192
            ],
            [
              -81.41739999999999,
              31.1192
            ],
            [
              -81.41739999999999,
              31.1188
            ],
            [
              -81.41709999999999,
              31.1188
            ],
            [
              -81.41709999999999,
              31.1192
            ],
            [
              -81.41699999999999,
              31.1192
            ],
            [
              -81.41699999999999,
              31.1193
            ],
            [
              -81.4169,
              31.1193
            ],
            [
              -81.4169,
              31.1196
            ],
            [
              -81.41709999999999,
              31.1196
            ],
            [
              -81.41709999999999,
              31.119699999999998
            ],
            [
              -81.4172,
              31.119699999999998
            ],
            [
              -81.4172,
              31.119899999999998
            ],
            [
              -81.41739999999999,
              31.119899999999998
            ],
            [
              -81.41739999999999,
              31.119999999999997
            ],
            [
              -81.4173,
              31.119999999999997
            ],
            [
              -81.4173,
              31.120199999999997
            ],
            [
              -81.4172,
              31.120199999999997
            ],
            [
              -81.4172,
              31.119999999999997
            ],
            [
              -81.41709999999999,
              31.119999999999997
            ],
            [
              -81.41709999999999,
              31.119899999999998
            ],
            [
              -81.4168,
              31.119899999999998
            ],
            [
              -81.4168,
              31.1192
            ],
            [
              -81.4165,
              31.1192
            ],
            [
              -81.4165,
              31.1196
            ],
            [
              -81.41609999999999,
              31.1196
            ],
            [
              -81.41609999999999,
              31.119699999999998
            ],
            [
              -81.416,
              31.119699999999998
            ],
            [
              -81.416,
              31.119799999999998
            ],
            [
              -81.4159,
              31.119799999999998
            ],
            [
              -81.4159,
              31.120199999999997
            ],
            [
              -81.416,
              31.120199999999997
            ],
            [
              -81.416,
              31.1204
            ],
            [
              -81.41619999999999,
              31.1204
            ],
            [
              -81.41619999999999,
              31.1206
            ],
            [
              -81.41609999999999,
              31.1206
            ],
            [
              -81.41609999999999,
              31.1205
            ],
            [
              -81.41569999999999,
              31.1205
            ],
            [
              -81.41569999999999,
              31.121
            ],
            [
              -81.4155,
              31.121
            ],
            [
              -81.4155,
              31.1209
            ],
            [
              -81.4152,
              31.1209
            ],
            [
              -81.4152,
              31.121
            ],
            [
              -81.4147,
              31.121
            ],
            [
              -81.4147,
              31.121299999999998
            ],
            [
              -81.41449999999999,
              31.121299999999998
            ],
            [
              -81.41449999999999,
              31.121599999999997
            ],
            [
              -81.4146,
              31.121599999999997
            ],
            [
              -81.4146,
              31.121699999999997
            ],
            [
              -81.41439999999999,
              31.121699999999997
            ],
            [
              -81.41439999999999,
              31.121599999999997
            ],
            [
              -81.41399999999999,
              31.121599999999997
            ],
            [
              -81.41399999999999,
              31.121699999999997
            ],
            [
              -81.4139,
              31.121699999999997
            ],
            [
              -81.4139,
              31.122
            ],
            [
              -81.4138,
              31.122
            ],
            [
              -81.4138,
              31.1224
            ],
            [
              -81.41409999999999,
              31.1224
            ],
            [
              -81.41409999999999,
              31.1225
            ],
            [
              -81.41499999999999,
              31.1225
            ]
          ],
          [
            [
              -81.4147,
              31.1222
            ],
            [
              -81.4142,
              31.1222
            ],
            [
              -81.4142,
              31.1221
            ],
            [
              -81.41409999999999,
              31.1221
            ],
            [
              -81.41409999999999,
              31.122
            ],
            [
              -81.4146,
              31.122
            ],
            [
              -81.4146,
              31.1219
            ],
            [
              -81.4147,
              31.1219
            ],
            [
              -81.4147,
              31.122
            ],
            [
              -81.41479999999999,
              31.122
            ],
            [
              -81.41479999999999,
              31.1221
            ],
            [
              -81.4147,
              31.1221
            ],
            [
              -81.4147,
              31.1222
            ]
          ],
          [
            [
              -81.41669999999999,
              31.120199999999997
            ],
            [
              -81.4164,
              31.120199999999997
            ],
            [
              -81.4164,
              31.120099999999997
            ],
            [
              -81.4165,
              31.120099999999997
            ],
            [
              -81.4165,
              31.119999999999997
            ],
            [
              -81.4168,
              31.119999999999997
            ],
            [
              -81.4168,
              31.120099999999997
            ],
            [
              -81.41669999999999,
              31.120099999999997
            ],
            [
              -81.41669999999999,
              31.120199999999997
            ]
          ]
        ]
      },
      "properties": {
        "candidate_id": "CS_0035",
        "numeric_id": 35,
        "raw_component_id": 911,
        "pixel_count": 497,
        "area_km2": 0.0526,
        "perimeter_km": 2.047,
        "centroid_lon": -81.41602,
        "centroid_lat": 31.12086,
        "bounding_box": [
          -81.41795,
          31.11885,
          -81.41385,
          31.12245
        ],
        "length_km": 0.56,
        "width_km": 0.177,
        "aspect_ratio": 3.16,
        "orientation_deg": 45.0,
        "mean_sigma0_db": -25.03,
        "min_sigma0_db": -29.47,
        "mean_contrast_db": 5.58,
        "max_contrast_db": 9.56,
        "candidate_score": 0.56,
        "heuristic_confidence": 0.56,
        "rejection_reasons": [],
        "status": "ACCEPTED"
      }
    },
    {
      "type": "Feature",
      "id": "CS_0036",
      "geometry": {
        "type": "Polygon",
        "coordinates": [
          [
            [
              -81.41149999999999,
              31.1219
            ],
            [
              -81.41149999999999,
              31.1213
            ],
            [
              -81.41139999999999,
              31.1213
            ],
            [
              -81.41139999999999,
              31.1212
            ],
            [
              -81.4112,
              31.1212
            ],
            [
              -81.4112,
              31.121
            ],
            [
              -81.4108,
              31.121
            ],
            [
              -81.4108,
              31.1213
            ],
            [
              -81.41109999999999,
              31.1213
            ],
            [
              -81.41109999999999,
              31.1215
            ],
            [
              -81.41089999999998,
              31.1215
            ],
            [
              -81.41089999999998,
              31.1214
            ],
            [
              -81.4104,
              31.1214
            ],
            [
              -81.4104,
              31.1209
            ],
            [
              -81.41019999999999,
              31.1209
            ],
            [
              -81.41019999999999,
              31.1208
            ],
            [
              -81.40979999999999,
              31.1208
            ],
            [
              -81.40979999999999,
              31.1209
            ],
            [
              -81.40959999999998,
              31.1209
            ],
            [
              -81.40959999999998,
              31.1212
            ],
            [
              -81.40969999999999,
              31.1212
            ],
            [
              -81.40969999999999,
              31.1214
            ],
            [
              -81.41,
              31.1214
            ],
            [
              -81.41,
              31.1216
            ],
            [
              -81.41029999999999,
              31.1216
            ],
            [
              -81.41029999999999,
              31.1217
            ],
            [
              -81.41049999999998,
              31.1217
            ],
            [
              -81.41049999999998,
              31.1218
            ],
            [
              -81.41059999999999,
              31.1218
            ],
            [
              -81.41059999999999,
              31.1219
            ],
            [
              -81.41109999999999,
              31.1219
            ],
            [
              -81.41109999999999,
              31.1217
            ],
            [
              -81.4112,
              31.1217
            ],
            [
              -81.4112,
              31.1219
            ],
            [
              -81.41149999999999,
              31.1219
            ]
          ]
        ]
      },
      "properties": {
        "candidate_id": "CS_0036",
        "numeric_id": 36,
        "raw_component_id": 920,
        "pixel_count": 117,
        "area_km2": 0.0124,
        "perimeter_km": 0.648,
        "centroid_lon": -81.41059,
        "centroid_lat": 31.12138,
        "bounding_box": [
          -81.41145,
          31.12085,
          -81.40965,
          31.12185
        ],
        "length_km": 0.219,
        "width_km": 0.097,
        "aspect_ratio": 2.25,
        "orientation_deg": -66.8,
        "mean_sigma0_db": -24.73,
        "min_sigma0_db": -28.26,
        "mean_contrast_db": 5.55,
        "max_contrast_db": 9.24,
        "candidate_score": 0.522,
        "heuristic_confidence": 0.522,
        "rejection_reasons": [
          "AREA_TOO_SMALL"
        ],
        "status": "REJECTED"
      }
    },
    {
      "type": "Feature",
      "id": "CS_0037",
      "geometry": {
        "type": "Polygon",
        "coordinates": [
          [
            [
              -81.4192,
              31.1187
            ],
            [
              -81.4192,
              31.1184
            ],
            [
              -81.4191,
              31.1184
            ],
            [
              -81.4191,
              31.1183
            ],
            [
              -81.4192,
              31.1183
            ],
            [
              -81.4192,
              31.1182
            ],
            [
              -81.4195,
              31.1182
            ],
            [
              -81.4195,
              31.1184
            ],
            [
              -81.4199,
              31.1184
            ],
            [
              -81.4199,
              31.118100000000002
            ],
            [
              -81.4196,
              31.118100000000002
            ],
            [
              -81.4196,
              31.1179
            ],
            [
              -81.419,
              31.1179
            ],
            [
              -81.419,
              31.118000000000002
            ],
            [
              -81.4189,
              31.118000000000002
            ],
            [
              -81.4189,
              31.118100000000002
            ],
            [
              -81.4187,
              31.118100000000002
            ],
            [
              -81.4187,
              31.1184
            ],
            [
              -81.4188,
              31.1184
            ],
            [
              -81.4188,
              31.1186
            ],
            [
              -81.4189,
              31.1186
            ],
            [
              -81.4189,
              31.1187
            ],
            [
              -81.4192,
              31.1187
            ]
          ]
        ]
      },
      "properties": {
        "candidate_id": "CS_0037",
        "numeric_id": 37,
        "raw_component_id": 965,
        "pixel_count": 53,
        "area_km2": 0.0056,
        "perimeter_km": 0.381,
        "centroid_lon": -81.41923,
        "centroid_lat": 31.11824,
        "bounding_box": [
          -81.41985,
          31.11795,
          -81.41875,
          31.11865
        ],
        "length_km": 0.126,
        "width_km": 0.081,
        "aspect_ratio": 1.55,
        "orientation_deg": 71.8,
        "mean_sigma0_db": -25.01,
        "min_sigma0_db": -28.64,
        "mean_contrast_db": 4.93,
        "max_contrast_db": 8.46,
        "candidate_score": 0.469,
        "heuristic_confidence": 0.469,
        "rejection_reasons": [
          "AREA_TOO_SMALL"
        ],
        "status": "REJECTED"
      }
    },
    {
      "type": "Feature",
      "id": "CS_0038",
      "geometry": {
        "type": "Polygon",
        "coordinates": [
          [
            [
              -81.4052,
              31.1169
            ],
            [
              -81.4052,
              31.1168
            ],
            [
              -81.40529999999998,
              31.1168
            ],
            [
              -81.40529999999998,
              31.116500000000002
            ],
            [
              -81.40549999999999,
              31.116500000000002
            ],
            [
              -81.40549999999999,
              31.116200000000003
            ],
            [
              -81.4052,
              31.116200000000003
            ],
            [
              -81.4052,
              31.1161
            ],
            [
              -81.40539999999999,
              31.1161
            ],
            [
              -81.40539999999999,
              31.1157
            ],
            [
              -81.40509999999999,
              31.1157
            ],
            [
              -81.40509999999999,
              31.116
            ],
            [
              -81.40489999999998,
              31.116
            ],
            [
              -81.40489999999998,
              31.1159
            ],
            [
              -81.4044,
              31.1159
            ],
            [
              -81.4044,
              31.116300000000003
            ],
            [
              -81.40489999999998,
              31.116300000000003
            ],
            [
              -81.40489999999998,
              31.1169
            ],
            [
              -81.4052,
              31.1169
            ]
          ]
        ]
      },
      "properties": {
        "candidate_id": "CS_0038",
        "numeric_id": 38,
        "raw_component_id": 988,
        "pixel_count": 70,
        "area_km2": 0.0074,
        "perimeter_km": 0.453,
        "centroid_lon": -81.40502,
        "centroid_lat": 31.11626,
        "bounding_box": [
          -81.40545,
          31.11575,
          -81.40445,
          31.11685
        ],
        "length_km": 0.131,
        "width_km": 0.1,
        "aspect_ratio": 1.3,
        "orientation_deg": -19.1,
        "mean_sigma0_db": -24.95,
        "min_sigma0_db": -27.54,
        "mean_contrast_db": 5.54,
        "max_contrast_db": 8.39,
        "candidate_score": 0.512,
        "heuristic_confidence": 0.512,
        "rejection_reasons": [
          "AREA_TOO_SMALL"
        ],
        "status": "REJECTED"
      }
    },
    {
      "type": "Feature",
      "id": "CS_0039",
      "geometry": {
        "type": "Polygon",
        "coordinates": [
          [
            [
              -81.47729999999999,
              31.116500000000002
            ],
            [
              -81.47729999999999,
              31.116300000000003
            ],
            [
              -81.47749999999999,
              31.116300000000003
            ],
            [
              -81.47749999999999,
              31.116000000000003
            ],
            [
              -81.47739999999999,
              31.116000000000003
            ],
            [
              -81.47739999999999,
              31.115900000000003
            ],
            [
              -81.4772,
              31.115900000000003
            ],
            [
              -81.4772,
              31.1155
            ],
            [
              -81.47699999999999,
              31.1155
            ],
            [
              -81.47699999999999,
              31.1153
            ],
            [
              -81.47659999999999,
              31.1153
            ],
            [
              -81.47659999999999,
              31.1156
            ],
            [
              -81.4767,
              31.1156
            ],
            [
              -81.4767,
              31.1157
            ],
            [
              -81.4768,
              31.1157
            ],
            [
              -81.4768,
              31.115900000000003
            ],
            [
              -81.4771,
              31.115900000000003
            ],
            [
              -81.4771,
              31.116000000000003
            ],
            [
              -81.47699999999999,
              31.116000000000003
            ],
            [
              -81.47699999999999,
              31.116500000000002
            ],
            [
              -81.47729999999999,
              31.116500000000002
            ]
          ]
        ]
      },
      "properties": {
        "candidate_id": "CS_0039",
        "numeric_id": 39,
        "raw_component_id": 991,
        "pixel_count": 51,
        "area_km2": 0.0054,
        "perimeter_km": 0.37,
        "centroid_lon": -81.47706,
        "centroid_lat": 31.11588,
        "bounding_box": [
          -81.47745,
          31.11535,
          -81.47665,
          31.11645
        ],
        "length_km": 0.161,
        "width_km": 0.053,
        "aspect_ratio": 3.03,
        "orientation_deg": -23.9,
        "mean_sigma0_db": -24.75,
        "min_sigma0_db": -27.16,
        "mean_contrast_db": 5.05,
        "max_contrast_db": 7.5,
        "candidate_score": 0.496,
        "heuristic_confidence": 0.496,
        "rejection_reasons": [
          "AREA_TOO_SMALL"
        ],
        "status": "REJECTED"
      }
    },
    {
      "type": "Feature",
      "id": "CS_0040",
      "geometry": {
        "type": "Polygon",
        "coordinates": [
          [
            [
              -81.41919999999999,
              31.1159
            ],
            [
              -81.41919999999999,
              31.1157
            ],
            [
              -81.41929999999999,
              31.1157
            ],
            [
              -81.41929999999999,
              31.1154
            ],
            [
              -81.41919999999999,
              31.1154
            ],
            [
              -81.41919999999999,
              31.1153
            ],
            [
              -81.41909999999999,
              31.1153
            ],
            [
              -81.41909999999999,
              31.1152
            ],
            [
              -81.419,
              31.1152
            ],
            [
              -81.419,
              31.1149
            ],
            [
              -81.41869999999999,
              31.1149
            ],
            [
              -81.41869999999999,
              31.115
            ],
            [
              -81.41839999999999,
              31.115
            ],
            [
              -81.41839999999999,
              31.1154
            ],
            [
              -81.41869999999999,
              31.1154
            ],
            [
              -81.41869999999999,
              31.1155
            ],
            [
              -81.41879999999999,
              31.1155
            ],
            [
              -81.41879999999999,
              31.1157
            ],
            [
              -81.4189,
              31.1157
            ],
            [
              -81.4189,
              31.1159
            ],
            [
              -81.41919999999999,
              31.1159
            ]
          ]
        ]
      },
      "properties": {
        "candidate_id": "CS_0040",
        "numeric_id": 40,
        "raw_component_id": 1006,
        "pixel_count": 52,
        "area_km2": 0.0055,
        "perimeter_km": 0.309,
        "centroid_lon": -81.41887,
        "centroid_lat": 31.11537,
        "bounding_box": [
          -81.41925,
          31.11495,
          -81.41845,
          31.11585
        ],
        "length_km": 0.125,
        "width_km": 0.062,
        "aspect_ratio": 2.01,
        "orientation_deg": -32.1,
        "mean_sigma0_db": -24.74,
        "min_sigma0_db": -27.19,
        "mean_contrast_db": 6.46,
        "max_contrast_db": 8.64,
        "candidate_score": 0.591,
        "heuristic_confidence": 0.591,
        "rejection_reasons": [
          "AREA_TOO_SMALL"
        ],
        "status": "REJECTED"
      }
    },
    {
      "type": "Feature",
      "id": "CS_0041",
      "geometry": {
        "type": "Polygon",
        "coordinates": [
          [
            [
              -81.4204,
              31.1156
            ],
            [
              -81.4204,
              31.1153
            ],
            [
              -81.4203,
              31.1153
            ],
            [
              -81.4203,
              31.1152
            ],
            [
              -81.4204,
              31.1152
            ],
            [
              -81.4204,
              31.1147
            ],
            [
              -81.4199,
              31.1147
            ],
            [
              -81.4199,
              31.115000000000002
            ],
            [
              -81.42,
              31.115000000000002
            ],
            [
              -81.42,
              31.1152
            ],
            [
              -81.4199,
              31.1152
            ],
            [
              -81.4199,
              31.1155
            ],
            [
              -81.42009999999999,
              31.1155
            ],
            [
              -81.42009999999999,
              31.1156
            ],
            [
              -81.4204,
              31.1156
            ]
          ]
        ]
      },
      "properties": {
        "candidate_id": "CS_0041",
        "numeric_id": 41,
        "raw_component_id": 1014,
        "pixel_count": 74,
        "area_km2": 0.0078,
        "perimeter_km": 0.525,
        "centroid_lon": -81.42039,
        "centroid_lat": 31.11483,
        "bounding_box": [
          -81.42105,
          31.11415,
          -81.41995,
          31.11555
        ],
        "length_km": 0.191,
        "width_km": 0.088,
        "aspect_ratio": 2.17,
        "orientation_deg": 27.8,
        "mean_sigma0_db": -24.92,
        "min_sigma0_db": -28.64,
        "mean_contrast_db": 5.19,
        "max_contrast_db": 9.14,
        "candidate_score": 0.498,
        "heuristic_confidence": 0.498,
        "rejection_reasons": [
          "AREA_TOO_SMALL"
        ],
        "status": "REJECTED"
      }
    },
    {
      "type": "Feature",
      "id": "CS_0042",
      "geometry": {
        "type": "Polygon",
        "coordinates": [
          [
            [
              -81.4062,
              31.1148
            ],
            [
              -81.4062,
              31.1146
            ],
            [
              -81.40639999999999,
              31.1146
            ],
            [
              -81.40639999999999,
              31.113999999999997
            ],
            [
              -81.4065,
              31.113999999999997
            ],
            [
              -81.4065,
              31.113699999999998
            ],
            [
              -81.4062,
              31.113699999999998
            ],
            [
              -81.4062,
              31.113999999999997
            ],
            [
              -81.40599999999999,
              31.113999999999997
            ],
            [
              -81.40599999999999,
              31.113699999999998
            ],
            [
              -81.40559999999999,
              31.113699999999998
            ],
            [
              -81.40559999999999,
              31.113899999999997
            ],
            [
              -81.4053,
              31.113899999999997
            ],
            [
              -81.4053,
              31.1143
            ],
            [
              -81.40559999999999,
              31.1143
            ],
            [
              -81.40559999999999,
              31.113999999999997
            ],
            [
              -81.40589999999999,
              31.113999999999997
            ],
            [
              -81.40589999999999,
              31.1143
            ],
            [
              -81.4057,
              31.1143
            ],
            [
              -81.4057,
              31.1147
            ],
            [
              -81.4058,
              31.1147
            ],
            [
              -81.4058,
              31.1148
            ],
            [
              -81.4062,
              31.1148
            ]
          ]
        ]
      },
      "properties": {
        "candidate_id": "CS_0042",
        "numeric_id": 42,
        "raw_component_id": 1026,
        "pixel_count": 78,
        "area_km2": 0.0083,
        "perimeter_km": 0.545,
        "centroid_lon": -81.40596,
        "centroid_lat": 31.11421,
        "bounding_box": [
          -81.40645,
          31.11375,
          -81.40535,
          31.11475
        ],
        "length_km": 0.132,
        "width_km": 0.114,
        "aspect_ratio": 1.16,
        "orientation_deg": -12.9,
        "mean_sigma0_db": -24.79,
        "min_sigma0_db": -27.54,
        "mean_contrast_db": 6.85,
        "max_contrast_db": 9.55,
        "candidate_score": 0.609,
        "heuristic_confidence": 0.609,
        "rejection_reasons": [
          "AREA_TOO_SMALL"
        ],
        "status": "REJECTED"
      }
    },
    {
      "type": "Feature",
      "id": "CS_0043",
      "geometry": {
        "type": "Polygon",
        "coordinates": [
          [
            [
              -81.4219,
              31.1137
            ],
            [
              -81.4219,
              31.1133
            ],
            [
              -81.42139999999999,
              31.1133
            ],
            [
              -81.42139999999999,
              31.1131
            ],
            [
              -81.4211,
              31.1131
            ],
            [
              -81.4211,
              31.1134
            ],
            [
              -81.42139999999999,
              31.1134
            ],
            [
              -81.42139999999999,
              31.1137
            ],
            [
              -81.4219,
              31.1137
            ]
          ]
        ]
      },
      "properties": {
        "candidate_id": "CS_0043",
        "numeric_id": 43,
        "raw_component_id": 1033,
        "pixel_count": 104,
        "area_km2": 0.011,
        "perimeter_km": 0.71,
        "centroid_lon": -81.4209,
        "centroid_lat": 31.1135,
        "bounding_box": [
          -81.42185,
          31.11305,
          -81.41985,
          31.11415
        ],
        "length_km": 0.213,
        "width_km": 0.109,
        "aspect_ratio": 1.95,
        "orientation_deg": -71.7,
        "mean_sigma0_db": -25.31,
        "min_sigma0_db": -28.64,
        "mean_contrast_db": 5.77,
        "max_contrast_db": 9.6,
        "candidate_score": 0.552,
        "heuristic_confidence": 0.552,
        "rejection_reasons": [
          "AREA_TOO_SMALL"
        ],
        "status": "REJECTED"
      }
    },
    {
      "type": "Feature",
      "id": "CS_0044",
      "geometry": {
        "type": "Polygon",
        "coordinates": [
          [
            [
              -81.49449999999999,
              31.1141
            ],
            [
              -81.49449999999999,
              31.1138
            ],
            [
              -81.49419999999999,
              31.1138
            ],
            [
              -81.49419999999999,
              31.113400000000002
            ],
            [
              -81.49399999999999,
              31.113400000000002
            ],
            [
              -81.49399999999999,
              31.1132
            ],
            [
              -81.49349999999998,
              31.1132
            ],
            [
              -81.49349999999998,
              31.1131
            ],
            [
              -81.49319999999999,
              31.1131
            ],
            [
              -81.49319999999999,
              31.113500000000002
            ],
            [
              -81.49309999999998,
              31.113500000000002
            ],
            [
              -81.49309999999998,
              31.1138
            ],
            [
              -81.4934,
              31.1138
            ],
            [
              -81.4934,
              31.114
            ],
            [
              -81.4938,
              31.114
            ],
            [
              -81.4938,
              31.1141
            ],
            [
              -81.49449999999999,
              31.1141
            ]
          ],
          [
            [
              -81.4938,
              31.1137
            ],
            [
              -81.4934,
              31.1137
            ],
            [
              -81.4934,
              31.113500000000002
            ],
            [
              -81.49369999999999,
              31.113500000000002
            ],
            [
              -81.49369999999999,
              31.1136
            ],
            [
              -81.4938,
              31.1136
            ],
            [
              -81.4938,
              31.1137
            ]
          ]
        ]
      },
      "properties": {
        "candidate_id": "CS_0044",
        "numeric_id": 44,
        "raw_component_id": 1034,
        "pixel_count": 84,
        "area_km2": 0.0089,
        "perimeter_km": 0.504,
        "centroid_lon": -81.49376,
        "centroid_lat": 31.11364,
        "bounding_box": [
          -81.49445,
          31.11315,
          -81.49315,
          31.11405
        ],
        "length_km": 0.154,
        "width_km": 0.09,
        "aspect_ratio": 1.7,
        "orientation_deg": -52.6,
        "mean_sigma0_db": -24.38,
        "min_sigma0_db": -27.85,
        "mean_contrast_db": 7.3,
        "max_contrast_db": 11.15,
        "candidate_score": 0.618,
        "heuristic_confidence": 0.618,
        "rejection_reasons": [
          "AREA_TOO_SMALL"
        ],
        "status": "REJECTED"
      }
    },
    {
      "type": "Feature",
      "id": "CS_0045",
      "geometry": {
        "type": "Polygon",
        "coordinates": [
          [
            [
              -81.4058,
              31.1136
            ],
            [
              -81.4058,
              31.1128
            ],
            [
              -81.4057,
              31.1128
            ],
            [
              -81.4057,
              31.1125
            ],
            [
              -81.40559999999999,
              31.1125
            ],
            [
              -81.40559999999999,
              31.1123
            ],
            [
              -81.4058,
              31.1123
            ],
            [
              -81.4058,
              31.1125
            ],
            [
              -81.4061,
              31.1125
            ],
            [
              -81.4061,
              31.111800000000002
            ],
            [
              -81.40589999999999,
              31.111800000000002
            ],
            [
              -81.40589999999999,
              31.111400000000003
            ],
            [
              -81.4057,
              31.111400000000003
            ],
            [
              -81.4057,
              31.1112
            ],
            [
              -81.40559999999999,
              31.1112
            ],
            [
              -81.40559999999999,
              31.1111
            ],
            [
              -81.4052,
              31.1111
            ],
            [
              -81.4052,
              31.1113
            ],
            [
              -81.4048,
              31.1113
            ],
            [
              -81.4048,
              31.111600000000003
            ],
            [
              -81.4049,
              31.111600000000003
            ],
            [
              -81.4049,
              31.111900000000002
            ],
            [
              -81.4052,
              31.111900000000002
            ],
            [
              -81.4052,
              31.1121
            ],
            [
              -81.40549999999999,
              31.1121
            ],
            [
              -81.40549999999999,
              31.1123
            ],
            [
              -81.405,
              31.1123
            ],
            [
              -81.405,
              31.1125
            ],
            [
              -81.40469999999999,
              31.1125
            ],
            [
              -81.40469999999999,
              31.1128
            ],
            [
              -81.40509999999999,
              31.1128
            ],
            [
              -81.40509999999999,
              31.1126
            ],
            [
              -81.4054,
              31.1126
            ],
            [
              -81.4054,
              31.113200000000003
            ],
            [
              -81.40549999999999,
              31.113200000000003
            ],
            [
              -81.40549999999999,
              31.1136
            ],
            [
              -81.4058,
              31.1136
            ]
          ],
          [
            [
              -81.4054,
              31.111700000000003
            ],
            [
              -81.4053,
              31.111700000000003
            ],
            [
              -81.4053,
              31.111500000000003
            ],
            [
              -81.40549999999999,
              31.111500000000003
            ],
            [
              -81.40549999999999,
              31.111600000000003
            ],
            [
              -81.4054,
              31.111600000000003
            ],
            [
              -81.4054,
              31.111700000000003
            ]
          ]
        ]
      },
      "properties": {
        "candidate_id": "CS_0045",
        "numeric_id": 45,
        "raw_component_id": 1040,
        "pixel_count": 169,
        "area_km2": 0.0179,
        "perimeter_km": 0.936,
        "centroid_lon": -81.40547,
        "centroid_lat": 31.11216,
        "bounding_box": [
          -81.40605,
          31.11115,
          -81.40475,
          31.11355
        ],
        "length_km": 0.278,
        "width_km": 0.122,
        "aspect_ratio": 2.29,
        "orientation_deg": -4.7,
        "mean_sigma0_db": -24.47,
        "min_sigma0_db": -28.65,
        "mean_contrast_db": 6.27,
        "max_contrast_db": 9.87,
        "candidate_score": 0.573,
        "heuristic_confidence": 0.573,
        "rejection_reasons": [
          "AREA_TOO_SMALL"
        ],
        "status": "REJECTED"
      }
    },
    {
      "type": "Feature",
      "id": "CS_0046",
      "geometry": {
        "type": "Polygon",
        "coordinates": [
          [
            [
              -81.4216,
              31.1129
            ],
            [
              -81.4216,
              31.1128
            ],
            [
              -81.42179999999999,
              31.1128
            ],
            [
              -81.42179999999999,
              31.1125
            ],
            [
              -81.4219,
              31.1125
            ],
            [
              -81.4219,
              31.1122
            ],
            [
              -81.4217,
              31.1122
            ],
            [
              -81.4217,
              31.112099999999998
            ],
            [
              -81.42179999999999,
              31.112099999999998
            ],
            [
              -81.42179999999999,
              31.1117
            ],
            [
              -81.42219999999999,
              31.1117
            ],
            [
              -81.42219999999999,
              31.1116
            ],
            [
              -81.4224,
              31.1116
            ],
            [
              -81.4224,
              31.1113
            ],
            [
              -81.4221,
              31.1113
            ],
            [
              -81.4221,
              31.1114
            ],
            [
              -81.4217,
              31.1114
            ],
            [
              -81.4217,
              31.1112
            ],
            [
              -81.4215,
              31.1112
            ],
            [
              -81.4215,
              31.1109
            ],
            [
              -81.4212,
              31.1109
            ],
            [
              -81.4212,
              31.1114
            ],
            [
              -81.4211,
              31.1114
            ],
            [
              -81.4211,
              31.1113
            ],
            [
              -81.42099999999999,
              31.1113
            ],
            [
              -81.42099999999999,
              31.1111
            ],
            [
              -81.4207,
              31.1111
            ],
            [
              -81.4207,
              31.111
            ],
            [
              -81.42009999999999,
              31.111
            ],
            [
              -81.42009999999999,
              31.1114
            ],
            [
              -81.4202,
              31.1114
            ],
            [
              -81.4202,
              31.1115
            ],
            [
              -81.4207,
              31.1115
            ],
            [
              -81.4207,
              31.1117
            ],
            [
              -81.4203,
              31.1117
            ],
            [
              -81.4203,
              31.1118
            ],
            [
              -81.4202,
              31.1118
            ],
            [
              -81.4202,
              31.1117
            ],
            [
              -81.4198,
              31.1117
            ],
            [
              -81.4198,
              31.112099999999998
            ],
            [
              -81.42009999999999,
              31.112099999999998
            ],
            [
              -81.42009999999999,
              31.1124
            ],
            [
              -81.4202,
              31.1124
            ],
            [
              -81.4202,
              31.1125
            ],
            [
              -81.4203,
              31.1125
            ],
            [
              -81.4203,
              31.1128
            ],
            [
              -81.4206,
              31.1128
            ],
            [
              -81.4206,
              31.1125
            ],
            [
              -81.4207,
              31.1125
            ],
            [
              -81.4207,
              31.1122
            ],
            [
              -81.4204,
              31.1122
            ],
            [
              -81.4204,
              31.112099999999998
            ],
            [
              -81.42049999999999,
              31.112099999999998
            ],
            [
              -81.42049999999999,
              31.112
            ],
            [
              -81.4208,
              31.112
            ],
            [
              -81.4208,
              31.1117
            ],
            [
              -81.4215,
              31.1117
            ],
            [
              -81.4215,
              31.1119
            ],
            [
              -81.4213,
              31.1119
            ],
            [
              -81.4213,
              31.112
            ],
            [
              -81.4212,
              31.112
            ],
            [
              -81.4212,
              31.1124
            ],
            [
              -81.4209,
              31.1124
            ],
            [
              -81.4209,
              31.1129
            ],
            [
              -81.4216,
              31.1129
            ]
          ]
        ]
      },
      "properties": {
        "candidate_id": "CS_0046",
        "numeric_id": 46,
        "raw_component_id": 1054,
        "pixel_count": 255,
        "area_km2": 0.027,
        "perimeter_km": 1.338,
        "centroid_lon": -81.42104,
        "centroid_lat": 31.11189,
        "bounding_box": [
          -81.42235,
          31.11095,
          -81.41985,
          31.11285
        ],
        "length_km": 0.237,
        "width_km": 0.232,
        "aspect_ratio": 1.02,
        "orientation_deg": -35.4,
        "mean_sigma0_db": -24.94,
        "min_sigma0_db": -29.92,
        "mean_contrast_db": 5.96,
        "max_contrast_db": 10.85,
        "candidate_score": 0.54,
        "heuristic_confidence": 0.54,
        "rejection_reasons": [
          "AREA_TOO_SMALL"
        ],
        "status": "REJECTED"
      }
    },
    {
      "type": "Feature",
      "id": "CS_0047",
      "geometry": {
        "type": "Polygon",
        "coordinates": [
          [
            [
              -81.4706,
              31.1128
            ],
            [
              -81.4706,
              31.1125
            ],
            [
              -81.4709,
              31.1125
            ],
            [
              -81.4709,
              31.1121
            ],
            [
              -81.4704,
              31.1121
            ],
            [
              -81.4704,
              31.1122
            ],
            [
              -81.4702,
              31.1122
            ],
            [
              -81.4702,
              31.1119
            ],
            [
              -81.4698,
              31.1119
            ],
            [
              -81.4698,
              31.112
            ],
            [
              -81.4697,
              31.112
            ],
            [
              -81.4697,
              31.1123
            ],
            [
              -81.4698,
              31.1123
            ],
            [
              -81.4698,
              31.1124
            ],
            [
              -81.4702,
              31.1124
            ],
            [
              -81.4702,
              31.1125
            ],
            [
              -81.4703,
              31.1125
            ],
            [
              -81.4703,
              31.1128
            ],
            [
              -81.4706,
              31.1128
            ]
          ]
        ]
      },
      "properties": {
        "candidate_id": "CS_0047",
        "numeric_id": 47,
        "raw_component_id": 1056,
        "pixel_count": 58,
        "area_km2": 0.0061,
        "perimeter_km": 0.381,
        "centroid_lon": -81.47031,
        "centroid_lat": 31.1123,
        "bounding_box": [
          -81.47085,
          31.11195,
          -81.46975,
          31.11275
        ],
        "length_km": 0.133,
        "width_km": 0.076,
        "aspect_ratio": 1.74,
        "orientation_deg": -63.2,
        "mean_sigma0_db": -24.55,
        "min_sigma0_db": -26.84,
        "mean_contrast_db": 5.49,
        "max_contrast_db": 7.42,
        "candidate_score": 0.503,
        "heuristic_confidence": 0.503,
        "rejection_reasons": [
          "AREA_TOO_SMALL"
        ],
        "status": "REJECTED"
      }
    },
    {
      "type": "Feature",
      "id": "CS_0048",
      "geometry": {
        "type": "Polygon",
        "coordinates": [
          [
            [
              -81.4639,
              31.1114
            ],
            [
              -81.4639,
              31.111
            ],
            [
              -81.4635,
              31.111
            ],
            [
              -81.4635,
              31.1109
            ],
            [
              -81.46369999999999,
              31.1109
            ],
            [
              -81.46369999999999,
              31.1103
            ],
            [
              -81.4634,
              31.1103
            ],
            [
              -81.4634,
              31.110599999999998
            ],
            [
              -81.46329999999999,
              31.110599999999998
            ],
            [
              -81.46329999999999,
              31.1109
            ],
            [
              -81.4631,
              31.1109
            ],
            [
              -81.4631,
              31.1113
            ],
            [
              -81.4634,
              31.1113
            ],
            [
              -81.4634,
              31.1114
            ],
            [
              -81.4639,
              31.1114
            ]
          ]
        ]
      },
      "properties": {
        "candidate_id": "CS_0048",
        "numeric_id": 48,
        "raw_component_id": 1075,
        "pixel_count": 54,
        "area_km2": 0.0057,
        "perimeter_km": 0.37,
        "centroid_lon": -81.46351,
        "centroid_lat": 31.11095,
        "bounding_box": [
          -81.46385,
          31.11035,
          -81.46315,
          31.11135
        ],
        "length_km": 0.132,
        "width_km": 0.072,
        "aspect_ratio": 1.85,
        "orientation_deg": -1.1,
        "mean_sigma0_db": -23.92,
        "min_sigma0_db": -26.22,
        "mean_contrast_db": 5.91,
        "max_contrast_db": 8.28,
        "candidate_score": 0.52,
        "heuristic_confidence": 0.52,
        "rejection_reasons": [
          "AREA_TOO_SMALL"
        ],
        "status": "REJECTED"
      }
    },
    {
      "type": "Feature",
      "id": "CS_0049",
      "geometry": {
        "type": "Polygon",
        "coordinates": [
          [
            [
              -81.48179999999999,
              31.1108
            ],
            [
              -81.48179999999999,
              31.1107
            ],
            [
              -81.48199999999999,
              31.1107
            ],
            [
              -81.48199999999999,
              31.1106
            ],
            [
              -81.48219999999999,
              31.1106
            ],
            [
              -81.48219999999999,
              31.110500000000002
            ],
            [
              -81.48239999999998,
              31.110500000000002
            ],
            [
              -81.48239999999998,
              31.110100000000003
            ],
            [
              -81.48249999999999,
              31.110100000000003
            ],
            [
              -81.48249999999999,
              31.1098
            ],
            [
              -81.48219999999999,
              31.1098
            ],
            [
              -81.48219999999999,
              31.1099
            ],
            [
              -81.48209999999999,
              31.1099
            ],
            [
              -81.48209999999999,
              31.110100000000003
            ],
            [
              -81.48179999999999,
              31.110100000000003
            ],
            [
              -81.48179999999999,
              31.110300000000002
            ],
            [
              -81.48169999999999,
              31.110300000000002
            ],
            [
              -81.48169999999999,
              31.110400000000002
            ],
            [
              -81.48149999999998,
              31.110400000000002
            ],
            [
              -81.48149999999998,
              31.1108
            ],
            [
              -81.48179999999999,
              31.1108
            ]
          ]
        ]
      },
      "properties": {
        "candidate_id": "CS_0049",
        "numeric_id": 49,
        "raw_component_id": 1090,
        "pixel_count": 54,
        "area_km2": 0.0057,
        "perimeter_km": 0.329,
        "centroid_lon": -81.48202,
        "centroid_lat": 31.11033,
        "bounding_box": [
          -81.48245,
          31.10985,
          -81.48155,
          31.11075
        ],
        "length_km": 0.139,
        "width_km": 0.056,
        "aspect_ratio": 2.5,
        "orientation_deg": 41.5,
        "mean_sigma0_db": -24.99,
        "min_sigma0_db": -27.86,
        "mean_contrast_db": 6.03,
        "max_contrast_db": 8.81,
        "candidate_score": 0.573,
        "heuristic_confidence": 0.573,
        "rejection_reasons": [
          "AREA_TOO_SMALL"
        ],
        "status": "REJECTED"
      }
    },
    {
      "type": "Feature",
      "id": "CS_0050",
      "geometry": {
        "type": "Polygon",
        "coordinates": [
          [
            [
              -81.40409999999999,
              31.1108
            ],
            [
              -81.40409999999999,
              31.1107
            ],
            [
              -81.40459999999999,
              31.1107
            ],
            [
              -81.40459999999999,
              31.110200000000003
            ],
            [
              -81.40449999999998,
              31.110200000000003
            ],
            [
              -81.40449999999998,
              31.1098
            ],
            [
              -81.40439999999998,
              31.1098
            ],
            [
              -81.40439999999998,
              31.1097
            ],
            [
              -81.40429999999999,
              31.1097
            ],
            [
              -81.40429999999999,
              31.1095
            ],
            [
              -81.40439999999998,
              31.1095
            ],
            [
              -81.40439999999998,
              31.1092
            ],
            [
              -81.40449999999998,
              31.1092
            ],
            [
              -81.40449999999998,
              31.108900000000002
            ],
            [
              -81.40399999999998,
              31.108900000000002
            ],
            [
              -81.40399999999998,
              31.1091
            ],
            [
              -81.40379999999999,
              31.1091
            ],
            [
              -81.40379999999999,
              31.109
            ],
            [
              -81.4039,
              31.109
            ],
            [
              -81.4039,
              31.108600000000003
            ],
            [
              -81.4035,
              31.108600000000003
            ],
            [
              -81.4035,
              31.108900000000002
            ],
            [
              -81.40339999999999,
              31.108900000000002
            ],
            [
              -81.40339999999999,
              31.1093
            ],
            [
              -81.4035,
              31.1093
            ],
            [
              -81.4035,
              31.1094
            ],
            [
              -81.40359999999998,
              31.1094
            ],
            [
              -81.40359999999998,
              31.1096
            ],
            [
              -81.40379999999999,
              31.1096
            ],
            [
              -81.40379999999999,
              31.1097
            ],
            [
              -81.40409999999999,
              31.1097
            ],
            [
              -81.40409999999999,
              31.110100000000003
            ],
            [
              -81.40419999999999,
              31.110100000000003
            ],
            [
              -81.40419999999999,
              31.110200000000003
            ],
            [
              -81.40409999999999,
              31.110200000000003
            ],
            [
              -81.40409999999999,
              31.110500000000002
            ],
            [
              -81.40379999999999,
              31.110500000000002
            ],
            [
              -81.40379999999999,
              31.1108
            ],
            [
              -81.40409999999999,
              31.1108
            ]
          ]
        ]
      },
      "properties": {
        "candidate_id": "CS_0050",
        "numeric_id": 50,
        "raw_component_id": 1092,
        "pixel_count": 133,
        "area_km2": 0.0141,
        "perimeter_km": 0.7,
        "centroid_lon": -81.40405,
        "centroid_lat": 31.10963,
        "bounding_box": [
          -81.40455,
          31.10865,
          -81.40345,
          31.11075
        ],
        "length_km": 0.283,
        "width_km": 0.095,
        "aspect_ratio": 2.98,
        "orientation_deg": -14.0,
        "mean_sigma0_db": -25.2,
        "min_sigma0_db": -30.89,
        "mean_contrast_db": 5.79,
        "max_contrast_db": 11.67,
        "candidate_score": 0.568,
        "heuristic_confidence": 0.568,
        "rejection_reasons": [
          "AREA_TOO_SMALL"
        ],
        "status": "REJECTED"
      }
    },
    {
      "type": "Feature",
      "id": "CS_0051",
      "geometry": {
        "type": "Polygon",
        "coordinates": [
          [
            [
              -81.42299999999999,
              31.110500000000002
            ],
            [
              -81.42299999999999,
              31.110100000000003
            ],
            [
              -81.4229,
              31.110100000000003
            ],
            [
              -81.4229,
              31.109900000000003
            ],
            [
              -81.42259999999999,
              31.109900000000003
            ],
            [
              -81.42259999999999,
              31.1097
            ],
            [
              -81.4229,
              31.1097
            ],
            [
              -81.4229,
              31.109800000000003
            ],
            [
              -81.4232,
              31.109800000000003
            ],
            [
              -81.4232,
              31.1093
            ],
            [
              -81.42309999999999,
              31.1093
            ],
            [
              -81.42309999999999,
              31.1091
            ],
            [
              -81.4232,
              31.1091
            ],
            [
              -81.4232,
              31.109
            ],
            [
              -81.4233,
              31.109
            ],
            [
              -81.4233,
              31.108600000000003
            ],
            [
              -81.4232,
              31.108600000000003
            ],
            [
              -81.4232,
              31.108500000000003
            ],
            [
              -81.42349999999999,
              31.108500000000003
            ],
            [
              -81.42349999999999,
              31.1082
            ],
            [
              -81.4236,
              31.1082
            ],
            [
              -81.4236,
              31.107100000000003
            ],
            [
              -81.4233,
              31.107100000000003
            ],
            [
              -81.4233,
              31.1075
            ],
            [
              -81.42309999999999,
              31.1075
            ],
            [
              -81.42309999999999,
              31.108
            ],
            [
              -81.4232,
              31.108
            ],
            [
              -81.4232,
              31.1081
            ],
            [
              -81.4229,
              31.1081
            ],
            [
              -81.4229,
              31.108300000000003
            ],
            [
              -81.4228,
              31.108300000000003
            ],
            [
              -81.4228,
              31.108600000000003
            ],
            [
              -81.42259999999999,
              31.108600000000003
            ],
            [
              -81.42259999999999,
              31.109
            ],
            [
              -81.42229999999999,
              31.109
            ],
            [
              -81.42229999999999,
              31.1096
            ],
            [
              -81.4224,
              31.1096
            ],
            [
              -81.4224,
              31.1097
            ],
            [
              -81.42229999999999,
              31.1097
            ],
            [
              -81.42229999999999,
              31.109800000000003
            ],
            [
              -81.42219999999999,
              31.109800000000003
            ],
            [
              -81.42219999999999,
              31.1097
            ],
            [
              -81.42169999999999,
              31.1097
            ],
            [
              -81.42169999999999,
              31.110000000000003
            ],
            [
              -81.422,
              31.110000000000003
            ],
            [
              -81.422,
              31.110100000000003
            ],
            [
              -81.4225,
              31.110100000000003
            ],
            [
              -81.4225,
              31.110300000000002
            ],
            [
              -81.42269999999999,
              31.110300000000002
            ],
            [
              -81.42269999999999,
              31.110500000000002
            ],
            [
              -81.42299999999999,
              31.110500000000002
            ]
          ],
          [
            [
              -81.4228,
              31.1092
            ],
            [
              -81.42269999999999,
              31.1092
            ],
            [
              -81.42269999999999,
              31.1091
            ],
            [
              -81.42259999999999,
              31.1091
            ],
            [
              -81.42259999999999,
              31.109
            ],
            [
              -81.4228,
              31.109
            ],
            [
              -81.4228,
              31.1092
            ]
          ]
        ]
      },
      "properties": {
        "candidate_id": "CS_0051",
        "numeric_id": 51,
        "raw_component_id": 1098,
        "pixel_count": 214,
        "area_km2": 0.0227,
        "perimeter_km": 1.091,
        "centroid_lon": -81.42288,
        "centroid_lat": 31.10898,
        "bounding_box": [
          -81.42355,
          31.10715,
          -81.42175,
          31.11045
        ],
        "length_km": 0.408,
        "width_km": 0.104,
        "aspect_ratio": 3.91,
        "orientation_deg": 18.6,
        "mean_sigma0_db": -24.81,
        "min_sigma0_db": -28.26,
        "mean_contrast_db": 5.3,
        "max_contrast_db": 8.77,
        "candidate_score": 0.533,
        "heuristic_confidence": 0.533,
        "rejection_reasons": [
          "AREA_TOO_SMALL"
        ],
        "status": "REJECTED"
      }
    },
    {
      "type": "Feature",
      "id": "CS_0052",
      "geometry": {
        "type": "Polygon",
        "coordinates": [
          [
            [
              -81.463,
              31.1101
            ],
            [
              -81.463,
              31.1097
            ],
            [
              -81.46319999999999,
              31.1097
            ],
            [
              -81.46319999999999,
              31.1096
            ],
            [
              -81.4634,
              31.1096
            ],
            [
              -81.4634,
              31.109299999999998
            ],
            [
              -81.463,
              31.109299999999998
            ],
            [
              -81.463,
              31.1094
            ],
            [
              -81.46279999999999,
              31.1094
            ],
            [
              -81.46279999999999,
              31.1095
            ],
            [
              -81.4626,
              31.1095
            ],
            [
              -81.4626,
              31.1096
            ],
            [
              -81.4622,
              31.1096
            ],
            [
              -81.4622,
              31.11
            ],
            [
              -81.4627,
              31.11
            ],
            [
              -81.4627,
              31.1101
            ],
            [
              -81.463,
              31.1101
            ]
          ]
        ]
      },
      "properties": {
        "candidate_id": "CS_0052",
        "numeric_id": 52,
        "raw_component_id": 1104,
        "pixel_count": 55,
        "area_km2": 0.0058,
        "perimeter_km": 0.35,
        "centroid_lon": -81.46279,
        "centroid_lat": 31.1097,
        "bounding_box": [
          -81.46335,
          31.10935,
          -81.46225,
          31.11005
        ],
        "length_km": 0.132,
        "width_km": 0.065,
        "aspect_ratio": 2.02,
        "orientation_deg": 59.4,
        "mean_sigma0_db": -24.91,
        "min_sigma0_db": -27.17,
        "mean_contrast_db": 5.86,
        "max_contrast_db": 8.46,
        "candidate_score": 0.549,
        "heuristic_confidence": 0.549,
        "rejection_reasons": [
          "AREA_TOO_SMALL"
        ],
        "status": "REJECTED"
      }
    },
    {
      "type": "Feature",
      "id": "CS_0053",
      "geometry": {
        "type": "Polygon",
        "coordinates": [
          [
            [
              -81.47959999999999,
              31.1086
            ],
            [
              -81.47959999999999,
              31.1083
            ],
            [
              -81.47949999999999,
              31.1083
            ],
            [
              -81.47949999999999,
              31.1082
            ],
            [
              -81.47959999999999,
              31.1082
            ],
            [
              -81.47959999999999,
              31.1079
            ],
            [
              -81.47949999999999,
              31.1079
            ],
            [
              -81.47949999999999,
              31.107799999999997
            ],
            [
              -81.47939999999998,
              31.107799999999997
            ],
            [
              -81.47939999999998,
              31.107699999999998
            ],
            [
              -81.47879999999999,
              31.107699999999998
            ],
            [
              -81.47879999999999,
              31.1081
            ],
            [
              -81.4789,
              31.1081
            ],
            [
              -81.4789,
              31.1082
            ],
            [
              -81.47919999999999,
              31.1082
            ],
            [
              -81.47919999999999,
              31.1083
            ],
            [
              -81.47909999999999,
              31.1083
            ],
            [
              -81.47909999999999,
              31.1086
            ],
            [
              -81.47959999999999,
              31.1086
            ]
          ]
        ]
      },
      "properties": {
        "candidate_id": "CS_0053",
        "numeric_id": 53,
        "raw_component_id": 1128,
        "pixel_count": 54,
        "area_km2": 0.0057,
        "perimeter_km": 0.319,
        "centroid_lon": -81.47924,
        "centroid_lat": 31.10811,
        "bounding_box": [
          -81.47955,
          31.10775,
          -81.47885,
          31.10855
        ],
        "length_km": 0.119,
        "width_km": 0.068,
        "aspect_ratio": 1.76,
        "orientation_deg": -24.6,
        "mean_sigma0_db": -24.22,
        "min_sigma0_db": -25.63,
        "mean_contrast_db": 4.55,
        "max_contrast_db": 5.85,
        "candidate_score": 0.419,
        "heuristic_confidence": 0.419,
        "rejection_reasons": [
          "AREA_TOO_SMALL"
        ],
        "status": "REJECTED"
      }
    },
    {
      "type": "Feature",
      "id": "CS_0054",
      "geometry": {
        "type": "Polygon",
        "coordinates": [
          [
            [
              -81.42229999999999,
              31.108
            ],
            [
              -81.42229999999999,
              31.1077
            ],
            [
              -81.4222,
              31.1077
            ],
            [
              -81.4222,
              31.1076
            ],
            [
              -81.4221,
              31.1076
            ],
            [
              -81.4221,
              31.1075
            ],
            [
              -81.4222,
              31.1075
            ],
            [
              -81.4222,
              31.1071
            ],
            [
              -81.4226,
              31.1071
            ],
            [
              -81.4226,
              31.1072
            ],
            [
              -81.4225,
              31.1072
            ],
            [
              -81.4225,
              31.1075
            ],
            [
              -81.4228,
              31.1075
            ],
            [
              -81.4228,
              31.107400000000002
            ],
            [
              -81.4229,
              31.107400000000002
            ],
            [
              -81.4229,
              31.107300000000002
            ],
            [
              -81.423,
              31.107300000000002
            ],
            [
              -81.423,
              31.1072
            ],
            [
              -81.4232,
              31.1072
            ],
            [
              -81.4232,
              31.107
            ],
            [
              -81.4233,
              31.107
            ],
            [
              -81.4233,
              31.1069
            ],
            [
              -81.4235,
              31.1069
            ],
            [
              -81.4235,
              31.107
            ],
            [
              -81.4238,
              31.107
            ],
            [
              -81.4238,
              31.107400000000002
            ],
            [
              -81.4243,
              31.107400000000002
            ],
            [
              -81.4243,
              31.1072
            ],
            [
              -81.42439999999999,
              31.1072
            ],
            [
              -81.42439999999999,
              31.1066
            ],
            [
              -81.4246,
              31.1066
            ],
            [
              -81.4246,
              31.1064
            ],
            [
              -81.425,
              31.1064
            ],
            [
              -81.425,
              31.1061
            ],
            [
              -81.4246,
              31.1061
            ],
            [
              -81.4246,
              31.1063
            ],
            [
              -81.4242,
              31.1063
            ],
            [
              -81.4242,
              31.105800000000002
            ],
            [
              -81.4237,
              31.105800000000002
            ],
            [
              -81.4237,
              31.106
            ],
            [
              -81.4236,
              31.106
            ],
            [
              -81.4236,
              31.1061
            ],
            [
              -81.4235,
              31.1061
            ],
            [
              -81.4235,
              31.105900000000002
            ],
            [
              -81.4236,
              31.105900000000002
            ],
            [
              -81.4236,
              31.1056
            ],
            [
              -81.4233,
              31.1056
            ],
            [
              -81.4233,
              31.1057
            ],
            [
              -81.42309999999999,
              31.1057
            ],
            [
              -81.42309999999999,
              31.105800000000002
            ],
            [
              -81.4229,
              31.105800000000002
            ],
            [
              -81.4229,
              31.1061
            ],
            [
              -81.4234,
              31.1061
            ],
            [
              -81.4234,
              31.1063
            ],
            [
              -81.42309999999999,
              31.1063
            ],
            [
              -81.42309999999999,
              31.1062
            ],
            [
              -81.4228,
              31.1062
            ],
            [
              -81.4228,
              31.1065
            ],
            [
              -81.42269999999999,
              31.1065
            ],
            [
              -81.42269999999999,
              31.1063
            ],
            [
              -81.4224,
              31.1063
            ],
            [
              -81.4224,
              31.1068
            ],
            [
              -81.42229999999999,
              31.1068
            ],
            [
              -81.42229999999999,
              31.1066
            ],
            [
              -81.422,
              31.1066
            ],
            [
              -81.422,
              31.107
            ],
            [
              -81.42179999999999,
              31.107
            ],
            [
              -81.42179999999999,
              31.1071
            ],
            [
              -81.4217,
              31.1071
            ],
            [
              -81.4217,
              31.1076
            ],
            [
              -81.4219,
              31.1076
            ],
            [
              -81.4219,
              31.1079
            ],
            [
              -81.422,
              31.1079
            ],
            [
              -81.422,
              31.108
            ],
            [
              -81.42229999999999,
              31.108
            ]
          ]
        ]
      },
      "properties": {
        "candidate_id": "CS_0054",
        "numeric_id": 54,
        "raw_component_id": 1136,
        "pixel_count": 322,
        "area_km2": 0.0341,
        "perimeter_km": 1.338,
        "centroid_lon": -81.42326,
        "centroid_lat": 31.1067,
        "bounding_box": [
          -81.42495,
          31.10565,
          -81.42175,
          31.10795
        ],
        "length_km": 0.335,
        "width_km": 0.179,
        "aspect_ratio": 1.87,
        "orientation_deg": 61.5,
        "mean_sigma0_db": -25.06,
        "min_sigma0_db": -29.05,
        "mean_contrast_db": 6.81,
        "max_contrast_db": 10.91,
        "candidate_score": 0.627,
        "heuristic_confidence": 0.627,
        "rejection_reasons": [
          "AREA_TOO_SMALL"
        ],
        "status": "REJECTED"
      }
    },
    {
      "type": "Feature",
      "id": "CS_0055",
      "geometry": {
        "type": "Polygon",
        "coordinates": [
          [
            [
              -81.40419999999999,
              31.1076
            ],
            [
              -81.40419999999999,
              31.107300000000002
            ],
            [
              -81.40399999999998,
              31.107300000000002
            ],
            [
              -81.40399999999998,
              31.107000000000003
            ],
            [
              -81.40379999999999,
              31.107000000000003
            ],
            [
              -81.40379999999999,
              31.1068
            ],
            [
              -81.40369999999999,
              31.1068
            ],
            [
              -81.40369999999999,
              31.1066
            ],
            [
              -81.40359999999998,
              31.1066
            ],
            [
              -81.40359999999998,
              31.1065
            ],
            [
              -81.40369999999999,
              31.1065
            ],
            [
              -81.40369999999999,
              31.1061
            ],
            [
              -81.40339999999999,
              31.1061
            ],
            [
              -81.40339999999999,
              31.1065
            ],
            [
              -81.40329999999999,
              31.1065
            ],
            [
              -81.40329999999999,
              31.1068
            ],
            [
              -81.40339999999999,
              31.1068
            ],
            [
              -81.40339999999999,
              31.106900000000003
            ],
            [
              -81.40319999999998,
              31.106900000000003
            ],
            [
              -81.40319999999998,
              31.1075
            ],
            [
              -81.4035,
              31.1075
            ],
            [
              -81.4035,
              31.107100000000003
            ],
            [
              -81.40359999999998,
              31.107100000000003
            ],
            [
              -81.40359999999998,
              31.1075
            ],
            [
              -81.40379999999999,
              31.1075
            ],
            [
              -81.40379999999999,
              31.1076
            ],
            [
              -81.40419999999999,
              31.1076
            ]
          ]
        ]
      },
      "properties": {
        "candidate_id": "CS_0055",
        "numeric_id": 55,
        "raw_component_id": 1142,
        "pixel_count": 77,
        "area_km2": 0.0082,
        "perimeter_km": 0.494,
        "centroid_lon": -81.40362,
        "centroid_lat": 31.10699,
        "bounding_box": [
          -81.40415,
          31.10615,
          -81.40325,
          31.10755
        ],
        "length_km": 0.181,
        "width_km": 0.083,
        "aspect_ratio": 2.17,
        "orientation_deg": -13.4,
        "mean_sigma0_db": -24.73,
        "min_sigma0_db": -27.54,
        "mean_contrast_db": 5.36,
        "max_contrast_db": 8.12,
        "candidate_score": 0.506,
        "heuristic_confidence": 0.506,
        "rejection_reasons": [
          "AREA_TOO_SMALL"
        ],
        "status": "REJECTED"
      }
    },
    {
      "type": "Feature",
      "id": "CS_0056",
      "geometry": {
        "type": "Polygon",
        "coordinates": [
          [
            [
              -81.47919999999999,
              31.1072
            ],
            [
              -81.47919999999999,
              31.1068
            ],
            [
              -81.47909999999999,
              31.1068
            ],
            [
              -81.47909999999999,
              31.1067
            ],
            [
              -81.47899999999998,
              31.1067
            ],
            [
              -81.47899999999998,
              31.1066
            ],
            [
              -81.4785,
              31.1066
            ],
            [
              -81.4785,
              31.106299999999997
            ],
            [
              -81.47859999999999,
              31.106299999999997
            ],
            [
              -81.47859999999999,
              31.105999999999998
            ],
            [
              -81.47869999999999,
              31.105999999999998
            ],
            [
              -81.47869999999999,
              31.1056
            ],
            [
              -81.47829999999999,
              31.1056
            ],
            [
              -81.47829999999999,
              31.1055
            ],
            [
              -81.4784,
              31.1055
            ],
            [
              -81.4784,
              31.1052
            ],
            [
              -81.47829999999999,
              31.1052
            ],
            [
              -81.47829999999999,
              31.1051
            ],
            [
              -81.47869999999999,
              31.1051
            ],
            [
              -81.47869999999999,
              31.104799999999997
            ],
            [
              -81.47829999999999,
              31.104799999999997
            ],
            [
              -81.47829999999999,
              31.105
            ],
            [
              -81.47789999999999,
              31.105
            ],
            [
              -81.47789999999999,
              31.1054
            ],
            [
              -81.478,
              31.1054
            ],
            [
              -81.478,
              31.1058
            ],
            [
              -81.4781,
              31.1058
            ],
            [
              -81.4781,
              31.1059
            ],
            [
              -81.47819999999999,
              31.1059
            ],
            [
              -81.47819999999999,
              31.106199999999998
            ],
            [
              -81.4781,
              31.106199999999998
            ],
            [
              -81.4781,
              31.1065
            ],
            [
              -81.47819999999999,
              31.1065
            ],
            [
              -81.47819999999999,
              31.1068
            ],
            [
              -81.4785,
              31.1068
            ],
            [
              -81.4785,
              31.1069
            ],
            [
              -81.47879999999999,
              31.1069
            ],
            [
              -81.47879999999999,
              31.107
            ],
            [
              -81.4789,
              31.107
            ],
            [
              -81.4789,
              31.1072
            ],
            [
              -81.47919999999999,
              31.1072
            ]
          ]
        ]
      },
      "properties": {
        "candidate_id": "CS_0056",
        "numeric_id": 56,
        "raw_component_id": 1143,
        "pixel_count": 120,
        "area_km2": 0.0127,
        "perimeter_km": 0.741,
        "centroid_lon": -81.47845,
        "centroid_lat": 31.106,
        "bounding_box": [
          -81.47915,
          31.10485,
          -81.47795,
          31.10715
        ],
        "length_km": 0.31,
        "width_km": 0.088,
        "aspect_ratio": 3.53,
        "orientation_deg": -14.5,
        "mean_sigma0_db": -24.63,
        "min_sigma0_db": -27.86,
        "mean_contrast_db": 5.77,
        "max_contrast_db": 9.02,
        "candidate_score": 0.559,
        "heuristic_confidence": 0.559,
        "rejection_reasons": [
          "AREA_TOO_SMALL"
        ],
        "status": "REJECTED"
      }
    },
    {
      "type": "Feature",
      "id": "CS_0057",
      "geometry": {
        "type": "Polygon",
        "coordinates": [
          [
            [
              -81.4249,
              31.106
            ],
            [
              -81.4249,
              31.105600000000003
            ],
            [
              -81.42479999999999,
              31.105600000000003
            ],
            [
              -81.42479999999999,
              31.105500000000003
            ],
            [
              -81.4249,
              31.105500000000003
            ],
            [
              -81.4249,
              31.105400000000003
            ],
            [
              -81.425,
              31.105400000000003
            ],
            [
              -81.425,
              31.1049
            ],
            [
              -81.4246,
              31.1049
            ],
            [
              -81.4246,
              31.105
            ],
            [
              -81.4245,
              31.105
            ],
            [
              -81.4245,
              31.1051
            ],
            [
              -81.42439999999999,
              31.1051
            ],
            [
              -81.42439999999999,
              31.1052
            ],
            [
              -81.4243,
              31.1052
            ],
            [
              -81.4243,
              31.105700000000002
            ],
            [
              -81.4245,
              31.105700000000002
            ],
            [
              -81.4245,
              31.106
            ],
            [
              -81.4249,
              31.106
            ]
          ]
        ]
      },
      "properties": {
        "candidate_id": "CS_0057",
        "numeric_id": 57,
        "raw_component_id": 1153,
        "pixel_count": 58,
        "area_km2": 0.0061,
        "perimeter_km": 0.319,
        "centroid_lon": -81.42467,
        "centroid_lat": 31.10543,
        "bounding_box": [
          -81.42495,
          31.10495,
          -81.42435,
          31.10595
        ],
        "length_km": 0.13,
        "width_km": 0.065,
        "aspect_ratio": 2.01,
        "orientation_deg": 5.8,
        "mean_sigma0_db": -24.48,
        "min_sigma0_db": -28.25,
        "mean_contrast_db": 5.72,
        "max_contrast_db": 9.5,
        "candidate_score": 0.524,
        "heuristic_confidence": 0.524,
        "rejection_reasons": [
          "AREA_TOO_SMALL"
        ],
        "status": "REJECTED"
      }
    },
    {
      "type": "Feature",
      "id": "CS_0058",
      "geometry": {
        "type": "Polygon",
        "coordinates": [
          [
            [
              -81.4264,
              31.1058
            ],
            [
              -81.4264,
              31.1055
            ],
            [
              -81.4261,
              31.1055
            ],
            [
              -81.4261,
              31.1058
            ],
            [
              -81.4264,
              31.1058
            ]
          ]
        ]
      },
      "properties": {
        "candidate_id": "CS_0058",
        "numeric_id": 58,
        "raw_component_id": 1156,
        "pixel_count": 222,
        "area_km2": 0.0235,
        "perimeter_km": 1.07,
        "centroid_lon": -81.42541,
        "centroid_lat": 31.10451,
        "bounding_box": [
          -81.42635,
          31.10345,
          -81.42405,
          31.10575
        ],
        "length_km": 0.264,
        "width_km": 0.176,
        "aspect_ratio": 1.5,
        "orientation_deg": -30.2,
        "mean_sigma0_db": -25.19,
        "min_sigma0_db": -31.41,
        "mean_contrast_db": 6.3,
        "max_contrast_db": 12.84,
        "candidate_score": 0.583,
        "heuristic_confidence": 0.583,
        "rejection_reasons": [
          "AREA_TOO_SMALL"
        ],
        "status": "REJECTED"
      }
    },
    {
      "type": "Feature",
      "id": "CS_0059",
      "geometry": {
        "type": "Polygon",
        "coordinates": [
          [
            [
              -81.4024,
              31.1053
            ],
            [
              -81.4024,
              31.105
            ],
            [
              -81.40259999999999,
              31.105
            ],
            [
              -81.40259999999999,
              31.1049
            ],
            [
              -81.4027,
              31.1049
            ],
            [
              -81.4027,
              31.1048
            ],
            [
              -81.4031,
              31.1048
            ],
            [
              -81.4031,
              31.104499999999998
            ],
            [
              -81.40289999999999,
              31.104499999999998
            ],
            [
              -81.40289999999999,
              31.1044
            ],
            [
              -81.40299999999999,
              31.1044
            ],
            [
              -81.40299999999999,
              31.1042
            ],
            [
              -81.4031,
              31.1042
            ],
            [
              -81.4031,
              31.1039
            ],
            [
              -81.4027,
              31.1039
            ],
            [
              -81.4027,
              31.1041
            ],
            [
              -81.40259999999999,
              31.1041
            ],
            [
              -81.40259999999999,
              31.1046
            ],
            [
              -81.40249999999999,
              31.1046
            ],
            [
              -81.40249999999999,
              31.104499999999998
            ],
            [
              -81.4022,
              31.104499999999998
            ],
            [
              -81.4022,
              31.1044
            ],
            [
              -81.4018,
              31.1044
            ],
            [
              -81.4018,
              31.1047
            ],
            [
              -81.40209999999999,
              31.1047
            ],
            [
              -81.40209999999999,
              31.105
            ],
            [
              -81.402,
              31.105
            ],
            [
              -81.402,
              31.1053
            ],
            [
              -81.4024,
              31.1053
            ]
          ]
        ]
      },
      "properties": {
        "candidate_id": "CS_0059",
        "numeric_id": 59,
        "raw_component_id": 1162,
        "pixel_count": 86,
        "area_km2": 0.0091,
        "perimeter_km": 0.535,
        "centroid_lon": -81.40251,
        "centroid_lat": 31.10461,
        "bounding_box": [
          -81.40305,
          31.10395,
          -81.40185,
          31.10525
        ],
        "length_km": 0.177,
        "width_km": 0.095,
        "aspect_ratio": 1.86,
        "orientation_deg": 38.7,
        "mean_sigma0_db": -25.21,
        "min_sigma0_db": -28.65,
        "mean_contrast_db": 5.34,
        "max_contrast_db": 8.46,
        "candidate_score": 0.513,
        "heuristic_confidence": 0.513,
        "rejection_reasons": [
          "AREA_TOO_SMALL"
        ],
        "status": "REJECTED"
      }
    },
    {
      "type": "Feature",
      "id": "CS_0060",
      "geometry": {
        "type": "Polygon",
        "coordinates": [
          [
            [
              -81.4271,
              31.102800000000002
            ],
            [
              -81.4271,
              31.1021
            ],
            [
              -81.4267,
              31.1021
            ],
            [
              -81.4267,
              31.102500000000003
            ],
            [
              -81.4268,
              31.102500000000003
            ],
            [
              -81.4268,
              31.102800000000002
            ],
            [
              -81.4271,
              31.102800000000002
            ]
          ]
        ]
      },
      "properties": {
        "candidate_id": "CS_0060",
        "numeric_id": 60,
        "raw_component_id": 1187,
        "pixel_count": 261,
        "area_km2": 0.0276,
        "perimeter_km": 1.482,
        "centroid_lon": -81.42805,
        "centroid_lat": 31.10203,
        "bounding_box": [
          -81.42955,
          31.10095,
          -81.42675,
          31.10315
        ],
        "length_km": 0.272,
        "width_km": 0.224,
        "aspect_ratio": 1.21,
        "orientation_deg": 55.5,
        "mean_sigma0_db": -24.97,
        "min_sigma0_db": -29.04,
        "mean_contrast_db": 5.64,
        "max_contrast_db": 8.97,
        "candidate_score": 0.519,
        "heuristic_confidence": 0.519,
        "rejection_reasons": [
          "AREA_TOO_SMALL"
        ],
        "status": "REJECTED"
      }
    },
    {
      "type": "Feature",
      "id": "CS_0061",
      "geometry": {
        "type": "Polygon",
        "coordinates": [
          [
            [
              -81.4022,
              31.1029
            ],
            [
              -81.4022,
              31.102800000000002
            ],
            [
              -81.40239999999999,
              31.102800000000002
            ],
            [
              -81.40239999999999,
              31.102500000000003
            ],
            [
              -81.40249999999999,
              31.102500000000003
            ],
            [
              -81.40249999999999,
              31.102700000000002
            ],
            [
              -81.40289999999999,
              31.102700000000002
            ],
            [
              -81.40289999999999,
              31.102400000000003
            ],
            [
              -81.40259999999999,
              31.102400000000003
            ],
            [
              -81.40259999999999,
              31.102300000000003
            ],
            [
              -81.40269999999998,
              31.102300000000003
            ],
            [
              -81.40269999999998,
              31.102200000000003
            ],
            [
              -81.40289999999999,
              31.102200000000003
            ],
            [
              -81.40289999999999,
              31.1019
            ],
            [
              -81.40239999999999,
              31.1019
            ],
            [
              -81.40239999999999,
              31.102
            ],
            [
              -81.4022,
              31.102
            ],
            [
              -81.4022,
              31.1018
            ],
            [
              -81.40189999999998,
              31.1018
            ],
            [
              -81.40189999999998,
              31.102200000000003
            ],
            [
              -81.40199999999999,
              31.102200000000003
            ],
            [
              -81.40199999999999,
              31.102300000000003
            ],
            [
              -81.40229999999998,
              31.102300000000003
            ],
            [
              -81.40229999999998,
              31.102500000000003
            ],
            [
              -81.40189999999998,
              31.102500000000003
            ],
            [
              -81.40189999999998,
              31.102600000000002
            ],
            [
              -81.4018,
              31.102600000000002
            ],
            [
              -81.4018,
              31.1029
            ],
            [
              -81.4022,
              31.1029
            ]
          ]
        ]
      },
      "properties": {
        "candidate_id": "CS_0061",
        "numeric_id": 61,
        "raw_component_id": 1191,
        "pixel_count": 76,
        "area_km2": 0.008,
        "perimeter_km": 0.525,
        "centroid_lon": -81.40235,
        "centroid_lat": 31.10234,
        "bounding_box": [
          -81.40285,
          31.10185,
          -81.40185,
          31.10285
        ],
        "length_km": 0.136,
        "width_km": 0.108,
        "aspect_ratio": 1.26,
        "orientation_deg": 24.1,
        "mean_sigma0_db": -24.73,
        "min_sigma0_db": -27.2,
        "mean_contrast_db": 5.58,
        "max_contrast_db": 8.42,
        "candidate_score": 0.508,
        "heuristic_confidence": 0.508,
        "rejection_reasons": [
          "AREA_TOO_SMALL"
        ],
        "status": "REJECTED"
      }
    },
    {
      "type": "Feature",
      "id": "CS_0062",
      "geometry": {
        "type": "Polygon",
        "coordinates": [
          [
            [
              -81.47429999999999,
              31.1024
            ],
            [
              -81.47429999999999,
              31.1021
            ],
            [
              -81.47399999999999,
              31.1021
            ],
            [
              -81.47399999999999,
              31.102
            ],
            [
              -81.47439999999999,
              31.102
            ],
            [
              -81.47439999999999,
              31.1019
            ],
            [
              -81.47449999999999,
              31.1019
            ],
            [
              -81.47449999999999,
              31.1018
            ],
            [
              -81.4746,
              31.1018
            ],
            [
              -81.4746,
              31.102
            ],
            [
              -81.47489999999999,
              31.102
            ],
            [
              -81.47489999999999,
              31.1011
            ],
            [
              -81.4746,
              31.1011
            ],
            [
              -81.4746,
              31.101499999999998
            ],
            [
              -81.47449999999999,
              31.101499999999998
            ],
            [
              -81.47449999999999,
              31.101599999999998
            ],
            [
              -81.47409999999999,
              31.101599999999998
            ],
            [
              -81.47409999999999,
              31.1017
            ],
            [
              -81.4737,
              31.1017
            ],
            [
              -81.4737,
              31.101399999999998
            ],
            [
              -81.4734,
              31.101399999999998
            ],
            [
              -81.4734,
              31.1019
            ],
            [
              -81.47359999999999,
              31.1019
            ],
            [
              -81.47359999999999,
              31.102
            ],
            [
              -81.4733,
              31.102
            ],
            [
              -81.4733,
              31.1023
            ],
            [
              -81.47399999999999,
              31.1023
            ],
            [
              -81.47399999999999,
              31.1024
            ],
            [
              -81.47429999999999,
              31.1024
            ]
          ]
        ]
      },
      "properties": {
        "candidate_id": "CS_0062",
        "numeric_id": 62,
        "raw_component_id": 1194,
        "pixel_count": 103,
        "area_km2": 0.0109,
        "perimeter_km": 0.648,
        "centroid_lon": -81.47412,
        "centroid_lat": 31.10182,
        "bounding_box": [
          -81.47485,
          31.10115,
          -81.47335,
          31.10235
        ],
        "length_km": 0.197,
        "width_km": 0.108,
        "aspect_ratio": 1.82,
        "orientation_deg": 62.7,
        "mean_sigma0_db": -24.85,
        "min_sigma0_db": -28.23,
        "mean_contrast_db": 5.88,
        "max_contrast_db": 8.74,
        "candidate_score": 0.545,
        "heuristic_confidence": 0.545,
        "rejection_reasons": [
          "AREA_TOO_SMALL"
        ],
        "status": "REJECTED"
      }
    },
    {
      "type": "Feature",
      "id": "CS_0063",
      "geometry": {
        "type": "Polygon",
        "coordinates": [
          [
            [
              -81.47309999999999,
              31.1017
            ],
            [
              -81.47309999999999,
              31.1016
            ],
            [
              -81.47319999999999,
              31.1016
            ],
            [
              -81.47319999999999,
              31.101100000000002
            ],
            [
              -81.47309999999999,
              31.101100000000002
            ],
            [
              -81.47309999999999,
              31.1009
            ],
            [
              -81.4733,
              31.1009
            ],
            [
              -81.4733,
              31.1007
            ],
            [
              -81.47359999999999,
              31.1007
            ],
            [
              -81.47359999999999,
              31.1004
            ],
            [
              -81.47349999999999,
              31.1004
            ],
            [
              -81.47349999999999,
              31.1002
            ],
            [
              -81.47319999999999,
              31.1002
            ],
            [
              -81.47319999999999,
              31.1001
            ],
            [
              -81.47309999999999,
              31.1001
            ],
            [
              -81.47309999999999,
              31.1
            ],
            [
              -81.47259999999999,
              31.1
            ],
            [
              -81.47259999999999,
              31.0999
            ],
            [
              -81.47229999999999,
              31.0999
            ],
            [
              -81.47229999999999,
              31.1003
            ],
            [
              -81.47279999999999,
              31.1003
            ],
            [
              -81.47279999999999,
              31.1005
            ],
            [
              -81.47299999999998,
              31.1005
            ],
            [
              -81.47299999999998,
              31.1006
            ],
            [
              -81.4729,
              31.1006
            ],
            [
              -81.4729,
              31.1009
            ],
            [
              -81.4725,
              31.1009
            ],
            [
              -81.4725,
              31.101000000000003
            ],
            [
              -81.47229999999999,
              31.101000000000003
            ],
            [
              -81.47229999999999,
              31.101300000000002
            ],
            [
              -81.4725,
              31.101300000000002
            ],
            [
              -81.4725,
              31.1014
            ],
            [
              -81.47259999999999,
              31.1014
            ],
            [
              -81.47259999999999,
              31.1015
            ],
            [
              -81.47269999999999,
              31.1015
            ],
            [
              -81.47269999999999,
              31.1016
            ],
            [
              -81.47279999999999,
              31.1016
            ],
            [
              -81.47279999999999,
              31.1017
            ],
            [
              -81.47309999999999,
              31.1017
            ]
          ]
        ]
      },
      "properties": {
        "candidate_id": "CS_0063",
        "numeric_id": 63,
        "raw_component_id": 1207,
        "pixel_count": 121,
        "area_km2": 0.0128,
        "perimeter_km": 0.628,
        "centroid_lon": -81.47291,
        "centroid_lat": 31.10076,
        "bounding_box": [
          -81.47355,
          31.09995,
          -81.47235,
          31.10165
        ],
        "length_km": 0.222,
        "width_km": 0.116,
        "aspect_ratio": 1.9,
        "orientation_deg": 1.7,
        "mean_sigma0_db": -25.1,
        "min_sigma0_db": -29.44,
        "mean_contrast_db": 6.16,
        "max_contrast_db": 9.78,
        "candidate_score": 0.576,
        "heuristic_confidence": 0.576,
        "rejection_reasons": [
          "AREA_TOO_SMALL"
        ],
        "status": "REJECTED"
      }
    },
    {
      "type": "Feature",
      "id": "CS_0064",
      "geometry": {
        "type": "Polygon",
        "coordinates": [
          [
            [
              -81.4009,
              31.1016
            ],
            [
              -81.4009,
              31.1015
            ],
            [
              -81.401,
              31.1015
            ],
            [
              -81.401,
              31.101300000000002
            ],
            [
              -81.40119999999999,
              31.101300000000002
            ],
            [
              -81.40119999999999,
              31.1014
            ],
            [
              -81.4018,
              31.1014
            ],
            [
              -81.4018,
              31.101000000000003
            ],
            [
              -81.4015,
              31.101000000000003
            ],
            [
              -81.4015,
              31.100900000000003
            ],
            [
              -81.401,
              31.100900000000003
            ],
            [
              -81.401,
              31.101200000000002
            ],
            [
              -81.4009,
              31.101200000000002
            ],
            [
              -81.4009,
              31.101100000000002
            ],
            [
              -81.4006,
              31.101100000000002
            ],
            [
              -81.4006,
              31.1016
            ],
            [
              -81.4009,
              31.1016
            ]
          ]
        ]
      },
      "properties": {
        "candidate_id": "CS_0064",
        "numeric_id": 64,
        "raw_component_id": 1208,
        "pixel_count": 53,
        "area_km2": 0.0056,
        "perimeter_km": 0.37,
        "centroid_lon": -81.40119,
        "centroid_lat": 31.10122,
        "bounding_box": [
          -81.40175,
          31.10095,
          -81.40065,
          31.10155
        ],
        "length_km": 0.136,
        "width_km": 0.064,
        "aspect_ratio": 2.12,
        "orientation_deg": 74.7,
        "mean_sigma0_db": -25.01,
        "min_sigma0_db": -27.9,
        "mean_contrast_db": 4.94,
        "max_contrast_db": 7.37,
        "candidate_score": 0.48,
        "heuristic_confidence": 0.48,
        "rejection_reasons": [
          "AREA_TOO_SMALL"
        ],
        "status": "REJECTED"
      }
    },
    {
      "type": "Feature",
      "id": "CS_0065",
      "geometry": {
        "type": "Polygon",
        "coordinates": [
          [
            [
              -81.4315,
              31.100800000000003
            ],
            [
              -81.4315,
              31.1004
            ],
            [
              -81.4309,
              31.1004
            ],
            [
              -81.4309,
              31.100800000000003
            ],
            [
              -81.4315,
              31.100800000000003
            ]
          ]
        ]
      },
      "properties": {
        "candidate_id": "CS_0065",
        "numeric_id": 65,
        "raw_component_id": 1209,
        "pixel_count": 578,
        "area_km2": 0.0612,
        "perimeter_km": 2.891,
        "centroid_lon": -81.43059,
        "centroid_lat": 31.09978,
        "bounding_box": [
          -81.43315,
          31.09815,
          -81.42825,
          31.10145
        ],
        "length_km": 0.543,
        "width_km": 0.253,
        "aspect_ratio": 2.15,
        "orientation_deg": 50.5,
        "mean_sigma0_db": -25.08,
        "min_sigma0_db": -29.47,
        "mean_contrast_db": 5.81,
        "max_contrast_db": 11.34,
        "candidate_score": 0.565,
        "heuristic_confidence": 0.565,
        "rejection_reasons": [],
        "status": "ACCEPTED"
      }
    },
    {
      "type": "Feature",
      "id": "CS_0066",
      "geometry": {
        "type": "Polygon",
        "coordinates": [
          [
            [
              -81.47139999999999,
              31.1
            ],
            [
              -81.47139999999999,
              31.0999
            ],
            [
              -81.4716,
              31.0999
            ],
            [
              -81.4716,
              31.099300000000003
            ],
            [
              -81.47139999999999,
              31.099300000000003
            ],
            [
              -81.47139999999999,
              31.0992
            ],
            [
              -81.47149999999999,
              31.0992
            ],
            [
              -81.47149999999999,
              31.0989
            ],
            [
              -81.47099999999999,
              31.0989
            ],
            [
              -81.47099999999999,
              31.0988
            ],
            [
              -81.4705,
              31.0988
            ],
            [
              -81.4705,
              31.0987
            ],
            [
              -81.4704,
              31.0987
            ],
            [
              -81.4704,
              31.0985
            ],
            [
              -81.4705,
              31.0985
            ],
            [
              -81.4705,
              31.0984
            ],
            [
              -81.4707,
              31.0984
            ],
            [
              -81.4707,
              31.098000000000003
            ],
            [
              -81.4704,
              31.098000000000003
            ],
            [
              -81.4704,
              31.098200000000002
            ],
            [
              -81.4701,
              31.098200000000002
            ],
            [
              -81.4701,
              31.098300000000002
            ],
            [
              -81.46979999999999,
              31.098300000000002
            ],
            [
              -81.46979999999999,
              31.098100000000002
            ],
            [
              -81.4694,
              31.098100000000002
            ],
            [
              -81.4694,
              31.098000000000003
            ],
            [
              -81.4695,
              31.098000000000003
            ],
            [
              -81.4695,
              31.097900000000003
            ],
            [
              -81.4696,
              31.097900000000003
            ],
            [
              -81.4696,
              31.0976
            ],
            [
              -81.46929999999999,
              31.0976
            ],
            [
              -81.46929999999999,
              31.0977
            ],
            [
              -81.4691,
              31.0977
            ],
            [
              -81.4691,
              31.0973
            ],
            [
              -81.4688,
              31.0973
            ],
            [
              -81.4688,
              31.097800000000003
            ],
            [
              -81.469,
              31.097800000000003
            ],
            [
              -81.469,
              31.098000000000003
            ],
            [
              -81.4691,
              31.098000000000003
            ],
            [
              -81.4691,
              31.098300000000002
            ],
            [
              -81.4692,
              31.098300000000002
            ],
            [
              -81.4692,
              31.0984
            ],
            [
              -81.46929999999999,
              31.0984
            ],
            [
              -81.46929999999999,
              31.0987
            ],
            [
              -81.4691,
              31.0987
            ],
            [
              -81.4691,
              31.0991
            ],
            [
              -81.4694,
              31.0991
            ],
            [
              -81.4694,
              31.099
            ],
            [
              -81.4696,
              31.099
            ],
            [
              -81.4696,
              31.0989
            ],
            [
              -81.46969999999999,
              31.0989
            ],
            [
              -81.46969999999999,
              31.0991
            ],
            [
              -81.4696,
              31.0991
            ],
            [
              -81.4696,
              31.099400000000003
            ],
            [
              -81.47,
              31.099400000000003
            ],
            [
              -81.47,
              31.099
            ],
            [
              -81.4703,
              31.099
            ],
            [
              -81.4703,
              31.0991
            ],
            [
              -81.4704,
              31.0991
            ],
            [
              -81.4704,
              31.0992
            ],
            [
              -81.4703,
              31.0992
            ],
            [
              -81.4703,
              31.099500000000003
            ],
            [
              -81.47059999999999,
              31.099500000000003
            ],
            [
              -81.47059999999999,
              31.0992
            ],
            [
              -81.4708,
              31.0992
            ],
            [
              -81.4708,
              31.0991
            ],
            [
              -81.4709,
              31.0991
            ],
            [
              -81.4709,
              31.099300000000003
            ],
            [
              -81.47099999999999,
              31.099300000000003
            ],
            [
              -81.47099999999999,
              31.099500000000003
            ],
            [
              -81.4713,
              31.099500000000003
            ],
            [
              -81.4713,
              31.099600000000002
            ],
            [
              -81.47109999999999,
              31.099600000000002
            ],
            [
              -81.47109999999999,
              31.099700000000002
            ],
            [
              -81.47099999999999,
              31.099700000000002
            ],
            [
              -81.47099999999999,
              31.1
            ],
            [
              -81.47139999999999,
              31.1
            ]
          ]
        ]
      },
      "properties": {
        "candidate_id": "CS_0066",
        "numeric_id": 66,
        "raw_component_id": 1236,
        "pixel_count": 258,
        "area_km2": 0.0273,
        "perimeter_km": 1.307,
        "centroid_lon": -81.47015,
        "centroid_lat": 31.09874,
        "bounding_box": [
          -81.47155,
          31.09735,
          -81.46885,
          31.09995
        ],
        "length_km": 0.371,
        "width_km": 0.144,
        "aspect_ratio": 2.58,
        "orientation_deg": -48.4,
        "mean_sigma0_db": -24.59,
        "min_sigma0_db": -27.17,
        "mean_contrast_db": 5.33,
        "max_contrast_db": 8.07,
        "candidate_score": 0.506,
        "heuristic_confidence": 0.506,
        "rejection_reasons": [
          "AREA_TOO_SMALL"
        ],
        "status": "REJECTED"
      }
    },
    {
      "type": "Feature",
      "id": "CS_0067",
      "geometry": {
        "type": "Polygon",
        "coordinates": [
          [
            [
              -81.4019,
              31.0996
            ],
            [
              -81.4019,
              31.0995
            ],
            [
              -81.402,
              31.0995
            ],
            [
              -81.402,
              31.099
            ],
            [
              -81.4019,
              31.099
            ],
            [
              -81.4019,
              31.0989
            ],
            [
              -81.4012,
              31.0989
            ],
            [
              -81.4012,
              31.0994
            ],
            [
              -81.4013,
              31.0994
            ],
            [
              -81.4013,
              31.0995
            ],
            [
              -81.4015,
              31.0995
            ],
            [
              -81.4015,
              31.0996
            ],
            [
              -81.4019,
              31.0996
            ]
          ]
        ]
      },
      "properties": {
        "candidate_id": "CS_0067",
        "numeric_id": 67,
        "raw_component_id": 1246,
        "pixel_count": 50,
        "area_km2": 0.0053,
        "perimeter_km": 0.268,
        "centroid_lon": -81.40161,
        "centroid_lat": 31.09923,
        "bounding_box": [
          -81.40195,
          31.09895,
          -81.40125,
          31.09955
        ],
        "length_km": 0.089,
        "width_km": 0.076,
        "aspect_ratio": 1.16,
        "orientation_deg": -45.3,
        "mean_sigma0_db": -24.16,
        "min_sigma0_db": -26.25,
        "mean_contrast_db": 5.27,
        "max_contrast_db": 7.47,
        "candidate_score": 0.464,
        "heuristic_confidence": 0.464,
        "rejection_reasons": [
          "AREA_TOO_SMALL"
        ],
        "status": "REJECTED"
      }
    },
    {
      "type": "Feature",
      "id": "CS_0068",
      "geometry": {
        "type": "Polygon",
        "coordinates": [
          [
            [
              -81.43319999999999,
              31.0981
            ],
            [
              -81.43319999999999,
              31.0976
            ],
            [
              -81.43359999999998,
              31.0976
            ],
            [
              -81.43359999999998,
              31.0977
            ],
            [
              -81.4339,
              31.0977
            ],
            [
              -81.4339,
              31.0976
            ],
            [
              -81.43409999999999,
              31.0976
            ],
            [
              -81.43409999999999,
              31.097199999999997
            ],
            [
              -81.4343,
              31.097199999999997
            ],
            [
              -81.4343,
              31.0974
            ],
            [
              -81.43449999999999,
              31.0974
            ],
            [
              -81.43449999999999,
              31.0976
            ],
            [
              -81.4348,
              31.0976
            ],
            [
              -81.4348,
              31.097299999999997
            ],
            [
              -81.43459999999999,
              31.097299999999997
            ],
            [
              -81.43459999999999,
              31.096899999999998
            ],
            [
              -81.4344,
              31.096899999999998
            ],
            [
              -81.4344,
              31.096799999999998
            ],
            [
              -81.434,
              31.096799999999998
            ],
            [
              -81.434,
              31.097099999999998
            ],
            [
              -81.4339,
              31.097099999999998
            ],
            [
              -81.4339,
              31.0966
            ],
            [
              -81.43329999999999,
              31.0966
            ],
            [
              -81.43329999999999,
              31.096899999999998
            ],
            [
              -81.43319999999999,
              31.096899999999998
            ],
            [
              -81.43319999999999,
              31.0967
            ],
            [
              -81.43279999999999,
              31.0967
            ],
            [
              -81.43279999999999,
              31.096999999999998
            ],
            [
              -81.4331,
              31.096999999999998
            ],
            [
              -81.4331,
              31.097299999999997
            ],
            [
              -81.43299999999999,
              31.097299999999997
            ],
            [
              -81.43299999999999,
              31.0974
            ],
            [
              -81.43279999999999,
              31.0974
            ],
            [
              -81.43279999999999,
              31.0976
            ],
            [
              -81.4327,
              31.0976
            ],
            [
              -81.4327,
              31.0975
            ],
            [
              -81.4326,
              31.0975
            ],
            [
              -81.4326,
              31.097299999999997
            ],
            [
              -81.43189999999998,
              31.097299999999997
            ],
            [
              -81.43189999999998,
              31.0976
            ],
            [
              -81.43199999999999,
              31.0976
            ],
            [
              -81.43199999999999,
              31.0977
            ],
            [
              -81.4318,
              31.0977
            ],
            [
              -81.4318,
              31.098
            ],
            [
              -81.43209999999999,
              31.098
            ],
            [
              -81.43209999999999,
              31.0979
            ],
            [
              -81.43229999999998,
              31.0979
            ],
            [
              -81.43229999999998,
              31.098
            ],
            [
              -81.43289999999999,
              31.098
            ],
            [
              -81.43289999999999,
              31.0981
            ],
            [
              -81.43319999999999,
              31.0981
            ]
          ]
        ]
      },
      "properties": {
        "candidate_id": "CS_0068",
        "numeric_id": 68,
        "raw_component_id": 1261,
        "pixel_count": 395,
        "area_km2": 0.0418,
        "perimeter_km": 1.883,
        "centroid_lon": -81.43394,
        "centroid_lat": 31.09691,
        "bounding_box": [
          -81.43545,
          31.09545,
          -81.43185,
          31.09805
        ],
        "length_km": 0.426,
        "width_km": 0.206,
        "aspect_ratio": 2.07,
        "orientation_deg": 56.2,
        "mean_sigma0_db": -24.91,
        "min_sigma0_db": -28.64,
        "mean_contrast_db": 5.69,
        "max_contrast_db": 10.62,
        "candidate_score": 0.536,
        "heuristic_confidence": 0.536,
        "rejection_reasons": [
          "AREA_TOO_SMALL"
        ],
        "status": "REJECTED"
      }
    },
    {
      "type": "Feature",
      "id": "CS_0069",
      "geometry": {
        "type": "Polygon",
        "coordinates": [
          [
            [
              -81.46839999999999,
              31.0973
            ],
            [
              -81.46839999999999,
              31.0971
            ],
            [
              -81.4687,
              31.0971
            ],
            [
              -81.4687,
              31.0968
            ],
            [
              -81.4683,
              31.0968
            ],
            [
              -81.4683,
              31.097
            ],
            [
              -81.46809999999999,
              31.097
            ],
            [
              -81.46809999999999,
              31.0973
            ],
            [
              -81.46839999999999,
              31.0973
            ]
          ]
        ]
      },
      "properties": {
        "candidate_id": "CS_0069",
        "numeric_id": 69,
        "raw_component_id": 1269,
        "pixel_count": 80,
        "area_km2": 0.0085,
        "perimeter_km": 0.607,
        "centroid_lon": -81.46847,
        "centroid_lat": 31.09653,
        "bounding_box": [
          -81.46895,
          31.09585,
          -81.46795,
          31.09725
        ],
        "length_km": 0.164,
        "width_km": 0.105,
        "aspect_ratio": 1.57,
        "orientation_deg": 13.0,
        "mean_sigma0_db": -24.24,
        "min_sigma0_db": -27.51,
        "mean_contrast_db": 5.28,
        "max_contrast_db": 9.03,
        "candidate_score": 0.474,
        "heuristic_confidence": 0.474,
        "rejection_reasons": [
          "AREA_TOO_SMALL"
        ],
        "status": "REJECTED"
      }
    },
    {
      "type": "Feature",
      "id": "CS_0070",
      "geometry": {
        "type": "Polygon",
        "coordinates": [
          [
            [
              -81.40209999999999,
              31.0973
            ],
            [
              -81.40209999999999,
              31.097
            ],
            [
              -81.4018,
              31.097
            ],
            [
              -81.4018,
              31.096600000000002
            ],
            [
              -81.40169999999999,
              31.096600000000002
            ],
            [
              -81.40169999999999,
              31.0965
            ],
            [
              -81.40159999999999,
              31.0965
            ],
            [
              -81.40159999999999,
              31.0964
            ],
            [
              -81.40149999999998,
              31.0964
            ],
            [
              -81.40149999999998,
              31.0961
            ],
            [
              -81.40109999999999,
              31.0961
            ],
            [
              -81.40109999999999,
              31.096700000000002
            ],
            [
              -81.40119999999999,
              31.096700000000002
            ],
            [
              -81.40119999999999,
              31.0969
            ],
            [
              -81.4014,
              31.0969
            ],
            [
              -81.4014,
              31.097
            ],
            [
              -81.40129999999999,
              31.097
            ],
            [
              -81.40129999999999,
              31.0973
            ],
            [
              -81.40159999999999,
              31.0973
            ],
            [
              -81.40159999999999,
              31.0972
            ],
            [
              -81.40169999999999,
              31.0972
            ],
            [
              -81.40169999999999,
              31.0971
            ],
            [
              -81.4018,
              31.0971
            ],
            [
              -81.4018,
              31.0973
            ],
            [
              -81.40209999999999,
              31.0973
            ]
          ]
        ]
      },
      "properties": {
        "candidate_id": "CS_0070",
        "numeric_id": 70,
        "raw_component_id": 1270,
        "pixel_count": 67,
        "area_km2": 0.0071,
        "perimeter_km": 0.412,
        "centroid_lon": -81.40151,
        "centroid_lat": 31.09675,
        "bounding_box": [
          -81.40205,
          31.09615,
          -81.40115,
          31.09725
        ],
        "length_km": 0.161,
        "width_km": 0.067,
        "aspect_ratio": 2.41,
        "orientation_deg": -25.5,
        "mean_sigma0_db": -24.64,
        "min_sigma0_db": -28.65,
        "mean_contrast_db": 6.11,
        "max_contrast_db": 10.06,
        "candidate_score": 0.567,
        "heuristic_confidence": 0.567,
        "rejection_reasons": [
          "AREA_TOO_SMALL"
        ],
        "status": "REJECTED"
      }
    },
    {
      "type": "Feature",
      "id": "CS_0071",
      "geometry": {
        "type": "Polygon",
        "coordinates": [
          [
            [
              -81.4379,
              31.0947
            ],
            [
              -81.4379,
              31.0943
            ],
            [
              -81.4376,
              31.0943
            ],
            [
              -81.4376,
              31.0947
            ],
            [
              -81.4379,
              31.0947
            ]
          ]
        ]
      },
      "properties": {
        "candidate_id": "CS_0071",
        "numeric_id": 71,
        "raw_component_id": 1292,
        "pixel_count": 168,
        "area_km2": 0.0178,
        "perimeter_km": 0.967,
        "centroid_lon": -81.43699,
        "centroid_lat": 31.09517,
        "bounding_box": [
          -81.43785,
          31.09425,
          -81.43585,
          31.09595
        ],
        "length_km": 0.27,
        "width_km": 0.138,
        "aspect_ratio": 1.95,
        "orientation_deg": 47.6,
        "mean_sigma0_db": -24.85,
        "min_sigma0_db": -27.88,
        "mean_contrast_db": 5.34,
        "max_contrast_db": 8.07,
        "candidate_score": 0.504,
        "heuristic_confidence": 0.504,
        "rejection_reasons": [
          "AREA_TOO_SMALL"
        ],
        "status": "REJECTED"
      }
    },
    {
      "type": "Feature",
      "id": "CS_0072",
      "geometry": {
        "type": "Polygon",
        "coordinates": [
          [
            [
              -81.4388,
              31.0958
            ],
            [
              -81.4388,
              31.0956
            ],
            [
              -81.4391,
              31.0956
            ],
            [
              -81.4391,
              31.0953
            ],
            [
              -81.4392,
              31.0953
            ],
            [
              -81.4392,
              31.0949
            ],
            [
              -81.4396,
              31.0949
            ],
            [
              -81.4396,
              31.0946
            ],
            [
              -81.4395,
              31.0946
            ],
            [
              -81.4395,
              31.0945
            ],
            [
              -81.4392,
              31.0945
            ],
            [
              -81.4392,
              31.0946
            ],
            [
              -81.439,
              31.0946
            ],
            [
              -81.439,
              31.0945
            ],
            [
              -81.43889999999999,
              31.0945
            ],
            [
              -81.43889999999999,
              31.0944
            ],
            [
              -81.439,
              31.0944
            ],
            [
              -81.439,
              31.0942
            ],
            [
              -81.43929999999999,
              31.0942
            ],
            [
              -81.43929999999999,
              31.094
            ],
            [
              -81.43969999999999,
              31.094
            ],
            [
              -81.43969999999999,
              31.0938
            ],
            [
              -81.44,
              31.0938
            ],
            [
              -81.44,
              31.0935
            ],
            [
              -81.4403,
              31.0935
            ],
            [
              -81.4403,
              31.0932
            ],
            [
              -81.44,
              31.0932
            ],
            [
              -81.44,
              31.0934
            ],
            [
              -81.43969999999999,
              31.0934
            ],
            [
              -81.43969999999999,
              31.0935
            ],
            [
              -81.4395,
              31.0935
            ],
            [
              -81.4395,
              31.0934
            ],
            [
              -81.4392,
              31.0934
            ],
            [
              -81.4392,
              31.0933
            ],
            [
              -81.43929999999999,
              31.0933
            ],
            [
              -81.43929999999999,
              31.0932
            ],
            [
              -81.43939999999999,
              31.0932
            ],
            [
              -81.43939999999999,
              31.0929
            ],
            [
              -81.439,
              31.0929
            ],
            [
              -81.439,
              31.0931
            ],
            [
              -81.43889999999999,
              31.0931
            ],
            [
              -81.43889999999999,
              31.0932
            ],
            [
              -81.4388,
              31.0932
            ],
            [
              -81.4388,
              31.0934
            ],
            [
              -81.4386,
              31.0934
            ],
            [
              -81.4386,
              31.0935
            ],
            [
              -81.43849999999999,
              31.0935
            ],
            [
              -81.43849999999999,
              31.093700000000002
            ],
            [
              -81.4383,
              31.093700000000002
            ],
            [
              -81.4383,
              31.093600000000002
            ],
            [
              -81.43769999999999,
              31.093600000000002
            ],
            [
              -81.43769999999999,
              31.0939
            ],
            [
              -81.4378,
              31.0939
            ],
            [
              -81.4378,
              31.094
            ],
            [
              -81.4379,
              31.094
            ],
            [
              -81.4379,
              31.0941
            ],
            [
              -81.43799999999999,
              31.0941
            ],
            [
              -81.43799999999999,
              31.0943
            ],
            [
              -81.43839999999999,
              31.0943
            ],
            [
              -81.43839999999999,
              31.0944
            ],
            [
              -81.4386,
              31.0944
            ],
            [
              -81.4386,
              31.0947
            ],
            [
              -81.4387,
              31.0947
            ],
            [
              -81.4387,
              31.0948
            ],
            [
              -81.4386,
              31.0948
            ],
            [
              -81.4386,
              31.0949
            ],
            [
              -81.43839999999999,
              31.0949
            ],
            [
              -81.43839999999999,
              31.095200000000002
            ],
            [
              -81.4387,
              31.095200000000002
            ],
            [
              -81.4387,
              31.0955
            ],
            [
              -81.43849999999999,
              31.0955
            ],
            [
              -81.43849999999999,
              31.0958
            ],
            [
              -81.4388,
              31.0958
            ]
          ]
        ]
      },
      "properties": {
        "candidate_id": "CS_0072",
        "numeric_id": 72,
        "raw_component_id": 1296,
        "pixel_count": 286,
        "area_km2": 0.0303,
        "perimeter_km": 1.297,
        "centroid_lon": -81.43895,
        "centroid_lat": 31.09408,
        "bounding_box": [
          -81.44025,
          31.09255,
          -81.43775,
          31.09575
        ],
        "length_km": 0.335,
        "width_km": 0.187,
        "aspect_ratio": 1.79,
        "orientation_deg": 13.7,
        "mean_sigma0_db": -25.09,
        "min_sigma0_db": -28.63,
        "mean_contrast_db": 5.39,
        "max_contrast_db": 9.08,
        "candidate_score": 0.512,
        "heuristic_confidence": 0.512,
        "rejection_reasons": [
          "AREA_TOO_SMALL"
        ],
        "status": "REJECTED"
      }
    },
    {
      "type": "Feature",
      "id": "CS_0073",
      "geometry": {
        "type": "Polygon",
        "coordinates": [
          [
            [
              -81.4676,
              31.0955
            ],
            [
              -81.4676,
              31.0954
            ],
            [
              -81.4677,
              31.0954
            ],
            [
              -81.4677,
              31.095100000000002
            ],
            [
              -81.4679,
              31.095100000000002
            ],
            [
              -81.4679,
              31.094800000000003
            ],
            [
              -81.4678,
              31.094800000000003
            ],
            [
              -81.4678,
              31.0947
            ],
            [
              -81.4674,
              31.0947
            ],
            [
              -81.4674,
              31.0945
            ],
            [
              -81.4671,
              31.0945
            ],
            [
              -81.4671,
              31.094900000000003
            ],
            [
              -81.4672,
              31.094900000000003
            ],
            [
              -81.4672,
              31.095100000000002
            ],
            [
              -81.4673,
              31.095100000000002
            ],
            [
              -81.4673,
              31.0955
            ],
            [
              -81.4676,
              31.0955
            ]
          ]
        ]
      },
      "properties": {
        "candidate_id": "CS_0073",
        "numeric_id": 73,
        "raw_component_id": 1300,
        "pixel_count": 50,
        "area_km2": 0.0053,
        "perimeter_km": 0.309,
        "centroid_lon": -81.46747,
        "centroid_lat": 31.09498,
        "bounding_box": [
          -81.46785,
          31.09455,
          -81.46715,
          31.09545
        ],
        "length_km": 0.112,
        "width_km": 0.07,
        "aspect_ratio": 1.61,
        "orientation_deg": -15.7,
        "mean_sigma0_db": -24.47,
        "min_sigma0_db": -28.62,
        "mean_contrast_db": 5.78,
        "max_contrast_db": 10.05,
        "candidate_score": 0.522,
        "heuristic_confidence": 0.522,
        "rejection_reasons": [
          "AREA_TOO_SMALL"
        ],
        "status": "REJECTED"
      }
    },
    {
      "type": "Feature",
      "id": "CS_0074",
      "geometry": {
        "type": "Polygon",
        "coordinates": [
          [
            [
              -81.40039999999999,
              31.095200000000002
            ],
            [
              -81.40039999999999,
              31.095100000000002
            ],
            [
              -81.4005,
              31.095100000000002
            ],
            [
              -81.4005,
              31.095000000000002
            ],
            [
              -81.4006,
              31.095000000000002
            ],
            [
              -81.4006,
              31.094600000000003
            ],
            [
              -81.4005,
              31.094600000000003
            ],
            [
              -81.4005,
              31.094500000000004
            ],
            [
              -81.40039999999999,
              31.094500000000004
            ],
            [
              -81.40039999999999,
              31.0944
            ],
            [
              -81.4003,
              31.0944
            ],
            [
              -81.4003,
              31.0943
            ],
            [
              -81.39999999999999,
              31.0943
            ],
            [
              -81.39999999999999,
              31.0942
            ],
            [
              -81.3999,
              31.0942
            ],
            [
              -81.3999,
              31.0941
            ],
            [
              -81.39959999999999,
              31.0941
            ],
            [
              -81.39959999999999,
              31.0942
            ],
            [
              -81.3995,
              31.0942
            ],
            [
              -81.3995,
              31.094500000000004
            ],
            [
              -81.3998,
              31.094500000000004
            ],
            [
              -81.3998,
              31.094600000000003
            ],
            [
              -81.4001,
              31.094600000000003
            ],
            [
              -81.4001,
              31.094700000000003
            ],
            [
              -81.4002,
              31.094700000000003
            ],
            [
              -81.4002,
              31.094900000000003
            ],
            [
              -81.4001,
              31.094900000000003
            ],
            [
              -81.4001,
              31.095200000000002
            ],
            [
              -81.40039999999999,
              31.095200000000002
            ]
          ]
        ]
      },
      "properties": {
        "candidate_id": "CS_0074",
        "numeric_id": 74,
        "raw_component_id": 1304,
        "pixel_count": 57,
        "area_km2": 0.006,
        "perimeter_km": 0.35,
        "centroid_lon": -81.40011,
        "centroid_lat": 31.0946,
        "bounding_box": [
          -81.40055,
          31.09415,
          -81.39955,
          31.09515
        ],
        "length_km": 0.155,
        "width_km": 0.066,
        "aspect_ratio": 2.34,
        "orientation_deg": -39.7,
        "mean_sigma0_db": -25.01,
        "min_sigma0_db": -28.66,
        "mean_contrast_db": 4.94,
        "max_contrast_db": 8.3,
        "candidate_score": 0.483,
        "heuristic_confidence": 0.483,
        "rejection_reasons": [
          "AREA_TOO_SMALL"
        ],
        "status": "REJECTED"
      }
    },
    {
      "type": "Feature",
      "id": "CS_0075",
      "geometry": {
        "type": "Polygon",
        "coordinates": [
          [
            [
              -81.44099999999999,
              31.0948
            ],
            [
              -81.44099999999999,
              31.0945
            ],
            [
              -81.44069999999999,
              31.0945
            ],
            [
              -81.44069999999999,
              31.0942
            ],
            [
              -81.44059999999999,
              31.0942
            ],
            [
              -81.44059999999999,
              31.0941
            ],
            [
              -81.44069999999999,
              31.0941
            ],
            [
              -81.44069999999999,
              31.093799999999998
            ],
            [
              -81.4403,
              31.093799999999998
            ],
            [
              -81.4403,
              31.093899999999998
            ],
            [
              -81.44019999999999,
              31.093899999999998
            ],
            [
              -81.44019999999999,
              31.0942
            ],
            [
              -81.4399,
              31.0942
            ],
            [
              -81.4399,
              31.0945
            ],
            [
              -81.43999999999998,
              31.0945
            ],
            [
              -81.43999999999998,
              31.0946
            ],
            [
              -81.44059999999999,
              31.0946
            ],
            [
              -81.44059999999999,
              31.0948
            ],
            [
              -81.44099999999999,
              31.0948
            ]
          ]
        ]
      },
      "properties": {
        "candidate_id": "CS_0075",
        "numeric_id": 75,
        "raw_component_id": 1308,
        "pixel_count": 60,
        "area_km2": 0.0064,
        "perimeter_km": 0.381,
        "centroid_lon": -81.44044,
        "centroid_lat": 31.09432,
        "bounding_box": [
          -81.44095,
          31.09385,
          -81.43995,
          31.09475
        ],
        "length_km": 0.121,
        "width_km": 0.09,
        "aspect_ratio": 1.34,
        "orientation_deg": -30.5,
        "mean_sigma0_db": -26.06,
        "min_sigma0_db": -28.63,
        "mean_contrast_db": 5.18,
        "max_contrast_db": 7.95,
        "candidate_score": 0.517,
        "heuristic_confidence": 0.517,
        "rejection_reasons": [
          "AREA_TOO_SMALL"
        ],
        "status": "REJECTED"
      }
    },
    {
      "type": "Feature",
      "id": "CS_0076",
      "geometry": {
        "type": "Polygon",
        "coordinates": [
          [
            [
              -81.4655,
              31.093500000000002
            ],
            [
              -81.4655,
              31.0931
            ],
            [
              -81.4652,
              31.0931
            ],
            [
              -81.4652,
              31.093200000000003
            ],
            [
              -81.4651,
              31.093200000000003
            ],
            [
              -81.4651,
              31.093500000000002
            ],
            [
              -81.4655,
              31.093500000000002
            ]
          ]
        ]
      },
      "properties": {
        "candidate_id": "CS_0076",
        "numeric_id": 76,
        "raw_component_id": 1321,
        "pixel_count": 102,
        "area_km2": 0.0108,
        "perimeter_km": 0.628,
        "centroid_lon": -81.46586,
        "centroid_lat": 31.09314,
        "bounding_box": [
          -81.46655,
          31.09255,
          -81.46515,
          31.09385
        ],
        "length_km": 0.156,
        "width_km": 0.125,
        "aspect_ratio": 1.25,
        "orientation_deg": -22.4,
        "mean_sigma0_db": -24.47,
        "min_sigma0_db": -27.51,
        "mean_contrast_db": 5.4,
        "max_contrast_db": 8.62,
        "candidate_score": 0.485,
        "heuristic_confidence": 0.485,
        "rejection_reasons": [
          "AREA_TOO_SMALL"
        ],
        "status": "REJECTED"
      }
    },
    {
      "type": "Feature",
      "id": "CS_0077",
      "geometry": {
        "type": "Polygon",
        "coordinates": [
          [
            [
              -81.4002,
              31.0932
            ],
            [
              -81.4002,
              31.0931
            ],
            [
              -81.40029999999999,
              31.0931
            ],
            [
              -81.40029999999999,
              31.0927
            ],
            [
              -81.4005,
              31.0927
            ],
            [
              -81.4005,
              31.0928
            ],
            [
              -81.40079999999999,
              31.0928
            ],
            [
              -81.40079999999999,
              31.0927
            ],
            [
              -81.4009,
              31.0927
            ],
            [
              -81.4009,
              31.092399999999998
            ],
            [
              -81.40069999999999,
              31.092399999999998
            ],
            [
              -81.40069999999999,
              31.0922
            ],
            [
              -81.39999999999999,
              31.0922
            ],
            [
              -81.39999999999999,
              31.0925
            ],
            [
              -81.39989999999999,
              31.0925
            ],
            [
              -81.39989999999999,
              31.0928
            ],
            [
              -81.3998,
              31.0928
            ],
            [
              -81.3998,
              31.0932
            ],
            [
              -81.4002,
              31.0932
            ]
          ]
        ]
      },
      "properties": {
        "candidate_id": "CS_0077",
        "numeric_id": 77,
        "raw_component_id": 1328,
        "pixel_count": 69,
        "area_km2": 0.0073,
        "perimeter_km": 0.381,
        "centroid_lon": -81.40029,
        "centroid_lat": 31.09264,
        "bounding_box": [
          -81.40085,
          31.09225,
          -81.39985,
          31.09315
        ],
        "length_km": 0.135,
        "width_km": 0.082,
        "aspect_ratio": 1.65,
        "orientation_deg": 40.0,
        "mean_sigma0_db": -25.01,
        "min_sigma0_db": -27.54,
        "mean_contrast_db": 5.27,
        "max_contrast_db": 7.61,
        "candidate_score": 0.498,
        "heuristic_confidence": 0.498,
        "rejection_reasons": [
          "AREA_TOO_SMALL"
        ],
        "status": "REJECTED"
      }
    },
    {
      "type": "Feature",
      "id": "CS_0078",
      "geometry": {
        "type": "Polygon",
        "coordinates": [
          [
            [
              -81.44149999999999,
              31.0928
            ],
            [
              -81.44149999999999,
              31.0924
            ],
            [
              -81.441,
              31.0924
            ],
            [
              -81.441,
              31.0923
            ],
            [
              -81.4409,
              31.0923
            ],
            [
              -81.4409,
              31.092200000000002
            ],
            [
              -81.4412,
              31.092200000000002
            ],
            [
              -81.4412,
              31.0923
            ],
            [
              -81.4416,
              31.0923
            ],
            [
              -81.4416,
              31.092100000000002
            ],
            [
              -81.4417,
              31.092100000000002
            ],
            [
              -81.4417,
              31.0918
            ],
            [
              -81.4413,
              31.0918
            ],
            [
              -81.4413,
              31.092
            ],
            [
              -81.4412,
              31.092
            ],
            [
              -81.4412,
              31.0917
            ],
            [
              -81.44109999999999,
              31.0917
            ],
            [
              -81.44109999999999,
              31.0915
            ],
            [
              -81.4412,
              31.0915
            ],
            [
              -81.4412,
              31.0912
            ],
            [
              -81.4405,
              31.0912
            ],
            [
              -81.4405,
              31.0915
            ],
            [
              -81.44069999999999,
              31.0915
            ],
            [
              -81.44069999999999,
              31.092100000000002
            ],
            [
              -81.4406,
              31.092100000000002
            ],
            [
              -81.4406,
              31.092200000000002
            ],
            [
              -81.4402,
              31.092200000000002
            ],
            [
              -81.4402,
              31.0926
            ],
            [
              -81.4406,
              31.0926
            ],
            [
              -81.4406,
              31.0925
            ],
            [
              -81.44069999999999,
              31.0925
            ],
            [
              -81.44069999999999,
              31.0926
            ],
            [
              -81.441,
              31.0926
            ],
            [
              -81.441,
              31.0928
            ],
            [
              -81.44149999999999,
              31.0928
            ]
          ]
        ]
      },
      "properties": {
        "candidate_id": "CS_0078",
        "numeric_id": 78,
        "raw_component_id": 1331,
        "pixel_count": 126,
        "area_km2": 0.0133,
        "perimeter_km": 0.71,
        "centroid_lon": -81.44097,
        "centroid_lat": 31.09206,
        "bounding_box": [
          -81.44165,
          31.09125,
          -81.44025,
          31.09275
        ],
        "length_km": 0.193,
        "width_km": 0.131,
        "aspect_ratio": 1.47,
        "orientation_deg": -3.9,
        "mean_sigma0_db": -25.07,
        "min_sigma0_db": -28.63,
        "mean_contrast_db": 5.48,
        "max_contrast_db": 8.86,
        "candidate_score": 0.514,
        "heuristic_confidence": 0.514,
        "rejection_reasons": [
          "AREA_TOO_SMALL"
        ],
        "status": "REJECTED"
      }
    },
    {
      "type": "Feature",
      "id": "CS_0079",
      "geometry": {
        "type": "Polygon",
        "coordinates": [
          [
            [
              -81.4634,
              31.0914
            ],
            [
              -81.4634,
              31.0913
            ],
            [
              -81.4637,
              31.0913
            ],
            [
              -81.4637,
              31.0912
            ],
            [
              -81.46379999999999,
              31.0912
            ],
            [
              -81.46379999999999,
              31.0909
            ],
            [
              -81.4639,
              31.0909
            ],
            [
              -81.4639,
              31.091
            ],
            [
              -81.464,
              31.091
            ],
            [
              -81.464,
              31.0911
            ],
            [
              -81.4641,
              31.0911
            ],
            [
              -81.4641,
              31.0913
            ],
            [
              -81.4645,
              31.0913
            ],
            [
              -81.4645,
              31.0912
            ],
            [
              -81.4647,
              31.0912
            ],
            [
              -81.4647,
              31.0908
            ],
            [
              -81.4648,
              31.0908
            ],
            [
              -81.4648,
              31.0912
            ],
            [
              -81.4652,
              31.0912
            ],
            [
              -81.4652,
              31.0908
            ],
            [
              -81.46509999999999,
              31.0908
            ],
            [
              -81.46509999999999,
              31.0905
            ],
            [
              -81.46499999999999,
              31.0905
            ],
            [
              -81.46499999999999,
              31.0904
            ],
            [
              -81.46459999999999,
              31.0904
            ],
            [
              -81.46459999999999,
              31.0905
            ],
            [
              -81.46379999999999,
              31.0905
            ],
            [
              -81.46379999999999,
              31.0906
            ],
            [
              -81.4635,
              31.0906
            ],
            [
              -81.4635,
              31.0905
            ],
            [
              -81.4631,
              31.0905
            ],
            [
              -81.4631,
              31.09
            ],
            [
              -81.4628,
              31.09
            ],
            [
              -81.4628,
              31.0902
            ],
            [
              -81.4626,
              31.0902
            ],
            [
              -81.4626,
              31.0901
            ],
            [
              -81.46199999999999,
              31.0901
            ],
            [
              -81.46199999999999,
              31.09
            ],
            [
              -81.4623,
              31.09
            ],
            [
              -81.4623,
              31.0899
            ],
            [
              -81.4624,
              31.0899
            ],
            [
              -81.4624,
              31.0896
            ],
            [
              -81.4623,
              31.0896
            ],
            [
              -81.4623,
              31.0895
            ],
            [
              -81.4622,
              31.0895
            ],
            [
              -81.4622,
              31.0894
            ],
            [
              -81.4619,
              31.0894
            ],
            [
              -81.4619,
              31.0895
            ],
            [
              -81.4618,
              31.0895
            ],
            [
              -81.4618,
              31.0899
            ],
            [
              -81.4617,
              31.0899
            ],
            [
              -81.4617,
              31.0904
            ],
            [
              -81.4619,
              31.0904
            ],
            [
              -81.4619,
              31.0906
            ],
            [
              -81.4622,
              31.0906
            ],
            [
              -81.4622,
              31.0905
            ],
            [
              -81.4623,
              31.0905
            ],
            [
              -81.4623,
              31.090700000000002
            ],
            [
              -81.4619,
              31.090700000000002
            ],
            [
              -81.4619,
              31.091
            ],
            [
              -81.4623,
              31.091
            ],
            [
              -81.4623,
              31.0913
            ],
            [
              -81.4626,
              31.0913
            ],
            [
              -81.4626,
              31.091
            ],
            [
              -81.46249999999999,
              31.091
            ],
            [
              -81.46249999999999,
              31.0908
            ],
            [
              -81.4626,
              31.0908
            ],
            [
              -81.4626,
              31.090700000000002
            ],
            [
              -81.4627,
              31.090700000000002
            ],
            [
              -81.4627,
              31.0908
            ],
            [
              -81.46289999999999,
              31.0908
            ],
            [
              -81.46289999999999,
              31.0909
            ],
            [
              -81.4628,
              31.0909
            ],
            [
              -81.4628,
              31.0912
            ],
            [
              -81.46289999999999,
              31.0912
            ],
            [
              -81.46289999999999,
              31.0914
            ],
            [
              -81.4634,
              31.0914
            ]
          ],
          [
            [
              -81.4634,
              31.091
            ],
            [
              -81.46329999999999,
              31.091
            ],
            [
              -81.46329999999999,
              31.0909
            ],
            [
              -81.4634,
              31.0909
            ],
            [
              -81.4634,
              31.091
            ]
          ]
        ]
      },
      "properties": {
        "candidate_id": "CS_0079",
        "numeric_id": 79,
        "raw_component_id": 1350,
        "pixel_count": 303,
        "area_km2": 0.0321,
        "perimeter_km": 1.286,
        "centroid_lon": -81.46323,
        "centroid_lat": 31.09064,
        "bounding_box": [
          -81.46515,
          31.08945,
          -81.46175,
          31.09135
        ],
        "length_km": 0.395,
        "width_km": 0.16,
        "aspect_ratio": 2.47,
        "orientation_deg": -71.8,
        "mean_sigma0_db": -24.74,
        "min_sigma0_db": -27.87,
        "mean_contrast_db": 5.75,
        "max_contrast_db": 10.27,
        "candidate_score": 0.542,
        "heuristic_confidence": 0.542,
        "rejection_reasons": [
          "AREA_TOO_SMALL"
        ],
        "status": "REJECTED"
      }
    },
    {
      "type": "Feature",
      "id": "CS_0080",
      "geometry": {
        "type": "Polygon",
        "coordinates": [
          [
            [
              -81.4016,
              31.0912
            ],
            [
              -81.4016,
              31.0909
            ],
            [
              -81.4015,
              31.0909
            ],
            [
              -81.4015,
              31.0908
            ],
            [
              -81.4012,
              31.0908
            ],
            [
              -81.4012,
              31.0912
            ],
            [
              -81.4016,
              31.0912
            ]
          ]
        ]
      },
      "properties": {
        "candidate_id": "CS_0080",
        "numeric_id": 80,
        "raw_component_id": 1352,
        "pixel_count": 139,
        "area_km2": 0.0147,
        "perimeter_km": 0.936,
        "centroid_lon": -81.40107,
        "centroid_lat": 31.0903,
        "bounding_box": [
          -81.40185,
          31.08945,
          -81.40025,
          31.09115
        ],
        "length_km": 0.228,
        "width_km": 0.145,
        "aspect_ratio": 1.57,
        "orientation_deg": 29.1,
        "mean_sigma0_db": -24.67,
        "min_sigma0_db": -30.4,
        "mean_contrast_db": 6.24,
        "max_contrast_db": 11.49,
        "candidate_score": 0.564,
        "heuristic_confidence": 0.564,
        "rejection_reasons": [
          "AREA_TOO_SMALL"
        ],
        "status": "REJECTED"
      }
    },
    {
      "type": "Feature",
      "id": "CS_0081",
      "geometry": {
        "type": "Polygon",
        "coordinates": [
          [
            [
              -81.44399999999999,
              31.0906
            ],
            [
              -81.44399999999999,
              31.0904
            ],
            [
              -81.4442,
              31.0904
            ],
            [
              -81.4442,
              31.089699999999997
            ],
            [
              -81.44429999999998,
              31.089699999999997
            ],
            [
              -81.44429999999998,
              31.089599999999997
            ],
            [
              -81.44449999999999,
              31.089599999999997
            ],
            [
              -81.44449999999999,
              31.089299999999998
            ],
            [
              -81.4438,
              31.089299999999998
            ],
            [
              -81.4438,
              31.089599999999997
            ],
            [
              -81.44389999999999,
              31.089599999999997
            ],
            [
              -81.44389999999999,
              31.089799999999997
            ],
            [
              -81.4438,
              31.089799999999997
            ],
            [
              -81.4438,
              31.0902
            ],
            [
              -81.44369999999999,
              31.0902
            ],
            [
              -81.44369999999999,
              31.0906
            ],
            [
              -81.44399999999999,
              31.0906
            ]
          ]
        ]
      },
      "properties": {
        "candidate_id": "CS_0081",
        "numeric_id": 81,
        "raw_component_id": 1360,
        "pixel_count": 60,
        "area_km2": 0.0064,
        "perimeter_km": 0.391,
        "centroid_lon": -81.44404,
        "centroid_lat": 31.08987,
        "bounding_box": [
          -81.44445,
          31.08935,
          -81.44375,
          31.09055
        ],
        "length_km": 0.175,
        "width_km": 0.056,
        "aspect_ratio": 3.1,
        "orientation_deg": 13.6,
        "mean_sigma0_db": -24.88,
        "min_sigma0_db": -28.63,
        "mean_contrast_db": 5.21,
        "max_contrast_db": 9.36,
        "candidate_score": 0.514,
        "heuristic_confidence": 0.514,
        "rejection_reasons": [
          "AREA_TOO_SMALL"
        ],
        "status": "REJECTED"
      }
    },
    {
      "type": "Feature",
      "id": "CS_0082",
      "geometry": {
        "type": "Polygon",
        "coordinates": [
          [
            [
              -81.4601,
              31.0898
            ],
            [
              -81.4601,
              31.0895
            ],
            [
              -81.46,
              31.0895
            ],
            [
              -81.46,
              31.0893
            ],
            [
              -81.4601,
              31.0893
            ],
            [
              -81.4601,
              31.089
            ],
            [
              -81.4597,
              31.089
            ],
            [
              -81.4597,
              31.0893
            ],
            [
              -81.45949999999999,
              31.0893
            ],
            [
              -81.45949999999999,
              31.0896
            ],
            [
              -81.4596,
              31.0896
            ],
            [
              -81.4596,
              31.0898
            ],
            [
              -81.4601,
              31.0898
            ]
          ]
        ]
      },
      "properties": {
        "candidate_id": "CS_0082",
        "numeric_id": 82,
        "raw_component_id": 1371,
        "pixel_count": 233,
        "area_km2": 0.0247,
        "perimeter_km": 1.379,
        "centroid_lon": -81.45998,
        "centroid_lat": 31.08851,
        "bounding_box": [
          -81.46125,
          31.08765,
          -81.45875,
          31.08975
        ],
        "length_km": 0.275,
        "width_km": 0.222,
        "aspect_ratio": 1.24,
        "orientation_deg": -30.6,
        "mean_sigma0_db": -24.65,
        "min_sigma0_db": -28.24,
        "mean_contrast_db": 6.07,
        "max_contrast_db": 10.06,
        "candidate_score": 0.544,
        "heuristic_confidence": 0.544,
        "rejection_reasons": [
          "AREA_TOO_SMALL"
        ],
        "status": "REJECTED"
      }
    },
    {
      "type": "Feature",
      "id": "CS_0083",
      "geometry": {
        "type": "Polygon",
        "coordinates": [
          [
            [
              -81.45899999999999,
              31.0897
            ],
            [
              -81.45899999999999,
              31.0894
            ],
            [
              -81.45939999999999,
              31.0894
            ],
            [
              -81.45939999999999,
              31.089100000000002
            ],
            [
              -81.45949999999999,
              31.089100000000002
            ],
            [
              -81.45949999999999,
              31.0888
            ],
            [
              -81.45939999999999,
              31.0888
            ],
            [
              -81.45939999999999,
              31.0887
            ],
            [
              -81.4587,
              31.0887
            ],
            [
              -81.4587,
              31.089000000000002
            ],
            [
              -81.45849999999999,
              31.089000000000002
            ],
            [
              -81.45849999999999,
              31.0896
            ],
            [
              -81.4587,
              31.0896
            ],
            [
              -81.4587,
              31.0897
            ],
            [
              -81.45899999999999,
              31.0897
            ]
          ]
        ]
      },
      "properties": {
        "candidate_id": "CS_0083",
        "numeric_id": 83,
        "raw_component_id": 1372,
        "pixel_count": 73,
        "area_km2": 0.0077,
        "perimeter_km": 0.36,
        "centroid_lon": -81.45897,
        "centroid_lat": 31.08915,
        "bounding_box": [
          -81.45945,
          31.08875,
          -81.45855,
          31.08965
        ],
        "length_km": 0.125,
        "width_km": 0.082,
        "aspect_ratio": 1.52,
        "orientation_deg": 34.5,
        "mean_sigma0_db": -25.03,
        "min_sigma0_db": -27.51,
        "mean_contrast_db": 5.15,
        "max_contrast_db": 7.15,
        "candidate_score": 0.487,
        "heuristic_confidence": 0.487,
        "rejection_reasons": [
          "AREA_TOO_SMALL"
        ],
        "status": "REJECTED"
      }
    },
    {
      "type": "Feature",
      "id": "CS_0084",
      "geometry": {
        "type": "Polygon",
        "coordinates": [
          [
            [
              -81.4011,
              31.0894
            ],
            [
              -81.4011,
              31.088700000000003
            ],
            [
              -81.4014,
              31.088700000000003
            ],
            [
              -81.4014,
              31.0883
            ],
            [
              -81.4011,
              31.0883
            ],
            [
              -81.4011,
              31.0885
            ],
            [
              -81.401,
              31.0885
            ],
            [
              -81.401,
              31.0884
            ],
            [
              -81.4009,
              31.0884
            ],
            [
              -81.4009,
              31.0883
            ],
            [
              -81.4006,
              31.0883
            ],
            [
              -81.4006,
              31.089100000000002
            ],
            [
              -81.40079999999999,
              31.089100000000002
            ],
            [
              -81.40079999999999,
              31.0894
            ],
            [
              -81.4011,
              31.0894
            ]
          ]
        ]
      },
      "properties": {
        "candidate_id": "CS_0084",
        "numeric_id": 84,
        "raw_component_id": 1377,
        "pixel_count": 58,
        "area_km2": 0.0061,
        "perimeter_km": 0.381,
        "centroid_lon": -81.40094,
        "centroid_lat": 31.08876,
        "bounding_box": [
          -81.40135,
          31.08835,
          -81.40065,
          31.08935
        ],
        "length_km": 0.132,
        "width_km": 0.075,
        "aspect_ratio": 1.74,
        "orientation_deg": 9.1,
        "mean_sigma0_db": -24.51,
        "min_sigma0_db": -26.26,
        "mean_contrast_db": 6.12,
        "max_contrast_db": 7.78,
        "candidate_score": 0.553,
        "heuristic_confidence": 0.553,
        "rejection_reasons": [
          "AREA_TOO_SMALL"
        ],
        "status": "REJECTED"
      }
    },
    {
      "type": "Feature",
      "id": "CS_0085",
      "geometry": {
        "type": "Polygon",
        "coordinates": [
          [
            [
              -81.4578,
              31.0893
            ],
            [
              -81.4578,
              31.089000000000002
            ],
            [
              -81.4579,
              31.089000000000002
            ],
            [
              -81.4579,
              31.088700000000003
            ],
            [
              -81.4577,
              31.088700000000003
            ],
            [
              -81.4577,
              31.0885
            ],
            [
              -81.458,
              31.0885
            ],
            [
              -81.458,
              31.088700000000003
            ],
            [
              -81.4585,
              31.088700000000003
            ],
            [
              -81.4585,
              31.0884
            ],
            [
              -81.4584,
              31.0884
            ],
            [
              -81.4584,
              31.0883
            ],
            [
              -81.4583,
              31.0883
            ],
            [
              -81.4583,
              31.0882
            ],
            [
              -81.4584,
              31.0882
            ],
            [
              -81.4584,
              31.088
            ],
            [
              -81.4585,
              31.088
            ],
            [
              -81.4585,
              31.0877
            ],
            [
              -81.4581,
              31.0877
            ],
            [
              -81.4581,
              31.087600000000002
            ],
            [
              -81.4578,
              31.087600000000002
            ],
            [
              -81.4578,
              31.0877
            ],
            [
              -81.4576,
              31.0877
            ],
            [
              -81.4576,
              31.0878
            ],
            [
              -81.4575,
              31.0878
            ],
            [
              -81.4575,
              31.0881
            ],
            [
              -81.4573,
              31.0881
            ],
            [
              -81.4573,
              31.0883
            ],
            [
              -81.4571,
              31.0883
            ],
            [
              -81.4571,
              31.0882
            ],
            [
              -81.4568,
              31.0882
            ],
            [
              -81.4568,
              31.088600000000003
            ],
            [
              -81.4571,
              31.088600000000003
            ],
            [
              -81.4571,
              31.088700000000003
            ],
            [
              -81.4574,
              31.088700000000003
            ],
            [
              -81.4574,
              31.088900000000002
            ],
            [
              -81.4573,
              31.088900000000002
            ],
            [
              -81.4573,
              31.089000000000002
            ],
            [
              -81.4572,
              31.089000000000002
            ],
            [
              -81.4572,
              31.0893
            ],
            [
              -81.4578,
              31.0893
            ]
          ],
          [
            [
              -81.4576,
              31.0885
            ],
            [
              -81.4575,
              31.0885
            ],
            [
              -81.4575,
              31.0884
            ],
            [
              -81.4576,
              31.0884
            ],
            [
              -81.4576,
              31.0885
            ]
          ]
        ]
      },
      "properties": {
        "candidate_id": "CS_0085",
        "numeric_id": 85,
        "raw_component_id": 1378,
        "pixel_count": 156,
        "area_km2": 0.0165,
        "perimeter_km": 0.71,
        "centroid_lon": -81.45773,
        "centroid_lat": 31.0884,
        "bounding_box": [
          -81.45845,
          31.08765,
          -81.45685,
          31.08925
        ],
        "length_km": 0.203,
        "width_km": 0.133,
        "aspect_ratio": 1.53,
        "orientation_deg": 31.8,
        "mean_sigma0_db": -25.14,
        "min_sigma0_db": -29.45,
        "mean_contrast_db": 5.56,
        "max_contrast_db": 10.86,
        "candidate_score": 0.523,
        "heuristic_confidence": 0.523,
        "rejection_reasons": [
          "AREA_TOO_SMALL"
        ],
        "status": "REJECTED"
      }
    },
    {
      "type": "Feature",
      "id": "CS_0086",
      "geometry": {
        "type": "Polygon",
        "coordinates": [
          [
            [
              -81.4451,
              31.089
            ],
            [
              -81.4451,
              31.0888
            ],
            [
              -81.44519999999999,
              31.0888
            ],
            [
              -81.44519999999999,
              31.0889
            ],
            [
              -81.4455,
              31.0889
            ],
            [
              -81.4455,
              31.0887
            ],
            [
              -81.44559999999998,
              31.0887
            ],
            [
              -81.44559999999998,
              31.0886
            ],
            [
              -81.44569999999999,
              31.0886
            ],
            [
              -81.44569999999999,
              31.0884
            ],
            [
              -81.44609999999999,
              31.0884
            ],
            [
              -81.44609999999999,
              31.088199999999997
            ],
            [
              -81.44619999999999,
              31.088199999999997
            ],
            [
              -81.44619999999999,
              31.087899999999998
            ],
            [
              -81.44569999999999,
              31.087899999999998
            ],
            [
              -81.44569999999999,
              31.087999999999997
            ],
            [
              -81.44559999999998,
              31.087999999999997
            ],
            [
              -81.44559999999998,
              31.0883
            ],
            [
              -81.44529999999999,
              31.0883
            ],
            [
              -81.44529999999999,
              31.0885
            ],
            [
              -81.44519999999999,
              31.0885
            ],
            [
              -81.44519999999999,
              31.0883
            ],
            [
              -81.44489999999999,
              31.0883
            ],
            [
              -81.44489999999999,
              31.0886
            ],
            [
              -81.4447,
              31.0886
            ],
            [
              -81.4447,
              31.0889
            ],
            [
              -81.44479999999999,
              31.0889
            ],
            [
              -81.44479999999999,
              31.089
            ],
            [
              -81.4451,
              31.089
            ]
          ]
        ]
      },
      "properties": {
        "candidate_id": "CS_0086",
        "numeric_id": 86,
        "raw_component_id": 1383,
        "pixel_count": 75,
        "area_km2": 0.0079,
        "perimeter_km": 0.463,
        "centroid_lon": -81.44544,
        "centroid_lat": 31.08846,
        "bounding_box": [
          -81.44615,
          31.08795,
          -81.44475,
          31.08895
        ],
        "length_km": 0.19,
        "width_km": 0.064,
        "aspect_ratio": 2.98,
        "orientation_deg": 52.3,
        "mean_sigma0_db": -24.51,
        "min_sigma0_db": -27.18,
        "mean_contrast_db": 5.42,
        "max_contrast_db": 7.79,
        "candidate_score": 0.518,
        "heuristic_confidence": 0.518,
        "rejection_reasons": [
          "AREA_TOO_SMALL"
        ],
        "status": "REJECTED"
      }
    },
    {
      "type": "Feature",
      "id": "CS_0087",
      "geometry": {
        "type": "Polygon",
        "coordinates": [
          [
            [
              -81.4485,
              31.0886
            ],
            [
              -81.4485,
              31.0883
            ],
            [
              -81.44819999999999,
              31.0883
            ],
            [
              -81.44819999999999,
              31.0886
            ],
            [
              -81.4485,
              31.0886
            ]
          ]
        ]
      },
      "properties": {
        "candidate_id": "CS_0087",
        "numeric_id": 87,
        "raw_component_id": 1388,
        "pixel_count": 271,
        "area_km2": 0.0287,
        "perimeter_km": 1.708,
        "centroid_lon": -81.4481,
        "centroid_lat": 31.08719,
        "bounding_box": [
          -81.44915,
          31.08595,
          -81.44685,
          31.08855
        ],
        "length_km": 0.377,
        "width_km": 0.177,
        "aspect_ratio": 2.14,
        "orientation_deg": 21.4,
        "mean_sigma0_db": -24.9,
        "min_sigma0_db": -28.63,
        "mean_contrast_db": 5.62,
        "max_contrast_db": 10.08,
        "candidate_score": 0.531,
        "heuristic_confidence": 0.531,
        "rejection_reasons": [
          "AREA_TOO_SMALL"
        ],
        "status": "REJECTED"
      }
    },
    {
      "type": "Feature",
      "id": "CS_0088",
      "geometry": {
        "type": "Polygon",
        "coordinates": [
          [
            [
              -81.43889999999999,
              31.0885
            ],
            [
              -81.43889999999999,
              31.0882
            ],
            [
              -81.43869999999998,
              31.0882
            ],
            [
              -81.43869999999998,
              31.0881
            ],
            [
              -81.43839999999999,
              31.0881
            ],
            [
              -81.43839999999999,
              31.0885
            ],
            [
              -81.43889999999999,
              31.0885
            ]
          ]
        ]
      },
      "properties": {
        "candidate_id": "CS_0088",
        "numeric_id": 88,
        "raw_component_id": 1391,
        "pixel_count": 50,
        "area_km2": 0.0053,
        "perimeter_km": 0.391,
        "centroid_lon": -81.43824,
        "centroid_lat": 31.08813,
        "bounding_box": [
          -81.43885,
          31.08775,
          -81.43765,
          31.08845
        ],
        "length_km": 0.143,
        "width_km": 0.074,
        "aspect_ratio": 1.94,
        "orientation_deg": -67.9,
        "mean_sigma0_db": -24.51,
        "min_sigma0_db": -26.86,
        "mean_contrast_db": 10.8,
        "max_contrast_db": 12.76,
        "candidate_score": 0.626,
        "heuristic_confidence": 0.626,
        "rejection_reasons": [
          "AREA_TOO_SMALL"
        ],
        "status": "REJECTED"
      }
    },
    {
      "type": "Feature",
      "id": "CS_0089",
      "geometry": {
        "type": "Polygon",
        "coordinates": [
          [
            [
              -81.455,
              31.0883
            ],
            [
              -81.455,
              31.0878
            ],
            [
              -81.4552,
              31.0878
            ],
            [
              -81.4552,
              31.0875
            ],
            [
              -81.4554,
              31.0875
            ],
            [
              -81.4554,
              31.0872
            ],
            [
              -81.4557,
              31.0872
            ],
            [
              -81.4557,
              31.087
            ],
            [
              -81.4562,
              31.087
            ],
            [
              -81.4562,
              31.0871
            ],
            [
              -81.45649999999999,
              31.0871
            ],
            [
              -81.45649999999999,
              31.0867
            ],
            [
              -81.4564,
              31.0867
            ],
            [
              -81.4564,
              31.0866
            ],
            [
              -81.4567,
              31.0866
            ],
            [
              -81.4567,
              31.0863
            ],
            [
              -81.4562,
              31.0863
            ],
            [
              -81.4562,
              31.0864
            ],
            [
              -81.4558,
              31.0864
            ],
            [
              -81.4558,
              31.0863
            ],
            [
              -81.4557,
              31.0863
            ],
            [
              -81.4557,
              31.086100000000002
            ],
            [
              -81.4551,
              31.086100000000002
            ],
            [
              -81.4551,
              31.0857
            ],
            [
              -81.4547,
              31.0857
            ],
            [
              -81.4547,
              31.0858
            ],
            [
              -81.4546,
              31.0858
            ],
            [
              -81.4546,
              31.0859
            ],
            [
              -81.45439999999999,
              31.0859
            ],
            [
              -81.45439999999999,
              31.0862
            ],
            [
              -81.45479999999999,
              31.0862
            ],
            [
              -81.45479999999999,
              31.0866
            ],
            [
              -81.4547,
              31.0866
            ],
            [
              -81.4547,
              31.0871
            ],
            [
              -81.4546,
              31.0871
            ],
            [
              -81.4546,
              31.0872
            ],
            [
              -81.45439999999999,
              31.0872
            ],
            [
              -81.45439999999999,
              31.0871
            ],
            [
              -81.454,
              31.0871
            ],
            [
              -81.454,
              31.0874
            ],
            [
              -81.4543,
              31.0874
            ],
            [
              -81.4543,
              31.087600000000002
            ],
            [
              -81.4545,
              31.087600000000002
            ],
            [
              -81.4545,
              31.0882
            ],
            [
              -81.4546,
              31.0882
            ],
            [
              -81.4546,
              31.0883
            ],
            [
              -81.455,
              31.0883
            ]
          ],
          [
            [
              -81.4547,
              31.0875
            ],
            [
              -81.4546,
              31.0875
            ],
            [
              -81.4546,
              31.0874
            ],
            [
              -81.4547,
              31.0874
            ],
            [
              -81.4547,
              31.0875
            ]
          ],
          [
            [
              -81.4553,
              31.0868
            ],
            [
              -81.4551,
              31.0868
            ],
            [
              -81.4551,
              31.0867
            ],
            [
              -81.455,
              31.0867
            ],
            [
              -81.455,
              31.0866
            ],
            [
              -81.4552,
              31.0866
            ],
            [
              -81.4552,
              31.0865
            ],
            [
              -81.4554,
              31.0865
            ],
            [
              -81.4554,
              31.0867
            ],
            [
              -81.4553,
              31.0867
            ],
            [
              -81.4553,
              31.0868
            ]
          ]
        ]
      },
      "properties": {
        "candidate_id": "CS_0089",
        "numeric_id": 89,
        "raw_component_id": 1394,
        "pixel_count": 274,
        "area_km2": 0.029,
        "perimeter_km": 1.122,
        "centroid_lon": -81.45522,
        "centroid_lat": 31.0869,
        "bounding_box": [
          -81.45665,
          31.08575,
          -81.45405,
          31.08825
        ],
        "length_km": 0.289,
        "width_km": 0.203,
        "aspect_ratio": 1.43,
        "orientation_deg": 33.1,
        "mean_sigma0_db": -24.8,
        "min_sigma0_db": -29.46,
        "mean_contrast_db": 6.25,
        "max_contrast_db": 11.84,
        "candidate_score": 0.566,
        "heuristic_confidence": 0.566,
        "rejection_reasons": [
          "AREA_TOO_SMALL"
        ],
        "status": "REJECTED"
      }
    },
    {
      "type": "Feature",
      "id": "CS_0090",
      "geometry": {
        "type": "Polygon",
        "coordinates": [
          [
            [
              -81.45769999999999,
              31.0875
            ],
            [
              -81.45769999999999,
              31.0872
            ],
            [
              -81.45759999999999,
              31.0872
            ],
            [
              -81.45759999999999,
              31.087
            ],
            [
              -81.45779999999999,
              31.087
            ],
            [
              -81.45779999999999,
              31.086699999999997
            ],
            [
              -81.45769999999999,
              31.086699999999997
            ],
            [
              -81.45769999999999,
              31.086499999999997
            ],
            [
              -81.45759999999999,
              31.086499999999997
            ],
            [
              -81.45759999999999,
              31.086399999999998
            ],
            [
              -81.4575,
              31.086399999999998
            ],
            [
              -81.4575,
              31.086299999999998
            ],
            [
              -81.457,
              31.086299999999998
            ],
            [
              -81.457,
              31.086399999999998
            ],
            [
              -81.45689999999999,
              31.086399999999998
            ],
            [
              -81.45689999999999,
              31.086699999999997
            ],
            [
              -81.45739999999999,
              31.086699999999997
            ],
            [
              -81.45739999999999,
              31.087
            ],
            [
              -81.4571,
              31.087
            ],
            [
              -81.4571,
              31.0868
            ],
            [
              -81.4566,
              31.0868
            ],
            [
              -81.4566,
              31.0872
            ],
            [
              -81.4567,
              31.0872
            ],
            [
              -81.4567,
              31.0873
            ],
            [
              -81.45679999999999,
              31.0873
            ],
            [
              -81.45679999999999,
              31.0874
            ],
            [
              -81.45689999999999,
              31.0874
            ],
            [
              -81.45689999999999,
              31.0875
            ],
            [
              -81.45719999999999,
              31.0875
            ],
            [
              -81.45719999999999,
              31.0874
            ],
            [
              -81.45739999999999,
              31.0874
            ],
            [
              -81.45739999999999,
              31.0875
            ],
            [
              -81.45769999999999,
              31.0875
            ]
          ]
        ]
      },
      "properties": {
        "candidate_id": "CS_0090",
        "numeric_id": 90,
        "raw_component_id": 1409,
        "pixel_count": 95,
        "area_km2": 0.0101,
        "perimeter_km": 0.515,
        "centroid_lon": -81.45723,
        "centroid_lat": 31.08694,
        "bounding_box": [
          -81.45775,
          31.08635,
          -81.45665,
          31.08745
        ],
        "length_km": 0.146,
        "width_km": 0.113,
        "aspect_ratio": 1.3,
        "orientation_deg": 11.9,
        "mean_sigma0_db": -24.46,
        "min_sigma0_db": -27.87,
        "mean_contrast_db": 6.54,
        "max_contrast_db": 10.27,
        "candidate_score": 0.577,
        "heuristic_confidence": 0.577,
        "rejection_reasons": [
          "AREA_TOO_SMALL"
        ],
        "status": "REJECTED"
      }
    },
    {
      "type": "Feature",
      "id": "CS_0091",
      "geometry": {
        "type": "Polygon",
        "coordinates": [
          [
            [
              -81.45389999999999,
              31.0875
            ],
            [
              -81.45389999999999,
              31.0871
            ],
            [
              -81.45379999999999,
              31.0871
            ],
            [
              -81.45379999999999,
              31.087
            ],
            [
              -81.45439999999999,
              31.087
            ],
            [
              -81.45439999999999,
              31.086599999999997
            ],
            [
              -81.45429999999999,
              31.086599999999997
            ],
            [
              -81.45429999999999,
              31.086499999999997
            ],
            [
              -81.45389999999999,
              31.086499999999997
            ],
            [
              -81.45389999999999,
              31.086399999999998
            ],
            [
              -81.4536,
              31.086399999999998
            ],
            [
              -81.4536,
              31.086599999999997
            ],
            [
              -81.45349999999999,
              31.086599999999997
            ],
            [
              -81.45349999999999,
              31.0872
            ],
            [
              -81.4536,
              31.0872
            ],
            [
              -81.4536,
              31.0875
            ],
            [
              -81.45389999999999,
              31.0875
            ]
          ]
        ]
      },
      "properties": {
        "candidate_id": "CS_0091",
        "numeric_id": 91,
        "raw_component_id": 1410,
        "pixel_count": 62,
        "area_km2": 0.0066,
        "perimeter_km": 0.37,
        "centroid_lon": -81.45388,
        "centroid_lat": 31.08687,
        "bounding_box": [
          -81.45435,
          31.08645,
          -81.45355,
          31.08745
        ],
        "length_km": 0.124,
        "width_km": 0.084,
        "aspect_ratio": 1.47,
        "orientation_deg": 22.4,
        "mean_sigma0_db": -24.51,
        "min_sigma0_db": -27.18,
        "mean_contrast_db": 5.65,
        "max_contrast_db": 8.01,
        "candidate_score": 0.51,
        "heuristic_confidence": 0.51,
        "rejection_reasons": [
          "AREA_TOO_SMALL"
        ],
        "status": "REJECTED"
      }
    },
    {
      "type": "Feature",
      "id": "CS_0092",
      "geometry": {
        "type": "Polygon",
        "coordinates": [
          [
            [
              -81.45239999999998,
              31.0875
            ],
            [
              -81.45239999999998,
              31.0873
            ],
            [
              -81.45249999999999,
              31.0873
            ],
            [
              -81.45249999999999,
              31.0874
            ],
            [
              -81.45279999999998,
              31.0874
            ],
            [
              -81.45279999999998,
              31.0871
            ],
            [
              -81.4527,
              31.0871
            ],
            [
              -81.4527,
              31.087
            ],
            [
              -81.45279999999998,
              31.087
            ],
            [
              -81.45279999999998,
              31.0869
            ],
            [
              -81.45299999999999,
              31.0869
            ],
            [
              -81.45299999999999,
              31.086599999999997
            ],
            [
              -81.45239999999998,
              31.086599999999997
            ],
            [
              -81.45239999999998,
              31.086699999999997
            ],
            [
              -81.45209999999999,
              31.086699999999997
            ],
            [
              -81.45209999999999,
              31.086599999999997
            ],
            [
              -81.45179999999999,
              31.086599999999997
            ],
            [
              -81.45179999999999,
              31.086499999999997
            ],
            [
              -81.4519,
              31.086499999999997
            ],
            [
              -81.4519,
              31.086399999999998
            ],
            [
              -81.45219999999999,
              31.086399999999998
            ],
            [
              -81.45219999999999,
              31.0861
            ],
            [
              -81.4523,
              31.0861
            ],
            [
              -81.4523,
              31.086199999999998
            ],
            [
              -81.45239999999998,
              31.086199999999998
            ],
            [
              -81.45239999999998,
              31.086299999999998
            ],
            [
              -81.4527,
              31.086299999999998
            ],
            [
              -81.4527,
              31.0859
            ],
            [
              -81.45239999999998,
              31.0859
            ],
            [
              -81.45239999999998,
              31.0857
            ],
            [
              -81.4527,
              31.0857
            ],
            [
              -81.4527,
              31.085199999999997
            ],
            [
              -81.45219999999999,
              31.085199999999997
            ],
            [
              -81.45219999999999,
              31.0853
            ],
            [
              -81.45209999999999,
              31.0853
            ],
            [
              -81.45209999999999,
              31.0854
            ],
            [
              -81.45199999999998,
              31.0854
            ],
            [
              -81.45199999999998,
              31.085199999999997
            ],
            [
              -81.45169999999999,
              31.085199999999997
            ],
            [
              -81.45169999999999,
              31.0857
            ],
            [
              -81.4519,
              31.0857
            ],
            [
              -81.4519,
              31.0859
            ],
            [
              -81.45179999999999,
              31.0859
            ],
            [
              -81.45179999999999,
              31.0861
            ],
            [
              -81.45169999999999,
              31.0861
            ],
            [
              -81.45169999999999,
              31.0858
            ],
            [
              -81.45139999999999,
              31.0858
            ],
            [
              -81.45139999999999,
              31.0855
            ],
            [
              -81.45119999999999,
              31.0855
            ],
            [
              -81.45119999999999,
              31.0853
            ],
            [
              -81.45089999999999,
              31.0853
            ],
            [
              -81.45089999999999,
              31.0854
            ],
            [
              -81.4506,
              31.0854
            ],
            [
              -81.4506,
              31.085099999999997
            ],
            [
              -81.45049999999999,
              31.085099999999997
            ],
            [
              -81.45049999999999,
              31.084999999999997
            ],
            [
              -81.44999999999999,
              31.084999999999997
            ],
            [
              -81.44999999999999,
              31.085099999999997
            ],
            [
              -81.44979999999998,
              31.085099999999997
            ],
            [
              -81.44979999999998,
              31.085199999999997
            ],
            [
              -81.44969999999999,
              31.085199999999997
            ],
            [
              -81.44969999999999,
              31.0853
            ],
            [
              -81.44959999999999,
              31.0853
            ],
            [
              -81.44959999999999,
              31.0855
            ],
            [
              -81.44939999999998,
              31.0855
            ],
            [
              -81.44939999999998,
              31.0853
            ],
            [
              -81.44909999999999,
              31.0853
            ],
            [
              -81.44909999999999,
              31.085099999999997
            ],
            [
              -81.44879999999999,
              31.085099999999997
            ],
            [
              -81.44879999999999,
              31.0853
            ],
            [
              -81.44869999999999,
              31.0853
            ],
            [
              -81.44869999999999,
              31.0857
            ],
            [
              -81.4489,
              31.0857
            ],
            [
              -81.4489,
              31.0858
            ],
            [
              -81.44899999999998,
              31.0858
            ],
            [
              -81.44899999999998,
              31.0859
            ],
            [
              -81.44949999999999,
              31.0859
            ],
            [
              -81.44949999999999,
              31.0858
            ],
            [
              -81.44959999999999,
              31.0858
            ],
            [
              -81.44959999999999,
              31.0857
            ],
            [
              -81.44989999999999,
              31.0857
            ],
            [
              -81.44989999999999,
              31.0856
            ],
            [
              -81.44999999999999,
              31.0856
            ],
            [
              -81.44999999999999,
              31.0857
            ],
            [
              -81.45009999999999,
              31.0857
            ],
            [
              -81.45009999999999,
              31.0858
            ],
            [
              -81.4502,
              31.0858
            ],
            [
              -81.4502,
              31.0859
            ],
            [
              -81.45039999999999,
              31.0859
            ],
            [
              -81.45039999999999,
              31.0861
            ],
            [
              -81.45029999999998,
              31.0861
            ],
            [
              -81.45029999999998,
              31.086
            ],
            [
              -81.44979999999998,
              31.086
            ],
            [
              -81.44979999999998,
              31.086199999999998
            ],
            [
              -81.44959999999999,
              31.086199999999998
            ],
            [
              -81.44959999999999,
              31.0861
            ],
            [
              -81.4493,
              31.0861
            ],
            [
              -81.4493,
              31.086399999999998
            ],
            [
              -81.44939999999998,
              31.086399999999998
            ],
            [
              -81.44939999999998,
              31.086499999999997
            ],
            [
              -81.44959999999999,
              31.086499999999997
            ],
            [
              -81.44959999999999,
              31.0868
            ],
            [
              -81.44969999999999,
              31.0868
            ],
            [
              -81.44969999999999,
              31.0869
            ],
            [
              -81.44959999999999,
              31.0869
            ],
            [
              -81.44959999999999,
              31.0872
            ],
            [
              -81.44989999999999,
              31.0872
            ],
            [
              -81.44989999999999,
              31.087
            ],
            [
              -81.45009999999999,
              31.087
            ],
            [
              -81.45009999999999,
              31.0869
            ],
            [
              -81.4502,
              31.0869
            ],
            [
              -81.4502,
              31.0868
            ],
            [
              -81.45029999999998,
              31.0868
            ],
            [
              -81.45029999999998,
              31.086699999999997
            ],
            [
              -81.45049999999999,
              31.086699999999997
            ],
            [
              -81.45049999999999,
              31.0869
            ],
            [
              -81.45129999999999,
              31.0869
            ],
            [
              -81.45129999999999,
              31.086599999999997
            ],
            [
              -81.45139999999999,
              31.086599999999997
            ],
            [
              -81.45139999999999,
              31.086299999999998
            ],
            [
              -81.45159999999998,
              31.086299999999998
            ],
            [
              -81.45159999999998,
              31.086499999999997
            ],
            [
              -81.4515,
              31.086499999999997
            ],
            [
              -81.4515,
              31.0871
            ],
            [
              -81.4519,
              31.0871
            ],
            [
              -81.4519,
              31.087
            ],
            [
              -81.45239999999998,
              31.087
            ],
            [
              -81.45239999999998,
              31.0872
            ],
            [
              -81.45209999999999,
              31.0872
            ],
            [
              -81.45209999999999,
              31.0875
            ],
            [
              -81.45239999999998,
              31.0875
            ]
          ],
          [
            [
              -81.451,
              31.086399999999998
            ],
            [
              -81.45089999999999,
              31.086399999999998
            ],
            [
              -81.45089999999999,
              31.086199999999998
            ],
            [
              -81.45119999999999,
              31.086199999999998
            ],
            [
              -81.45119999999999,
              31.086299999999998
            ],
            [
              -81.451,
              31.086299999999998
            ],
            [
              -81.451,
              31.086399999999998
            ]
          ],
          [
            [
              -81.45089999999999,
              31.086199999999998
            ],
            [
              -81.4506,
              31.086199999999998
            ],
            [
              -81.4506,
              31.0861
            ],
            [
              -81.45069999999998,
              31.0861
            ],
            [
              -81.45069999999998,
              31.086
            ],
            [
              -81.45079999999999,
              31.086
            ],
            [
              -81.45079999999999,
              31.0859
            ],
            [
              -81.45089999999999,
              31.0859
            ],
            [
              -81.45089999999999,
              31.086199999999998
            ]
          ],
          [
            [
              -81.45109999999998,
              31.0859
            ],
            [
              -81.45089999999999,
              31.0859
            ],
            [
              -81.45089999999999,
              31.0858
            ],
            [
              -81.45109999999998,
              31.0858
            ],
            [
              -81.45109999999998,
              31.0859
            ]
          ]
        ]
      },
      "properties": {
        "candidate_id": "CS_0092",
        "numeric_id": 92,
        "raw_component_id": 1411,
        "pixel_count": 530,
        "area_km2": 0.0561,
        "perimeter_km": 2.243,
        "centroid_lon": -81.45096,
        "centroid_lat": 31.08611,
        "bounding_box": [
          -81.45295,
          31.08505,
          -81.44875,
          31.08745
        ],
        "length_km": 0.432,
        "width_km": 0.244,
        "aspect_ratio": 1.77,
        "orientation_deg": -74.4,
        "mean_sigma0_db": -24.77,
        "min_sigma0_db": -29.03,
        "mean_contrast_db": 6.17,
        "max_contrast_db": 10.23,
        "candidate_score": 0.577,
        "heuristic_confidence": 0.577,
        "rejection_reasons": [],
        "status": "ACCEPTED"
      }
    },
    {
      "type": "Feature",
      "id": "CS_0093",
      "geometry": {
        "type": "Polygon",
        "coordinates": [
          [
            [
              -81.44539999999999,
              31.0874
            ],
            [
              -81.44539999999999,
              31.087
            ],
            [
              -81.4455,
              31.087
            ],
            [
              -81.4455,
              31.086599999999997
            ],
            [
              -81.44529999999999,
              31.086599999999997
            ],
            [
              -81.44529999999999,
              31.086299999999998
            ],
            [
              -81.44489999999999,
              31.086299999999998
            ],
            [
              -81.44489999999999,
              31.086399999999998
            ],
            [
              -81.4446,
              31.086399999999998
            ],
            [
              -81.4446,
              31.0869
            ],
            [
              -81.445,
              31.0869
            ],
            [
              -81.445,
              31.0871
            ],
            [
              -81.44489999999999,
              31.0871
            ],
            [
              -81.44489999999999,
              31.0874
            ],
            [
              -81.44539999999999,
              31.0874
            ]
          ]
        ]
      },
      "properties": {
        "candidate_id": "CS_0093",
        "numeric_id": 93,
        "raw_component_id": 1414,
        "pixel_count": 69,
        "area_km2": 0.0073,
        "perimeter_km": 0.381,
        "centroid_lon": -81.44508,
        "centroid_lat": 31.08682,
        "bounding_box": [
          -81.44545,
          31.08635,
          -81.44465,
          31.08735
        ],
        "length_km": 0.133,
        "width_km": 0.079,
        "aspect_ratio": 1.69,
        "orientation_deg": -16.6,
        "mean_sigma0_db": -24.2,
        "min_sigma0_db": -26.23,
        "mean_contrast_db": 7.17,
        "max_contrast_db": 9.68,
        "candidate_score": 0.613,
        "heuristic_confidence": 0.613,
        "rejection_reasons": [
          "AREA_TOO_SMALL"
        ],
        "status": "REJECTED"
      }
    },
    {
      "type": "Feature",
      "id": "CS_0094",
      "geometry": {
        "type": "Polygon",
        "coordinates": [
          [
            [
              -81.4014,
              31.0851
            ],
            [
              -81.4014,
              31.0848
            ],
            [
              -81.4015,
              31.0848
            ],
            [
              -81.4015,
              31.0847
            ],
            [
              -81.4018,
              31.0847
            ],
            [
              -81.4018,
              31.0842
            ],
            [
              -81.4009,
              31.0842
            ],
            [
              -81.4009,
              31.0847
            ],
            [
              -81.40119999999999,
              31.0847
            ],
            [
              -81.40119999999999,
              31.0848
            ],
            [
              -81.4011,
              31.0848
            ],
            [
              -81.4011,
              31.0851
            ],
            [
              -81.4014,
              31.0851
            ]
          ]
        ]
      },
      "properties": {
        "candidate_id": "CS_0094",
        "numeric_id": 94,
        "raw_component_id": 1439,
        "pixel_count": 57,
        "area_km2": 0.006,
        "perimeter_km": 0.35,
        "centroid_lon": -81.40133,
        "centroid_lat": 31.08454,
        "bounding_box": [
          -81.40175,
          31.08425,
          -81.40095,
          31.08505
        ],
        "length_km": 0.104,
        "width_km": 0.087,
        "aspect_ratio": 1.19,
        "orientation_deg": 21.8,
        "mean_sigma0_db": -24.5,
        "min_sigma0_db": -26.88,
        "mean_contrast_db": 6.99,
        "max_contrast_db": 9.53,
        "candidate_score": 0.612,
        "heuristic_confidence": 0.612,
        "rejection_reasons": [
          "AREA_TOO_SMALL"
        ],
        "status": "REJECTED"
      }
    },
    {
      "type": "Feature",
      "id": "CS_0095",
      "geometry": {
        "type": "Polygon",
        "coordinates": [
          [
            [
              -81.40009999999998,
              31.0851
            ],
            [
              -81.40009999999998,
              31.085
            ],
            [
              -81.40029999999999,
              31.085
            ],
            [
              -81.40029999999999,
              31.084600000000002
            ],
            [
              -81.40019999999998,
              31.084600000000002
            ],
            [
              -81.40019999999998,
              31.084500000000002
            ],
            [
              -81.39989999999999,
              31.084500000000002
            ],
            [
              -81.39989999999999,
              31.084400000000002
            ],
            [
              -81.39979999999998,
              31.084400000000002
            ],
            [
              -81.39979999999998,
              31.0841
            ],
            [
              -81.39939999999999,
              31.0841
            ],
            [
              -81.39939999999999,
              31.084600000000002
            ],
            [
              -81.39949999999999,
              31.084600000000002
            ],
            [
              -81.39949999999999,
              31.0848
            ],
            [
              -81.39979999999998,
              31.0848
            ],
            [
              -81.39979999999998,
              31.0851
            ],
            [
              -81.40009999999998,
              31.0851
            ]
          ]
        ]
      },
      "properties": {
        "candidate_id": "CS_0095",
        "numeric_id": 95,
        "raw_component_id": 1440,
        "pixel_count": 54,
        "area_km2": 0.0057,
        "perimeter_km": 0.329,
        "centroid_lon": -81.39983,
        "centroid_lat": 31.08461,
        "bounding_box": [
          -81.40025,
          31.08415,
          -81.39945,
          31.08505
        ],
        "length_km": 0.131,
        "width_km": 0.061,
        "aspect_ratio": 2.15,
        "orientation_deg": -36.3,
        "mean_sigma0_db": -24.56,
        "min_sigma0_db": -27.21,
        "mean_contrast_db": 5.19,
        "max_contrast_db": 8.22,
        "candidate_score": 0.487,
        "heuristic_confidence": 0.487,
        "rejection_reasons": [
          "AREA_TOO_SMALL"
        ],
        "status": "REJECTED"
      }
    },
    {
      "type": "Feature",
      "id": "CS_0096",
      "geometry": {
        "type": "Polygon",
        "coordinates": [
          [
            [
              -81.4018,
              31.084
            ],
            [
              -81.4018,
              31.0837
            ],
            [
              -81.4015,
              31.0837
            ],
            [
              -81.4015,
              31.0836
            ],
            [
              -81.40159999999999,
              31.0836
            ],
            [
              -81.40159999999999,
              31.0833
            ],
            [
              -81.40129999999999,
              31.0833
            ],
            [
              -81.40129999999999,
              31.0834
            ],
            [
              -81.401,
              31.0834
            ],
            [
              -81.401,
              31.0836
            ],
            [
              -81.40079999999999,
              31.0836
            ],
            [
              -81.40079999999999,
              31.0839
            ],
            [
              -81.4009,
              31.0839
            ],
            [
              -81.4009,
              31.084
            ],
            [
              -81.40129999999999,
              31.084
            ],
            [
              -81.40129999999999,
              31.0839
            ],
            [
              -81.4014,
              31.0839
            ],
            [
              -81.4014,
              31.084
            ],
            [
              -81.4018,
              31.084
            ]
          ]
        ]
      },
      "properties": {
        "candidate_id": "CS_0096",
        "numeric_id": 96,
        "raw_component_id": 1452,
        "pixel_count": 50,
        "area_km2": 0.0053,
        "perimeter_km": 0.319,
        "centroid_lon": -81.4013,
        "centroid_lat": 31.0837,
        "bounding_box": [
          -81.40175,
          31.08335,
          -81.40085,
          31.08395
        ],
        "length_km": 0.096,
        "width_km": 0.081,
        "aspect_ratio": 1.18,
        "orientation_deg": 89.7,
        "mean_sigma0_db": -24.9,
        "min_sigma0_db": -27.9,
        "mean_contrast_db": 7.39,
        "max_contrast_db": 10.22,
        "candidate_score": 0.625,
        "heuristic_confidence": 0.625,
        "rejection_reasons": [
          "AREA_TOO_SMALL"
        ],
        "status": "REJECTED"
      }
    },
    {
      "type": "Feature",
      "id": "CS_0097",
      "geometry": {
        "type": "Polygon",
        "coordinates": [
          [
            [
              -81.3995,
              31.0838
            ],
            [
              -81.3995,
              31.0835
            ],
            [
              -81.3992,
              31.0835
            ],
            [
              -81.3992,
              31.0838
            ],
            [
              -81.3995,
              31.0838
            ]
          ]
        ]
      },
      "properties": {
        "candidate_id": "CS_0097",
        "numeric_id": 97,
        "raw_component_id": 1453,
        "pixel_count": 59,
        "area_km2": 0.0062,
        "perimeter_km": 0.494,
        "centroid_lon": -81.39972,
        "centroid_lat": 31.08342,
        "bounding_box": [
          -81.40015,
          31.08275,
          -81.39925,
          31.08395
        ],
        "length_km": 0.169,
        "width_km": 0.084,
        "aspect_ratio": 2.02,
        "orientation_deg": -16.9,
        "mean_sigma0_db": -24.59,
        "min_sigma0_db": -27.9,
        "mean_contrast_db": 5.14,
        "max_contrast_db": 8.87,
        "candidate_score": 0.481,
        "heuristic_confidence": 0.481,
        "rejection_reasons": [
          "AREA_TOO_SMALL"
        ],
        "status": "REJECTED"
      }
    },
    {
      "type": "Feature",
      "id": "CS_0098",
      "geometry": {
        "type": "Polygon",
        "coordinates": [
          [
            [
              -81.4009,
              31.0833
            ],
            [
              -81.4009,
              31.083000000000002
            ],
            [
              -81.401,
              31.083000000000002
            ],
            [
              -81.401,
              31.082900000000002
            ],
            [
              -81.40109999999999,
              31.082900000000002
            ],
            [
              -81.40109999999999,
              31.083000000000002
            ],
            [
              -81.4014,
              31.083000000000002
            ],
            [
              -81.4014,
              31.082700000000003
            ],
            [
              -81.40159999999999,
              31.082700000000003
            ],
            [
              -81.40159999999999,
              31.082600000000003
            ],
            [
              -81.40169999999999,
              31.082600000000003
            ],
            [
              -81.40169999999999,
              31.0821
            ],
            [
              -81.40159999999999,
              31.0821
            ],
            [
              -81.40159999999999,
              31.082
            ],
            [
              -81.40129999999999,
              31.082
            ],
            [
              -81.40129999999999,
              31.0821
            ],
            [
              -81.401,
              31.0821
            ],
            [
              -81.401,
              31.0825
            ],
            [
              -81.4006,
              31.0825
            ],
            [
              -81.4006,
              31.0823
            ],
            [
              -81.4001,
              31.0823
            ],
            [
              -81.4001,
              31.0819
            ],
            [
              -81.39979999999998,
              31.0819
            ],
            [
              -81.39979999999998,
              31.0821
            ],
            [
              -81.3997,
              31.0821
            ],
            [
              -81.3997,
              31.0822
            ],
            [
              -81.3992,
              31.0822
            ],
            [
              -81.3992,
              31.0825
            ],
            [
              -81.39999999999999,
              31.0825
            ],
            [
              -81.39999999999999,
              31.082800000000002
            ],
            [
              -81.40029999999999,
              31.082800000000002
            ],
            [
              -81.40029999999999,
              31.083000000000002
            ],
            [
              -81.4006,
              31.083000000000002
            ],
            [
              -81.4006,
              31.0833
            ],
            [
              -81.4009,
              31.0833
            ]
          ]
        ]
      },
      "properties": {
        "candidate_id": "CS_0098",
        "numeric_id": 98,
        "raw_component_id": 1465,
        "pixel_count": 190,
        "area_km2": 0.0201,
        "perimeter_km": 0.988,
        "centroid_lon": -81.40038,
        "centroid_lat": 31.08241,
        "bounding_box": [
          -81.40165,
          31.08165,
          -81.39895,
          31.08325
        ],
        "length_km": 0.317,
        "width_km": 0.133,
        "aspect_ratio": 2.38,
        "orientation_deg": -69.8,
        "mean_sigma0_db": -24.66,
        "min_sigma0_db": -29.06,
        "mean_contrast_db": 6.04,
        "max_contrast_db": 10.23,
        "candidate_score": 0.562,
        "heuristic_confidence": 0.562,
        "rejection_reasons": [
          "AREA_TOO_SMALL"
        ],
        "status": "REJECTED"
      }
    },
    {
      "type": "Feature",
      "id": "CS_0099",
      "geometry": {
        "type": "Polygon",
        "coordinates": [
          [
            [
              -81.4009,
              31.0819
            ],
            [
              -81.4009,
              31.0818
            ],
            [
              -81.4014,
              31.0818
            ],
            [
              -81.4014,
              31.081500000000002
            ],
            [
              -81.40119999999999,
              31.081500000000002
            ],
            [
              -81.40119999999999,
              31.081200000000003
            ],
            [
              -81.4009,
              31.081200000000003
            ],
            [
              -81.4009,
              31.081500000000002
            ],
            [
              -81.40079999999999,
              31.081500000000002
            ],
            [
              -81.40079999999999,
              31.081300000000002
            ],
            [
              -81.4006,
              31.081300000000002
            ],
            [
              -81.4006,
              31.081200000000003
            ],
            [
              -81.4007,
              31.081200000000003
            ],
            [
              -81.4007,
              31.0809
            ],
            [
              -81.4002,
              31.0809
            ],
            [
              -81.4002,
              31.081200000000003
            ],
            [
              -81.4003,
              31.081200000000003
            ],
            [
              -81.4003,
              31.0818
            ],
            [
              -81.4006,
              31.0818
            ],
            [
              -81.4006,
              31.0819
            ],
            [
              -81.4009,
              31.0819
            ]
          ]
        ]
      },
      "properties": {
        "candidate_id": "CS_0099",
        "numeric_id": 99,
        "raw_component_id": 1487,
        "pixel_count": 73,
        "area_km2": 0.0077,
        "perimeter_km": 0.442,
        "centroid_lon": -81.40073,
        "centroid_lat": 31.08145,
        "bounding_box": [
          -81.40135,
          31.08095,
          -81.40025,
          31.08185
        ],
        "length_km": 0.139,
        "width_km": 0.088,
        "aspect_ratio": 1.57,
        "orientation_deg": -47.2,
        "mean_sigma0_db": -24.88,
        "min_sigma0_db": -27.9,
        "mean_contrast_db": 6.69,
        "max_contrast_db": 10.1,
        "candidate_score": 0.606,
        "heuristic_confidence": 0.606,
        "rejection_reasons": [
          "AREA_TOO_SMALL"
        ],
        "status": "REJECTED"
      }
    },
    {
      "type": "Feature",
      "id": "CS_0100",
      "geometry": {
        "type": "Polygon",
        "coordinates": [
          [
            [
              -81.4986,
              31.0813
            ],
            [
              -81.4986,
              31.0812
            ],
            [
              -81.4987,
              31.0812
            ],
            [
              -81.4987,
              31.0807
            ],
            [
              -81.499,
              31.0807
            ],
            [
              -81.499,
              31.080399999999997
            ],
            [
              -81.4987,
              31.080399999999997
            ],
            [
              -81.4987,
              31.080499999999997
            ],
            [
              -81.4986,
              31.080499999999997
            ],
            [
              -81.4986,
              31.080399999999997
            ],
            [
              -81.49849999999999,
              31.080399999999997
            ],
            [
              -81.49849999999999,
              31.080199999999998
            ],
            [
              -81.4982,
              31.080199999999998
            ],
            [
              -81.4982,
              31.080399999999997
            ],
            [
              -81.4981,
              31.080399999999997
            ],
            [
              -81.4981,
              31.0807
            ],
            [
              -81.4982,
              31.0807
            ],
            [
              -81.4982,
              31.081
            ],
            [
              -81.4983,
              31.081
            ],
            [
              -81.4983,
              31.0813
            ],
            [
              -81.4986,
              31.0813
            ]
          ]
        ]
      },
      "properties": {
        "candidate_id": "CS_0100",
        "numeric_id": 100,
        "raw_component_id": 1496,
        "pixel_count": 58,
        "area_km2": 0.0061,
        "perimeter_km": 0.35,
        "centroid_lon": -81.49849,
        "centroid_lat": 31.08072,
        "bounding_box": [
          -81.49895,
          31.08025,
          -81.49815,
          31.08125
        ],
        "length_km": 0.122,
        "width_km": 0.079,
        "aspect_ratio": 1.54,
        "orientation_deg": -0.2,
        "mean_sigma0_db": -24.57,
        "min_sigma0_db": -28.22,
        "mean_contrast_db": 10.38,
        "max_contrast_db": 14.05,
        "candidate_score": 0.621,
        "heuristic_confidence": 0.621,
        "rejection_reasons": [
          "AREA_TOO_SMALL"
        ],
        "status": "REJECTED"
      }
    },
    {
      "type": "Feature",
      "id": "CS_0101",
      "geometry": {
        "type": "Polygon",
        "coordinates": [
          [
            [
              -81.3997,
              31.0813
            ],
            [
              -81.3997,
              31.0812
            ],
            [
              -81.3998,
              31.0812
            ],
            [
              -81.3998,
              31.0811
            ],
            [
              -81.3999,
              31.0811
            ],
            [
              -81.3999,
              31.0808
            ],
            [
              -81.40039999999999,
              31.0808
            ],
            [
              -81.40039999999999,
              31.0806
            ],
            [
              -81.4005,
              31.0806
            ],
            [
              -81.4005,
              31.080299999999998
            ],
            [
              -81.40039999999999,
              31.080299999999998
            ],
            [
              -81.40039999999999,
              31.080199999999998
            ],
            [
              -81.4006,
              31.080199999999998
            ],
            [
              -81.4006,
              31.0798
            ],
            [
              -81.4003,
              31.0798
            ],
            [
              -81.4003,
              31.0799
            ],
            [
              -81.4002,
              31.0799
            ],
            [
              -81.4002,
              31.08
            ],
            [
              -81.4001,
              31.08
            ],
            [
              -81.4001,
              31.080299999999998
            ],
            [
              -81.3999,
              31.080299999999998
            ],
            [
              -81.3999,
              31.080099999999998
            ],
            [
              -81.3995,
              31.080099999999998
            ],
            [
              -81.3995,
              31.080299999999998
            ],
            [
              -81.3993,
              31.080299999999998
            ],
            [
              -81.3993,
              31.0813
            ],
            [
              -81.3997,
              31.0813
            ]
          ],
          [
            [
              -81.3997,
              31.0808
            ],
            [
              -81.39959999999999,
              31.0808
            ],
            [
              -81.39959999999999,
              31.0806
            ],
            [
              -81.3997,
              31.0806
            ],
            [
              -81.3997,
              31.0808
            ]
          ]
        ]
      },
      "properties": {
        "candidate_id": "CS_0101",
        "numeric_id": 101,
        "raw_component_id": 1498,
        "pixel_count": 111,
        "area_km2": 0.0118,
        "perimeter_km": 0.545,
        "centroid_lon": -81.39988,
        "centroid_lat": 31.08055,
        "bounding_box": [
          -81.40055,
          31.07985,
          -81.39935,
          31.08125
        ],
        "length_km": 0.189,
        "width_km": 0.095,
        "aspect_ratio": 1.99,
        "orientation_deg": 39.0,
        "mean_sigma0_db": -25.27,
        "min_sigma0_db": -29.06,
        "mean_contrast_db": 6.02,
        "max_contrast_db": 10.24,
        "candidate_score": 0.572,
        "heuristic_confidence": 0.572,
        "rejection_reasons": [
          "AREA_TOO_SMALL"
        ],
        "status": "REJECTED"
      }
    },
    {
      "type": "Feature",
      "id": "CS_0102",
      "geometry": {
        "type": "Polygon",
        "coordinates": [
          [
            [
              -81.40109999999999,
              31.081
            ],
            [
              -81.40109999999999,
              31.0808
            ],
            [
              -81.40119999999999,
              31.0808
            ],
            [
              -81.40119999999999,
              31.0809
            ],
            [
              -81.40149999999998,
              31.0809
            ],
            [
              -81.40149999999998,
              31.0806
            ],
            [
              -81.40169999999999,
              31.0806
            ],
            [
              -81.40169999999999,
              31.0803
            ],
            [
              -81.40159999999999,
              31.0803
            ],
            [
              -81.40159999999999,
              31.080199999999998
            ],
            [
              -81.40119999999999,
              31.080199999999998
            ],
            [
              -81.40119999999999,
              31.080099999999998
            ],
            [
              -81.40109999999999,
              31.080099999999998
            ],
            [
              -81.40109999999999,
              31.0799
            ],
            [
              -81.40159999999999,
              31.0799
            ],
            [
              -81.40159999999999,
              31.0795
            ],
            [
              -81.4014,
              31.0795
            ],
            [
              -81.4014,
              31.0792
            ],
            [
              -81.401,
              31.0792
            ],
            [
              -81.401,
              31.0793
            ],
            [
              -81.4006,
              31.0793
            ],
            [
              -81.4006,
              31.0796
            ],
            [
              -81.40069999999999,
              31.0796
            ],
            [
              -81.40069999999999,
              31.08
            ],
            [
              -81.40079999999999,
              31.08
            ],
            [
              -81.40079999999999,
              31.0805
            ],
            [
              -81.40069999999999,
              31.0805
            ],
            [
              -81.40069999999999,
              31.0808
            ],
            [
              -81.40079999999999,
              31.0808
            ],
            [
              -81.40079999999999,
              31.081
            ],
            [
              -81.40109999999999,
              31.081
            ]
          ]
        ]
      },
      "properties": {
        "candidate_id": "CS_0102",
        "numeric_id": 102,
        "raw_component_id": 1502,
        "pixel_count": 129,
        "area_km2": 0.0137,
        "perimeter_km": 0.607,
        "centroid_lon": -81.40112,
        "centroid_lat": 31.08008,
        "bounding_box": [
          -81.40165,
          31.07925,
          -81.40065,
          31.08095
        ],
        "length_km": 0.224,
        "width_km": 0.096,
        "aspect_ratio": 2.32,
        "orientation_deg": -3.2,
        "mean_sigma0_db": -24.98,
        "min_sigma0_db": -30.4,
        "mean_contrast_db": 7.19,
        "max_contrast_db": 12.4,
        "candidate_score": 0.647,
        "heuristic_confidence": 0.647,
        "rejection_reasons": [
          "AREA_TOO_SMALL"
        ],
        "status": "REJECTED"
      }
    },
    {
      "type": "Feature",
      "id": "CS_0103",
      "geometry": {
        "type": "Polygon",
        "coordinates": [
          [
            [
              -81.4001,
              31.0798
            ],
            [
              -81.4001,
              31.0797
            ],
            [
              -81.4004,
              31.0797
            ],
            [
              -81.4004,
              31.0792
            ],
            [
              -81.4007,
              31.0792
            ],
            [
              -81.4007,
              31.078899999999997
            ],
            [
              -81.4009,
              31.078899999999997
            ],
            [
              -81.4009,
              31.078799999999998
            ],
            [
              -81.401,
              31.078799999999998
            ],
            [
              -81.401,
              31.0785
            ],
            [
              -81.4008,
              31.0785
            ],
            [
              -81.4008,
              31.0784
            ],
            [
              -81.40129999999999,
              31.0784
            ],
            [
              -81.40129999999999,
              31.0783
            ],
            [
              -81.4016,
              31.0783
            ],
            [
              -81.4016,
              31.0781
            ],
            [
              -81.40169999999999,
              31.0781
            ],
            [
              -81.40169999999999,
              31.078
            ],
            [
              -81.4019,
              31.078
            ],
            [
              -81.4019,
              31.0777
            ],
            [
              -81.40169999999999,
              31.0777
            ],
            [
              -81.40169999999999,
              31.077199999999998
            ],
            [
              -81.4014,
              31.077199999999998
            ],
            [
              -81.4014,
              31.0778
            ],
            [
              -81.4008,
              31.0778
            ],
            [
              -81.4008,
              31.0779
            ],
            [
              -81.4007,
              31.0779
            ],
            [
              -81.4007,
              31.0782
            ],
            [
              -81.4005,
              31.0782
            ],
            [
              -81.4005,
              31.0781
            ],
            [
              -81.3994,
              31.0781
            ],
            [
              -81.3994,
              31.0784
            ],
            [
              -81.3991,
              31.0784
            ],
            [
              -81.3991,
              31.078699999999998
            ],
            [
              -81.3993,
              31.078699999999998
            ],
            [
              -81.3993,
              31.078799999999998
            ],
            [
              -81.3994,
              31.078799999999998
            ],
            [
              -81.3994,
              31.078899999999997
            ],
            [
              -81.3993,
              31.078899999999997
            ],
            [
              -81.3993,
              31.0792
            ],
            [
              -81.39959999999999,
              31.0792
            ],
            [
              -81.39959999999999,
              31.0791
            ],
            [
              -81.3999,
              31.0791
            ],
            [
              -81.3999,
              31.078999999999997
            ],
            [
              -81.4002,
              31.078999999999997
            ],
            [
              -81.4002,
              31.0791
            ],
            [
              -81.4001,
              31.0791
            ],
            [
              -81.4001,
              31.0792
            ],
            [
              -81.3999,
              31.0792
            ],
            [
              -81.3999,
              31.0793
            ],
            [
              -81.3998,
              31.0793
            ],
            [
              -81.3998,
              31.0798
            ],
            [
              -81.4001,
              31.0798
            ]
          ],
          [
            [
              -81.4006,
              31.078899999999997
            ],
            [
              -81.4005,
              31.078899999999997
            ],
            [
              -81.4005,
              31.078799999999998
            ],
            [
              -81.4006,
              31.078799999999998
            ],
            [
              -81.4006,
              31.078899999999997
            ]
          ],
          [
            [
              -81.4002,
              31.078699999999998
            ],
            [
              -81.4001,
              31.078699999999998
            ],
            [
              -81.4001,
              31.078599999999998
            ],
            [
              -81.3999,
              31.078599999999998
            ],
            [
              -81.3999,
              31.0785
            ],
            [
              -81.4003,
              31.0785
            ],
            [
              -81.4003,
              31.078599999999998
            ],
            [
              -81.4002,
              31.078599999999998
            ],
            [
              -81.4002,
              31.078699999999998
            ]
          ]
        ]
      },
      "properties": {
        "candidate_id": "CS_0103",
        "numeric_id": 103,
        "raw_component_id": 1516,
        "pixel_count": 261,
        "area_km2": 0.0276,
        "perimeter_km": 1.122,
        "centroid_lon": -81.40042,
        "centroid_lat": 31.07853,
        "bounding_box": [
          -81.40185,
          31.07725,
          -81.39915,
          31.07975
        ],
        "length_km": 0.324,
        "width_km": 0.161,
        "aspect_ratio": 2.01,
        "orientation_deg": 49.2,
        "mean_sigma0_db": -24.88,
        "min_sigma0_db": -29.06,
        "mean_contrast_db": 6.17,
        "max_contrast_db": 10.85,
        "candidate_score": 0.572,
        "heuristic_confidence": 0.572,
        "rejection_reasons": [
          "AREA_TOO_SMALL"
        ],
        "status": "REJECTED"
      }
    },
    {
      "type": "Feature",
      "id": "CS_0104",
      "geometry": {
        "type": "Polygon",
        "coordinates": [
          [
            [
              -81.5324,
              31.0781
            ],
            [
              -81.5324,
              31.078
            ],
            [
              -81.5325,
              31.078
            ],
            [
              -81.5325,
              31.0777
            ],
            [
              -81.5324,
              31.0777
            ],
            [
              -81.5324,
              31.0775
            ],
            [
              -81.5321,
              31.0775
            ],
            [
              -81.5321,
              31.0774
            ],
            [
              -81.5317,
              31.0774
            ],
            [
              -81.5317,
              31.077299999999997
            ],
            [
              -81.5314,
              31.077299999999997
            ],
            [
              -81.5314,
              31.0777
            ],
            [
              -81.5317,
              31.0777
            ],
            [
              -81.5317,
              31.078
            ],
            [
              -81.532,
              31.078
            ],
            [
              -81.532,
              31.0781
            ],
            [
              -81.5324,
              31.0781
            ]
          ]
        ]
      },
      "properties": {
        "candidate_id": "CS_0104",
        "numeric_id": 104,
        "raw_component_id": 1523,
        "pixel_count": 58,
        "area_km2": 0.0061,
        "perimeter_km": 0.329,
        "centroid_lon": -81.53197,
        "centroid_lat": 31.0777,
        "bounding_box": [
          -81.53245,
          31.07735,
          -81.53145,
          31.07805
        ],
        "length_km": 0.124,
        "width_km": 0.066,
        "aspect_ratio": 1.9,
        "orientation_deg": -56.7,
        "mean_sigma0_db": -25.08,
        "min_sigma0_db": -27.83,
        "mean_contrast_db": 7.81,
        "max_contrast_db": 10.47,
        "candidate_score": 0.643,
        "heuristic_confidence": 0.643,
        "rejection_reasons": [
          "AREA_TOO_SMALL"
        ],
        "status": "REJECTED"
      }
    },
    {
      "type": "Feature",
      "id": "CS_0105",
      "geometry": {
        "type": "Polygon",
        "coordinates": [
          [
            [
              -81.4006,
              31.078
            ],
            [
              -81.4006,
              31.0777
            ],
            [
              -81.4007,
              31.0777
            ],
            [
              -81.4007,
              31.0775
            ],
            [
              -81.4012,
              31.0775
            ],
            [
              -81.4012,
              31.077099999999998
            ],
            [
              -81.4014,
              31.077099999999998
            ],
            [
              -81.4014,
              31.076999999999998
            ],
            [
              -81.4015,
              31.076999999999998
            ],
            [
              -81.4015,
              31.0767
            ],
            [
              -81.4012,
              31.0767
            ],
            [
              -81.4012,
              31.0766
            ],
            [
              -81.4015,
              31.0766
            ],
            [
              -81.4015,
              31.0763
            ],
            [
              -81.4013,
              31.0763
            ],
            [
              -81.4013,
              31.0758
            ],
            [
              -81.4012,
              31.0758
            ],
            [
              -81.4012,
              31.075699999999998
            ],
            [
              -81.40090000000001,
              31.075699999999998
            ],
            [
              -81.40090000000001,
              31.0758
            ],
            [
              -81.4008,
              31.0758
            ],
            [
              -81.4008,
              31.0759
            ],
            [
              -81.4006,
              31.0759
            ],
            [
              -81.4006,
              31.075599999999998
            ],
            [
              -81.4008,
              31.075599999999998
            ],
            [
              -81.4008,
              31.0752
            ],
            [
              -81.40090000000001,
              31.0752
            ],
            [
              -81.40090000000001,
              31.0751
            ],
            [
              -81.401,
              31.0751
            ],
            [
              -81.401,
              31.0752
            ],
            [
              -81.4014,
              31.0752
            ],
            [
              -81.4014,
              31.0748
            ],
            [
              -81.4015,
              31.0748
            ],
            [
              -81.4015,
              31.0747
            ],
            [
              -81.4019,
              31.0747
            ],
            [
              -81.4019,
              31.0746
            ],
            [
              -81.402,
              31.0746
            ],
            [
              -81.402,
              31.0743
            ],
            [
              -81.4018,
              31.0743
            ],
            [
              -81.4018,
              31.0742
            ],
            [
              -81.4014,
              31.0742
            ],
            [
              -81.4014,
              31.0743
            ],
            [
              -81.4012,
              31.0743
            ],
            [
              -81.4012,
              31.0742
            ],
            [
              -81.4013,
              31.0742
            ],
            [
              -81.4013,
              31.0738
            ],
            [
              -81.401,
              31.0738
            ],
            [
              -81.401,
              31.0739
            ],
            [
              -81.4007,
              31.0739
            ],
            [
              -81.4007,
              31.0743
            ],
            [
              -81.40090000000001,
              31.0743
            ],
            [
              -81.40090000000001,
              31.0744
            ],
            [
              -81.4011,
              31.0744
            ],
            [
              -81.4011,
              31.0746
            ],
            [
              -81.4012,
              31.0746
            ],
            [
              -81.4012,
              31.0747
            ],
            [
              -81.401,
              31.0747
            ],
            [
              -81.401,
              31.0746
            ],
            [
              -81.40090000000001,
              31.0746
            ],
            [
              -81.40090000000001,
              31.0745
            ],
            [
              -81.4006,
              31.0745
            ],
            [
              -81.4006,
              31.0746
            ],
            [
              -81.40050000000001,
              31.0746
            ],
            [
              -81.40050000000001,
              31.0751
            ],
            [
              -81.4003,
              31.0751
            ],
            [
              -81.4003,
              31.075499999999998
            ],
            [
              -81.4004,
              31.075499999999998
            ],
            [
              -81.4004,
              31.075599999999998
            ],
            [
              -81.4003,
              31.075599999999998
            ],
            [
              -81.4003,
              31.0759
            ],
            [
              -81.4,
              31.0759
            ],
            [
              -81.4,
              31.0764
            ],
            [
              -81.4003,
              31.0764
            ],
            [
              -81.4003,
              31.0763
            ],
            [
              -81.4004,
              31.0763
            ],
            [
              -81.4004,
              31.0759
            ],
            [
              -81.40050000000001,
              31.0759
            ],
            [
              -81.40050000000001,
              31.0762
            ],
            [
              -81.4008,
              31.0762
            ],
            [
              -81.4008,
              31.0761
            ],
            [
              -81.401,
              31.0761
            ],
            [
              -81.401,
              31.0763
            ],
            [
              -81.4011,
              31.0763
            ],
            [
              -81.4011,
              31.0765
            ],
            [
              -81.4006,
              31.0765
            ],
            [
              -81.4006,
              31.0768
            ],
            [
              -81.4001,
              31.0768
            ],
            [
              -81.4001,
              31.076999999999998
            ],
            [
              -81.3999,
              31.076999999999998
            ],
            [
              -81.3999,
              31.0768
            ],
            [
              -81.3996,
              31.0768
            ],
            [
              -81.3996,
              31.0769
            ],
            [
              -81.3995,
              31.0769
            ],
            [
              -81.3995,
              31.0773
            ],
            [
              -81.3997,
              31.0773
            ],
            [
              -81.3997,
              31.0774
            ],
            [
              -81.3996,
              31.0774
            ],
            [
              -81.3996,
              31.0776
            ],
            [
              -81.3995,
              31.0776
            ],
            [
              -81.3995,
              31.0779
            ],
            [
              -81.4,
              31.0779
            ],
            [
              -81.4,
              31.0775
            ],
            [
              -81.4001,
              31.0775
            ],
            [
              -81.4001,
              31.0774
            ],
            [
              -81.4002,
              31.0774
            ],
            [
              -81.4002,
              31.0775
            ],
            [
              -81.4003,
              31.0775
            ],
            [
              -81.4003,
              31.0776
            ],
            [
              -81.4004,
              31.0776
            ],
            [
              -81.4004,
              31.0777
            ],
            [
              -81.4003,
              31.0777
            ],
            [
              -81.4003,
              31.078
            ],
            [
              -81.4006,
              31.078
            ]
          ]
        ]
      },
      "properties": {
        "candidate_id": "CS_0105",
        "numeric_id": 105,
        "raw_component_id": 1524,
        "pixel_count": 386,
        "area_km2": 0.0409,
        "perimeter_km": 1.852,
        "centroid_lon": -81.40072,
        "centroid_lat": 31.07608,
        "bounding_box": [
          -81.40195,
          31.07385,
          -81.39955,
          31.07795
        ],
        "length_km": 0.542,
        "width_km": 0.165,
        "aspect_ratio": 3.29,
        "orientation_deg": 14.1,
        "mean_sigma0_db": -24.9,
        "min_sigma0_db": -29.48,
        "mean_contrast_db": 6.34,
        "max_contrast_db": 11.66,
        "candidate_score": 0.608,
        "heuristic_confidence": 0.608,
        "rejection_reasons": [
          "AREA_TOO_SMALL"
        ],
        "status": "REJECTED"
      }
    },
    {
      "type": "Feature",
      "id": "CS_0106",
      "geometry": {
        "type": "Polygon",
        "coordinates": [
          [
            [
              -81.5308,
              31.0757
            ],
            [
              -81.5308,
              31.075300000000002
            ],
            [
              -81.5312,
              31.075300000000002
            ],
            [
              -81.5312,
              31.075000000000003
            ],
            [
              -81.5307,
              31.075000000000003
            ],
            [
              -81.5307,
              31.0749
            ],
            [
              -81.5304,
              31.0749
            ],
            [
              -81.5304,
              31.075100000000003
            ],
            [
              -81.53,
              31.075100000000003
            ],
            [
              -81.53,
              31.075400000000002
            ],
            [
              -81.5304,
              31.075400000000002
            ],
            [
              -81.5304,
              31.0756
            ],
            [
              -81.5305,
              31.0756
            ],
            [
              -81.5305,
              31.0757
            ],
            [
              -81.5308,
              31.0757
            ]
          ]
        ]
      },
      "properties": {
        "candidate_id": "CS_0106",
        "numeric_id": 106,
        "raw_component_id": 1539,
        "pixel_count": 54,
        "area_km2": 0.0057,
        "perimeter_km": 0.36,
        "centroid_lon": -81.5306,
        "centroid_lat": 31.07526,
        "bounding_box": [
          -81.53115,
          31.07495,
          -81.53005,
          31.07565
        ],
        "length_km": 0.111,
        "width_km": 0.079,
        "aspect_ratio": 1.4,
        "orientation_deg": 78.5,
        "mean_sigma0_db": -24.42,
        "min_sigma0_db": -26.19,
        "mean_contrast_db": 6.98,
        "max_contrast_db": 8.65,
        "candidate_score": 0.613,
        "heuristic_confidence": 0.613,
        "rejection_reasons": [
          "AREA_TOO_SMALL"
        ],
        "status": "REJECTED"
      }
    },
    {
      "type": "Feature",
      "id": "CS_0107",
      "geometry": {
        "type": "Polygon",
        "coordinates": [
          [
            [
              -81.4988,
              31.0751
            ],
            [
              -81.4988,
              31.075
            ],
            [
              -81.49889999999999,
              31.075
            ],
            [
              -81.49889999999999,
              31.0749
            ],
            [
              -81.4991,
              31.0749
            ],
            [
              -81.4991,
              31.0746
            ],
            [
              -81.4988,
              31.0746
            ],
            [
              -81.4988,
              31.0747
            ],
            [
              -81.4986,
              31.0747
            ],
            [
              -81.4986,
              31.0746
            ],
            [
              -81.4984,
              31.0746
            ],
            [
              -81.4984,
              31.0744
            ],
            [
              -81.4988,
              31.0744
            ],
            [
              -81.4988,
              31.0745
            ],
            [
              -81.4991,
              31.0745
            ],
            [
              -81.4991,
              31.074099999999998
            ],
            [
              -81.49889999999999,
              31.074099999999998
            ],
            [
              -81.49889999999999,
              31.073999999999998
            ],
            [
              -81.4986,
              31.073999999999998
            ],
            [
              -81.4986,
              31.0739
            ],
            [
              -81.4983,
              31.0739
            ],
            [
              -81.4983,
              31.074199999999998
            ],
            [
              -81.498,
              31.074199999999998
            ],
            [
              -81.498,
              31.0745
            ],
            [
              -81.4981,
              31.0745
            ],
            [
              -81.4981,
              31.0748
            ],
            [
              -81.4982,
              31.0748
            ],
            [
              -81.4982,
              31.075
            ],
            [
              -81.4983,
              31.075
            ],
            [
              -81.4983,
              31.0751
            ],
            [
              -81.4988,
              31.0751
            ]
          ],
          [
            [
              -81.4984,
              31.0744
            ],
            [
              -81.4983,
              31.0744
            ],
            [
              -81.4983,
              31.074299999999997
            ],
            [
              -81.4984,
              31.074299999999997
            ],
            [
              -81.4984,
              31.0744
            ]
          ]
        ]
      },
      "properties": {
        "candidate_id": "CS_0107",
        "numeric_id": 107,
        "raw_component_id": 1548,
        "pixel_count": 87,
        "area_km2": 0.0092,
        "perimeter_km": 0.504,
        "centroid_lon": -81.49857,
        "centroid_lat": 31.07451,
        "bounding_box": [
          -81.49905,
          31.07395,
          -81.49805,
          31.07505
        ],
        "length_km": 0.142,
        "width_km": 0.108,
        "aspect_ratio": 1.31,
        "orientation_deg": 0.1,
        "mean_sigma0_db": -24.73,
        "min_sigma0_db": -27.85,
        "mean_contrast_db": 8.61,
        "max_contrast_db": 11.84,
        "candidate_score": 0.622,
        "heuristic_confidence": 0.622,
        "rejection_reasons": [
          "AREA_TOO_SMALL"
        ],
        "status": "REJECTED"
      }
    },
    {
      "type": "Feature",
      "id": "CS_0108",
      "geometry": {
        "type": "Polygon",
        "coordinates": [
          [
            [
              -81.4955,
              31.0741
            ],
            [
              -81.4955,
              31.073800000000002
            ],
            [
              -81.4956,
              31.073800000000002
            ],
            [
              -81.4956,
              31.073600000000003
            ],
            [
              -81.496,
              31.073600000000003
            ],
            [
              -81.496,
              31.073
            ],
            [
              -81.4963,
              31.073
            ],
            [
              -81.4963,
              31.0729
            ],
            [
              -81.4964,
              31.0729
            ],
            [
              -81.4964,
              31.0727
            ],
            [
              -81.4965,
              31.0727
            ],
            [
              -81.4965,
              31.0726
            ],
            [
              -81.4966,
              31.0726
            ],
            [
              -81.4966,
              31.072100000000002
            ],
            [
              -81.4961,
              31.072100000000002
            ],
            [
              -81.4961,
              31.072200000000002
            ],
            [
              -81.496,
              31.072200000000002
            ],
            [
              -81.496,
              31.0725
            ],
            [
              -81.4959,
              31.0725
            ],
            [
              -81.4959,
              31.072200000000002
            ],
            [
              -81.4956,
              31.072200000000002
            ],
            [
              -81.4956,
              31.0725
            ],
            [
              -81.4954,
              31.0725
            ],
            [
              -81.4954,
              31.072300000000002
            ],
            [
              -81.49510000000001,
              31.072300000000002
            ],
            [
              -81.49510000000001,
              31.0726
            ],
            [
              -81.4954,
              31.0726
            ],
            [
              -81.4954,
              31.0728
            ],
            [
              -81.4955,
              31.0728
            ],
            [
              -81.4955,
              31.0729
            ],
            [
              -81.4956,
              31.0729
            ],
            [
              -81.4956,
              31.073
            ],
            [
              -81.4957,
              31.073
            ],
            [
              -81.4957,
              31.0732
            ],
            [
              -81.4955,
              31.0732
            ],
            [
              -81.4955,
              31.073500000000003
            ],
            [
              -81.495,
              31.073500000000003
            ],
            [
              -81.495,
              31.073800000000002
            ],
            [
              -81.49510000000001,
              31.073800000000002
            ],
            [
              -81.49510000000001,
              31.0741
            ],
            [
              -81.4955,
              31.0741
            ]
          ]
        ]
      },
      "properties": {
        "candidate_id": "CS_0108",
        "numeric_id": 108,
        "raw_component_id": 1563,
        "pixel_count": 145,
        "area_km2": 0.0154,
        "perimeter_km": 0.762,
        "centroid_lon": -81.49579,
        "centroid_lat": 31.07294,
        "bounding_box": [
          -81.49655,
          31.07215,
          -81.49505,
          31.07405
        ],
        "length_km": 0.266,
        "width_km": 0.113,
        "aspect_ratio": 2.35,
        "orientation_deg": 25.5,
        "mean_sigma0_db": -24.66,
        "min_sigma0_db": -28.61,
        "mean_contrast_db": 8.68,
        "max_contrast_db": 12.59,
        "candidate_score": 0.638,
        "heuristic_confidence": 0.638,
        "rejection_reasons": [
          "AREA_TOO_SMALL"
        ],
        "status": "REJECTED"
      }
    },
    {
      "type": "Feature",
      "id": "CS_0109",
      "geometry": {
        "type": "Polygon",
        "coordinates": [
          [
            [
              -81.40159999999999,
              31.0737
            ],
            [
              -81.40159999999999,
              31.0734
            ],
            [
              -81.40139999999998,
              31.0734
            ],
            [
              -81.40139999999998,
              31.0733
            ],
            [
              -81.40109999999999,
              31.0733
            ],
            [
              -81.40109999999999,
              31.0731
            ],
            [
              -81.40119999999999,
              31.0731
            ],
            [
              -81.40119999999999,
              31.072699999999998
            ],
            [
              -81.4009,
              31.072699999999998
            ],
            [
              -81.4009,
              31.072599999999998
            ],
            [
              -81.40059999999998,
              31.072599999999998
            ],
            [
              -81.40059999999998,
              31.072899999999997
            ],
            [
              -81.40069999999999,
              31.072899999999997
            ],
            [
              -81.40069999999999,
              31.0735
            ],
            [
              -81.4009,
              31.0735
            ],
            [
              -81.4009,
              31.0736
            ],
            [
              -81.40109999999999,
              31.0736
            ],
            [
              -81.40109999999999,
              31.0737
            ],
            [
              -81.40159999999999,
              31.0737
            ]
          ]
        ]
      },
      "properties": {
        "candidate_id": "CS_0109",
        "numeric_id": 109,
        "raw_component_id": 1567,
        "pixel_count": 61,
        "area_km2": 0.0065,
        "perimeter_km": 0.381,
        "centroid_lon": -81.40103,
        "centroid_lat": 31.07319,
        "bounding_box": [
          -81.40155,
          31.07265,
          -81.40065,
          31.07365
        ],
        "length_km": 0.152,
        "width_km": 0.066,
        "aspect_ratio": 2.31,
        "orientation_deg": -27.8,
        "mean_sigma0_db": -24.64,
        "min_sigma0_db": -28.27,
        "mean_contrast_db": 5.96,
        "max_contrast_db": 9.9,
        "candidate_score": 0.553,
        "heuristic_confidence": 0.553,
        "rejection_reasons": [
          "AREA_TOO_SMALL"
        ],
        "status": "REJECTED"
      }
    },
    {
      "type": "Feature",
      "id": "CS_0110",
      "geometry": {
        "type": "Polygon",
        "coordinates": [
          [
            [
              -81.4927,
              31.0734
            ],
            [
              -81.4927,
              31.0731
            ],
            [
              -81.493,
              31.0731
            ],
            [
              -81.493,
              31.0728
            ],
            [
              -81.49289999999999,
              31.0728
            ],
            [
              -81.49289999999999,
              31.0727
            ],
            [
              -81.49329999999999,
              31.0727
            ],
            [
              -81.49329999999999,
              31.072599999999998
            ],
            [
              -81.4934,
              31.072599999999998
            ],
            [
              -81.4934,
              31.0729
            ],
            [
              -81.49369999999999,
              31.0729
            ],
            [
              -81.49369999999999,
              31.072499999999998
            ],
            [
              -81.4934,
              31.072499999999998
            ],
            [
              -81.4934,
              31.0723
            ],
            [
              -81.493,
              31.0723
            ],
            [
              -81.493,
              31.0724
            ],
            [
              -81.4927,
              31.0724
            ],
            [
              -81.4927,
              31.072499999999998
            ],
            [
              -81.4926,
              31.072499999999998
            ],
            [
              -81.4926,
              31.0731
            ],
            [
              -81.49229999999999,
              31.0731
            ],
            [
              -81.49229999999999,
              31.0734
            ],
            [
              -81.4927,
              31.0734
            ]
          ]
        ]
      },
      "properties": {
        "candidate_id": "CS_0110",
        "numeric_id": 110,
        "raw_component_id": 1577,
        "pixel_count": 113,
        "area_km2": 0.012,
        "perimeter_km": 0.803,
        "centroid_lon": -81.49336,
        "centroid_lat": 31.07243,
        "bounding_box": [
          -81.49415,
          31.07145,
          -81.49235,
          31.07335
        ],
        "length_km": 0.288,
        "width_km": 0.097,
        "aspect_ratio": 2.97,
        "orientation_deg": 41.5,
        "mean_sigma0_db": -24.66,
        "min_sigma0_db": -28.22,
        "mean_contrast_db": 8.52,
        "max_contrast_db": 12.12,
        "candidate_score": 0.649,
        "heuristic_confidence": 0.649,
        "rejection_reasons": [
          "AREA_TOO_SMALL"
        ],
        "status": "REJECTED"
      }
    },
    {
      "type": "Feature",
      "id": "CS_0111",
      "geometry": {
        "type": "Polygon",
        "coordinates": [
          [
            [
              -81.4893,
              31.0726
            ],
            [
              -81.4893,
              31.072100000000002
            ],
            [
              -81.489,
              31.072100000000002
            ],
            [
              -81.489,
              31.0718
            ],
            [
              -81.4893,
              31.0718
            ],
            [
              -81.4893,
              31.0715
            ],
            [
              -81.4892,
              31.0715
            ],
            [
              -81.4892,
              31.0714
            ],
            [
              -81.4889,
              31.0714
            ],
            [
              -81.4889,
              31.0713
            ],
            [
              -81.4885,
              31.0713
            ],
            [
              -81.4885,
              31.0718
            ],
            [
              -81.4882,
              31.0718
            ],
            [
              -81.4882,
              31.072200000000002
            ],
            [
              -81.4885,
              31.072200000000002
            ],
            [
              -81.4885,
              31.072100000000002
            ],
            [
              -81.4889,
              31.072100000000002
            ],
            [
              -81.4889,
              31.0726
            ],
            [
              -81.4893,
              31.0726
            ]
          ],
          [
            [
              -81.489,
              31.0718
            ],
            [
              -81.4888,
              31.0718
            ],
            [
              -81.4888,
              31.0716
            ],
            [
              -81.4889,
              31.0716
            ],
            [
              -81.4889,
              31.0717
            ],
            [
              -81.489,
              31.0717
            ],
            [
              -81.489,
              31.0718
            ]
          ]
        ]
      },
      "properties": {
        "candidate_id": "CS_0111",
        "numeric_id": 111,
        "raw_component_id": 1589,
        "pixel_count": 79,
        "area_km2": 0.0084,
        "perimeter_km": 0.535,
        "centroid_lon": -81.48882,
        "centroid_lat": 31.0719,
        "bounding_box": [
          -81.48925,
          31.07135,
          -81.48825,
          31.07255
        ],
        "length_km": 0.154,
        "width_km": 0.106,
        "aspect_ratio": 1.45,
        "orientation_deg": -17.0,
        "mean_sigma0_db": -24.56,
        "min_sigma0_db": -27.16,
        "mean_contrast_db": 7.32,
        "max_contrast_db": 9.83,
        "candidate_score": 0.62,
        "heuristic_confidence": 0.62,
        "rejection_reasons": [
          "AREA_TOO_SMALL"
        ],
        "status": "REJECTED"
      }
    },
    {
      "type": "Feature",
      "id": "CS_0112",
      "geometry": {
        "type": "Polygon",
        "coordinates": [
          [
            [
              -81.40209999999999,
              31.0722
            ],
            [
              -81.40209999999999,
              31.0717
            ],
            [
              -81.40169999999999,
              31.0717
            ],
            [
              -81.40169999999999,
              31.0718
            ],
            [
              -81.40149999999998,
              31.0718
            ],
            [
              -81.40149999999998,
              31.071399999999997
            ],
            [
              -81.401,
              31.071399999999997
            ],
            [
              -81.401,
              31.071299999999997
            ],
            [
              -81.4006,
              31.071299999999997
            ],
            [
              -81.4006,
              31.0716
            ],
            [
              -81.4009,
              31.0716
            ],
            [
              -81.4009,
              31.0719
            ],
            [
              -81.401,
              31.0719
            ],
            [
              -81.401,
              31.072
            ],
            [
              -81.40149999999998,
              31.072
            ],
            [
              -81.40149999999998,
              31.0722
            ],
            [
              -81.40209999999999,
              31.0722
            ]
          ]
        ]
      },
      "properties": {
        "candidate_id": "CS_0112",
        "numeric_id": 112,
        "raw_component_id": 1593,
        "pixel_count": 73,
        "area_km2": 0.0077,
        "perimeter_km": 0.453,
        "centroid_lon": -81.40138,
        "centroid_lat": 31.07176,
        "bounding_box": [
          -81.40205,
          31.07135,
          -81.40065,
          31.07215
        ],
        "length_km": 0.173,
        "width_km": 0.065,
        "aspect_ratio": 2.67,
        "orientation_deg": -60.2,
        "mean_sigma0_db": -24.47,
        "min_sigma0_db": -27.21,
        "mean_contrast_db": 5.87,
        "max_contrast_db": 9.24,
        "candidate_score": 0.547,
        "heuristic_confidence": 0.547,
        "rejection_reasons": [
          "AREA_TOO_SMALL"
        ],
        "status": "REJECTED"
      }
    },
    {
      "type": "Feature",
      "id": "CS_0113",
      "geometry": {
        "type": "Polygon",
        "coordinates": [
          [
            [
              -81.4926,
              31.0718
            ],
            [
              -81.4926,
              31.0715
            ],
            [
              -81.49269999999999,
              31.0715
            ],
            [
              -81.49269999999999,
              31.0717
            ],
            [
              -81.493,
              31.0717
            ],
            [
              -81.493,
              31.0716
            ],
            [
              -81.49309999999998,
              31.0716
            ],
            [
              -81.49309999999998,
              31.0715
            ],
            [
              -81.49319999999999,
              31.0715
            ],
            [
              -81.49319999999999,
              31.0714
            ],
            [
              -81.49329999999999,
              31.0714
            ],
            [
              -81.49329999999999,
              31.0708
            ],
            [
              -81.493,
              31.0708
            ],
            [
              -81.493,
              31.070999999999998
            ],
            [
              -81.49269999999999,
              31.070999999999998
            ],
            [
              -81.49269999999999,
              31.0711
            ],
            [
              -81.49249999999999,
              31.0711
            ],
            [
              -81.49249999999999,
              31.0713
            ],
            [
              -81.49229999999999,
              31.0713
            ],
            [
              -81.49229999999999,
              31.0718
            ],
            [
              -81.4926,
              31.0718
            ]
          ]
        ]
      },
      "properties": {
        "candidate_id": "CS_0113",
        "numeric_id": 113,
        "raw_component_id": 1598,
        "pixel_count": 63,
        "area_km2": 0.0067,
        "perimeter_km": 0.36,
        "centroid_lon": -81.49283,
        "centroid_lat": 31.07132,
        "bounding_box": [
          -81.49325,
          31.07085,
          -81.49235,
          31.07175
        ],
        "length_km": 0.132,
        "width_km": 0.069,
        "aspect_ratio": 1.91,
        "orientation_deg": 45.3,
        "mean_sigma0_db": -24.9,
        "min_sigma0_db": -30.35,
        "mean_contrast_db": 8.59,
        "max_contrast_db": 14.06,
        "candidate_score": 0.638,
        "heuristic_confidence": 0.638,
        "rejection_reasons": [
          "AREA_TOO_SMALL"
        ],
        "status": "REJECTED"
      }
    },
    {
      "type": "Feature",
      "id": "CS_0114",
      "geometry": {
        "type": "Polygon",
        "coordinates": [
          [
            [
              -81.40249999999999,
              31.0714
            ],
            [
              -81.40249999999999,
              31.0711
            ],
            [
              -81.4022,
              31.0711
            ],
            [
              -81.4022,
              31.0709
            ],
            [
              -81.40189999999998,
              31.0709
            ],
            [
              -81.40189999999998,
              31.070700000000002
            ],
            [
              -81.40199999999999,
              31.070700000000002
            ],
            [
              -81.40199999999999,
              31.0706
            ],
            [
              -81.40239999999999,
              31.0706
            ],
            [
              -81.40239999999999,
              31.0705
            ],
            [
              -81.40249999999999,
              31.0705
            ],
            [
              -81.40249999999999,
              31.0696
            ],
            [
              -81.40239999999999,
              31.0696
            ],
            [
              -81.40239999999999,
              31.0695
            ],
            [
              -81.40269999999998,
              31.0695
            ],
            [
              -81.40269999999998,
              31.0688
            ],
            [
              -81.40239999999999,
              31.0688
            ],
            [
              -81.40239999999999,
              31.0687
            ],
            [
              -81.40249999999999,
              31.0687
            ],
            [
              -81.40249999999999,
              31.0686
            ],
            [
              -81.40279999999998,
              31.0686
            ],
            [
              -81.40279999999998,
              31.0685
            ],
            [
              -81.40289999999999,
              31.0685
            ],
            [
              -81.40289999999999,
              31.0682
            ],
            [
              -81.40259999999999,
              31.0682
            ],
            [
              -81.40259999999999,
              31.068
            ],
            [
              -81.40289999999999,
              31.068
            ],
            [
              -81.40289999999999,
              31.067600000000002
            ],
            [
              -81.40259999999999,
              31.067600000000002
            ],
            [
              -81.40259999999999,
              31.0675
            ],
            [
              -81.40279999999998,
              31.0675
            ],
            [
              -81.40279999999998,
              31.0672
            ],
            [
              -81.40319999999998,
              31.0672
            ],
            [
              -81.40319999999998,
              31.0667
            ],
            [
              -81.40329999999999,
              31.0667
            ],
            [
              -81.40329999999999,
              31.0664
            ],
            [
              -81.40239999999999,
              31.0664
            ],
            [
              -81.40239999999999,
              31.0666
            ],
            [
              -81.40209999999999,
              31.0666
            ],
            [
              -81.40209999999999,
              31.067
            ],
            [
              -81.40249999999999,
              31.067
            ],
            [
              -81.40249999999999,
              31.0674
            ],
            [
              -81.40229999999998,
              31.0674
            ],
            [
              -81.40229999999998,
              31.0672
            ],
            [
              -81.40199999999999,
              31.0672
            ],
            [
              -81.40199999999999,
              31.0671
            ],
            [
              -81.40189999999998,
              31.0671
            ],
            [
              -81.40189999999998,
              31.0669
            ],
            [
              -81.40199999999999,
              31.0669
            ],
            [
              -81.40199999999999,
              31.066200000000002
            ],
            [
              -81.4018,
              31.066200000000002
            ],
            [
              -81.4018,
              31.066100000000002
            ],
            [
              -81.40149999999998,
              31.066100000000002
            ],
            [
              -81.40149999999998,
              31.0659
            ],
            [
              -81.40169999999999,
              31.0659
            ],
            [
              -81.40169999999999,
              31.0656
            ],
            [
              -81.40159999999999,
              31.0656
            ],
            [
              -81.40159999999999,
              31.0655
            ],
            [
              -81.40169999999999,
              31.0655
            ],
            [
              -81.40169999999999,
              31.0652
            ],
            [
              -81.40139999999998,
              31.0652
            ],
            [
              -81.40139999999998,
              31.0655
            ],
            [
              -81.40099999999998,
              31.0655
            ],
            [
              -81.40099999999998,
              31.0658
            ],
            [
              -81.40109999999999,
              31.0658
            ],
            [
              -81.40109999999999,
              31.066200000000002
            ],
            [
              -81.40149999999998,
              31.066200000000002
            ],
            [
              -81.40149999999998,
              31.066300000000002
            ],
            [
              -81.40119999999999,
              31.066300000000002
            ],
            [
              -81.40119999999999,
              31.0664
            ],
            [
              -81.40109999999999,
              31.0664
            ],
            [
              -81.40109999999999,
              31.0669
            ],
            [
              -81.4009,
              31.0669
            ],
            [
              -81.4009,
              31.0672
            ],
            [
              -81.40119999999999,
              31.0672
            ],
            [
              -81.40119999999999,
              31.0671
            ],
            [
              -81.40129999999999,
              31.0671
            ],
            [
              -81.40129999999999,
              31.0674
            ],
            [
              -81.40139999999998,
              31.0674
            ],
            [
              -81.40139999999998,
              31.067700000000002
            ],
            [
              -81.40119999999999,
              31.067700000000002
            ],
            [
              -81.40119999999999,
              31.0675
            ],
            [
              -81.4009,
              31.0675
            ],
            [
              -81.4009,
              31.0679
            ],
            [
              -81.40099999999998,
              31.0679
            ],
            [
              -81.40099999999998,
              31.068
            ],
            [
              -81.40079999999999,
              31.068
            ],
            [
              -81.40079999999999,
              31.0684
            ],
            [
              -81.4005,
              31.0684
            ],
            [
              -81.4005,
              31.0687
            ],
            [
              -81.4009,
              31.0687
            ],
            [
              -81.4009,
              31.069
            ],
            [
              -81.40099999999998,
              31.069
            ],
            [
              -81.40099999999998,
              31.0691
            ],
            [
              -81.40149999999998,
              31.0691
            ],
            [
              -81.40149999999998,
              31.069300000000002
            ],
            [
              -81.40129999999999,
              31.069300000000002
            ],
            [
              -81.40129999999999,
              31.0694
            ],
            [
              -81.40119999999999,
              31.0694
            ],
            [
              -81.40119999999999,
              31.0696
            ],
            [
              -81.40079999999999,
              31.0696
            ],
            [
              -81.40079999999999,
              31.0698
            ],
            [
              -81.40069999999999,
              31.0698
            ],
            [
              -81.40069999999999,
              31.0703
            ],
            [
              -81.40079999999999,
              31.0703
            ],
            [
              -81.40079999999999,
              31.0705
            ],
            [
              -81.4005,
              31.0705
            ],
            [
              -81.4005,
              31.070800000000002
            ],
            [
              -81.40079999999999,
              31.070800000000002
            ],
            [
              -81.40079999999999,
              31.0706
            ],
            [
              -81.4009,
              31.0706
            ],
            [
              -81.4009,
              31.070700000000002
            ],
            [
              -81.40099999999998,
              31.070700000000002
            ],
            [
              -81.40099999999998,
              31.070800000000002
            ],
            [
              -81.40129999999999,
              31.070800000000002
            ],
            [
              -81.40129999999999,
              31.0709
            ],
            [
              -81.40139999999998,
              31.0709
            ],
            [
              -81.40139999999998,
              31.0712
            ],
            [
              -81.4018,
              31.0712
            ],
            [
              -81.4018,
              31.0713
            ],
            [
              -81.40209999999999,
              31.0713
            ],
            [
              -81.40209999999999,
              31.0712
            ],
            [
              -81.4022,
              31.0712
            ],
            [
              -81.4022,
              31.0714
            ],
            [
              -81.40249999999999,
              31.0714
            ]
          ],
          [
            [
              -81.40149999999998,
              31.0701
            ],
            [
              -81.40129999999999,
              31.0701
            ],
            [
              -81.40129999999999,
              31.07
            ],
            [
              -81.40149999999998,
              31.07
            ],
            [
              -81.40149999999998,
              31.0701
            ]
          ],
          [
            [
              -81.4018,
              31.07
            ],
            [
              -81.40149999999998,
              31.07
            ],
            [
              -81.40149999999998,
              31.0697
            ],
            [
              -81.4018,
              31.0697
            ],
            [
              -81.4018,
              31.069300000000002
            ],
            [
              -81.40199999999999,
              31.069300000000002
            ],
            [
              -81.40199999999999,
              31.0697
            ],
            [
              -81.40209999999999,
              31.0697
            ],
            [
              -81.40209999999999,
              31.0698
            ],
            [
              -81.40199999999999,
              31.0698
            ],
            [
              -81.40199999999999,
              31.0699
            ],
            [
              -81.4018,
              31.0699
            ],
            [
              -81.4018,
              31.07
            ]
          ],
          [
            [
              -81.40169999999999,
              31.0689
            ],
            [
              -81.40159999999999,
              31.0689
            ],
            [
              -81.40159999999999,
              31.0688
            ],
            [
              -81.40149999999998,
              31.0688
            ],
            [
              -81.40149999999998,
              31.0687
            ],
            [
              -81.40169999999999,
              31.0687
            ],
            [
              -81.40169999999999,
              31.0689
            ]
          ],
          [
            [
              -81.40139999999998,
              31.0685
            ],
            [
              -81.40119999999999,
              31.0685
            ],
            [
              -81.40119999999999,
              31.0682
            ],
            [
              -81.40109999999999,
              31.0682
            ],
            [
              -81.40109999999999,
              31.068
            ],
            [
              -81.40119999999999,
              31.068
            ],
            [
              -81.40119999999999,
              31.0681
            ],
            [
              -81.40129999999999,
              31.0681
            ],
            [
              -81.40129999999999,
              31.0684
            ],
            [
              -81.40139999999998,
              31.0684
            ],
            [
              -81.40139999999998,
              31.0685
            ]
          ],
          [
            [
              -81.40209999999999,
              31.0684
            ],
            [
              -81.40199999999999,
              31.0684
            ],
            [
              -81.40199999999999,
              31.0683
            ],
            [
              -81.40189999999998,
              31.0683
            ],
            [
              -81.40189999999998,
              31.0679
            ],
            [
              -81.40199999999999,
              31.0679
            ],
            [
              -81.40199999999999,
              31.067600000000002
            ],
            [
              -81.40189999999998,
              31.067600000000002
            ],
            [
              -81.40189999999998,
              31.0675
            ],
            [
              -81.40229999999998,
              31.0675
            ],
            [
              -81.40229999999998,
              31.067800000000002
            ],
            [
              -81.40209999999999,
              31.067800000000002
            ],
            [
              -81.40209999999999,
              31.0684
            ]
          ],
          [
            [
              -81.40149999999998,
              31.067
            ],
            [
              -81.40139999999998,
              31.067
            ],
            [
              -81.40139999999998,
              31.0669
            ],
            [
              -81.40149999999998,
              31.0669
            ],
            [
              -81.40149999999998,
              31.067
            ]
          ],
          [
            [
              -81.40279999999998,
              31.0669
            ],
            [
              -81.40269999999998,
              31.0669
            ],
            [
              -81.40269999999998,
              31.0668
            ],
            [
              -81.40279999999998,
              31.0668
            ],
            [
              -81.40279999999998,
              31.0669
            ]
          ],
          [
            [
              -81.40169999999999,
              31.0669
            ],
            [
              -81.40159999999999,
              31.0669
            ],
            [
              -81.40159999999999,
              31.0667
            ],
            [
              -81.40169999999999,
              31.0667
            ],
            [
              -81.40169999999999,
              31.0669
            ]
          ]
        ]
      },
      "properties": {
        "candidate_id": "CS_0114",
        "numeric_id": 114,
        "raw_component_id": 1605,
        "pixel_count": 812,
        "area_km2": 0.086,
        "perimeter_km": 2.995,
        "centroid_lon": -81.4018,
        "centroid_lat": 31.06846,
        "bounding_box": [
          -81.40325,
          31.06525,
          -81.40055,
          31.07135
        ],
        "length_km": 0.678,
        "width_km": 0.224,
        "aspect_ratio": 3.02,
        "orientation_deg": 3.1,
        "mean_sigma0_db": -25.16,
        "min_sigma0_db": -30.4,
        "mean_contrast_db": 6.15,
        "max_contrast_db": 11.73,
        "candidate_score": 0.614,
        "heuristic_confidence": 0.614,
        "rejection_reasons": [],
        "status": "ACCEPTED"
      }
    },
    {
      "type": "Feature",
      "id": "CS_0115",
      "geometry": {
        "type": "Polygon",
        "coordinates": [
          [
            [
              -81.4851,
              31.0701
            ],
            [
              -81.4851,
              31.0695
            ],
            [
              -81.4855,
              31.0695
            ],
            [
              -81.4855,
              31.0696
            ],
            [
              -81.4854,
              31.0696
            ],
            [
              -81.4854,
              31.0699
            ],
            [
              -81.4858,
              31.0699
            ],
            [
              -81.4858,
              31.0698
            ],
            [
              -81.4859,
              31.0698
            ],
            [
              -81.4859,
              31.0694
            ],
            [
              -81.4855,
              31.0694
            ],
            [
              -81.4855,
              31.0692
            ],
            [
              -81.4848,
              31.0692
            ],
            [
              -81.4848,
              31.0701
            ],
            [
              -81.4851,
              31.0701
            ]
          ]
        ]
      },
      "properties": {
        "candidate_id": "CS_0115",
        "numeric_id": 115,
        "raw_component_id": 1623,
        "pixel_count": 61,
        "area_km2": 0.0065,
        "perimeter_km": 0.463,
        "centroid_lon": -81.48527,
        "centroid_lat": 31.06959,
        "bounding_box": [
          -81.48585,
          31.06925,
          -81.48485,
          31.07005
        ],
        "length_km": 0.127,
        "width_km": 0.101,
        "aspect_ratio": 1.26,
        "orientation_deg": 85.9,
        "mean_sigma0_db": -24.6,
        "min_sigma0_db": -26.83,
        "mean_contrast_db": 6.16,
        "max_contrast_db": 8.32,
        "candidate_score": 0.55,
        "heuristic_confidence": 0.55,
        "rejection_reasons": [
          "AREA_TOO_SMALL"
        ],
        "status": "REJECTED"
      }
    },
    {
      "type": "Feature",
      "id": "CS_0116",
      "geometry": {
        "type": "Polygon",
        "coordinates": [
          [
            [
              -81.48599999999999,
              31.069300000000002
            ],
            [
              -81.48599999999999,
              31.068700000000003
            ],
            [
              -81.4862,
              31.068700000000003
            ],
            [
              -81.4862,
              31.0682
            ],
            [
              -81.4859,
              31.0682
            ],
            [
              -81.4859,
              31.068600000000004
            ],
            [
              -81.4858,
              31.068600000000004
            ],
            [
              -81.4858,
              31.068
            ],
            [
              -81.4857,
              31.068
            ],
            [
              -81.4857,
              31.0679
            ],
            [
              -81.4854,
              31.0679
            ],
            [
              -81.4854,
              31.0681
            ],
            [
              -81.4851,
              31.0681
            ],
            [
              -81.4851,
              31.068800000000003
            ],
            [
              -81.4855,
              31.068800000000003
            ],
            [
              -81.4855,
              31.068900000000003
            ],
            [
              -81.4857,
              31.068900000000003
            ],
            [
              -81.4857,
              31.069300000000002
            ],
            [
              -81.48599999999999,
              31.069300000000002
            ]
          ]
        ]
      },
      "properties": {
        "candidate_id": "CS_0116",
        "numeric_id": 116,
        "raw_component_id": 1634,
        "pixel_count": 91,
        "area_km2": 0.0096,
        "perimeter_km": 0.494,
        "centroid_lon": -81.48564,
        "centroid_lat": 31.06853,
        "bounding_box": [
          -81.48615,
          31.06795,
          -81.48515,
          31.06925
        ],
        "length_km": 0.148,
        "width_km": 0.1,
        "aspect_ratio": 1.47,
        "orientation_deg": -22.5,
        "mean_sigma0_db": -25.0,
        "min_sigma0_db": -28.23,
        "mean_contrast_db": 5.81,
        "max_contrast_db": 9.14,
        "candidate_score": 0.538,
        "heuristic_confidence": 0.538,
        "rejection_reasons": [
          "AREA_TOO_SMALL"
        ],
        "status": "REJECTED"
      }
    },
    {
      "type": "Feature",
      "id": "CS_0117",
      "geometry": {
        "type": "Polygon",
        "coordinates": [
          [
            [
              -81.43159999999999,
              31.0675
            ],
            [
              -81.43159999999999,
              31.0671
            ],
            [
              -81.4313,
              31.0671
            ],
            [
              -81.4313,
              31.0672
            ],
            [
              -81.43109999999999,
              31.0672
            ],
            [
              -81.43109999999999,
              31.0675
            ],
            [
              -81.43159999999999,
              31.0675
            ]
          ]
        ]
      },
      "properties": {
        "candidate_id": "CS_0117",
        "numeric_id": 117,
        "raw_component_id": 1649,
        "pixel_count": 127,
        "area_km2": 0.0135,
        "perimeter_km": 0.792,
        "centroid_lon": -81.43073,
        "centroid_lat": 31.06743,
        "bounding_box": [
          -81.43155,
          31.06655,
          -81.43015,
          31.06835
        ],
        "length_km": 0.222,
        "width_km": 0.119,
        "aspect_ratio": 1.86,
        "orientation_deg": 19.5,
        "mean_sigma0_db": -24.97,
        "min_sigma0_db": -29.92,
        "mean_contrast_db": 10.19,
        "max_contrast_db": 15.07,
        "candidate_score": 0.639,
        "heuristic_confidence": 0.639,
        "rejection_reasons": [
          "AREA_TOO_SMALL"
        ],
        "status": "REJECTED"
      }
    },
    {
      "type": "Feature",
      "id": "CS_0118",
      "geometry": {
        "type": "Polygon",
        "coordinates": [
          [
            [
              -81.43339999999999,
              31.067600000000002
            ],
            [
              -81.43339999999999,
              31.067300000000003
            ],
            [
              -81.4331,
              31.067300000000003
            ],
            [
              -81.4331,
              31.067600000000002
            ],
            [
              -81.43339999999999,
              31.067600000000002
            ]
          ]
        ]
      },
      "properties": {
        "candidate_id": "CS_0118",
        "numeric_id": 118,
        "raw_component_id": 1660,
        "pixel_count": 51,
        "area_km2": 0.0054,
        "perimeter_km": 0.412,
        "centroid_lon": -81.43376,
        "centroid_lat": 31.0674,
        "bounding_box": [
          -81.43425,
          31.06705,
          -81.43315,
          31.06775
        ],
        "length_km": 0.127,
        "width_km": 0.076,
        "aspect_ratio": 1.67,
        "orientation_deg": -70.4,
        "mean_sigma0_db": -24.34,
        "min_sigma0_db": -27.19,
        "mean_contrast_db": 10.72,
        "max_contrast_db": 13.6,
        "candidate_score": 0.617,
        "heuristic_confidence": 0.617,
        "rejection_reasons": [
          "AREA_TOO_SMALL"
        ],
        "status": "REJECTED"
      }
    },
    {
      "type": "Feature",
      "id": "CS_0119",
      "geometry": {
        "type": "Polygon",
        "coordinates": [
          [
            [
              -81.4035,
              31.0658
            ],
            [
              -81.4035,
              31.064999999999998
            ],
            [
              -81.4036,
              31.064999999999998
            ],
            [
              -81.4036,
              31.064899999999998
            ],
            [
              -81.40369999999999,
              31.064899999999998
            ],
            [
              -81.40369999999999,
              31.0646
            ],
            [
              -81.4036,
              31.0646
            ],
            [
              -81.4036,
              31.0645
            ],
            [
              -81.4035,
              31.0645
            ],
            [
              -81.4035,
              31.0641
            ],
            [
              -81.4036,
              31.0641
            ],
            [
              -81.4036,
              31.0642
            ],
            [
              -81.4039,
              31.0642
            ],
            [
              -81.4039,
              31.0637
            ],
            [
              -81.40379999999999,
              31.0637
            ],
            [
              -81.40379999999999,
              31.063399999999998
            ],
            [
              -81.4036,
              31.063399999999998
            ],
            [
              -81.4036,
              31.0631
            ],
            [
              -81.40329999999999,
              31.0631
            ],
            [
              -81.40329999999999,
              31.063299999999998
            ],
            [
              -81.4027,
              31.063299999999998
            ],
            [
              -81.4027,
              31.0641
            ],
            [
              -81.40259999999999,
              31.0641
            ],
            [
              -81.40259999999999,
              31.0642
            ],
            [
              -81.40249999999999,
              31.0642
            ],
            [
              -81.40249999999999,
              31.0645
            ],
            [
              -81.4023,
              31.0645
            ],
            [
              -81.4023,
              31.064799999999998
            ],
            [
              -81.4027,
              31.064799999999998
            ],
            [
              -81.4027,
              31.0651
            ],
            [
              -81.4028,
              31.0651
            ],
            [
              -81.4028,
              31.0652
            ],
            [
              -81.40289999999999,
              31.0652
            ],
            [
              -81.40289999999999,
              31.0653
            ],
            [
              -81.4032,
              31.0653
            ],
            [
              -81.4032,
              31.0658
            ],
            [
              -81.4035,
              31.0658
            ]
          ],
          [
            [
              -81.40329999999999,
              31.0639
            ],
            [
              -81.4032,
              31.0639
            ],
            [
              -81.4032,
              31.0638
            ],
            [
              -81.40329999999999,
              31.0638
            ],
            [
              -81.40329999999999,
              31.0639
            ]
          ],
          [
            [
              -81.4032,
              31.0638
            ],
            [
              -81.4031,
              31.0638
            ],
            [
              -81.4031,
              31.0637
            ],
            [
              -81.4032,
              31.0637
            ],
            [
              -81.4032,
              31.0638
            ]
          ],
          [
            [
              -81.40339999999999,
              31.063499999999998
            ],
            [
              -81.40329999999999,
              31.063499999999998
            ],
            [
              -81.40329999999999,
              31.063399999999998
            ],
            [
              -81.40339999999999,
              31.063399999999998
            ],
            [
              -81.40339999999999,
              31.063499999999998
            ]
          ]
        ]
      },
      "properties": {
        "candidate_id": "CS_0119",
        "numeric_id": 119,
        "raw_component_id": 1689,
        "pixel_count": 231,
        "area_km2": 0.0245,
        "perimeter_km": 0.813,
        "centroid_lon": -81.40317,
        "centroid_lat": 31.06432,
        "bounding_box": [
          -81.40385,
          31.06315,
          -81.40235,
          31.06575
        ],
        "length_km": 0.282,
        "width_km": 0.129,
        "aspect_ratio": 2.19,
        "orientation_deg": 4.0,
        "mean_sigma0_db": -25.09,
        "min_sigma0_db": -29.93,
        "mean_contrast_db": 6.35,
        "max_contrast_db": 11.58,
        "candidate_score": 0.596,
        "heuristic_confidence": 0.596,
        "rejection_reasons": [
          "AREA_TOO_SMALL"
        ],
        "status": "REJECTED"
      }
    },
    {
      "type": "Feature",
      "id": "CS_0120",
      "geometry": {
        "type": "Polygon",
        "coordinates": [
          [
            [
              -81.42999999999999,
              31.0654
            ],
            [
              -81.42999999999999,
              31.0653
            ],
            [
              -81.43039999999999,
              31.0653
            ],
            [
              -81.43039999999999,
              31.065
            ],
            [
              -81.42999999999999,
              31.065
            ],
            [
              -81.42999999999999,
              31.0648
            ],
            [
              -81.42979999999999,
              31.0648
            ],
            [
              -81.42979999999999,
              31.0646
            ],
            [
              -81.42999999999999,
              31.0646
            ],
            [
              -81.42999999999999,
              31.0643
            ],
            [
              -81.42989999999999,
              31.0643
            ],
            [
              -81.42989999999999,
              31.0641
            ],
            [
              -81.4296,
              31.0641
            ],
            [
              -81.4296,
              31.0642
            ],
            [
              -81.42939999999999,
              31.0642
            ],
            [
              -81.42939999999999,
              31.0646
            ],
            [
              -81.42949999999999,
              31.0646
            ],
            [
              -81.42949999999999,
              31.0648
            ],
            [
              -81.42909999999999,
              31.0648
            ],
            [
              -81.42909999999999,
              31.0651
            ],
            [
              -81.4296,
              31.0651
            ],
            [
              -81.4296,
              31.065
            ],
            [
              -81.4297,
              31.065
            ],
            [
              -81.4297,
              31.0654
            ],
            [
              -81.42999999999999,
              31.0654
            ]
          ]
        ]
      },
      "properties": {
        "candidate_id": "CS_0120",
        "numeric_id": 120,
        "raw_component_id": 1697,
        "pixel_count": 79,
        "area_km2": 0.0084,
        "perimeter_km": 0.515,
        "centroid_lon": -81.42974,
        "centroid_lat": 31.06481,
        "bounding_box": [
          -81.43035,
          31.06415,
          -81.42915,
          31.06535
        ],
        "length_km": 0.158,
        "width_km": 0.101,
        "aspect_ratio": 1.57,
        "orientation_deg": -19.4,
        "mean_sigma0_db": -24.61,
        "min_sigma0_db": -28.26,
        "mean_contrast_db": 9.13,
        "max_contrast_db": 12.89,
        "candidate_score": 0.623,
        "heuristic_confidence": 0.623,
        "rejection_reasons": [
          "AREA_TOO_SMALL"
        ],
        "status": "REJECTED"
      }
    },
    {
      "type": "Feature",
      "id": "CS_0121",
      "geometry": {
        "type": "Polygon",
        "coordinates": [
          [
            [
              -81.40379999999999,
              31.0628
            ],
            [
              -81.40379999999999,
              31.0624
            ],
            [
              -81.4039,
              31.0624
            ],
            [
              -81.4039,
              31.0623
            ],
            [
              -81.40399999999998,
              31.0623
            ],
            [
              -81.40399999999998,
              31.0622
            ],
            [
              -81.40409999999999,
              31.0622
            ],
            [
              -81.40409999999999,
              31.0621
            ],
            [
              -81.40419999999999,
              31.0621
            ],
            [
              -81.40419999999999,
              31.0617
            ],
            [
              -81.4039,
              31.0617
            ],
            [
              -81.4039,
              31.061799999999998
            ],
            [
              -81.40379999999999,
              31.061799999999998
            ],
            [
              -81.40379999999999,
              31.061999999999998
            ],
            [
              -81.40359999999998,
              31.061999999999998
            ],
            [
              -81.40359999999998,
              31.061799999999998
            ],
            [
              -81.40369999999999,
              31.061799999999998
            ],
            [
              -81.40369999999999,
              31.0616
            ],
            [
              -81.40379999999999,
              31.0616
            ],
            [
              -81.40379999999999,
              31.0612
            ],
            [
              -81.40289999999999,
              31.0612
            ],
            [
              -81.40289999999999,
              31.0617
            ],
            [
              -81.40279999999998,
              31.0617
            ],
            [
              -81.40279999999998,
              31.061999999999998
            ],
            [
              -81.40319999999998,
              31.061999999999998
            ],
            [
              -81.40319999999998,
              31.061899999999998
            ],
            [
              -81.40329999999999,
              31.061899999999998
            ],
            [
              -81.40329999999999,
              31.061999999999998
            ],
            [
              -81.4035,
              31.061999999999998
            ],
            [
              -81.4035,
              31.0622
            ],
            [
              -81.40339999999999,
              31.0622
            ],
            [
              -81.40339999999999,
              31.0625
            ],
            [
              -81.4035,
              31.0625
            ],
            [
              -81.4035,
              31.0628
            ],
            [
              -81.40379999999999,
              31.0628
            ]
          ]
        ]
      },
      "properties": {
        "candidate_id": "CS_0121",
        "numeric_id": 121,
        "raw_component_id": 1732,
        "pixel_count": 116,
        "area_km2": 0.0123,
        "perimeter_km": 0.607,
        "centroid_lon": -81.4035,
        "centroid_lat": 31.06185,
        "bounding_box": [
          -81.40415,
          31.06125,
          -81.40285,
          31.06275
        ],
        "length_km": 0.189,
        "width_km": 0.112,
        "aspect_ratio": 1.69,
        "orientation_deg": -24.6,
        "mean_sigma0_db": -24.8,
        "min_sigma0_db": -28.27,
        "mean_contrast_db": 5.69,
        "max_contrast_db": 9.34,
        "candidate_score": 0.526,
        "heuristic_confidence": 0.526,
        "rejection_reasons": [
          "AREA_TOO_SMALL"
        ],
        "status": "REJECTED"
      }
    },
    {
      "type": "Feature",
      "id": "CS_0122",
      "geometry": {
        "type": "Polygon",
        "coordinates": [
          [
            [
              -81.4264,
              31.0625
            ],
            [
              -81.4264,
              31.0622
            ],
            [
              -81.4261,
              31.0622
            ],
            [
              -81.4261,
              31.0621
            ],
            [
              -81.4258,
              31.0621
            ],
            [
              -81.4258,
              31.0624
            ],
            [
              -81.4261,
              31.0624
            ],
            [
              -81.4261,
              31.0625
            ],
            [
              -81.4264,
              31.0625
            ]
          ]
        ]
      },
      "properties": {
        "candidate_id": "CS_0122",
        "numeric_id": 122,
        "raw_component_id": 1737,
        "pixel_count": 51,
        "area_km2": 0.0054,
        "perimeter_km": 0.432,
        "centroid_lon": -81.42582,
        "centroid_lat": 31.062,
        "bounding_box": [
          -81.42635,
          31.06155,
          -81.42535,
          31.06245
        ],
        "length_km": 0.136,
        "width_km": 0.088,
        "aspect_ratio": 1.55,
        "orientation_deg": -38.4,
        "mean_sigma0_db": -24.21,
        "min_sigma0_db": -26.25,
        "mean_contrast_db": 8.63,
        "max_contrast_db": 10.82,
        "candidate_score": 0.611,
        "heuristic_confidence": 0.611,
        "rejection_reasons": [
          "AREA_TOO_SMALL"
        ],
        "status": "REJECTED"
      }
    },
    {
      "type": "Feature",
      "id": "CS_0123",
      "geometry": {
        "type": "Polygon",
        "coordinates": [
          [
            [
              -81.47579999999999,
              31.0615
            ],
            [
              -81.47579999999999,
              31.0608
            ],
            [
              -81.47609999999999,
              31.0608
            ],
            [
              -81.47609999999999,
              31.0601
            ],
            [
              -81.47579999999999,
              31.0601
            ],
            [
              -81.47579999999999,
              31.060299999999998
            ],
            [
              -81.47569999999999,
              31.060299999999998
            ],
            [
              -81.47569999999999,
              31.060699999999997
            ],
            [
              -81.47549999999998,
              31.060699999999997
            ],
            [
              -81.47549999999998,
              31.0608
            ],
            [
              -81.47519999999999,
              31.0608
            ],
            [
              -81.47519999999999,
              31.0612
            ],
            [
              -81.47529999999999,
              31.0612
            ],
            [
              -81.47529999999999,
              31.0615
            ],
            [
              -81.47579999999999,
              31.0615
            ]
          ]
        ]
      },
      "properties": {
        "candidate_id": "CS_0123",
        "numeric_id": 123,
        "raw_component_id": 1757,
        "pixel_count": 67,
        "area_km2": 0.0071,
        "perimeter_km": 0.422,
        "centroid_lon": -81.47567,
        "centroid_lat": 31.06086,
        "bounding_box": [
          -81.47605,
          31.06015,
          -81.47525,
          31.06145
        ],
        "length_km": 0.179,
        "width_km": 0.062,
        "aspect_ratio": 2.87,
        "orientation_deg": 22.7,
        "mean_sigma0_db": -24.98,
        "min_sigma0_db": -27.17,
        "mean_contrast_db": 5.81,
        "max_contrast_db": 8.08,
        "candidate_score": 0.561,
        "heuristic_confidence": 0.561,
        "rejection_reasons": [
          "AREA_TOO_SMALL"
        ],
        "status": "REJECTED"
      }
    },
    {
      "type": "Feature",
      "id": "CS_0124",
      "geometry": {
        "type": "Polygon",
        "coordinates": [
          [
            [
              -81.4264,
              31.0614
            ],
            [
              -81.4264,
              31.0608
            ],
            [
              -81.4261,
              31.0608
            ],
            [
              -81.4261,
              31.0607
            ],
            [
              -81.4262,
              31.0607
            ],
            [
              -81.4262,
              31.060599999999997
            ],
            [
              -81.4264,
              31.060599999999997
            ],
            [
              -81.4264,
              31.0602
            ],
            [
              -81.426,
              31.0602
            ],
            [
              -81.426,
              31.0601
            ],
            [
              -81.4257,
              31.0601
            ],
            [
              -81.4257,
              31.0602
            ],
            [
              -81.4254,
              31.0602
            ],
            [
              -81.4254,
              31.060399999999998
            ],
            [
              -81.4252,
              31.060399999999998
            ],
            [
              -81.4252,
              31.0601
            ],
            [
              -81.4255,
              31.0601
            ],
            [
              -81.4255,
              31.06
            ],
            [
              -81.4257,
              31.06
            ],
            [
              -81.4257,
              31.0599
            ],
            [
              -81.4258,
              31.0599
            ],
            [
              -81.4258,
              31.0596
            ],
            [
              -81.4256,
              31.0596
            ],
            [
              -81.4256,
              31.0594
            ],
            [
              -81.4251,
              31.0594
            ],
            [
              -81.4251,
              31.0596
            ],
            [
              -81.425,
              31.0596
            ],
            [
              -81.425,
              31.0597
            ],
            [
              -81.4248,
              31.0597
            ],
            [
              -81.4248,
              31.0601
            ],
            [
              -81.42490000000001,
              31.0601
            ],
            [
              -81.42490000000001,
              31.060499999999998
            ],
            [
              -81.4252,
              31.060499999999998
            ],
            [
              -81.4252,
              31.0608
            ],
            [
              -81.4254,
              31.0608
            ],
            [
              -81.4254,
              31.0611
            ],
            [
              -81.4257,
              31.0611
            ],
            [
              -81.4257,
              31.0613
            ],
            [
              -81.4258,
              31.0613
            ],
            [
              -81.4258,
              31.0614
            ],
            [
              -81.4264,
              31.0614
            ]
          ],
          [
            [
              -81.4261,
              31.061
            ],
            [
              -81.4258,
              31.061
            ],
            [
              -81.4258,
              31.0608
            ],
            [
              -81.4261,
              31.0608
            ],
            [
              -81.4261,
              31.061
            ]
          ],
          [
            [
              -81.4257,
              31.0608
            ],
            [
              -81.4255,
              31.0608
            ],
            [
              -81.4255,
              31.060599999999997
            ],
            [
              -81.4257,
              31.060599999999997
            ],
            [
              -81.4257,
              31.0608
            ]
          ]
        ]
      },
      "properties": {
        "candidate_id": "CS_0124",
        "numeric_id": 124,
        "raw_component_id": 1760,
        "pixel_count": 172,
        "area_km2": 0.0182,
        "perimeter_km": 0.895,
        "centroid_lon": -81.42564,
        "centroid_lat": 31.0604,
        "bounding_box": [
          -81.42635,
          31.05945,
          -81.42485,
          31.06135
        ],
        "length_km": 0.257,
        "width_km": 0.118,
        "aspect_ratio": 2.18,
        "orientation_deg": -28.4,
        "mean_sigma0_db": -24.76,
        "min_sigma0_db": -27.89,
        "mean_contrast_db": 8.92,
        "max_contrast_db": 12.0,
        "candidate_score": 0.638,
        "heuristic_confidence": 0.638,
        "rejection_reasons": [
          "AREA_TOO_SMALL"
        ],
        "status": "REJECTED"
      }
    },
    {
      "type": "Feature",
      "id": "CS_0125",
      "geometry": {
        "type": "Polygon",
        "coordinates": [
          [
            [
              -81.4151,
              31.0613
            ],
            [
              -81.4151,
              31.061
            ],
            [
              -81.41489999999999,
              31.061
            ],
            [
              -81.41489999999999,
              31.0609
            ],
            [
              -81.4143,
              31.0609
            ],
            [
              -81.4143,
              31.0612
            ],
            [
              -81.4148,
              31.0612
            ],
            [
              -81.4148,
              31.0613
            ],
            [
              -81.4151,
              31.0613
            ]
          ]
        ]
      },
      "properties": {
        "candidate_id": "CS_0125",
        "numeric_id": 125,
        "raw_component_id": 1761,
        "pixel_count": 81,
        "area_km2": 0.0086,
        "perimeter_km": 0.617,
        "centroid_lon": -81.41445,
        "centroid_lat": 31.06051,
        "bounding_box": [
          -81.41505,
          31.05975,
          -81.41395,
          31.06125
        ],
        "length_km": 0.215,
        "width_km": 0.109,
        "aspect_ratio": 1.97,
        "orientation_deg": -9.0,
        "mean_sigma0_db": -24.68,
        "min_sigma0_db": -26.87,
        "mean_contrast_db": 11.75,
        "max_contrast_db": 14.0,
        "candidate_score": 0.632,
        "heuristic_confidence": 0.632,
        "rejection_reasons": [
          "AREA_TOO_SMALL"
        ],
        "status": "REJECTED"
      }
    },
    {
      "type": "Feature",
      "id": "CS_0126",
      "geometry": {
        "type": "Polygon",
        "coordinates": [
          [
            [
              -81.40469999999999,
              31.0607
            ],
            [
              -81.40469999999999,
              31.0605
            ],
            [
              -81.4048,
              31.0605
            ],
            [
              -81.4048,
              31.060000000000002
            ],
            [
              -81.40429999999999,
              31.060000000000002
            ],
            [
              -81.40429999999999,
              31.0605
            ],
            [
              -81.4044,
              31.0605
            ],
            [
              -81.4044,
              31.0607
            ],
            [
              -81.40469999999999,
              31.0607
            ]
          ]
        ]
      },
      "properties": {
        "candidate_id": "CS_0126",
        "numeric_id": 126,
        "raw_component_id": 1775,
        "pixel_count": 164,
        "area_km2": 0.0174,
        "perimeter_km": 0.823,
        "centroid_lon": -81.40433,
        "centroid_lat": 31.05961,
        "bounding_box": [
          -81.40505,
          31.05875,
          -81.40345,
          31.06065
        ],
        "length_km": 0.221,
        "width_km": 0.145,
        "aspect_ratio": 1.52,
        "orientation_deg": 17.7,
        "mean_sigma0_db": -24.81,
        "min_sigma0_db": -28.66,
        "mean_contrast_db": 5.79,
        "max_contrast_db": 9.73,
        "candidate_score": 0.531,
        "heuristic_confidence": 0.531,
        "rejection_reasons": [
          "AREA_TOO_SMALL"
        ],
        "status": "REJECTED"
      }
    },
    {
      "type": "Feature",
      "id": "CS_0127",
      "geometry": {
        "type": "Polygon",
        "coordinates": [
          [
            [
              -81.42739999999999,
              31.0606
            ],
            [
              -81.42739999999999,
              31.0604
            ],
            [
              -81.4276,
              31.0604
            ],
            [
              -81.4276,
              31.0605
            ],
            [
              -81.428,
              31.0605
            ],
            [
              -81.428,
              31.060200000000002
            ],
            [
              -81.4279,
              31.060200000000002
            ],
            [
              -81.4279,
              31.060100000000002
            ],
            [
              -81.42779999999999,
              31.060100000000002
            ],
            [
              -81.42779999999999,
              31.0598
            ],
            [
              -81.4273,
              31.0598
            ],
            [
              -81.4273,
              31.059900000000003
            ],
            [
              -81.4271,
              31.059900000000003
            ],
            [
              -81.4271,
              31.0606
            ],
            [
              -81.42739999999999,
              31.0606
            ]
          ]
        ]
      },
      "properties": {
        "candidate_id": "CS_0127",
        "numeric_id": 127,
        "raw_component_id": 1778,
        "pixel_count": 55,
        "area_km2": 0.0058,
        "perimeter_km": 0.319,
        "centroid_lon": -81.4275,
        "centroid_lat": 31.06019,
        "bounding_box": [
          -81.42795,
          31.05985,
          -81.42715,
          31.06055
        ],
        "length_km": 0.092,
        "width_km": 0.09,
        "aspect_ratio": 1.02,
        "orientation_deg": 86.5,
        "mean_sigma0_db": -24.75,
        "min_sigma0_db": -27.53,
        "mean_contrast_db": 9.02,
        "max_contrast_db": 11.85,
        "candidate_score": 0.618,
        "heuristic_confidence": 0.618,
        "rejection_reasons": [
          "AREA_TOO_SMALL"
        ],
        "status": "REJECTED"
      }
    },
    {
      "type": "Feature",
      "id": "CS_0128",
      "geometry": {
        "type": "Polygon",
        "coordinates": [
          [
            [
              -81.47879999999999,
              31.0604
            ],
            [
              -81.47879999999999,
              31.0603
            ],
            [
              -81.47899999999998,
              31.0603
            ],
            [
              -81.47899999999998,
              31.060200000000002
            ],
            [
              -81.47939999999998,
              31.060200000000002
            ],
            [
              -81.47939999999998,
              31.060100000000002
            ],
            [
              -81.47949999999999,
              31.060100000000002
            ],
            [
              -81.47949999999999,
              31.059800000000003
            ],
            [
              -81.47919999999999,
              31.059800000000003
            ],
            [
              -81.47919999999999,
              31.0596
            ],
            [
              -81.47909999999999,
              31.0596
            ],
            [
              -81.47909999999999,
              31.0593
            ],
            [
              -81.47869999999999,
              31.0593
            ],
            [
              -81.47869999999999,
              31.060000000000002
            ],
            [
              -81.47859999999999,
              31.060000000000002
            ],
            [
              -81.47859999999999,
              31.060100000000002
            ],
            [
              -81.47849999999998,
              31.060100000000002
            ],
            [
              -81.47849999999998,
              31.0604
            ],
            [
              -81.47879999999999,
              31.0604
            ]
          ]
        ]
      },
      "properties": {
        "candidate_id": "CS_0128",
        "numeric_id": 128,
        "raw_component_id": 1780,
        "pixel_count": 64,
        "area_km2": 0.0068,
        "perimeter_km": 0.36,
        "centroid_lon": -81.47896,
        "centroid_lat": 31.05989,
        "bounding_box": [
          -81.47945,
          31.05935,
          -81.47855,
          31.06035
        ],
        "length_km": 0.124,
        "width_km": 0.088,
        "aspect_ratio": 1.41,
        "orientation_deg": 6.8,
        "mean_sigma0_db": -24.79,
        "min_sigma0_db": -28.62,
        "mean_contrast_db": 5.21,
        "max_contrast_db": 8.94,
        "candidate_score": 0.483,
        "heuristic_confidence": 0.483,
        "rejection_reasons": [
          "AREA_TOO_SMALL"
        ],
        "status": "REJECTED"
      }
    },
    {
      "type": "Feature",
      "id": "CS_0129",
      "geometry": {
        "type": "Polygon",
        "coordinates": [
          [
            [
              -81.5123,
              31.0597
            ],
            [
              -81.5123,
              31.0592
            ],
            [
              -81.5126,
              31.0592
            ],
            [
              -81.5126,
              31.0591
            ],
            [
              -81.5128,
              31.0591
            ],
            [
              -81.5128,
              31.059
            ],
            [
              -81.5129,
              31.059
            ],
            [
              -81.5129,
              31.058799999999998
            ],
            [
              -81.5134,
              31.058799999999998
            ],
            [
              -81.5134,
              31.058699999999998
            ],
            [
              -81.5137,
              31.058699999999998
            ],
            [
              -81.5137,
              31.0584
            ],
            [
              -81.5134,
              31.0584
            ],
            [
              -81.5134,
              31.0585
            ],
            [
              -81.5133,
              31.0585
            ],
            [
              -81.5133,
              31.0582
            ],
            [
              -81.513,
              31.0582
            ],
            [
              -81.513,
              31.0585
            ],
            [
              -81.5129,
              31.0585
            ],
            [
              -81.5129,
              31.058699999999998
            ],
            [
              -81.5126,
              31.058699999999998
            ],
            [
              -81.5126,
              31.058799999999998
            ],
            [
              -81.5122,
              31.058799999999998
            ],
            [
              -81.5122,
              31.058699999999998
            ],
            [
              -81.5121,
              31.058699999999998
            ],
            [
              -81.5121,
              31.0586
            ],
            [
              -81.5118,
              31.0586
            ],
            [
              -81.5118,
              31.058899999999998
            ],
            [
              -81.5119,
              31.058899999999998
            ],
            [
              -81.5119,
              31.059
            ],
            [
              -81.5121,
              31.059
            ],
            [
              -81.5121,
              31.0591
            ],
            [
              -81.512,
              31.0591
            ],
            [
              -81.512,
              31.0597
            ],
            [
              -81.5123,
              31.0597
            ]
          ]
        ]
      },
      "properties": {
        "candidate_id": "CS_0129",
        "numeric_id": 129,
        "raw_component_id": 1788,
        "pixel_count": 92,
        "area_km2": 0.0097,
        "perimeter_km": 0.628,
        "centroid_lon": -81.51264,
        "centroid_lat": 31.05887,
        "bounding_box": [
          -81.51365,
          31.05825,
          -81.51185,
          31.05965
        ],
        "length_km": 0.233,
        "width_km": 0.097,
        "aspect_ratio": 2.4,
        "orientation_deg": 56.7,
        "mean_sigma0_db": -24.58,
        "min_sigma0_db": -27.15,
        "mean_contrast_db": 8.78,
        "max_contrast_db": 11.24,
        "candidate_score": 0.636,
        "heuristic_confidence": 0.636,
        "rejection_reasons": [
          "AREA_TOO_SMALL"
        ],
        "status": "REJECTED"
      }
    },
    {
      "type": "Feature",
      "id": "CS_0130",
      "geometry": {
        "type": "Polygon",
        "coordinates": [
          [
            [
              -81.4272,
              31.0597
            ],
            [
              -81.4272,
              31.0594
            ],
            [
              -81.4269,
              31.0594
            ],
            [
              -81.4269,
              31.0593
            ],
            [
              -81.4274,
              31.0593
            ],
            [
              -81.4274,
              31.0595
            ],
            [
              -81.4277,
              31.0595
            ],
            [
              -81.4277,
              31.0593
            ],
            [
              -81.4281,
              31.0593
            ],
            [
              -81.4281,
              31.059
            ],
            [
              -81.428,
              31.059
            ],
            [
              -81.428,
              31.058899999999998
            ],
            [
              -81.4277,
              31.058899999999998
            ],
            [
              -81.4277,
              31.0592
            ],
            [
              -81.4274,
              31.0592
            ],
            [
              -81.4274,
              31.059
            ],
            [
              -81.4273,
              31.059
            ],
            [
              -81.4273,
              31.058699999999998
            ],
            [
              -81.4272,
              31.058699999999998
            ],
            [
              -81.4272,
              31.0585
            ],
            [
              -81.4271,
              31.0585
            ],
            [
              -81.4271,
              31.0584
            ],
            [
              -81.4268,
              31.0584
            ],
            [
              -81.4268,
              31.0583
            ],
            [
              -81.4265,
              31.0583
            ],
            [
              -81.4265,
              31.0586
            ],
            [
              -81.4268,
              31.0586
            ],
            [
              -81.4268,
              31.0592
            ],
            [
              -81.42660000000001,
              31.0592
            ],
            [
              -81.42660000000001,
              31.0597
            ],
            [
              -81.4272,
              31.0597
            ]
          ]
        ]
      },
      "properties": {
        "candidate_id": "CS_0130",
        "numeric_id": 130,
        "raw_component_id": 1790,
        "pixel_count": 100,
        "area_km2": 0.0106,
        "perimeter_km": 0.669,
        "centroid_lon": -81.42714,
        "centroid_lat": 31.05907,
        "bounding_box": [
          -81.42805,
          31.05835,
          -81.42655,
          31.05965
        ],
        "length_km": 0.172,
        "width_km": 0.141,
        "aspect_ratio": 1.22,
        "orientation_deg": -38.2,
        "mean_sigma0_db": -24.7,
        "min_sigma0_db": -28.26,
        "mean_contrast_db": 9.13,
        "max_contrast_db": 12.74,
        "candidate_score": 0.62,
        "heuristic_confidence": 0.62,
        "rejection_reasons": [
          "AREA_TOO_SMALL"
        ],
        "status": "REJECTED"
      }
    },
    {
      "type": "Feature",
      "id": "CS_0131",
      "geometry": {
        "type": "Polygon",
        "coordinates": [
          [
            [
              -81.4771,
              31.0592
            ],
            [
              -81.4771,
              31.0587
            ],
            [
              -81.4773,
              31.0587
            ],
            [
              -81.4773,
              31.0584
            ],
            [
              -81.4772,
              31.0584
            ],
            [
              -81.4772,
              31.0583
            ],
            [
              -81.4768,
              31.0583
            ],
            [
              -81.4768,
              31.0584
            ],
            [
              -81.4767,
              31.0584
            ],
            [
              -81.4767,
              31.059
            ],
            [
              -81.4768,
              31.059
            ],
            [
              -81.4768,
              31.0592
            ],
            [
              -81.4771,
              31.0592
            ]
          ]
        ]
      },
      "properties": {
        "candidate_id": "CS_0131",
        "numeric_id": 131,
        "raw_component_id": 1802,
        "pixel_count": 69,
        "area_km2": 0.0073,
        "perimeter_km": 0.473,
        "centroid_lon": -81.47674,
        "centroid_lat": 31.05851,
        "bounding_box": [
          -81.47725,
          31.05795,
          -81.47625,
          31.05915
        ],
        "length_km": 0.16,
        "width_km": 0.082,
        "aspect_ratio": 1.95,
        "orientation_deg": -33.6,
        "mean_sigma0_db": -24.6,
        "min_sigma0_db": -27.51,
        "mean_contrast_db": 4.88,
        "max_contrast_db": 7.84,
        "candidate_score": 0.46,
        "heuristic_confidence": 0.46,
        "rejection_reasons": [
          "AREA_TOO_SMALL"
        ],
        "status": "REJECTED"
      }
    },
    {
      "type": "Feature",
      "id": "CS_0132",
      "geometry": {
        "type": "Polygon",
        "coordinates": [
          [
            [
              -81.5088,
              31.0589
            ],
            [
              -81.5088,
              31.058400000000002
            ],
            [
              -81.50819999999999,
              31.058400000000002
            ],
            [
              -81.50819999999999,
              31.0589
            ],
            [
              -81.5088,
              31.0589
            ]
          ]
        ]
      },
      "properties": {
        "candidate_id": "CS_0132",
        "numeric_id": 132,
        "raw_component_id": 1807,
        "pixel_count": 62,
        "area_km2": 0.0066,
        "perimeter_km": 0.443,
        "centroid_lon": -81.50868,
        "centroid_lat": 31.05833,
        "bounding_box": [
          -81.50905,
          31.05775,
          -81.50825,
          31.05885
        ],
        "length_km": 0.168,
        "width_km": 0.067,
        "aspect_ratio": 2.51,
        "orientation_deg": 24.1,
        "mean_sigma0_db": -24.93,
        "min_sigma0_db": -27.49,
        "mean_contrast_db": 8.46,
        "max_contrast_db": 11.04,
        "candidate_score": 0.649,
        "heuristic_confidence": 0.649,
        "rejection_reasons": [
          "AREA_TOO_SMALL"
        ],
        "status": "REJECTED"
      }
    },
    {
      "type": "Feature",
      "id": "CS_0133",
      "geometry": {
        "type": "Polygon",
        "coordinates": [
          [
            [
              -81.40399999999998,
              31.0586
            ],
            [
              -81.40399999999998,
              31.0584
            ],
            [
              -81.40409999999999,
              31.0584
            ],
            [
              -81.40409999999999,
              31.0583
            ],
            [
              -81.40419999999999,
              31.0583
            ],
            [
              -81.40419999999999,
              31.0585
            ],
            [
              -81.40459999999999,
              31.0585
            ],
            [
              -81.40459999999999,
              31.057699999999997
            ],
            [
              -81.40429999999999,
              31.057699999999997
            ],
            [
              -81.40429999999999,
              31.058
            ],
            [
              -81.40399999999998,
              31.058
            ],
            [
              -81.40399999999998,
              31.0581
            ],
            [
              -81.40369999999999,
              31.0581
            ],
            [
              -81.40369999999999,
              31.0586
            ],
            [
              -81.40399999999998,
              31.0586
            ]
          ]
        ]
      },
      "properties": {
        "candidate_id": "CS_0133",
        "numeric_id": 133,
        "raw_component_id": 1812,
        "pixel_count": 51,
        "area_km2": 0.0054,
        "perimeter_km": 0.36,
        "centroid_lon": -81.4042,
        "centroid_lat": 31.0582,
        "bounding_box": [
          -81.40455,
          31.05775,
          -81.40375,
          31.05855
        ],
        "length_km": 0.12,
        "width_km": 0.072,
        "aspect_ratio": 1.67,
        "orientation_deg": 49.8,
        "mean_sigma0_db": -24.74,
        "min_sigma0_db": -27.21,
        "mean_contrast_db": 5.37,
        "max_contrast_db": 7.65,
        "candidate_score": 0.498,
        "heuristic_confidence": 0.498,
        "rejection_reasons": [
          "AREA_TOO_SMALL"
        ],
        "status": "REJECTED"
      }
    },
    {
      "type": "Feature",
      "id": "CS_0134",
      "geometry": {
        "type": "Polygon",
        "coordinates": [
          [
            [
              -81.50699999999999,
              31.0584
            ],
            [
              -81.50699999999999,
              31.058
            ],
            [
              -81.50739999999999,
              31.058
            ],
            [
              -81.50739999999999,
              31.057499999999997
            ],
            [
              -81.5071,
              31.057499999999997
            ],
            [
              -81.5071,
              31.057599999999997
            ],
            [
              -81.50699999999999,
              31.057599999999997
            ],
            [
              -81.50699999999999,
              31.0579
            ],
            [
              -81.50679999999998,
              31.0579
            ],
            [
              -81.50679999999998,
              31.0577
            ],
            [
              -81.50649999999999,
              31.0577
            ],
            [
              -81.50649999999999,
              31.0579
            ],
            [
              -81.50609999999999,
              31.0579
            ],
            [
              -81.50609999999999,
              31.0583
            ],
            [
              -81.5063,
              31.0583
            ],
            [
              -81.5063,
              31.0584
            ],
            [
              -81.50699999999999,
              31.0584
            ]
          ]
        ]
      },
      "properties": {
        "candidate_id": "CS_0134",
        "numeric_id": 134,
        "raw_component_id": 1813,
        "pixel_count": 68,
        "area_km2": 0.0072,
        "perimeter_km": 0.432,
        "centroid_lon": -81.50675,
        "centroid_lat": 31.058,
        "bounding_box": [
          -81.50735,
          31.05755,
          -81.50615,
          31.05835
        ],
        "length_km": 0.15,
        "width_km": 0.074,
        "aspect_ratio": 2.02,
        "orientation_deg": 59.7,
        "mean_sigma0_db": -25.62,
        "min_sigma0_db": -29.43,
        "mean_contrast_db": 9.19,
        "max_contrast_db": 13.04,
        "candidate_score": 0.661,
        "heuristic_confidence": 0.661,
        "rejection_reasons": [
          "AREA_TOO_SMALL"
        ],
        "status": "REJECTED"
      }
    },
    {
      "type": "Feature",
      "id": "CS_0135",
      "geometry": {
        "type": "Polygon",
        "coordinates": [
          [
            [
              -81.50129999999999,
              31.0578
            ],
            [
              -81.50129999999999,
              31.0577
            ],
            [
              -81.50139999999999,
              31.0577
            ],
            [
              -81.50139999999999,
              31.0574
            ],
            [
              -81.5011,
              31.0574
            ],
            [
              -81.5011,
              31.0572
            ],
            [
              -81.50089999999999,
              31.0572
            ],
            [
              -81.50089999999999,
              31.057
            ],
            [
              -81.50049999999999,
              31.057
            ],
            [
              -81.50049999999999,
              31.0572
            ],
            [
              -81.50039999999998,
              31.0572
            ],
            [
              -81.50039999999998,
              31.0574
            ],
            [
              -81.5003,
              31.0574
            ],
            [
              -81.5003,
              31.0577
            ],
            [
              -81.50059999999999,
              31.0577
            ],
            [
              -81.50059999999999,
              31.0576
            ],
            [
              -81.50079999999998,
              31.0576
            ],
            [
              -81.50079999999998,
              31.0578
            ],
            [
              -81.50129999999999,
              31.0578
            ]
          ]
        ]
      },
      "properties": {
        "candidate_id": "CS_0135",
        "numeric_id": 135,
        "raw_component_id": 1819,
        "pixel_count": 58,
        "area_km2": 0.0061,
        "perimeter_km": 0.34,
        "centroid_lon": -81.50083,
        "centroid_lat": 31.05744,
        "bounding_box": [
          -81.50135,
          31.05705,
          -81.50035,
          31.05775
        ],
        "length_km": 0.113,
        "width_km": 0.078,
        "aspect_ratio": 1.45,
        "orientation_deg": -60.9,
        "mean_sigma0_db": -24.66,
        "min_sigma0_db": -27.85,
        "mean_contrast_db": 9.59,
        "max_contrast_db": 12.76,
        "candidate_score": 0.623,
        "heuristic_confidence": 0.623,
        "rejection_reasons": [
          "AREA_TOO_SMALL"
        ],
        "status": "REJECTED"
      }
    },
    {
      "type": "Feature",
      "id": "CS_0136",
      "geometry": {
        "type": "Polygon",
        "coordinates": [
          [
            [
              -81.47649999999999,
              31.0577
            ],
            [
              -81.47649999999999,
              31.0574
            ],
            [
              -81.47659999999999,
              31.0574
            ],
            [
              -81.47659999999999,
              31.057100000000002
            ],
            [
              -81.4767,
              31.057100000000002
            ],
            [
              -81.4767,
              31.0568
            ],
            [
              -81.4764,
              31.0568
            ],
            [
              -81.4764,
              31.0569
            ],
            [
              -81.47609999999999,
              31.0569
            ],
            [
              -81.47609999999999,
              31.057000000000002
            ],
            [
              -81.476,
              31.057000000000002
            ],
            [
              -81.476,
              31.0569
            ],
            [
              -81.47569999999999,
              31.0569
            ],
            [
              -81.47569999999999,
              31.0567
            ],
            [
              -81.4755,
              31.0567
            ],
            [
              -81.4755,
              31.0566
            ],
            [
              -81.4756,
              31.0566
            ],
            [
              -81.4756,
              31.0562
            ],
            [
              -81.4755,
              31.0562
            ],
            [
              -81.4755,
              31.0558
            ],
            [
              -81.4754,
              31.0558
            ],
            [
              -81.4754,
              31.055500000000002
            ],
            [
              -81.4751,
              31.055500000000002
            ],
            [
              -81.4751,
              31.055600000000002
            ],
            [
              -81.475,
              31.055600000000002
            ],
            [
              -81.475,
              31.0557
            ],
            [
              -81.47479999999999,
              31.0557
            ],
            [
              -81.47479999999999,
              31.0559
            ],
            [
              -81.47449999999999,
              31.0559
            ],
            [
              -81.47449999999999,
              31.0562
            ],
            [
              -81.47439999999999,
              31.0562
            ],
            [
              -81.47439999999999,
              31.0565
            ],
            [
              -81.47479999999999,
              31.0565
            ],
            [
              -81.47479999999999,
              31.0566
            ],
            [
              -81.47489999999999,
              31.0566
            ],
            [
              -81.47489999999999,
              31.0567
            ],
            [
              -81.4746,
              31.0567
            ],
            [
              -81.4746,
              31.0574
            ],
            [
              -81.475,
              31.0574
            ],
            [
              -81.475,
              31.0576
            ],
            [
              -81.47529999999999,
              31.0576
            ],
            [
              -81.47529999999999,
              31.0573
            ],
            [
              -81.475,
              31.0573
            ],
            [
              -81.475,
              31.0572
            ],
            [
              -81.4751,
              31.0572
            ],
            [
              -81.4751,
              31.0568
            ],
            [
              -81.475,
              31.0568
            ],
            [
              -81.475,
              31.0567
            ],
            [
              -81.4754,
              31.0567
            ],
            [
              -81.4754,
              31.057000000000002
            ],
            [
              -81.4756,
              31.057000000000002
            ],
            [
              -81.4756,
              31.0572
            ],
            [
              -81.476,
              31.0572
            ],
            [
              -81.476,
              31.0574
            ],
            [
              -81.47619999999999,
              31.0574
            ],
            [
              -81.47619999999999,
              31.0577
            ],
            [
              -81.47649999999999,
              31.0577
            ]
          ],
          [
            [
              -81.4752,
              31.0562
            ],
            [
              -81.47489999999999,
              31.0562
            ],
            [
              -81.47489999999999,
              31.056
            ],
            [
              -81.4752,
              31.056
            ],
            [
              -81.4752,
              31.0562
            ]
          ]
        ]
      },
      "properties": {
        "candidate_id": "CS_0136",
        "numeric_id": 136,
        "raw_component_id": 1822,
        "pixel_count": 215,
        "area_km2": 0.0228,
        "perimeter_km": 1.256,
        "centroid_lon": -81.47539,
        "centroid_lat": 31.05656,
        "bounding_box": [
          -81.47665,
          31.05505,
          -81.47445,
          31.05765
        ],
        "length_km": 0.307,
        "width_km": 0.202,
        "aspect_ratio": 1.52,
        "orientation_deg": -24.7,
        "mean_sigma0_db": -24.44,
        "min_sigma0_db": -29.02,
        "mean_contrast_db": 5.31,
        "max_contrast_db": 10.06,
        "candidate_score": 0.482,
        "heuristic_confidence": 0.482,
        "rejection_reasons": [
          "AREA_TOO_SMALL"
        ],
        "status": "REJECTED"
      }
    },
    {
      "type": "Feature",
      "id": "CS_0137",
      "geometry": {
        "type": "Polygon",
        "coordinates": [
          [
            [
              -81.4999,
              31.0575
            ],
            [
              -81.4999,
              31.0574
            ],
            [
              -81.5,
              31.0574
            ],
            [
              -81.5,
              31.057000000000002
            ],
            [
              -81.5001,
              31.057000000000002
            ],
            [
              -81.5001,
              31.056900000000002
            ],
            [
              -81.5003,
              31.056900000000002
            ],
            [
              -81.5003,
              31.056800000000003
            ],
            [
              -81.5004,
              31.056800000000003
            ],
            [
              -81.5004,
              31.0562
            ],
            [
              -81.5,
              31.0562
            ],
            [
              -81.5,
              31.0563
            ],
            [
              -81.4999,
              31.0563
            ],
            [
              -81.4999,
              31.0565
            ],
            [
              -81.4998,
              31.0565
            ],
            [
              -81.4998,
              31.0566
            ],
            [
              -81.4996,
              31.0566
            ],
            [
              -81.4996,
              31.056900000000002
            ],
            [
              -81.4995,
              31.056900000000002
            ],
            [
              -81.4995,
              31.0574
            ],
            [
              -81.4996,
              31.0574
            ],
            [
              -81.4996,
              31.0575
            ],
            [
              -81.4999,
              31.0575
            ]
          ]
        ]
      },
      "properties": {
        "candidate_id": "CS_0137",
        "numeric_id": 137,
        "raw_component_id": 1829,
        "pixel_count": 72,
        "area_km2": 0.0076,
        "perimeter_km": 0.36,
        "centroid_lon": -81.49994,
        "centroid_lat": 31.05683,
        "bounding_box": [
          -81.50035,
          31.05625,
          -81.49955,
          31.05745
        ],
        "length_km": 0.164,
        "width_km": 0.062,
        "aspect_ratio": 2.62,
        "orientation_deg": 25.3,
        "mean_sigma0_db": -24.92,
        "min_sigma0_db": -27.16,
        "mean_contrast_db": 9.82,
        "max_contrast_db": 12.15,
        "candidate_score": 0.65,
        "heuristic_confidence": 0.65,
        "rejection_reasons": [
          "AREA_TOO_SMALL"
        ],
        "status": "REJECTED"
      }
    },
    {
      "type": "Feature",
      "id": "CS_0138",
      "geometry": {
        "type": "Polygon",
        "coordinates": [
          [
            [
              -81.42639999999999,
              31.057
            ],
            [
              -81.42639999999999,
              31.0564
            ],
            [
              -81.4266,
              31.0564
            ],
            [
              -81.4266,
              31.056199999999997
            ],
            [
              -81.42699999999999,
              31.056199999999997
            ],
            [
              -81.42699999999999,
              31.055799999999998
            ],
            [
              -81.42679999999999,
              31.055799999999998
            ],
            [
              -81.42679999999999,
              31.055699999999998
            ],
            [
              -81.42649999999999,
              31.055699999999998
            ],
            [
              -81.42649999999999,
              31.0553
            ],
            [
              -81.42609999999999,
              31.0553
            ],
            [
              -81.42609999999999,
              31.0556
            ],
            [
              -81.4262,
              31.0556
            ],
            [
              -81.4262,
              31.055699999999998
            ],
            [
              -81.42639999999999,
              31.055699999999998
            ],
            [
              -81.42639999999999,
              31.055999999999997
            ],
            [
              -81.42609999999999,
              31.055999999999997
            ],
            [
              -81.42609999999999,
              31.056099999999997
            ],
            [
              -81.42599999999999,
              31.056099999999997
            ],
            [
              -81.42599999999999,
              31.0564
            ],
            [
              -81.42609999999999,
              31.0564
            ],
            [
              -81.42609999999999,
              31.057
            ],
            [
              -81.42639999999999,
              31.057
            ]
          ]
        ]
      },
      "properties": {
        "candidate_id": "CS_0138",
        "numeric_id": 138,
        "raw_component_id": 1836,
        "pixel_count": 80,
        "area_km2": 0.0085,
        "perimeter_km": 0.525,
        "centroid_lon": -81.42642,
        "centroid_lat": 31.0561,
        "bounding_box": [
          -81.42695,
          31.05535,
          -81.42605,
          31.05695
        ],
        "length_km": 0.19,
        "width_km": 0.088,
        "aspect_ratio": 2.16,
        "orientation_deg": 8.9,
        "mean_sigma0_db": -24.89,
        "min_sigma0_db": -27.54,
        "mean_contrast_db": 9.33,
        "max_contrast_db": 12.0,
        "candidate_score": 0.642,
        "heuristic_confidence": 0.642,
        "rejection_reasons": [
          "AREA_TOO_SMALL"
        ],
        "status": "REJECTED"
      }
    },
    {
      "type": "Feature",
      "id": "CS_0139",
      "geometry": {
        "type": "Polygon",
        "coordinates": [
          [
            [
              -81.4931,
              31.0561
            ],
            [
              -81.4931,
              31.0557
            ],
            [
              -81.4935,
              31.0557
            ],
            [
              -81.4935,
              31.055400000000002
            ],
            [
              -81.4932,
              31.055400000000002
            ],
            [
              -81.4932,
              31.0553
            ],
            [
              -81.4926,
              31.0553
            ],
            [
              -81.4926,
              31.056
            ],
            [
              -81.4928,
              31.056
            ],
            [
              -81.4928,
              31.0561
            ],
            [
              -81.4931,
              31.0561
            ]
          ]
        ]
      },
      "properties": {
        "candidate_id": "CS_0139",
        "numeric_id": 139,
        "raw_component_id": 1861,
        "pixel_count": 51,
        "area_km2": 0.0054,
        "perimeter_km": 0.319,
        "centroid_lon": -81.49297,
        "centroid_lat": 31.05564,
        "bounding_box": [
          -81.49345,
          31.05535,
          -81.49265,
          31.05605
        ],
        "length_km": 0.098,
        "width_km": 0.08,
        "aspect_ratio": 1.22,
        "orientation_deg": 38.9,
        "mean_sigma0_db": -24.83,
        "min_sigma0_db": -27.86,
        "mean_contrast_db": 8.89,
        "max_contrast_db": 11.82,
        "candidate_score": 0.624,
        "heuristic_confidence": 0.624,
        "rejection_reasons": [
          "AREA_TOO_SMALL"
        ],
        "status": "REJECTED"
      }
    },
    {
      "type": "Feature",
      "id": "CS_0140",
      "geometry": {
        "type": "Polygon",
        "coordinates": [
          [
            [
              -81.47429999999999,
              31.056
            ],
            [
              -81.47429999999999,
              31.0559
            ],
            [
              -81.47439999999999,
              31.0559
            ],
            [
              -81.47439999999999,
              31.055600000000002
            ],
            [
              -81.47379999999998,
              31.055600000000002
            ],
            [
              -81.47379999999998,
              31.055400000000002
            ],
            [
              -81.4737,
              31.055400000000002
            ],
            [
              -81.4737,
              31.055300000000003
            ],
            [
              -81.47359999999999,
              31.055300000000003
            ],
            [
              -81.47359999999999,
              31.0552
            ],
            [
              -81.47379999999998,
              31.0552
            ],
            [
              -81.47379999999998,
              31.055300000000003
            ],
            [
              -81.47389999999999,
              31.055300000000003
            ],
            [
              -81.47389999999999,
              31.055400000000002
            ],
            [
              -81.47419999999998,
              31.055400000000002
            ],
            [
              -81.47419999999998,
              31.0549
            ],
            [
              -81.47399999999999,
              31.0549
            ],
            [
              -81.47399999999999,
              31.0547
            ],
            [
              -81.4737,
              31.0547
            ],
            [
              -81.4737,
              31.0548
            ],
            [
              -81.47359999999999,
              31.0548
            ],
            [
              -81.47359999999999,
              31.0551
            ],
            [
              -81.47339999999998,
              31.0551
            ],
            [
              -81.47339999999998,
              31.055
            ],
            [
              -81.47299999999998,
              31.055
            ],
            [
              -81.47299999999998,
              31.055300000000003
            ],
            [
              -81.4733,
              31.055300000000003
            ],
            [
              -81.4733,
              31.055600000000002
            ],
            [
              -81.47349999999999,
              31.055600000000002
            ],
            [
              -81.47349999999999,
              31.0558
            ],
            [
              -81.47379999999998,
              31.0558
            ],
            [
              -81.47379999999998,
              31.0559
            ],
            [
              -81.47399999999999,
              31.0559
            ],
            [
              -81.47399999999999,
              31.056
            ],
            [
              -81.47429999999999,
              31.056
            ]
          ]
        ]
      },
      "properties": {
        "candidate_id": "CS_0140",
        "numeric_id": 140,
        "raw_component_id": 1865,
        "pixel_count": 89,
        "area_km2": 0.0094,
        "perimeter_km": 0.587,
        "centroid_lon": -81.47377,
        "centroid_lat": 31.05535,
        "bounding_box": [
          -81.47435,
          31.05475,
          -81.47305,
          31.05595
        ],
        "length_km": 0.158,
        "width_km": 0.111,
        "aspect_ratio": 1.42,
        "orientation_deg": -32.7,
        "mean_sigma0_db": -24.55,
        "min_sigma0_db": -28.24,
        "mean_contrast_db": 5.21,
        "max_contrast_db": 8.79,
        "candidate_score": 0.476,
        "heuristic_confidence": 0.476,
        "rejection_reasons": [
          "AREA_TOO_SMALL"
        ],
        "status": "REJECTED"
      }
    },
    {
      "type": "Feature",
      "id": "CS_0141",
      "geometry": {
        "type": "Polygon",
        "coordinates": [
          [
            [
              -81.47259999999999,
              31.055600000000002
            ],
            [
              -81.47259999999999,
              31.055500000000002
            ],
            [
              -81.47269999999999,
              31.055500000000002
            ],
            [
              -81.47269999999999,
              31.055300000000003
            ],
            [
              -81.47279999999999,
              31.055300000000003
            ],
            [
              -81.47279999999999,
              31.054900000000004
            ],
            [
              -81.47259999999999,
              31.054900000000004
            ],
            [
              -81.47259999999999,
              31.0546
            ],
            [
              -81.4725,
              31.0546
            ],
            [
              -81.4725,
              31.0544
            ],
            [
              -81.47259999999999,
              31.0544
            ],
            [
              -81.47259999999999,
              31.0542
            ],
            [
              -81.47269999999999,
              31.0542
            ],
            [
              -81.47269999999999,
              31.053800000000003
            ],
            [
              -81.4724,
              31.053800000000003
            ],
            [
              -81.4724,
              31.053600000000003
            ],
            [
              -81.47259999999999,
              31.053600000000003
            ],
            [
              -81.47259999999999,
              31.0533
            ],
            [
              -81.47269999999999,
              31.0533
            ],
            [
              -81.47269999999999,
              31.0531
            ],
            [
              -81.47279999999999,
              31.0531
            ],
            [
              -81.47279999999999,
              31.052300000000002
            ],
            [
              -81.4725,
              31.052300000000002
            ],
            [
              -81.4725,
              31.0526
            ],
            [
              -81.4724,
              31.0526
            ],
            [
              -81.4724,
              31.0529
            ],
            [
              -81.4721,
              31.0529
            ],
            [
              -81.4721,
              31.053
            ],
            [
              -81.4712,
              31.053
            ],
            [
              -81.4712,
              31.0531
            ],
            [
              -81.47099999999999,
              31.0531
            ],
            [
              -81.47099999999999,
              31.053400000000003
            ],
            [
              -81.47089999999999,
              31.053400000000003
            ],
            [
              -81.47089999999999,
              31.053700000000003
            ],
            [
              -81.47059999999999,
              31.053700000000003
            ],
            [
              -81.47059999999999,
              31.054000000000002
            ],
            [
              -81.47049999999999,
              31.054000000000002
            ],
            [
              -81.47049999999999,
              31.0543
            ],
            [
              -81.4708,
              31.0543
            ],
            [
              -81.4708,
              31.054100000000002
            ],
            [
              -81.47089999999999,
              31.054100000000002
            ],
            [
              -81.47089999999999,
              31.053800000000003
            ],
            [
              -81.47109999999999,
              31.053800000000003
            ],
            [
              -81.47109999999999,
              31.054100000000002
            ],
            [
              -81.4717,
              31.054100000000002
            ],
            [
              -81.4717,
              31.0542
            ],
            [
              -81.472,
              31.0542
            ],
            [
              -81.472,
              31.0543
            ],
            [
              -81.47139999999999,
              31.0543
            ],
            [
              -81.47139999999999,
              31.0546
            ],
            [
              -81.47179999999999,
              31.0546
            ],
            [
              -81.47179999999999,
              31.055000000000003
            ],
            [
              -81.47189999999999,
              31.055000000000003
            ],
            [
              -81.47189999999999,
              31.055400000000002
            ],
            [
              -81.47229999999999,
              31.055400000000002
            ],
            [
              -81.47229999999999,
              31.055600000000002
            ],
            [
              -81.47259999999999,
              31.055600000000002
            ]
          ],
          [
            [
              -81.4724,
              31.054000000000002
            ],
            [
              -81.47229999999999,
              31.054000000000002
            ],
            [
              -81.47229999999999,
              31.053900000000002
            ],
            [
              -81.4724,
              31.053900000000002
            ],
            [
              -81.4724,
              31.054000000000002
            ]
          ],
          [
            [
              -81.4721,
              31.053800000000003
            ],
            [
              -81.47179999999999,
              31.053800000000003
            ],
            [
              -81.47179999999999,
              31.053600000000003
            ],
            [
              -81.47189999999999,
              31.053600000000003
            ],
            [
              -81.47189999999999,
              31.053500000000003
            ],
            [
              -81.472,
              31.053500000000003
            ],
            [
              -81.472,
              31.0533
            ],
            [
              -81.47229999999999,
              31.0533
            ],
            [
              -81.47229999999999,
              31.053500000000003
            ],
            [
              -81.4721,
              31.053500000000003
            ],
            [
              -81.4721,
              31.053800000000003
            ]
          ]
        ]
      },
      "properties": {
        "candidate_id": "CS_0141",
        "numeric_id": 141,
        "raw_component_id": 1871,
        "pixel_count": 336,
        "area_km2": 0.0356,
        "perimeter_km": 1.359,
        "centroid_lon": -81.47195,
        "centroid_lat": 31.05396,
        "bounding_box": [
          -81.47275,
          31.05235,
          -81.47055,
          31.05555
        ],
        "length_km": 0.342,
        "width_km": 0.21,
        "aspect_ratio": 1.62,
        "orientation_deg": -7.2,
        "mean_sigma0_db": -24.8,
        "min_sigma0_db": -28.62,
        "mean_contrast_db": 6.02,
        "max_contrast_db": 10.13,
        "candidate_score": 0.551,
        "heuristic_confidence": 0.551,
        "rejection_reasons": [
          "AREA_TOO_SMALL"
        ],
        "status": "REJECTED"
      }
    },
    {
      "type": "Feature",
      "id": "CS_0142",
      "geometry": {
        "type": "Polygon",
        "coordinates": [
          [
            [
              -81.50619999999999,
              31.0554
            ],
            [
              -81.50619999999999,
              31.0552
            ],
            [
              -81.5064,
              31.0552
            ],
            [
              -81.5064,
              31.054599999999997
            ],
            [
              -81.5063,
              31.054599999999997
            ],
            [
              -81.5063,
              31.054499999999997
            ],
            [
              -81.5061,
              31.054499999999997
            ],
            [
              -81.5061,
              31.054299999999998
            ],
            [
              -81.506,
              31.054299999999998
            ],
            [
              -81.506,
              31.054199999999998
            ],
            [
              -81.5057,
              31.054199999999998
            ],
            [
              -81.5057,
              31.054599999999997
            ],
            [
              -81.5058,
              31.054599999999997
            ],
            [
              -81.5058,
              31.0549
            ],
            [
              -81.5059,
              31.0549
            ],
            [
              -81.5059,
              31.055
            ],
            [
              -81.5057,
              31.055
            ],
            [
              -81.5057,
              31.0554
            ],
            [
              -81.50619999999999,
              31.0554
            ]
          ]
        ]
      },
      "properties": {
        "candidate_id": "CS_0142",
        "numeric_id": 142,
        "raw_component_id": 1874,
        "pixel_count": 64,
        "area_km2": 0.0068,
        "perimeter_km": 0.36,
        "centroid_lon": -81.50602,
        "centroid_lat": 31.05484,
        "bounding_box": [
          -81.50635,
          31.05425,
          -81.50575,
          31.05535
        ],
        "length_km": 0.143,
        "width_km": 0.069,
        "aspect_ratio": 2.07,
        "orientation_deg": -4.7,
        "mean_sigma0_db": -24.86,
        "min_sigma0_db": -27.49,
        "mean_contrast_db": 7.48,
        "max_contrast_db": 10.1,
        "candidate_score": 0.639,
        "heuristic_confidence": 0.639,
        "rejection_reasons": [
          "AREA_TOO_SMALL"
        ],
        "status": "REJECTED"
      }
    },
    {
      "type": "Feature",
      "id": "CS_0143",
      "geometry": {
        "type": "Polygon",
        "coordinates": [
          [
            [
              -81.4757,
              31.0545
            ],
            [
              -81.4757,
              31.0543
            ],
            [
              -81.476,
              31.0543
            ],
            [
              -81.476,
              31.054000000000002
            ],
            [
              -81.4756,
              31.054000000000002
            ],
            [
              -81.4756,
              31.053800000000003
            ],
            [
              -81.4757,
              31.053800000000003
            ],
            [
              -81.4757,
              31.0534
            ],
            [
              -81.4756,
              31.0534
            ],
            [
              -81.4756,
              31.0533
            ],
            [
              -81.4753,
              31.0533
            ],
            [
              -81.4753,
              31.0534
            ],
            [
              -81.4751,
              31.0534
            ],
            [
              -81.4751,
              31.0537
            ],
            [
              -81.4749,
              31.0537
            ],
            [
              -81.4749,
              31.054100000000002
            ],
            [
              -81.4752,
              31.054100000000002
            ],
            [
              -81.4752,
              31.054000000000002
            ],
            [
              -81.4754,
              31.054000000000002
            ],
            [
              -81.4754,
              31.054100000000002
            ],
            [
              -81.4753,
              31.054100000000002
            ],
            [
              -81.4753,
              31.0545
            ],
            [
              -81.4757,
              31.0545
            ]
          ]
        ]
      },
      "properties": {
        "candidate_id": "CS_0143",
        "numeric_id": 143,
        "raw_component_id": 1888,
        "pixel_count": 74,
        "area_km2": 0.0078,
        "perimeter_km": 0.443,
        "centroid_lon": -81.47543,
        "centroid_lat": 31.05391,
        "bounding_box": [
          -81.47595,
          31.05335,
          -81.47495,
          31.05445
        ],
        "length_km": 0.141,
        "width_km": 0.088,
        "aspect_ratio": 1.6,
        "orientation_deg": -18.5,
        "mean_sigma0_db": -24.65,
        "min_sigma0_db": -27.86,
        "mean_contrast_db": 7.8,
        "max_contrast_db": 11.3,
        "candidate_score": 0.625,
        "heuristic_confidence": 0.625,
        "rejection_reasons": [
          "AREA_TOO_SMALL"
        ],
        "status": "REJECTED"
      }
    },
    {
      "type": "Feature",
      "id": "CS_0144",
      "geometry": {
        "type": "Polygon",
        "coordinates": [
          [
            [
              -81.4245,
              31.0539
            ],
            [
              -81.4245,
              31.0538
            ],
            [
              -81.42469999999999,
              31.0538
            ],
            [
              -81.42469999999999,
              31.0536
            ],
            [
              -81.42479999999999,
              31.0536
            ],
            [
              -81.42479999999999,
              31.0535
            ],
            [
              -81.4249,
              31.0535
            ],
            [
              -81.4249,
              31.0532
            ],
            [
              -81.42479999999999,
              31.0532
            ],
            [
              -81.42479999999999,
              31.052999999999997
            ],
            [
              -81.42469999999999,
              31.052999999999997
            ],
            [
              -81.42469999999999,
              31.052899999999998
            ],
            [
              -81.42439999999999,
              31.052899999999998
            ],
            [
              -81.42439999999999,
              31.052999999999997
            ],
            [
              -81.42429999999999,
              31.052999999999997
            ],
            [
              -81.42429999999999,
              31.052799999999998
            ],
            [
              -81.42399999999999,
              31.052799999999998
            ],
            [
              -81.42399999999999,
              31.0536
            ],
            [
              -81.4242,
              31.0536
            ],
            [
              -81.4242,
              31.0539
            ],
            [
              -81.4245,
              31.0539
            ]
          ]
        ]
      },
      "properties": {
        "candidate_id": "CS_0144",
        "numeric_id": 144,
        "raw_component_id": 1897,
        "pixel_count": 73,
        "area_km2": 0.0077,
        "perimeter_km": 0.35,
        "centroid_lon": -81.42441,
        "centroid_lat": 31.05333,
        "bounding_box": [
          -81.42485,
          31.05285,
          -81.42405,
          31.05385
        ],
        "length_km": 0.12,
        "width_km": 0.086,
        "aspect_ratio": 1.4,
        "orientation_deg": -11.8,
        "mean_sigma0_db": -24.91,
        "min_sigma0_db": -27.89,
        "mean_contrast_db": 9.02,
        "max_contrast_db": 12.01,
        "candidate_score": 0.629,
        "heuristic_confidence": 0.629,
        "rejection_reasons": [
          "AREA_TOO_SMALL"
        ],
        "status": "REJECTED"
      }
    },
    {
      "type": "Feature",
      "id": "CS_0145",
      "geometry": {
        "type": "Polygon",
        "coordinates": [
          [
            [
              -81.46889999999999,
              31.0533
            ],
            [
              -81.46889999999999,
              31.0527
            ],
            [
              -81.4692,
              31.0527
            ],
            [
              -81.4692,
              31.0524
            ],
            [
              -81.4691,
              31.0524
            ],
            [
              -81.4691,
              31.0523
            ],
            [
              -81.4692,
              31.0523
            ],
            [
              -81.4692,
              31.0522
            ],
            [
              -81.46929999999999,
              31.0522
            ],
            [
              -81.46929999999999,
              31.052
            ],
            [
              -81.4695,
              31.052
            ],
            [
              -81.4695,
              31.0515
            ],
            [
              -81.4692,
              31.0515
            ],
            [
              -81.4692,
              31.0519
            ],
            [
              -81.46889999999999,
              31.0519
            ],
            [
              -81.46889999999999,
              31.0522
            ],
            [
              -81.46849999999999,
              31.0522
            ],
            [
              -81.46849999999999,
              31.0525
            ],
            [
              -81.4684,
              31.0525
            ],
            [
              -81.4684,
              31.0528
            ],
            [
              -81.4686,
              31.0528
            ],
            [
              -81.4686,
              31.0529
            ],
            [
              -81.46849999999999,
              31.0529
            ],
            [
              -81.46849999999999,
              31.053
            ],
            [
              -81.4684,
              31.053
            ],
            [
              -81.4684,
              31.0529
            ],
            [
              -81.4677,
              31.0529
            ],
            [
              -81.4677,
              31.0532
            ],
            [
              -81.4682,
              31.0532
            ],
            [
              -81.4682,
              31.0533
            ],
            [
              -81.46889999999999,
              31.0533
            ]
          ],
          [
            [
              -81.46889999999999,
              31.0527
            ],
            [
              -81.4688,
              31.0527
            ],
            [
              -81.4688,
              31.0526
            ],
            [
              -81.46889999999999,
              31.0526
            ],
            [
              -81.46889999999999,
              31.0527
            ]
          ]
        ]
      },
      "properties": {
        "candidate_id": "CS_0145",
        "numeric_id": 145,
        "raw_component_id": 1905,
        "pixel_count": 111,
        "area_km2": 0.0118,
        "perimeter_km": 0.7,
        "centroid_lon": -81.46873,
        "centroid_lat": 31.05258,
        "bounding_box": [
          -81.46945,
          31.05155,
          -81.46775,
          31.05325
        ],
        "length_km": 0.259,
        "width_km": 0.087,
        "aspect_ratio": 2.98,
        "orientation_deg": 35.1,
        "mean_sigma0_db": -24.43,
        "min_sigma0_db": -28.24,
        "mean_contrast_db": 7.03,
        "max_contrast_db": 10.82,
        "candidate_score": 0.642,
        "heuristic_confidence": 0.642,
        "rejection_reasons": [
          "AREA_TOO_SMALL"
        ],
        "status": "REJECTED"
      }
    },
    {
      "type": "Feature",
      "id": "CS_0146",
      "geometry": {
        "type": "Polygon",
        "coordinates": [
          [
            [
              -81.46969999999999,
              31.0532
            ],
            [
              -81.46969999999999,
              31.0529
            ],
            [
              -81.4699,
              31.0529
            ],
            [
              -81.4699,
              31.0524
            ],
            [
              -81.47019999999999,
              31.0524
            ],
            [
              -81.47019999999999,
              31.0519
            ],
            [
              -81.47009999999999,
              31.0519
            ],
            [
              -81.47009999999999,
              31.0516
            ],
            [
              -81.46979999999999,
              31.0516
            ],
            [
              -81.46979999999999,
              31.0517
            ],
            [
              -81.46969999999999,
              31.0517
            ],
            [
              -81.46969999999999,
              31.0519
            ],
            [
              -81.46959999999999,
              31.0519
            ],
            [
              -81.46959999999999,
              31.0526
            ],
            [
              -81.4694,
              31.0526
            ],
            [
              -81.4694,
              31.0532
            ],
            [
              -81.46969999999999,
              31.0532
            ]
          ]
        ]
      },
      "properties": {
        "candidate_id": "CS_0146",
        "numeric_id": 146,
        "raw_component_id": 1906,
        "pixel_count": 71,
        "area_km2": 0.0075,
        "perimeter_km": 0.432,
        "centroid_lon": -81.46979,
        "centroid_lat": 31.05236,
        "bounding_box": [
          -81.47015,
          31.05165,
          -81.46945,
          31.05315
        ],
        "length_km": 0.196,
        "width_km": 0.055,
        "aspect_ratio": 3.56,
        "orientation_deg": 15.8,
        "mean_sigma0_db": -25.16,
        "min_sigma0_db": -28.24,
        "mean_contrast_db": 7.32,
        "max_contrast_db": 10.33,
        "candidate_score": 0.674,
        "heuristic_confidence": 0.674,
        "rejection_reasons": [
          "AREA_TOO_SMALL"
        ],
        "status": "REJECTED"
      }
    },
    {
      "type": "Feature",
      "id": "CS_0147",
      "geometry": {
        "type": "Polygon",
        "coordinates": [
          [
            [
              -81.4699,
              31.0514
            ],
            [
              -81.4699,
              31.0513
            ],
            [
              -81.4703,
              31.0513
            ],
            [
              -81.4703,
              31.050900000000002
            ],
            [
              -81.4704,
              31.050900000000002
            ],
            [
              -81.4704,
              31.050800000000002
            ],
            [
              -81.4705,
              31.050800000000002
            ],
            [
              -81.4705,
              31.050700000000003
            ],
            [
              -81.4708,
              31.050700000000003
            ],
            [
              -81.4708,
              31.0503
            ],
            [
              -81.4705,
              31.0503
            ],
            [
              -81.4705,
              31.0505
            ],
            [
              -81.47019999999999,
              31.0505
            ],
            [
              -81.47019999999999,
              31.0506
            ],
            [
              -81.4701,
              31.0506
            ],
            [
              -81.4701,
              31.050800000000002
            ],
            [
              -81.4699,
              31.050800000000002
            ],
            [
              -81.4699,
              31.051000000000002
            ],
            [
              -81.4695,
              31.051000000000002
            ],
            [
              -81.4695,
              31.0514
            ],
            [
              -81.4699,
              31.0514
            ]
          ]
        ]
      },
      "properties": {
        "candidate_id": "CS_0147",
        "numeric_id": 147,
        "raw_component_id": 1925,
        "pixel_count": 60,
        "area_km2": 0.0064,
        "perimeter_km": 0.412,
        "centroid_lon": -81.47015,
        "centroid_lat": 31.05091,
        "bounding_box": [
          -81.47075,
          31.05035,
          -81.46955,
          31.05135
        ],
        "length_km": 0.179,
        "width_km": 0.054,
        "aspect_ratio": 3.33,
        "orientation_deg": 45.2,
        "mean_sigma0_db": -24.31,
        "min_sigma0_db": -27.17,
        "mean_contrast_db": 6.86,
        "max_contrast_db": 9.7,
        "candidate_score": 0.633,
        "heuristic_confidence": 0.633,
        "rejection_reasons": [
          "AREA_TOO_SMALL"
        ],
        "status": "REJECTED"
      }
    },
    {
      "type": "Feature",
      "id": "CS_0148",
      "geometry": {
        "type": "Polygon",
        "coordinates": [
          [
            [
              -81.4264,
              31.0511
            ],
            [
              -81.4264,
              31.051000000000002
            ],
            [
              -81.4267,
              31.051000000000002
            ],
            [
              -81.4267,
              31.050500000000003
            ],
            [
              -81.42649999999999,
              31.050500000000003
            ],
            [
              -81.42649999999999,
              31.050400000000003
            ],
            [
              -81.4264,
              31.050400000000003
            ],
            [
              -81.4264,
              31.0503
            ],
            [
              -81.42609999999999,
              31.0503
            ],
            [
              -81.42609999999999,
              31.050600000000003
            ],
            [
              -81.4262,
              31.050600000000003
            ],
            [
              -81.4262,
              31.050700000000003
            ],
            [
              -81.4258,
              31.050700000000003
            ],
            [
              -81.4258,
              31.0511
            ],
            [
              -81.4264,
              31.0511
            ]
          ]
        ]
      },
      "properties": {
        "candidate_id": "CS_0148",
        "numeric_id": 148,
        "raw_component_id": 1934,
        "pixel_count": 51,
        "area_km2": 0.0054,
        "perimeter_km": 0.319,
        "centroid_lon": -81.42627,
        "centroid_lat": 31.05076,
        "bounding_box": [
          -81.42665,
          31.05035,
          -81.42585,
          31.05105
        ],
        "length_km": 0.101,
        "width_km": 0.077,
        "aspect_ratio": 1.3,
        "orientation_deg": 42.8,
        "mean_sigma0_db": -24.65,
        "min_sigma0_db": -27.2,
        "mean_contrast_db": 9.19,
        "max_contrast_db": 11.8,
        "candidate_score": 0.62,
        "heuristic_confidence": 0.62,
        "rejection_reasons": [
          "AREA_TOO_SMALL"
        ],
        "status": "REJECTED"
      }
    },
    {
      "type": "Feature",
      "id": "CS_0149",
      "geometry": {
        "type": "Polygon",
        "coordinates": [
          [
            [
              -81.46969999999999,
              31.0507
            ],
            [
              -81.46969999999999,
              31.0504
            ],
            [
              -81.4696,
              31.0504
            ],
            [
              -81.4696,
              31.0503
            ],
            [
              -81.46979999999999,
              31.0503
            ],
            [
              -81.46979999999999,
              31.0502
            ],
            [
              -81.4699,
              31.0502
            ],
            [
              -81.4699,
              31.049799999999998
            ],
            [
              -81.46969999999999,
              31.049799999999998
            ],
            [
              -81.46969999999999,
              31.049699999999998
            ],
            [
              -81.4694,
              31.049699999999998
            ],
            [
              -81.4694,
              31.0501
            ],
            [
              -81.4692,
              31.0501
            ],
            [
              -81.4692,
              31.0504
            ],
            [
              -81.4691,
              31.0504
            ],
            [
              -81.4691,
              31.0507
            ],
            [
              -81.46969999999999,
              31.0507
            ]
          ]
        ]
      },
      "properties": {
        "candidate_id": "CS_0149",
        "numeric_id": 149,
        "raw_component_id": 1937,
        "pixel_count": 53,
        "area_km2": 0.0056,
        "perimeter_km": 0.329,
        "centroid_lon": -81.46951,
        "centroid_lat": 31.05023,
        "bounding_box": [
          -81.46985,
          31.04975,
          -81.46915,
          31.05065
        ],
        "length_km": 0.129,
        "width_km": 0.06,
        "aspect_ratio": 2.14,
        "orientation_deg": 20.8,
        "mean_sigma0_db": -25.22,
        "min_sigma0_db": -29.03,
        "mean_contrast_db": 7.92,
        "max_contrast_db": 11.63,
        "candidate_score": 0.651,
        "heuristic_confidence": 0.651,
        "rejection_reasons": [
          "AREA_TOO_SMALL"
        ],
        "status": "REJECTED"
      }
    },
    {
      "type": "Feature",
      "id": "CS_0150",
      "geometry": {
        "type": "Polygon",
        "coordinates": [
          [
            [
              -81.4264,
              31.0502
            ],
            [
              -81.4264,
              31.0497
            ],
            [
              -81.4263,
              31.0497
            ],
            [
              -81.4263,
              31.0496
            ],
            [
              -81.4259,
              31.0496
            ],
            [
              -81.4259,
              31.0486
            ],
            [
              -81.4255,
              31.0486
            ],
            [
              -81.4255,
              31.049
            ],
            [
              -81.4256,
              31.049
            ],
            [
              -81.4256,
              31.049500000000002
            ],
            [
              -81.4255,
              31.049500000000002
            ],
            [
              -81.4255,
              31.0498
            ],
            [
              -81.4256,
              31.0498
            ],
            [
              -81.4256,
              31.0501
            ],
            [
              -81.4259,
              31.0501
            ],
            [
              -81.4259,
              31.05
            ],
            [
              -81.4261,
              31.05
            ],
            [
              -81.4261,
              31.0502
            ],
            [
              -81.4264,
              31.0502
            ]
          ]
        ]
      },
      "properties": {
        "candidate_id": "CS_0150",
        "numeric_id": 150,
        "raw_component_id": 1946,
        "pixel_count": 77,
        "area_km2": 0.0082,
        "perimeter_km": 0.484,
        "centroid_lon": -81.42587,
        "centroid_lat": 31.0495,
        "bounding_box": [
          -81.42635,
          31.04865,
          -81.42555,
          31.05015
        ],
        "length_km": 0.208,
        "width_km": 0.073,
        "aspect_ratio": 2.86,
        "orientation_deg": -15.9,
        "mean_sigma0_db": -24.59,
        "min_sigma0_db": -27.89,
        "mean_contrast_db": 8.83,
        "max_contrast_db": 12.11,
        "candidate_score": 0.645,
        "heuristic_confidence": 0.645,
        "rejection_reasons": [
          "AREA_TOO_SMALL"
        ],
        "status": "REJECTED"
      }
    },
    {
      "type": "Feature",
      "id": "CS_0151",
      "geometry": {
        "type": "Polygon",
        "coordinates": [
          [
            [
              -81.469,
              31.0497
            ],
            [
              -81.469,
              31.049500000000002
            ],
            [
              -81.4692,
              31.049500000000002
            ],
            [
              -81.4692,
              31.049200000000003
            ],
            [
              -81.4691,
              31.049200000000003
            ],
            [
              -81.4691,
              31.0489
            ],
            [
              -81.4687,
              31.0489
            ],
            [
              -81.4687,
              31.049100000000003
            ],
            [
              -81.4686,
              31.049100000000003
            ],
            [
              -81.4686,
              31.049000000000003
            ],
            [
              -81.4683,
              31.049000000000003
            ],
            [
              -81.4683,
              31.0496
            ],
            [
              -81.4687,
              31.0496
            ],
            [
              -81.4687,
              31.0497
            ],
            [
              -81.469,
              31.0497
            ]
          ]
        ]
      },
      "properties": {
        "candidate_id": "CS_0151",
        "numeric_id": 151,
        "raw_component_id": 1959,
        "pixel_count": 56,
        "area_km2": 0.0059,
        "perimeter_km": 0.319,
        "centroid_lon": -81.46874,
        "centroid_lat": 31.0493,
        "bounding_box": [
          -81.46915,
          31.04895,
          -81.46835,
          31.04965
        ],
        "length_km": 0.092,
        "width_km": 0.086,
        "aspect_ratio": 1.07,
        "orientation_deg": 63.8,
        "mean_sigma0_db": -24.68,
        "min_sigma0_db": -27.51,
        "mean_contrast_db": 7.55,
        "max_contrast_db": 10.4,
        "candidate_score": 0.617,
        "heuristic_confidence": 0.617,
        "rejection_reasons": [
          "AREA_TOO_SMALL"
        ],
        "status": "REJECTED"
      }
    },
    {
      "type": "Feature",
      "id": "CS_0152",
      "geometry": {
        "type": "Polygon",
        "coordinates": [
          [
            [
              -81.46809999999999,
              31.0493
            ],
            [
              -81.46809999999999,
              31.0489
            ],
            [
              -81.4683,
              31.0489
            ],
            [
              -81.4683,
              31.0486
            ],
            [
              -81.4686,
              31.0486
            ],
            [
              -81.4686,
              31.048299999999998
            ],
            [
              -81.4683,
              31.048299999999998
            ],
            [
              -81.4683,
              31.048499999999997
            ],
            [
              -81.46799999999999,
              31.048499999999997
            ],
            [
              -81.46799999999999,
              31.048399999999997
            ],
            [
              -81.46759999999999,
              31.048399999999997
            ],
            [
              -81.46759999999999,
              31.0486
            ],
            [
              -81.4674,
              31.0486
            ],
            [
              -81.4674,
              31.0489
            ],
            [
              -81.4677,
              31.0489
            ],
            [
              -81.4677,
              31.0491
            ],
            [
              -81.4678,
              31.0491
            ],
            [
              -81.4678,
              31.0493
            ],
            [
              -81.46809999999999,
              31.0493
            ]
          ]
        ]
      },
      "properties": {
        "candidate_id": "CS_0152",
        "numeric_id": 152,
        "raw_component_id": 1966,
        "pixel_count": 61,
        "area_km2": 0.0065,
        "perimeter_km": 0.401,
        "centroid_lon": -81.46796,
        "centroid_lat": 31.04874,
        "bounding_box": [
          -81.46855,
          31.04835,
          -81.46745,
          31.04925
        ],
        "length_km": 0.122,
        "width_km": 0.089,
        "aspect_ratio": 1.37,
        "orientation_deg": 47.6,
        "mean_sigma0_db": -24.43,
        "min_sigma0_db": -27.51,
        "mean_contrast_db": 7.24,
        "max_contrast_db": 10.26,
        "candidate_score": 0.614,
        "heuristic_confidence": 0.614,
        "rejection_reasons": [
          "AREA_TOO_SMALL"
        ],
        "status": "REJECTED"
      }
    },
    {
      "type": "Feature",
      "id": "CS_0153",
      "geometry": {
        "type": "Polygon",
        "coordinates": [
          [
            [
              -81.4075,
              31.0491
            ],
            [
              -81.4075,
              31.049
            ],
            [
              -81.4076,
              31.049
            ],
            [
              -81.4076,
              31.0489
            ],
            [
              -81.4077,
              31.0489
            ],
            [
              -81.4077,
              31.0487
            ],
            [
              -81.4085,
              31.0487
            ],
            [
              -81.4085,
              31.0485
            ],
            [
              -81.40859999999999,
              31.0485
            ],
            [
              -81.40859999999999,
              31.048099999999998
            ],
            [
              -81.4088,
              31.048099999999998
            ],
            [
              -81.4088,
              31.0478
            ],
            [
              -81.4084,
              31.0478
            ],
            [
              -81.4084,
              31.0475
            ],
            [
              -81.4081,
              31.0475
            ],
            [
              -81.4081,
              31.0476
            ],
            [
              -81.408,
              31.0476
            ],
            [
              -81.408,
              31.048
            ],
            [
              -81.4081,
              31.048
            ],
            [
              -81.4081,
              31.048099999999998
            ],
            [
              -81.4082,
              31.048099999999998
            ],
            [
              -81.4082,
              31.048199999999998
            ],
            [
              -81.4083,
              31.048199999999998
            ],
            [
              -81.4083,
              31.0484
            ],
            [
              -81.4082,
              31.0484
            ],
            [
              -81.4082,
              31.048299999999998
            ],
            [
              -81.4079,
              31.048299999999998
            ],
            [
              -81.4079,
              31.0484
            ],
            [
              -81.4073,
              31.0484
            ],
            [
              -81.4073,
              31.0486
            ],
            [
              -81.4072,
              31.0486
            ],
            [
              -81.4072,
              31.0491
            ],
            [
              -81.4075,
              31.0491
            ]
          ]
        ]
      },
      "properties": {
        "candidate_id": "CS_0153",
        "numeric_id": 153,
        "raw_component_id": 1971,
        "pixel_count": 102,
        "area_km2": 0.0108,
        "perimeter_km": 0.597,
        "centroid_lon": -81.40803,
        "centroid_lat": 31.04834,
        "bounding_box": [
          -81.40875,
          31.04755,
          -81.40725,
          31.04905
        ],
        "length_km": 0.222,
        "width_km": 0.096,
        "aspect_ratio": 2.32,
        "orientation_deg": 42.1,
        "mean_sigma0_db": -24.77,
        "min_sigma0_db": -27.55,
        "mean_contrast_db": 6.29,
        "max_contrast_db": 9.16,
        "candidate_score": 0.584,
        "heuristic_confidence": 0.584,
        "rejection_reasons": [
          "AREA_TOO_SMALL"
        ],
        "status": "REJECTED"
      }
    },
    {
      "type": "Feature",
      "id": "CS_0154",
      "geometry": {
        "type": "Polygon",
        "coordinates": [
          [
            [
              -81.4233,
              31.0488
            ],
            [
              -81.4233,
              31.0484
            ],
            [
              -81.423,
              31.0484
            ],
            [
              -81.423,
              31.0483
            ],
            [
              -81.4236,
              31.0483
            ],
            [
              -81.4236,
              31.0484
            ],
            [
              -81.4239,
              31.0484
            ],
            [
              -81.4239,
              31.0483
            ],
            [
              -81.4242,
              31.0483
            ],
            [
              -81.4242,
              31.0482
            ],
            [
              -81.4246,
              31.0482
            ],
            [
              -81.4246,
              31.0479
            ],
            [
              -81.4242,
              31.0479
            ],
            [
              -81.4242,
              31.0478
            ],
            [
              -81.4239,
              31.0478
            ],
            [
              -81.4239,
              31.0479
            ],
            [
              -81.4236,
              31.0479
            ],
            [
              -81.4236,
              31.0477
            ],
            [
              -81.4233,
              31.0477
            ],
            [
              -81.4233,
              31.0478
            ],
            [
              -81.4228,
              31.0478
            ],
            [
              -81.4228,
              31.0482
            ],
            [
              -81.42269999999999,
              31.0482
            ],
            [
              -81.42269999999999,
              31.0486
            ],
            [
              -81.4228,
              31.0486
            ],
            [
              -81.4228,
              31.0488
            ],
            [
              -81.4233,
              31.0488
            ]
          ]
        ]
      },
      "properties": {
        "candidate_id": "CS_0154",
        "numeric_id": 154,
        "raw_component_id": 1977,
        "pixel_count": 111,
        "area_km2": 0.0118,
        "perimeter_km": 0.587,
        "centroid_lon": -81.42348,
        "centroid_lat": 31.04817,
        "bounding_box": [
          -81.42455,
          31.04775,
          -81.42275,
          31.04875
        ],
        "length_km": 0.2,
        "width_km": 0.101,
        "aspect_ratio": 1.98,
        "orientation_deg": 72.5,
        "mean_sigma0_db": -24.6,
        "min_sigma0_db": -28.65,
        "mean_contrast_db": 8.93,
        "max_contrast_db": 12.96,
        "candidate_score": 0.63,
        "heuristic_confidence": 0.63,
        "rejection_reasons": [
          "AREA_TOO_SMALL"
        ],
        "status": "REJECTED"
      }
    },
    {
      "type": "Feature",
      "id": "CS_0155",
      "geometry": {
        "type": "Polygon",
        "coordinates": [
          [
            [
              -81.46809999999999,
              31.0483
            ],
            [
              -81.46809999999999,
              31.0482
            ],
            [
              -81.46829999999999,
              31.0482
            ],
            [
              -81.46829999999999,
              31.0481
            ],
            [
              -81.46839999999999,
              31.0481
            ],
            [
              -81.46839999999999,
              31.047800000000002
            ],
            [
              -81.46809999999999,
              31.047800000000002
            ],
            [
              -81.46809999999999,
              31.047900000000002
            ],
            [
              -81.46789999999999,
              31.047900000000002
            ],
            [
              -81.46789999999999,
              31.047600000000003
            ],
            [
              -81.46799999999999,
              31.047600000000003
            ],
            [
              -81.46799999999999,
              31.0473
            ],
            [
              -81.4677,
              31.0473
            ],
            [
              -81.4677,
              31.0472
            ],
            [
              -81.46739999999998,
              31.0472
            ],
            [
              -81.46739999999998,
              31.0475
            ],
            [
              -81.46709999999999,
              31.0475
            ],
            [
              -81.46709999999999,
              31.047600000000003
            ],
            [
              -81.46669999999999,
              31.047600000000003
            ],
            [
              -81.46669999999999,
              31.047900000000002
            ],
            [
              -81.4677,
              31.047900000000002
            ],
            [
              -81.4677,
              31.0483
            ],
            [
              -81.46809999999999,
              31.0483
            ]
          ]
        ]
      },
      "properties": {
        "candidate_id": "CS_0155",
        "numeric_id": 155,
        "raw_component_id": 1980,
        "pixel_count": 87,
        "area_km2": 0.0092,
        "perimeter_km": 0.525,
        "centroid_lon": -81.46762,
        "centroid_lat": 31.04776,
        "bounding_box": [
          -81.46835,
          31.04725,
          -81.46675,
          31.04825
        ],
        "length_km": 0.165,
        "width_km": 0.103,
        "aspect_ratio": 1.61,
        "orientation_deg": -67.2,
        "mean_sigma0_db": -24.28,
        "min_sigma0_db": -27.17,
        "mean_contrast_db": 7.45,
        "max_contrast_db": 10.01,
        "candidate_score": 0.614,
        "heuristic_confidence": 0.614,
        "rejection_reasons": [
          "AREA_TOO_SMALL"
        ],
        "status": "REJECTED"
      }
    },
    {
      "type": "Feature",
      "id": "CS_0156",
      "geometry": {
        "type": "Polygon",
        "coordinates": [
          [
            [
              -81.466,
              31.0467
            ],
            [
              -81.466,
              31.0466
            ],
            [
              -81.46609999999998,
              31.0466
            ],
            [
              -81.46609999999998,
              31.0465
            ],
            [
              -81.46629999999999,
              31.0465
            ],
            [
              -81.46629999999999,
              31.046100000000003
            ],
            [
              -81.46589999999999,
              31.046100000000003
            ],
            [
              -81.46589999999999,
              31.046200000000002
            ],
            [
              -81.46569999999998,
              31.046200000000002
            ],
            [
              -81.46569999999998,
              31.0459
            ],
            [
              -81.46539999999999,
              31.0459
            ],
            [
              -81.46539999999999,
              31.0456
            ],
            [
              -81.46509999999999,
              31.0456
            ],
            [
              -81.46509999999999,
              31.0457
            ],
            [
              -81.46499999999999,
              31.0457
            ],
            [
              -81.46499999999999,
              31.0458
            ],
            [
              -81.4647,
              31.0458
            ],
            [
              -81.4647,
              31.046100000000003
            ],
            [
              -81.46509999999999,
              31.046100000000003
            ],
            [
              -81.46509999999999,
              31.046300000000002
            ],
            [
              -81.46549999999999,
              31.046300000000002
            ],
            [
              -81.46549999999999,
              31.0466
            ],
            [
              -81.4656,
              31.0466
            ],
            [
              -81.4656,
              31.0467
            ],
            [
              -81.466,
              31.0467
            ]
          ]
        ]
      },
      "properties": {
        "candidate_id": "CS_0156",
        "numeric_id": 156,
        "raw_component_id": 2000,
        "pixel_count": 82,
        "area_km2": 0.0087,
        "perimeter_km": 0.473,
        "centroid_lon": -81.46553,
        "centroid_lat": 31.04617,
        "bounding_box": [
          -81.46625,
          31.04565,
          -81.46475,
          31.04665
        ],
        "length_km": 0.18,
        "width_km": 0.076,
        "aspect_ratio": 2.35,
        "orientation_deg": -57.3,
        "mean_sigma0_db": -24.63,
        "min_sigma0_db": -27.52,
        "mean_contrast_db": 6.92,
        "max_contrast_db": 9.8,
        "candidate_score": 0.631,
        "heuristic_confidence": 0.631,
        "rejection_reasons": [
          "AREA_TOO_SMALL"
        ],
        "status": "REJECTED"
      }
    },
    {
      "type": "Feature",
      "id": "CS_0157",
      "geometry": {
        "type": "Polygon",
        "coordinates": [
          [
            [
              -81.40979999999999,
              31.043499999999998
            ],
            [
              -81.40979999999999,
              31.0431
            ],
            [
              -81.4101,
              31.0431
            ],
            [
              -81.4101,
              31.0428
            ],
            [
              -81.4095,
              31.0428
            ],
            [
              -81.4095,
              31.0427
            ],
            [
              -81.4092,
              31.0427
            ],
            [
              -81.4092,
              31.0431
            ],
            [
              -81.4093,
              31.0431
            ],
            [
              -81.4093,
              31.043499999999998
            ],
            [
              -81.40979999999999,
              31.043499999999998
            ]
          ]
        ]
      },
      "properties": {
        "candidate_id": "CS_0157",
        "numeric_id": 157,
        "raw_component_id": 2044,
        "pixel_count": 172,
        "area_km2": 0.0182,
        "perimeter_km": 1.05,
        "centroid_lon": -81.40997,
        "centroid_lat": 31.04327,
        "bounding_box": [
          -81.41075,
          31.04215,
          -81.40925,
          31.04455
        ],
        "length_km": 0.283,
        "width_km": 0.135,
        "aspect_ratio": 2.09,
        "orientation_deg": 17.7,
        "mean_sigma0_db": -24.74,
        "min_sigma0_db": -28.66,
        "mean_contrast_db": 6.42,
        "max_contrast_db": 10.02,
        "candidate_score": 0.589,
        "heuristic_confidence": 0.589,
        "rejection_reasons": [
          "AREA_TOO_SMALL"
        ],
        "status": "REJECTED"
      }
    },
    {
      "type": "Feature",
      "id": "CS_0158",
      "geometry": {
        "type": "Polygon",
        "coordinates": [
          [
            [
              -81.42499999999998,
              31.044
            ],
            [
              -81.42499999999998,
              31.0439
            ],
            [
              -81.42519999999999,
              31.0439
            ],
            [
              -81.42519999999999,
              31.043300000000002
            ],
            [
              -81.42459999999998,
              31.043300000000002
            ],
            [
              -81.42459999999998,
              31.0436
            ],
            [
              -81.42429999999999,
              31.0436
            ],
            [
              -81.42429999999999,
              31.0439
            ],
            [
              -81.4245,
              31.0439
            ],
            [
              -81.4245,
              31.044
            ],
            [
              -81.42499999999998,
              31.044
            ]
          ]
        ]
      },
      "properties": {
        "candidate_id": "CS_0158",
        "numeric_id": 158,
        "raw_component_id": 2051,
        "pixel_count": 50,
        "area_km2": 0.0053,
        "perimeter_km": 0.298,
        "centroid_lon": -81.4248,
        "centroid_lat": 31.04366,
        "bounding_box": [
          -81.42515,
          31.04335,
          -81.42435,
          31.04395
        ],
        "length_km": 0.097,
        "width_km": 0.073,
        "aspect_ratio": 1.32,
        "orientation_deg": 51.8,
        "mean_sigma0_db": -25.15,
        "min_sigma0_db": -28.26,
        "mean_contrast_db": 8.96,
        "max_contrast_db": 12.0,
        "candidate_score": 0.635,
        "heuristic_confidence": 0.635,
        "rejection_reasons": [
          "AREA_TOO_SMALL"
        ],
        "status": "REJECTED"
      }
    },
    {
      "type": "Feature",
      "id": "CS_0159",
      "geometry": {
        "type": "Polygon",
        "coordinates": [
          [
            [
              -81.49149999999999,
              31.0416
            ],
            [
              -81.49149999999999,
              31.0415
            ],
            [
              -81.4917,
              31.0415
            ],
            [
              -81.4917,
              31.0412
            ],
            [
              -81.49199999999999,
              31.0412
            ],
            [
              -81.49199999999999,
              31.040699999999998
            ],
            [
              -81.49189999999999,
              31.040699999999998
            ],
            [
              -81.49189999999999,
              31.0403
            ],
            [
              -81.49149999999999,
              31.0403
            ],
            [
              -81.49149999999999,
              31.040599999999998
            ],
            [
              -81.49119999999999,
              31.040599999999998
            ],
            [
              -81.49119999999999,
              31.040799999999997
            ],
            [
              -81.4908,
              31.040799999999997
            ],
            [
              -81.4908,
              31.0411
            ],
            [
              -81.49109999999999,
              31.0411
            ],
            [
              -81.49109999999999,
              31.0412
            ],
            [
              -81.49119999999999,
              31.0412
            ],
            [
              -81.49119999999999,
              31.0416
            ],
            [
              -81.49149999999999,
              31.0416
            ]
          ],
          [
            [
              -81.4917,
              31.0411
            ],
            [
              -81.49149999999999,
              31.0411
            ],
            [
              -81.49149999999999,
              31.0409
            ],
            [
              -81.4917,
              31.0409
            ],
            [
              -81.4917,
              31.0411
            ]
          ]
        ]
      },
      "properties": {
        "candidate_id": "CS_0159",
        "numeric_id": 159,
        "raw_component_id": 2077,
        "pixel_count": 86,
        "area_km2": 0.0091,
        "perimeter_km": 0.484,
        "centroid_lon": -81.49149,
        "centroid_lat": 31.04095,
        "bounding_box": [
          -81.49195,
          31.04035,
          -81.49085,
          31.04155
        ],
        "length_km": 0.143,
        "width_km": 0.101,
        "aspect_ratio": 1.42,
        "orientation_deg": 24.1,
        "mean_sigma0_db": -24.73,
        "min_sigma0_db": -27.5,
        "mean_contrast_db": 5.94,
        "max_contrast_db": 8.7,
        "candidate_score": 0.539,
        "heuristic_confidence": 0.539,
        "rejection_reasons": [
          "AREA_TOO_SMALL"
        ],
        "status": "REJECTED"
      }
    },
    {
      "type": "Feature",
      "id": "CS_0160",
      "geometry": {
        "type": "Polygon",
        "coordinates": [
          [
            [
              -81.49249999999999,
              31.0414
            ],
            [
              -81.49249999999999,
              31.0412
            ],
            [
              -81.49279999999999,
              31.0412
            ],
            [
              -81.49279999999999,
              31.0411
            ],
            [
              -81.49319999999999,
              31.0411
            ],
            [
              -81.49319999999999,
              31.0409
            ],
            [
              -81.49329999999999,
              31.0409
            ],
            [
              -81.49329999999999,
              31.040599999999998
            ],
            [
              -81.49279999999999,
              31.040599999999998
            ],
            [
              -81.49279999999999,
              31.0407
            ],
            [
              -81.49249999999999,
              31.0407
            ],
            [
              -81.49249999999999,
              31.0411
            ],
            [
              -81.4921,
              31.0411
            ],
            [
              -81.4921,
              31.0414
            ],
            [
              -81.49249999999999,
              31.0414
            ]
          ]
        ]
      },
      "properties": {
        "candidate_id": "CS_0160",
        "numeric_id": 160,
        "raw_component_id": 2081,
        "pixel_count": 50,
        "area_km2": 0.0053,
        "perimeter_km": 0.36,
        "centroid_lon": -81.49274,
        "centroid_lat": 31.04097,
        "bounding_box": [
          -81.49325,
          31.04065,
          -81.49215,
          31.04135
        ],
        "length_km": 0.143,
        "width_km": 0.054,
        "aspect_ratio": 2.63,
        "orientation_deg": 55.3,
        "mean_sigma0_db": -24.63,
        "min_sigma0_db": -26.83,
        "mean_contrast_db": 6.4,
        "max_contrast_db": 8.94,
        "candidate_score": 0.594,
        "heuristic_confidence": 0.594,
        "rejection_reasons": [
          "AREA_TOO_SMALL"
        ],
        "status": "REJECTED"
      }
    },
    {
      "type": "Feature",
      "id": "CS_0161",
      "geometry": {
        "type": "Polygon",
        "coordinates": [
          [
            [
              -81.40999999999998,
              31.0411
            ],
            [
              -81.40999999999998,
              31.041
            ],
            [
              -81.4104,
              31.041
            ],
            [
              -81.4104,
              31.0407
            ],
            [
              -81.41019999999999,
              31.0407
            ],
            [
              -81.41019999999999,
              31.0405
            ],
            [
              -81.41129999999998,
              31.0405
            ],
            [
              -81.41129999999998,
              31.0402
            ],
            [
              -81.41109999999999,
              31.0402
            ],
            [
              -81.41109999999999,
              31.04
            ],
            [
              -81.41149999999999,
              31.04
            ],
            [
              -81.41149999999999,
              31.0399
            ],
            [
              -81.4117,
              31.0399
            ],
            [
              -81.4117,
              31.0396
            ],
            [
              -81.41129999999998,
              31.0396
            ],
            [
              -81.41129999999998,
              31.0395
            ],
            [
              -81.41199999999999,
              31.0395
            ],
            [
              -81.41199999999999,
              31.0389
            ],
            [
              -81.41179999999999,
              31.0389
            ],
            [
              -81.41179999999999,
              31.0388
            ],
            [
              -81.41199999999999,
              31.0388
            ],
            [
              -81.41199999999999,
              31.0385
            ],
            [
              -81.41229999999999,
              31.0385
            ],
            [
              -81.41229999999999,
              31.0383
            ],
            [
              -81.41239999999999,
              31.0383
            ],
            [
              -81.41239999999999,
              31.0378
            ],
            [
              -81.4125,
              31.0378
            ],
            [
              -81.4125,
              31.0374
            ],
            [
              -81.41259999999998,
              31.0374
            ],
            [
              -81.41259999999998,
              31.037
            ],
            [
              -81.41229999999999,
              31.037
            ],
            [
              -81.41229999999999,
              31.0374
            ],
            [
              -81.41219999999998,
              31.0374
            ],
            [
              -81.41219999999998,
              31.037300000000002
            ],
            [
              -81.41199999999999,
              31.037300000000002
            ],
            [
              -81.41199999999999,
              31.0371
            ],
            [
              -81.4121,
              31.0371
            ],
            [
              -81.4121,
              31.0368
            ],
            [
              -81.41269999999999,
              31.0368
            ],
            [
              -81.41269999999999,
              31.0365
            ],
            [
              -81.4129,
              31.0365
            ],
            [
              -81.4129,
              31.0362
            ],
            [
              -81.41299999999998,
              31.0362
            ],
            [
              -81.41299999999998,
              31.0359
            ],
            [
              -81.41269999999999,
              31.0359
            ],
            [
              -81.41269999999999,
              31.036
            ],
            [
              -81.41229999999999,
              31.036
            ],
            [
              -81.41229999999999,
              31.0357
            ],
            [
              -81.4121,
              31.0357
            ],
            [
              -81.4121,
              31.0356
            ],
            [
              -81.41179999999999,
              31.0356
            ],
            [
              -81.41179999999999,
              31.0359
            ],
            [
              -81.4117,
              31.0359
            ],
            [
              -81.4117,
              31.0356
            ],
            [
              -81.41159999999999,
              31.0356
            ],
            [
              -81.41159999999999,
              31.0355
            ],
            [
              -81.41149999999999,
              31.0355
            ],
            [
              -81.41149999999999,
              31.0354
            ],
            [
              -81.41189999999999,
              31.0354
            ],
            [
              -81.41189999999999,
              31.0348
            ],
            [
              -81.41159999999999,
              31.0348
            ],
            [
              -81.41159999999999,
              31.0351
            ],
            [
              -81.4112,
              31.0351
            ],
            [
              -81.4112,
              31.035
            ],
            [
              -81.41109999999999,
              31.035
            ],
            [
              -81.41109999999999,
              31.0348
            ],
            [
              -81.41129999999998,
              31.0348
            ],
            [
              -81.41129999999998,
              31.0346
            ],
            [
              -81.41179999999999,
              31.0346
            ],
            [
              -81.41179999999999,
              31.0347
            ],
            [
              -81.41199999999999,
              31.0347
            ],
            [
              -81.41199999999999,
              31.0349
            ],
            [
              -81.41229999999999,
              31.0349
            ],
            [
              -81.41229999999999,
              31.0348
            ],
            [
              -81.41239999999999,
              31.0348
            ],
            [
              -81.41239999999999,
              31.035
            ],
            [
              -81.41229999999999,
              31.035
            ],
            [
              -81.41229999999999,
              31.0351
            ],
            [
              -81.41219999999998,
              31.0351
            ],
            [
              -81.41219999999998,
              31.0354
            ],
            [
              -81.41229999999999,
              31.0354
            ],
            [
              -81.41229999999999,
              31.0355
            ],
            [
              -81.41259999999998,
              31.0355
            ],
            [
              -81.41259999999998,
              31.0356
            ],
            [
              -81.4129,
              31.0356
            ],
            [
              -81.4129,
              31.0355
            ],
            [
              -81.41329999999999,
              31.0355
            ],
            [
              -81.41329999999999,
              31.035
            ],
            [
              -81.4134,
              31.035
            ],
            [
              -81.4134,
              31.0348
            ],
            [
              -81.41349999999998,
              31.0348
            ],
            [
              -81.41349999999998,
              31.0342
            ],
            [
              -81.41359999999999,
              31.0342
            ],
            [
              -81.41359999999999,
              31.0341
            ],
            [
              -81.41369999999999,
              31.0341
            ],
            [
              -81.41369999999999,
              31.0338
            ],
            [
              -81.4134,
              31.0338
            ],
            [
              -81.4134,
              31.0339
            ],
            [
              -81.41329999999999,
              31.0339
            ],
            [
              -81.41329999999999,
              31.0338
            ],
            [
              -81.41319999999999,
              31.0338
            ],
            [
              -81.41319999999999,
              31.0337
            ],
            [
              -81.41309999999999,
              31.0337
            ],
            [
              -81.41309999999999,
              31.0336
            ],
            [
              -81.41349999999998,
              31.0336
            ],
            [
              -81.41349999999998,
              31.0333
            ],
            [
              -81.41359999999999,
              31.0333
            ],
            [
              -81.41359999999999,
              31.0336
            ],
            [
              -81.41389999999998,
              31.0336
            ],
            [
              -81.41389999999998,
              31.0331
            ],
            [
              -81.4138,
              31.0331
            ],
            [
              -81.4138,
              31.033
            ],
            [
              -81.41369999999999,
              31.033
            ],
            [
              -81.41369999999999,
              31.0329
            ],
            [
              -81.4138,
              31.0329
            ],
            [
              -81.4138,
              31.0328
            ],
            [
              -81.41399999999999,
              31.0328
            ],
            [
              -81.41399999999999,
              31.0327
            ],
            [
              -81.41429999999998,
              31.0327
            ],
            [
              -81.41429999999998,
              31.032
            ],
            [
              -81.4142,
              31.032
            ],
            [
              -81.4142,
              31.0318
            ],
            [
              -81.41429999999998,
              31.0318
            ],
            [
              -81.41429999999998,
              31.0317
            ],
            [
              -81.41439999999999,
              31.0317
            ],
            [
              -81.41439999999999,
              31.0316
            ],
            [
              -81.41449999999999,
              31.0316
            ],
            [
              -81.41449999999999,
              31.0314
            ],
            [
              -81.4146,
              31.0314
            ],
            [
              -81.4146,
              31.0313
            ],
            [
              -81.4147,
              31.0313
            ],
            [
              -81.4147,
              31.0312
            ],
            [
              -81.41479999999999,
              31.0312
            ],
            [
              -81.41479999999999,
              31.0308
            ],
            [
              -81.41489999999999,
              31.0308
            ],
            [
              -81.41489999999999,
              31.0307
            ],
            [
              -81.41499999999999,
              31.0307
            ],
            [
              -81.41499999999999,
              31.0306
            ],
            [
              -81.4151,
              31.0306
            ],
            [
              -81.4151,
              31.0301
            ],
            [
              -81.41519999999998,
              31.0301
            ],
            [
              -81.41519999999998,
              31.0296
            ],
            [
              -81.41539999999999,
              31.0296
            ],
            [
              -81.41539999999999,
              31.0295
            ],
            [
              -81.4155,
              31.0295
            ],
            [
              -81.4155,
              31.0293
            ],
            [
              -81.41559999999998,
              31.0293
            ],
            [
              -81.41559999999998,
              31.0292
            ],
            [
              -81.41569999999999,
              31.0292
            ],
            [
              -81.41569999999999,
              31.0286
            ],
            [
              -81.41579999999999,
              31.0286
            ],
            [
              -81.41579999999999,
              31.0285
            ],
            [
              -81.4159,
              31.0285
            ],
            [
              -81.4159,
              31.028200000000002
            ],
            [
              -81.41599999999998,
              31.028200000000002
            ],
            [
              -81.41599999999998,
              31.0276
            ],
            [
              -81.41619999999999,
              31.0276
            ],
            [
              -81.41619999999999,
              31.0273
            ],
            [
              -81.41559999999998,
              31.0273
            ],
            [
              -81.41559999999998,
              31.0276
            ],
            [
              -81.4155,
              31.0276
            ],
            [
              -81.4155,
              31.0277
            ],
            [
              -81.41539999999999,
              31.0277
            ],
            [
              -81.41539999999999,
              31.0278
            ],
            [
              -81.41529999999999,
              31.0278
            ],
            [
              -81.41529999999999,
              31.0281
            ],
            [
              -81.41539999999999,
              31.0281
            ],
            [
              -81.41539999999999,
              31.0283
            ],
            [
              -81.4151,
              31.0283
            ],
            [
              -81.4151,
              31.0287
            ],
            [
              -81.41479999999999,
              31.0287
            ],
            [
              -81.41479999999999,
              31.0289
            ],
            [
              -81.4146,
              31.0289
            ],
            [
              -81.4146,
              31.0288
            ],
            [
              -81.4147,
              31.0288
            ],
            [
              -81.4147,
              31.0283
            ],
            [
              -81.41439999999999,
              31.0283
            ],
            [
              -81.41439999999999,
              31.0287
            ],
            [
              -81.41429999999998,
              31.0287
            ],
            [
              -81.41429999999998,
              31.0292
            ],
            [
              -81.4142,
              31.0292
            ],
            [
              -81.4142,
              31.0293
            ],
            [
              -81.41389999999998,
              31.0293
            ],
            [
              -81.41389999999998,
              31.0298
            ],
            [
              -81.41399999999999,
              31.0298
            ],
            [
              -81.41399999999999,
              31.03
            ],
            [
              -81.41429999999998,
              31.03
            ],
            [
              -81.41429999999998,
              31.0301
            ],
            [
              -81.41449999999999,
              31.0301
            ],
            [
              -81.41449999999999,
              31.0302
            ],
            [
              -81.4146,
              31.0302
            ],
            [
              -81.4146,
              31.0303
            ],
            [
              -81.41429999999998,
              31.0303
            ],
            [
              -81.41429999999998,
              31.0305
            ],
            [
              -81.4142,
              31.0305
            ],
            [
              -81.4142,
              31.0303
            ],
            [
              -81.41389999999998,
              31.0303
            ],
            [
              -81.41389999999998,
              31.0307
            ],
            [
              -81.4138,
              31.0307
            ],
            [
              -81.4138,
              31.03
            ],
            [
              -81.41349999999998,
              31.03
            ],
            [
              -81.41349999999998,
              31.0299
            ],
            [
              -81.41319999999999,
              31.0299
            ],
            [
              -81.41319999999999,
              31.0303
            ],
            [
              -81.4134,
              31.0303
            ],
            [
              -81.4134,
              31.0307
            ],
            [
              -81.41329999999999,
              31.0307
            ],
            [
              -81.41329999999999,
              31.0305
            ],
            [
              -81.4129,
              31.0305
            ],
            [
              -81.4129,
              31.0308
            ],
            [
              -81.41279999999999,
              31.0308
            ],
            [
              -81.41279999999999,
              31.0315
            ],
            [
              -81.41269999999999,
              31.0315
            ],
            [
              -81.41269999999999,
              31.0314
            ],
            [
              -81.41229999999999,
              31.0314
            ],
            [
              -81.41229999999999,
              31.0318
            ],
            [
              -81.41219999999998,
              31.0318
            ],
            [
              -81.41219999999998,
              31.0319
            ],
            [
              -81.4121,
              31.0319
            ],
            [
              -81.4121,
              31.0316
            ],
            [
              -81.41179999999999,
              31.0316
            ],
            [
              -81.41179999999999,
              31.0322
            ],
            [
              -81.41259999999998,
              31.0322
            ],
            [
              -81.41259999999998,
              31.032
            ],
            [
              -81.41279999999999,
              31.032
            ],
            [
              -81.41279999999999,
              31.0324
            ],
            [
              -81.41309999999999,
              31.0324
            ],
            [
              -81.41309999999999,
              31.0323
            ],
            [
              -81.41329999999999,
              31.0323
            ],
            [
              -81.41329999999999,
              31.0325
            ],
            [
              -81.41319999999999,
              31.0325
            ],
            [
              -81.41319999999999,
              31.0332
            ],
            [
              -81.41309999999999,
              31.0332
            ],
            [
              -81.41309999999999,
              31.0333
            ],
            [
              -81.41299999999998,
              31.0333
            ],
            [
              -81.41299999999998,
              31.0335
            ],
            [
              -81.41279999999999,
              31.0335
            ],
            [
              -81.41279999999999,
              31.0333
            ],
            [
              -81.4129,
              31.0333
            ],
            [
              -81.4129,
              31.033
            ],
            [
              -81.41259999999998,
              31.033
            ],
            [
              -81.41259999999998,
              31.0328
            ],
            [
              -81.4121,
              31.0328
            ],
            [
              -81.4121,
              31.0329
            ],
            [
              -81.41199999999999,
              31.0329
            ],
            [
              -81.41199999999999,
              31.033
            ],
            [
              -81.41189999999999,
              31.033
            ],
            [
              -81.41189999999999,
              31.0337
            ],
            [
              -81.41269999999999,
              31.0337
            ],
            [
              -81.41269999999999,
              31.0338
            ],
            [
              -81.41279999999999,
              31.0338
            ],
            [
              -81.41279999999999,
              31.0339
            ],
            [
              -81.4121,
              31.0339
            ],
            [
              -81.4121,
              31.034
            ],
            [
              -81.41199999999999,
              31.034
            ],
            [
              -81.41199999999999,
              31.0342
            ],
            [
              -81.41189999999999,
              31.0342
            ],
            [
              -81.41189999999999,
              31.0339
            ],
            [
              -81.4117,
              31.0339
            ],
            [
              -81.4117,
              31.0335
            ],
            [
              -81.41109999999999,
              31.0335
            ],
            [
              -81.41109999999999,
              31.0338
            ],
            [
              -81.41139999999999,
              31.0338
            ],
            [
              -81.41139999999999,
              31.0339
            ],
            [
              -81.41129999999998,
              31.0339
            ],
            [
              -81.41129999999998,
              31.0342
            ],
            [
              -81.41139999999999,
              31.0342
            ],
            [
              -81.41139999999999,
              31.0343
            ],
            [
              -81.41109999999999,
              31.0343
            ],
            [
              -81.41109999999999,
              31.0345
            ],
            [
              -81.41099999999999,
              31.0345
            ],
            [
              -81.41099999999999,
              31.0347
            ],
            [
              -81.4108,
              31.0347
            ],
            [
              -81.4108,
              31.0353
            ],
            [
              -81.41089999999998,
              31.0353
            ],
            [
              -81.41089999999998,
              31.0355
            ],
            [
              -81.4112,
              31.0355
            ],
            [
              -81.4112,
              31.0357
            ],
            [
              -81.41049999999998,
              31.0357
            ],
            [
              -81.41049999999998,
              31.035800000000002
            ],
            [
              -81.41019999999999,
              31.035800000000002
            ],
            [
              -81.41019999999999,
              31.0362
            ],
            [
              -81.41029999999999,
              31.0362
            ],
            [
              -81.41029999999999,
              31.0363
            ],
            [
              -81.41059999999999,
              31.0363
            ],
            [
              -81.41059999999999,
              31.0364
            ],
            [
              -81.41069999999999,
              31.0364
            ],
            [
              -81.41069999999999,
              31.0365
            ],
            [
              -81.41089999999998,
              31.0365
            ],
            [
              -81.41089999999998,
              31.0366
            ],
            [
              -81.41029999999999,
              31.0366
            ],
            [
              -81.41029999999999,
              31.0367
            ],
            [
              -81.41009999999999,
              31.0367
            ],
            [
              -81.41009999999999,
              31.037
            ],
            [
              -81.41019999999999,
              31.037
            ],
            [
              -81.41019999999999,
              31.0371
            ],
            [
              -81.41029999999999,
              31.0371
            ],
            [
              -81.41029999999999,
              31.037300000000002
            ],
            [
              -81.41009999999999,
              31.037300000000002
            ],
            [
              -81.41009999999999,
              31.0376
            ],
            [
              -81.41019999999999,
              31.0376
            ],
            [
              -81.41019999999999,
              31.0377
            ],
            [
              -81.41029999999999,
              31.0377
            ],
            [
              -81.41029999999999,
              31.0378
            ],
            [
              -81.4108,
              31.0378
            ],
            [
              -81.4108,
              31.0375
            ],
            [
              -81.41069999999999,
              31.0375
            ],
            [
              -81.41069999999999,
              31.0374
            ],
            [
              -81.41059999999999,
              31.0374
            ],
            [
              -81.41059999999999,
              31.0371
            ],
            [
              -81.41049999999998,
              31.0371
            ],
            [
              -81.41049999999998,
              31.0369
            ],
            [
              -81.41109999999999,
              31.0369
            ],
            [
              -81.41109999999999,
              31.037300000000002
            ],
            [
              -81.4112,
              31.037300000000002
            ],
            [
              -81.4112,
              31.0375
            ],
            [
              -81.41129999999998,
              31.0375
            ],
            [
              -81.41129999999998,
              31.0376
            ],
            [
              -81.41109999999999,
              31.0376
            ],
            [
              -81.41109999999999,
              31.0379
            ],
            [
              -81.41129999999998,
              31.0379
            ],
            [
              -81.41129999999998,
              31.038
            ],
            [
              -81.41159999999999,
              31.038
            ],
            [
              -81.41159999999999,
              31.0375
            ],
            [
              -81.41179999999999,
              31.0375
            ],
            [
              -81.41179999999999,
              31.038
            ],
            [
              -81.4117,
              31.038
            ],
            [
              -81.4117,
              31.0381
            ],
            [
              -81.41139999999999,
              31.0381
            ],
            [
              -81.41139999999999,
              31.0382
            ],
            [
              -81.41129999999998,
              31.0382
            ],
            [
              -81.41129999999998,
              31.0381
            ],
            [
              -81.4108,
              31.0381
            ],
            [
              -81.4108,
              31.0386
            ],
            [
              -81.41069999999999,
              31.0386
            ],
            [
              -81.41069999999999,
              31.0385
            ],
            [
              -81.41049999999998,
              31.0385
            ],
            [
              -81.41049999999998,
              31.0384
            ],
            [
              -81.41009999999999,
              31.0384
            ],
            [
              -81.41009999999999,
              31.0387
            ],
            [
              -81.41019999999999,
              31.0387
            ],
            [
              -81.41019999999999,
              31.0388
            ],
            [
              -81.41049999999998,
              31.0388
            ],
            [
              -81.41049999999998,
              31.0389
            ],
            [
              -81.4104,
              31.0389
            ],
            [
              -81.4104,
              31.039
            ],
            [
              -81.41029999999999,
              31.039
            ],
            [
              -81.41029999999999,
              31.0393
            ],
            [
              -81.41059999999999,
              31.0393
            ],
            [
              -81.41059999999999,
              31.0392
            ],
            [
              -81.41069999999999,
              31.0392
            ],
            [
              -81.41069999999999,
              31.0393
            ],
            [
              -81.4108,
              31.0393
            ],
            [
              -81.4108,
              31.0395
            ],
            [
              -81.41069999999999,
              31.0395
            ],
            [
              -81.41069999999999,
              31.0396
            ],
            [
              -81.41049999999998,
              31.0396
            ],
            [
              -81.41049999999998,
              31.0401
            ],
            [
              -81.41019999999999,
              31.0401
            ],
            [
              -81.41019999999999,
              31.0404
            ],
            [
              -81.40979999999999,
              31.0404
            ],
            [
              -81.40979999999999,
              31.0408
            ],
            [
              -81.40969999999999,
              31.0408
            ],
            [
              -81.40969999999999,
              31.0411
            ],
            [
              -81.40999999999998,
              31.0411
            ]
          ],
          [
            [
              -81.41059999999999,
              31.0402
            ],
            [
              -81.41049999999998,
              31.0402
            ],
            [
              -81.41049999999998,
              31.0401
            ],
            [
              -81.41059999999999,
              31.0401
            ],
            [
              -81.41059999999999,
              31.0402
            ]
          ],
          [
            [
              -81.41099999999999,
              31.04
            ],
            [
              -81.41089999999998,
              31.04
            ],
            [
              -81.41089999999998,
              31.0399
            ],
            [
              -81.41099999999999,
              31.0399
            ],
            [
              -81.41099999999999,
              31.04
            ]
          ],
          [
            [
              -81.41149999999999,
              31.0392
            ],
            [
              -81.41129999999998,
              31.0392
            ],
            [
              -81.41129999999998,
              31.0391
            ],
            [
              -81.41149999999999,
              31.0391
            ],
            [
              -81.41149999999999,
              31.0392
            ]
          ],
          [
            [
              -81.41129999999998,
              31.039
            ],
            [
              -81.41109999999999,
              31.039
            ],
            [
              -81.41109999999999,
              31.0389
            ],
            [
              -81.41129999999998,
              31.0389
            ],
            [
              -81.41129999999998,
              31.039
            ]
          ],
          [
            [
              -81.4117,
              31.0388
            ],
            [
              -81.41159999999999,
              31.0388
            ],
            [
              -81.41159999999999,
              31.0387
            ],
            [
              -81.4117,
              31.0387
            ],
            [
              -81.4117,
              31.0388
            ]
          ],
          [
            [
              -81.41159999999999,
              31.0385
            ],
            [
              -81.41149999999999,
              31.0385
            ],
            [
              -81.41149999999999,
              31.0384
            ],
            [
              -81.41159999999999,
              31.0384
            ],
            [
              -81.41159999999999,
              31.0385
            ]
          ],
          [
            [
              -81.41189999999999,
              31.0374
            ],
            [
              -81.41179999999999,
              31.0374
            ],
            [
              -81.41179999999999,
              31.037300000000002
            ],
            [
              -81.41189999999999,
              31.037300000000002
            ],
            [
              -81.41189999999999,
              31.0374
            ]
          ],
          [
            [
              -81.4117,
              31.037
            ],
            [
              -81.41159999999999,
              31.037
            ],
            [
              -81.41159999999999,
              31.0369
            ],
            [
              -81.4117,
              31.0369
            ],
            [
              -81.4117,
              31.037
            ]
          ],
          [
            [
              -81.41179999999999,
              31.0368
            ],
            [
              -81.4117,
              31.0368
            ],
            [
              -81.4117,
              31.0367
            ],
            [
              -81.41179999999999,
              31.0367
            ],
            [
              -81.41179999999999,
              31.0368
            ]
          ],
          [
            [
              -81.4129,
              31.0348
            ],
            [
              -81.41269999999999,
              31.0348
            ],
            [
              -81.41269999999999,
              31.0347
            ],
            [
              -81.4129,
              31.0347
            ],
            [
              -81.4129,
              31.0348
            ]
          ],
          [
            [
              -81.4125,
              31.0345
            ],
            [
              -81.41229999999999,
              31.0345
            ],
            [
              -81.41229999999999,
              31.0343
            ],
            [
              -81.41239999999999,
              31.0343
            ],
            [
              -81.41239999999999,
              31.0344
            ],
            [
              -81.4125,
              31.0344
            ],
            [
              -81.4125,
              31.0345
            ]
          ],
          [
            [
              -81.41189999999999,
              31.0343
            ],
            [
              -81.4117,
              31.0343
            ],
            [
              -81.4117,
              31.0342
            ],
            [
              -81.41189999999999,
              31.0342
            ],
            [
              -81.41189999999999,
              31.0343
            ]
          ],
          [
            [
              -81.41359999999999,
              31.0322
            ],
            [
              -81.41329999999999,
              31.0322
            ],
            [
              -81.41329999999999,
              31.032
            ],
            [
              -81.41359999999999,
              31.032
            ],
            [
              -81.41359999999999,
              31.0322
            ]
          ],
          [
            [
              -81.41369999999999,
              31.0314
            ],
            [
              -81.41359999999999,
              31.0314
            ],
            [
              -81.41359999999999,
              31.0313
            ],
            [
              -81.41369999999999,
              31.0313
            ],
            [
              -81.41369999999999,
              31.0314
            ]
          ],
          [
            [
              -81.41429999999998,
              31.0311
            ],
            [
              -81.4142,
              31.0311
            ],
            [
              -81.4142,
              31.031
            ],
            [
              -81.41429999999998,
              31.031
            ],
            [
              -81.41429999999998,
              31.0311
            ]
          ],
          [
            [
              -81.41359999999999,
              31.0311
            ],
            [
              -81.41349999999998,
              31.0311
            ],
            [
              -81.41349999999998,
              31.031
            ],
            [
              -81.41359999999999,
              31.031
            ],
            [
              -81.41359999999999,
              31.0311
            ]
          ],
          [
            [
              -81.41439999999999,
              31.029700000000002
            ],
            [
              -81.41429999999998,
              31.029700000000002
            ],
            [
              -81.41429999999998,
              31.0296
            ],
            [
              -81.4142,
              31.0296
            ],
            [
              -81.4142,
              31.0295
            ],
            [
              -81.41439999999999,
              31.0295
            ],
            [
              -81.41439999999999,
              31.029700000000002
            ]
          ],
          [
            [
              -81.41539999999999,
              31.0288
            ],
            [
              -81.41529999999999,
              31.0288
            ],
            [
              -81.41529999999999,
              31.0287
            ],
            [
              -81.41539999999999,
              31.0287
            ],
            [
              -81.41539999999999,
              31.0288
            ]
          ]
        ]
      },
      "properties": {
        "candidate_id": "CS_0161",
        "numeric_id": 161,
        "raw_component_id": 2089,
        "pixel_count": 2078,
        "area_km2": 0.2202,
        "perimeter_km": 6.907,
        "centroid_lon": -81.41262,
        "centroid_lat": 31.03425,
        "bounding_box": [
          -81.41615,
          31.02735,
          -81.40975,
          31.04105
        ],
        "length_km": 1.623,
        "width_km": 0.252,
        "aspect_ratio": 6.45,
        "orientation_deg": 18.5,
        "mean_sigma0_db": -25.2,
        "min_sigma0_db": -30.9,
        "mean_contrast_db": 6.12,
        "max_contrast_db": 12.23,
        "candidate_score": 0.7,
        "heuristic_confidence": 0.7,
        "rejection_reasons": [],
        "status": "ACCEPTED"
      }
    },
    {
      "type": "Feature",
      "id": "CS_0162",
      "geometry": {
        "type": "Polygon",
        "coordinates": [
          [
            [
              -81.49109999999999,
              31.0407
            ],
            [
              -81.49109999999999,
              31.040300000000002
            ],
            [
              -81.49119999999999,
              31.040300000000002
            ],
            [
              -81.49119999999999,
              31.040200000000002
            ],
            [
              -81.49159999999999,
              31.040200000000002
            ],
            [
              -81.49159999999999,
              31.0397
            ],
            [
              -81.4917,
              31.0397
            ],
            [
              -81.4917,
              31.0393
            ],
            [
              -81.49119999999999,
              31.0393
            ],
            [
              -81.49119999999999,
              31.0397
            ],
            [
              -81.49109999999999,
              31.0397
            ],
            [
              -81.49109999999999,
              31.0399
            ],
            [
              -81.491,
              31.0399
            ],
            [
              -81.491,
              31.040000000000003
            ],
            [
              -81.4909,
              31.040000000000003
            ],
            [
              -81.4909,
              31.040200000000002
            ],
            [
              -81.4908,
              31.040200000000002
            ],
            [
              -81.4908,
              31.040300000000002
            ],
            [
              -81.4904,
              31.040300000000002
            ],
            [
              -81.4904,
              31.0406
            ],
            [
              -81.4906,
              31.0406
            ],
            [
              -81.4906,
              31.0407
            ],
            [
              -81.49109999999999,
              31.0407
            ]
          ]
        ]
      },
      "properties": {
        "candidate_id": "CS_0162",
        "numeric_id": 162,
        "raw_component_id": 2094,
        "pixel_count": 80,
        "area_km2": 0.0085,
        "perimeter_km": 0.463,
        "centroid_lon": -81.49115,
        "centroid_lat": 31.04003,
        "bounding_box": [
          -81.49165,
          31.03935,
          -81.49045,
          31.04065
        ],
        "length_km": 0.206,
        "width_km": 0.066,
        "aspect_ratio": 3.1,
        "orientation_deg": 33.2,
        "mean_sigma0_db": -24.93,
        "min_sigma0_db": -27.5,
        "mean_contrast_db": 6.14,
        "max_contrast_db": 8.96,
        "candidate_score": 0.59,
        "heuristic_confidence": 0.59,
        "rejection_reasons": [
          "AREA_TOO_SMALL"
        ],
        "status": "REJECTED"
      }
    },
    {
      "type": "Feature",
      "id": "CS_0163",
      "geometry": {
        "type": "Polygon",
        "coordinates": [
          [
            [
              -81.4966,
              31.0405
            ],
            [
              -81.4966,
              31.0404
            ],
            [
              -81.4969,
              31.0404
            ],
            [
              -81.4969,
              31.040100000000002
            ],
            [
              -81.4966,
              31.040100000000002
            ],
            [
              -81.4966,
              31.039800000000003
            ],
            [
              -81.4964,
              31.039800000000003
            ],
            [
              -81.4964,
              31.0396
            ],
            [
              -81.49629999999999,
              31.0396
            ],
            [
              -81.49629999999999,
              31.0394
            ],
            [
              -81.49589999999999,
              31.0394
            ],
            [
              -81.49589999999999,
              31.040000000000003
            ],
            [
              -81.49629999999999,
              31.040000000000003
            ],
            [
              -81.49629999999999,
              31.040100000000002
            ],
            [
              -81.4965,
              31.040100000000002
            ],
            [
              -81.4965,
              31.040200000000002
            ],
            [
              -81.49629999999999,
              31.040200000000002
            ],
            [
              -81.49629999999999,
              31.0405
            ],
            [
              -81.4966,
              31.0405
            ]
          ]
        ]
      },
      "properties": {
        "candidate_id": "CS_0163",
        "numeric_id": 163,
        "raw_component_id": 2096,
        "pixel_count": 54,
        "area_km2": 0.0057,
        "perimeter_km": 0.391,
        "centroid_lon": -81.49634,
        "centroid_lat": 31.03995,
        "bounding_box": [
          -81.49685,
          31.03945,
          -81.49595,
          31.04045
        ],
        "length_km": 0.154,
        "width_km": 0.06,
        "aspect_ratio": 2.59,
        "orientation_deg": -33.7,
        "mean_sigma0_db": -24.77,
        "min_sigma0_db": -26.83,
        "mean_contrast_db": 10.06,
        "max_contrast_db": 12.35,
        "candidate_score": 0.645,
        "heuristic_confidence": 0.645,
        "rejection_reasons": [
          "AREA_TOO_SMALL"
        ],
        "status": "REJECTED"
      }
    },
    {
      "type": "Feature",
      "id": "CS_0164",
      "geometry": {
        "type": "Polygon",
        "coordinates": [
          [
            [
              -81.48859999999999,
              31.0398
            ],
            [
              -81.48859999999999,
              31.0395
            ],
            [
              -81.48879999999998,
              31.0395
            ],
            [
              -81.48879999999998,
              31.0392
            ],
            [
              -81.48889999999999,
              31.0392
            ],
            [
              -81.48889999999999,
              31.038999999999998
            ],
            [
              -81.48899999999999,
              31.038999999999998
            ],
            [
              -81.48899999999999,
              31.0385
            ],
            [
              -81.4887,
              31.0385
            ],
            [
              -81.4887,
              31.0386
            ],
            [
              -81.48859999999999,
              31.0386
            ],
            [
              -81.48859999999999,
              31.0387
            ],
            [
              -81.48849999999999,
              31.0387
            ],
            [
              -81.48849999999999,
              31.0388
            ],
            [
              -81.4883,
              31.0388
            ],
            [
              -81.4883,
              31.0391
            ],
            [
              -81.48859999999999,
              31.0391
            ],
            [
              -81.48859999999999,
              31.0392
            ],
            [
              -81.48819999999999,
              31.0392
            ],
            [
              -81.48819999999999,
              31.0394
            ],
            [
              -81.48809999999999,
              31.0394
            ],
            [
              -81.48809999999999,
              31.0398
            ],
            [
              -81.48859999999999,
              31.0398
            ]
          ]
        ]
      },
      "properties": {
        "candidate_id": "CS_0164",
        "numeric_id": 164,
        "raw_component_id": 2107,
        "pixel_count": 69,
        "area_km2": 0.0073,
        "perimeter_km": 0.401,
        "centroid_lon": -81.48856,
        "centroid_lat": 31.03917,
        "bounding_box": [
          -81.48895,
          31.03855,
          -81.48815,
          31.03975
        ],
        "length_km": 0.169,
        "width_km": 0.06,
        "aspect_ratio": 2.8,
        "orientation_deg": 23.1,
        "mean_sigma0_db": -24.88,
        "min_sigma0_db": -27.86,
        "mean_contrast_db": 5.39,
        "max_contrast_db": 8.29,
        "candidate_score": 0.523,
        "heuristic_confidence": 0.523,
        "rejection_reasons": [
          "AREA_TOO_SMALL"
        ],
        "status": "REJECTED"
      }
    },
    {
      "type": "Feature",
      "id": "CS_0165",
      "geometry": {
        "type": "Polygon",
        "coordinates": [
          [
            [
              -81.42679999999999,
              31.0395
            ],
            [
              -81.42679999999999,
              31.0389
            ],
            [
              -81.4266,
              31.0389
            ],
            [
              -81.4266,
              31.038800000000002
            ],
            [
              -81.42669999999998,
              31.038800000000002
            ],
            [
              -81.42669999999998,
              31.0387
            ],
            [
              -81.42679999999999,
              31.0387
            ],
            [
              -81.42679999999999,
              31.0386
            ],
            [
              -81.42689999999999,
              31.0386
            ],
            [
              -81.42689999999999,
              31.0382
            ],
            [
              -81.42649999999999,
              31.0382
            ],
            [
              -81.42649999999999,
              31.0383
            ],
            [
              -81.42639999999999,
              31.0383
            ],
            [
              -81.42639999999999,
              31.0384
            ],
            [
              -81.42629999999998,
              31.0384
            ],
            [
              -81.42629999999998,
              31.0389
            ],
            [
              -81.42649999999999,
              31.0389
            ],
            [
              -81.42649999999999,
              31.0391
            ],
            [
              -81.4262,
              31.0391
            ],
            [
              -81.4262,
              31.0387
            ],
            [
              -81.42599999999999,
              31.0387
            ],
            [
              -81.42599999999999,
              31.0386
            ],
            [
              -81.42589999999998,
              31.0386
            ],
            [
              -81.42589999999998,
              31.0385
            ],
            [
              -81.4258,
              31.0385
            ],
            [
              -81.4258,
              31.0382
            ],
            [
              -81.4253,
              31.0382
            ],
            [
              -81.4253,
              31.0386
            ],
            [
              -81.42559999999999,
              31.0386
            ],
            [
              -81.42559999999999,
              31.0389
            ],
            [
              -81.42569999999999,
              31.0389
            ],
            [
              -81.42569999999999,
              31.0391
            ],
            [
              -81.4258,
              31.0391
            ],
            [
              -81.4258,
              31.0392
            ],
            [
              -81.4262,
              31.0392
            ],
            [
              -81.4262,
              31.0395
            ],
            [
              -81.42679999999999,
              31.0395
            ]
          ]
        ]
      },
      "properties": {
        "candidate_id": "CS_0165",
        "numeric_id": 165,
        "raw_component_id": 2111,
        "pixel_count": 114,
        "area_km2": 0.0121,
        "perimeter_km": 0.679,
        "centroid_lon": -81.42621,
        "centroid_lat": 31.03879,
        "bounding_box": [
          -81.42685,
          31.03825,
          -81.42535,
          31.03945
        ],
        "length_km": 0.185,
        "width_km": 0.138,
        "aspect_ratio": 1.34,
        "orientation_deg": -50.2,
        "mean_sigma0_db": -24.63,
        "min_sigma0_db": -28.26,
        "mean_contrast_db": 9.28,
        "max_contrast_db": 12.99,
        "candidate_score": 0.62,
        "heuristic_confidence": 0.62,
        "rejection_reasons": [
          "AREA_TOO_SMALL"
        ],
        "status": "REJECTED"
      }
    },
    {
      "type": "Feature",
      "id": "CS_0166",
      "geometry": {
        "type": "Polygon",
        "coordinates": [
          [
            [
              -81.48689999999999,
              31.0394
            ],
            [
              -81.48689999999999,
              31.0393
            ],
            [
              -81.487,
              31.0393
            ],
            [
              -81.487,
              31.039
            ],
            [
              -81.48689999999999,
              31.039
            ],
            [
              -81.48689999999999,
              31.0389
            ],
            [
              -81.4866,
              31.0389
            ],
            [
              -81.4866,
              31.039
            ],
            [
              -81.48639999999999,
              31.039
            ],
            [
              -81.48639999999999,
              31.0393
            ],
            [
              -81.4866,
              31.0393
            ],
            [
              -81.4866,
              31.0394
            ],
            [
              -81.48689999999999,
              31.0394
            ]
          ]
        ]
      },
      "properties": {
        "candidate_id": "CS_0166",
        "numeric_id": 166,
        "raw_component_id": 2113,
        "pixel_count": 63,
        "area_km2": 0.0067,
        "perimeter_km": 0.504,
        "centroid_lon": -81.48665,
        "centroid_lat": 31.0387,
        "bounding_box": [
          -81.48695,
          31.03805,
          -81.48625,
          31.03935
        ],
        "length_km": 0.184,
        "width_km": 0.073,
        "aspect_ratio": 2.54,
        "orientation_deg": -0.4,
        "mean_sigma0_db": -24.5,
        "min_sigma0_db": -27.17,
        "mean_contrast_db": 4.99,
        "max_contrast_db": 7.65,
        "candidate_score": 0.476,
        "heuristic_confidence": 0.476,
        "rejection_reasons": [
          "AREA_TOO_SMALL"
        ],
        "status": "REJECTED"
      }
    },
    {
      "type": "Feature",
      "id": "CS_0167",
      "geometry": {
        "type": "Polygon",
        "coordinates": [
          [
            [
              -81.4283,
              31.0386
            ],
            [
              -81.4283,
              31.0382
            ],
            [
              -81.42819999999999,
              31.0382
            ],
            [
              -81.42819999999999,
              31.038
            ],
            [
              -81.42809999999999,
              31.038
            ],
            [
              -81.42809999999999,
              31.0379
            ],
            [
              -81.42729999999999,
              31.0379
            ],
            [
              -81.42729999999999,
              31.0381
            ],
            [
              -81.4272,
              31.0381
            ],
            [
              -81.4272,
              31.0384
            ],
            [
              -81.4276,
              31.0384
            ],
            [
              -81.4276,
              31.0383
            ],
            [
              -81.42779999999999,
              31.0383
            ],
            [
              -81.42779999999999,
              31.0382
            ],
            [
              -81.4279,
              31.0382
            ],
            [
              -81.4279,
              31.0386
            ],
            [
              -81.4283,
              31.0386
            ]
          ]
        ]
      },
      "properties": {
        "candidate_id": "CS_0167",
        "numeric_id": 167,
        "raw_component_id": 2122,
        "pixel_count": 53,
        "area_km2": 0.0056,
        "perimeter_km": 0.35,
        "centroid_lon": -81.42778,
        "centroid_lat": 31.0382,
        "bounding_box": [
          -81.42825,
          31.03795,
          -81.42725,
          31.03855
        ],
        "length_km": 0.122,
        "width_km": 0.072,
        "aspect_ratio": 1.7,
        "orientation_deg": -70.8,
        "mean_sigma0_db": -24.5,
        "min_sigma0_db": -26.55,
        "mean_contrast_db": 8.86,
        "max_contrast_db": 10.97,
        "candidate_score": 0.622,
        "heuristic_confidence": 0.622,
        "rejection_reasons": [
          "AREA_TOO_SMALL"
        ],
        "status": "REJECTED"
      }
    },
    {
      "type": "Feature",
      "id": "CS_0168",
      "geometry": {
        "type": "Polygon",
        "coordinates": [
          [
            [
              -81.4268,
              31.0381
            ],
            [
              -81.4268,
              31.038
            ],
            [
              -81.4271,
              31.038
            ],
            [
              -81.4271,
              31.0377
            ],
            [
              -81.4274,
              31.0377
            ],
            [
              -81.4274,
              31.0376
            ],
            [
              -81.4277,
              31.0376
            ],
            [
              -81.4277,
              31.0374
            ],
            [
              -81.4278,
              31.0374
            ],
            [
              -81.4278,
              31.0375
            ],
            [
              -81.4279,
              31.0375
            ],
            [
              -81.4279,
              31.0378
            ],
            [
              -81.4282,
              31.0378
            ],
            [
              -81.4282,
              31.0379
            ],
            [
              -81.4285,
              31.0379
            ],
            [
              -81.4285,
              31.0376
            ],
            [
              -81.4283,
              31.0376
            ],
            [
              -81.4283,
              31.0375
            ],
            [
              -81.4282,
              31.0375
            ],
            [
              -81.4282,
              31.0372
            ],
            [
              -81.428,
              31.0372
            ],
            [
              -81.428,
              31.0371
            ],
            [
              -81.4281,
              31.0371
            ],
            [
              -81.4281,
              31.0367
            ],
            [
              -81.4276,
              31.0367
            ],
            [
              -81.4276,
              31.0365
            ],
            [
              -81.4271,
              31.0365
            ],
            [
              -81.4271,
              31.037
            ],
            [
              -81.427,
              31.037
            ],
            [
              -81.427,
              31.0372
            ],
            [
              -81.4268,
              31.0372
            ],
            [
              -81.4268,
              31.0375
            ],
            [
              -81.4267,
              31.0375
            ],
            [
              -81.4267,
              31.0374
            ],
            [
              -81.4262,
              31.0374
            ],
            [
              -81.4262,
              31.038
            ],
            [
              -81.4265,
              31.038
            ],
            [
              -81.4265,
              31.0381
            ],
            [
              -81.4268,
              31.0381
            ]
          ],
          [
            [
              -81.4276,
              31.0373
            ],
            [
              -81.4274,
              31.0373
            ],
            [
              -81.4274,
              31.0369
            ],
            [
              -81.4275,
              31.0369
            ],
            [
              -81.4275,
              31.0368
            ],
            [
              -81.4276,
              31.0368
            ],
            [
              -81.4276,
              31.0373
            ]
          ]
        ]
      },
      "properties": {
        "candidate_id": "CS_0168",
        "numeric_id": 168,
        "raw_component_id": 2129,
        "pixel_count": 183,
        "area_km2": 0.0194,
        "perimeter_km": 0.968,
        "centroid_lon": -81.42734,
        "centroid_lat": 31.03732,
        "bounding_box": [
          -81.42845,
          31.03625,
          -81.42625,
          31.03805
        ],
        "length_km": 0.245,
        "width_km": 0.165,
        "aspect_ratio": 1.49,
        "orientation_deg": 53.9,
        "mean_sigma0_db": -24.82,
        "min_sigma0_db": -28.65,
        "mean_contrast_db": 9.65,
        "max_contrast_db": 13.61,
        "candidate_score": 0.628,
        "heuristic_confidence": 0.628,
        "rejection_reasons": [
          "AREA_TOO_SMALL"
        ],
        "status": "REJECTED"
      }
    },
    {
      "type": "Feature",
      "id": "CS_0169",
      "geometry": {
        "type": "Polygon",
        "coordinates": [
          [
            [
              -81.48689999999999,
              31.0378
            ],
            [
              -81.48689999999999,
              31.0376
            ],
            [
              -81.487,
              31.0376
            ],
            [
              -81.487,
              31.0377
            ],
            [
              -81.4875,
              31.0377
            ],
            [
              -81.4875,
              31.0374
            ],
            [
              -81.48729999999999,
              31.0374
            ],
            [
              -81.48729999999999,
              31.037
            ],
            [
              -81.487,
              31.037
            ],
            [
              -81.487,
              31.037300000000002
            ],
            [
              -81.48689999999999,
              31.037300000000002
            ],
            [
              -81.48689999999999,
              31.0374
            ],
            [
              -81.4864,
              31.0374
            ],
            [
              -81.4864,
              31.0378
            ],
            [
              -81.48689999999999,
              31.0378
            ]
          ]
        ]
      },
      "properties": {
        "candidate_id": "CS_0169",
        "numeric_id": 169,
        "raw_component_id": 2134,
        "pixel_count": 50,
        "area_km2": 0.0053,
        "perimeter_km": 0.36,
        "centroid_lon": -81.48697,
        "centroid_lat": 31.03748,
        "bounding_box": [
          -81.48745,
          31.03705,
          -81.48645,
          31.03775
        ],
        "length_km": 0.121,
        "width_km": 0.074,
        "aspect_ratio": 1.64,
        "orientation_deg": 63.6,
        "mean_sigma0_db": -25.29,
        "min_sigma0_db": -28.23,
        "mean_contrast_db": 5.79,
        "max_contrast_db": 8.77,
        "candidate_score": 0.548,
        "heuristic_confidence": 0.548,
        "rejection_reasons": [
          "AREA_TOO_SMALL"
        ],
        "status": "REJECTED"
      }
    },
    {
      "type": "Feature",
      "id": "CS_0170",
      "geometry": {
        "type": "Polygon",
        "coordinates": [
          [
            [
              -81.4296,
              31.0371
            ],
            [
              -81.4296,
              31.0366
            ],
            [
              -81.42949999999999,
              31.0366
            ],
            [
              -81.42949999999999,
              31.0364
            ],
            [
              -81.42939999999999,
              31.0364
            ],
            [
              -81.42939999999999,
              31.0357
            ],
            [
              -81.4293,
              31.0357
            ],
            [
              -81.4293,
              31.0352
            ],
            [
              -81.42899999999999,
              31.0352
            ],
            [
              -81.42899999999999,
              31.0353
            ],
            [
              -81.4289,
              31.0353
            ],
            [
              -81.4289,
              31.0354
            ],
            [
              -81.4288,
              31.0354
            ],
            [
              -81.4288,
              31.0355
            ],
            [
              -81.42869999999999,
              31.0355
            ],
            [
              -81.42869999999999,
              31.0357
            ],
            [
              -81.4285,
              31.0357
            ],
            [
              -81.4285,
              31.036199999999997
            ],
            [
              -81.42869999999999,
              31.036199999999997
            ],
            [
              -81.42869999999999,
              31.036299999999997
            ],
            [
              -81.42859999999999,
              31.036299999999997
            ],
            [
              -81.42859999999999,
              31.0364
            ],
            [
              -81.4284,
              31.0364
            ],
            [
              -81.4284,
              31.0367
            ],
            [
              -81.4289,
              31.0367
            ],
            [
              -81.4289,
              31.0365
            ],
            [
              -81.42899999999999,
              31.0365
            ],
            [
              -81.42899999999999,
              31.0366
            ],
            [
              -81.42909999999999,
              31.0366
            ],
            [
              -81.42909999999999,
              31.0367
            ],
            [
              -81.4292,
              31.0367
            ],
            [
              -81.4292,
              31.0368
            ],
            [
              -81.4293,
              31.0368
            ],
            [
              -81.4293,
              31.0371
            ],
            [
              -81.4296,
              31.0371
            ]
          ],
          [
            [
              -81.42899999999999,
              31.036099999999998
            ],
            [
              -81.4288,
              31.036099999999998
            ],
            [
              -81.4288,
              31.0358
            ],
            [
              -81.42899999999999,
              31.0358
            ],
            [
              -81.42899999999999,
              31.035899999999998
            ],
            [
              -81.42909999999999,
              31.035899999999998
            ],
            [
              -81.42909999999999,
              31.035999999999998
            ],
            [
              -81.42899999999999,
              31.035999999999998
            ],
            [
              -81.42899999999999,
              31.036099999999998
            ]
          ]
        ]
      },
      "properties": {
        "candidate_id": "CS_0170",
        "numeric_id": 170,
        "raw_component_id": 2139,
        "pixel_count": 121,
        "area_km2": 0.0128,
        "perimeter_km": 0.628,
        "centroid_lon": -81.42904,
        "centroid_lat": 31.03615,
        "bounding_box": [
          -81.42955,
          31.03525,
          -81.42845,
          31.03705
        ],
        "length_km": 0.209,
        "width_km": 0.109,
        "aspect_ratio": 1.91,
        "orientation_deg": -8.5,
        "mean_sigma0_db": -24.56,
        "min_sigma0_db": -27.54,
        "mean_contrast_db": 9.03,
        "max_contrast_db": 12.2,
        "candidate_score": 0.627,
        "heuristic_confidence": 0.627,
        "rejection_reasons": [
          "AREA_TOO_SMALL"
        ],
        "status": "REJECTED"
      }
    },
    {
      "type": "Feature",
      "id": "CS_0171",
      "geometry": {
        "type": "Polygon",
        "coordinates": [
          [
            [
              -81.4866,
              31.0369
            ],
            [
              -81.4866,
              31.0363
            ],
            [
              -81.4863,
              31.0363
            ],
            [
              -81.4863,
              31.0362
            ],
            [
              -81.4867,
              31.0362
            ],
            [
              -81.4867,
              31.0358
            ],
            [
              -81.4863,
              31.0358
            ],
            [
              -81.4863,
              31.0357
            ],
            [
              -81.4861,
              31.0357
            ],
            [
              -81.4861,
              31.0355
            ],
            [
              -81.4857,
              31.0355
            ],
            [
              -81.4857,
              31.035999999999998
            ],
            [
              -81.4862,
              31.035999999999998
            ],
            [
              -81.4862,
              31.0362
            ],
            [
              -81.4859,
              31.0362
            ],
            [
              -81.4859,
              31.0366
            ],
            [
              -81.4862,
              31.0366
            ],
            [
              -81.4862,
              31.0369
            ],
            [
              -81.4866,
              31.0369
            ]
          ]
        ]
      },
      "properties": {
        "candidate_id": "CS_0171",
        "numeric_id": 171,
        "raw_component_id": 2143,
        "pixel_count": 81,
        "area_km2": 0.0086,
        "perimeter_km": 0.525,
        "centroid_lon": -81.48622,
        "centroid_lat": 31.03617,
        "bounding_box": [
          -81.48665,
          31.03555,
          -81.48575,
          31.03685
        ],
        "length_km": 0.172,
        "width_km": 0.084,
        "aspect_ratio": 2.06,
        "orientation_deg": -19.1,
        "mean_sigma0_db": -24.42,
        "min_sigma0_db": -27.86,
        "mean_contrast_db": 4.7,
        "max_contrast_db": 8.28,
        "candidate_score": 0.442,
        "heuristic_confidence": 0.442,
        "rejection_reasons": [
          "AREA_TOO_SMALL"
        ],
        "status": "REJECTED"
      }
    },
    {
      "type": "Feature",
      "id": "CS_0172",
      "geometry": {
        "type": "Polygon",
        "coordinates": [
          [
            [
              -81.4722,
              31.0366
            ],
            [
              -81.4722,
              31.0362
            ],
            [
              -81.4719,
              31.0362
            ],
            [
              -81.4719,
              31.0361
            ],
            [
              -81.472,
              31.0361
            ],
            [
              -81.472,
              31.0357
            ],
            [
              -81.4716,
              31.0357
            ],
            [
              -81.4716,
              31.0359
            ],
            [
              -81.4715,
              31.0359
            ],
            [
              -81.4715,
              31.036
            ],
            [
              -81.4714,
              31.036
            ],
            [
              -81.4714,
              31.0365
            ],
            [
              -81.4717,
              31.0365
            ],
            [
              -81.4717,
              31.0366
            ],
            [
              -81.4722,
              31.0366
            ]
          ]
        ]
      },
      "properties": {
        "candidate_id": "CS_0172",
        "numeric_id": 172,
        "raw_component_id": 2148,
        "pixel_count": 53,
        "area_km2": 0.0056,
        "perimeter_km": 0.319,
        "centroid_lon": -81.47178,
        "centroid_lat": 31.0362,
        "bounding_box": [
          -81.47215,
          31.03575,
          -81.47145,
          31.03655
        ],
        "length_km": 0.109,
        "width_km": 0.074,
        "aspect_ratio": 1.47,
        "orientation_deg": -13.4,
        "mean_sigma0_db": -24.58,
        "min_sigma0_db": -28.62,
        "mean_contrast_db": 6.04,
        "max_contrast_db": 9.82,
        "candidate_score": 0.544,
        "heuristic_confidence": 0.544,
        "rejection_reasons": [
          "AREA_TOO_SMALL"
        ],
        "status": "REJECTED"
      }
    },
    {
      "type": "Feature",
      "id": "CS_0173",
      "geometry": {
        "type": "Polygon",
        "coordinates": [
          [
            [
              -81.4343,
              31.0362
            ],
            [
              -81.4343,
              31.0361
            ],
            [
              -81.4344,
              31.0361
            ],
            [
              -81.4344,
              31.035800000000002
            ],
            [
              -81.4348,
              31.035800000000002
            ],
            [
              -81.4348,
              31.036
            ],
            [
              -81.4352,
              31.036
            ],
            [
              -81.4352,
              31.0361
            ],
            [
              -81.4357,
              31.0361
            ],
            [
              -81.4357,
              31.035700000000002
            ],
            [
              -81.43549999999999,
              31.035700000000002
            ],
            [
              -81.43549999999999,
              31.035600000000002
            ],
            [
              -81.4352,
              31.035600000000002
            ],
            [
              -81.4352,
              31.035700000000002
            ],
            [
              -81.435,
              31.035700000000002
            ],
            [
              -81.435,
              31.0354
            ],
            [
              -81.43469999999999,
              31.0354
            ],
            [
              -81.43469999999999,
              31.035500000000003
            ],
            [
              -81.4346,
              31.035500000000003
            ],
            [
              -81.4346,
              31.0354
            ],
            [
              -81.4344,
              31.0354
            ],
            [
              -81.4344,
              31.0353
            ],
            [
              -81.4341,
              31.0353
            ],
            [
              -81.4341,
              31.035600000000002
            ],
            [
              -81.434,
              31.035600000000002
            ],
            [
              -81.434,
              31.035700000000002
            ],
            [
              -81.4339,
              31.035700000000002
            ],
            [
              -81.4339,
              31.0361
            ],
            [
              -81.434,
              31.0361
            ],
            [
              -81.434,
              31.0362
            ],
            [
              -81.4343,
              31.0362
            ]
          ]
        ]
      },
      "properties": {
        "candidate_id": "CS_0173",
        "numeric_id": 173,
        "raw_component_id": 2154,
        "pixel_count": 92,
        "area_km2": 0.0097,
        "perimeter_km": 0.525,
        "centroid_lon": -81.43472,
        "centroid_lat": 31.03577,
        "bounding_box": [
          -81.43565,
          31.03535,
          -81.43395,
          31.03615
        ],
        "length_km": 0.2,
        "width_km": 0.088,
        "aspect_ratio": 2.26,
        "orientation_deg": -85.1,
        "mean_sigma0_db": -24.72,
        "min_sigma0_db": -27.19,
        "mean_contrast_db": 8.48,
        "max_contrast_db": 10.96,
        "candidate_score": 0.638,
        "heuristic_confidence": 0.638,
        "rejection_reasons": [
          "AREA_TOO_SMALL"
        ],
        "status": "REJECTED"
      }
    },
    {
      "type": "Feature",
      "id": "CS_0174",
      "geometry": {
        "type": "Polygon",
        "coordinates": [
          [
            [
              -81.431,
              31.0361
            ],
            [
              -81.431,
              31.035800000000002
            ],
            [
              -81.4309,
              31.035800000000002
            ],
            [
              -81.4309,
              31.035600000000002
            ],
            [
              -81.4306,
              31.035600000000002
            ],
            [
              -81.4306,
              31.0359
            ],
            [
              -81.4307,
              31.0359
            ],
            [
              -81.4307,
              31.0361
            ],
            [
              -81.431,
              31.0361
            ]
          ]
        ]
      },
      "properties": {
        "candidate_id": "CS_0174",
        "numeric_id": 174,
        "raw_component_id": 2155,
        "pixel_count": 359,
        "area_km2": 0.038,
        "perimeter_km": 1.379,
        "centroid_lon": -81.43133,
        "centroid_lat": 31.0349,
        "bounding_box": [
          -81.43275,
          31.03365,
          -81.42955,
          31.03605
        ],
        "length_km": 0.316,
        "width_km": 0.197,
        "aspect_ratio": 1.6,
        "orientation_deg": 61.9,
        "mean_sigma0_db": -24.92,
        "min_sigma0_db": -29.47,
        "mean_contrast_db": 8.66,
        "max_contrast_db": 12.9,
        "candidate_score": 0.633,
        "heuristic_confidence": 0.633,
        "rejection_reasons": [
          "AREA_TOO_SMALL"
        ],
        "status": "REJECTED"
      }
    },
    {
      "type": "Feature",
      "id": "CS_0175",
      "geometry": {
        "type": "Polygon",
        "coordinates": [
          [
            [
              -81.4333,
              31.0348
            ],
            [
              -81.4333,
              31.0347
            ],
            [
              -81.4334,
              31.0347
            ],
            [
              -81.4334,
              31.0344
            ],
            [
              -81.4335,
              31.0344
            ],
            [
              -81.4335,
              31.0343
            ],
            [
              -81.4336,
              31.0343
            ],
            [
              -81.4336,
              31.034200000000002
            ],
            [
              -81.4337,
              31.034200000000002
            ],
            [
              -81.4337,
              31.0343
            ],
            [
              -81.4341,
              31.0343
            ],
            [
              -81.4341,
              31.034
            ],
            [
              -81.434,
              31.034
            ],
            [
              -81.434,
              31.0339
            ],
            [
              -81.4338,
              31.0339
            ],
            [
              -81.4338,
              31.0337
            ],
            [
              -81.4335,
              31.0337
            ],
            [
              -81.4335,
              31.0338
            ],
            [
              -81.4334,
              31.0338
            ],
            [
              -81.4334,
              31.0339
            ],
            [
              -81.4333,
              31.0339
            ],
            [
              -81.4333,
              31.034
            ],
            [
              -81.433,
              31.034
            ],
            [
              -81.433,
              31.0348
            ],
            [
              -81.4333,
              31.0348
            ]
          ]
        ]
      },
      "properties": {
        "candidate_id": "CS_0175",
        "numeric_id": 175,
        "raw_component_id": 2167,
        "pixel_count": 66,
        "area_km2": 0.007,
        "perimeter_km": 0.371,
        "centroid_lon": -81.43346,
        "centroid_lat": 31.03421,
        "bounding_box": [
          -81.43405,
          31.03375,
          -81.43305,
          31.03475
        ],
        "length_km": 0.142,
        "width_km": 0.078,
        "aspect_ratio": 1.8,
        "orientation_deg": 44.6,
        "mean_sigma0_db": -24.68,
        "min_sigma0_db": -27.89,
        "mean_contrast_db": 7.93,
        "max_contrast_db": 11.14,
        "candidate_score": 0.629,
        "heuristic_confidence": 0.629,
        "rejection_reasons": [
          "AREA_TOO_SMALL"
        ],
        "status": "REJECTED"
      }
    },
    {
      "type": "Feature",
      "id": "CS_0176",
      "geometry": {
        "type": "Polygon",
        "coordinates": [
          [
            [
              -81.4336,
              31.0336
            ],
            [
              -81.4336,
              31.0334
            ],
            [
              -81.434,
              31.0334
            ],
            [
              -81.434,
              31.033
            ],
            [
              -81.4329,
              31.033
            ],
            [
              -81.4329,
              31.0333
            ],
            [
              -81.43299999999999,
              31.0333
            ],
            [
              -81.43299999999999,
              31.0334
            ],
            [
              -81.4331,
              31.0334
            ],
            [
              -81.4331,
              31.0336
            ],
            [
              -81.4336,
              31.0336
            ]
          ]
        ]
      },
      "properties": {
        "candidate_id": "CS_0176",
        "numeric_id": 176,
        "raw_component_id": 2173,
        "pixel_count": 53,
        "area_km2": 0.0056,
        "perimeter_km": 0.319,
        "centroid_lon": -81.43344,
        "centroid_lat": 31.03325,
        "bounding_box": [
          -81.43395,
          31.03305,
          -81.43295,
          31.03355
        ],
        "length_km": 0.111,
        "width_km": 0.069,
        "aspect_ratio": 1.6,
        "orientation_deg": 85.1,
        "mean_sigma0_db": -24.66,
        "min_sigma0_db": -27.53,
        "mean_contrast_db": 7.75,
        "max_contrast_db": 10.72,
        "candidate_score": 0.625,
        "heuristic_confidence": 0.625,
        "rejection_reasons": [
          "AREA_TOO_SMALL"
        ],
        "status": "REJECTED"
      }
    },
    {
      "type": "Feature",
      "id": "CS_0177",
      "geometry": {
        "type": "Polygon",
        "coordinates": [
          [
            [
              -81.43489999999998,
              31.0328
            ],
            [
              -81.43489999999998,
              31.032700000000002
            ],
            [
              -81.43499999999999,
              31.032700000000002
            ],
            [
              -81.43499999999999,
              31.032600000000002
            ],
            [
              -81.43509999999999,
              31.032600000000002
            ],
            [
              -81.43509999999999,
              31.0318
            ],
            [
              -81.4348,
              31.0318
            ],
            [
              -81.4348,
              31.0316
            ],
            [
              -81.43449999999999,
              31.0316
            ],
            [
              -81.43449999999999,
              31.0317
            ],
            [
              -81.43419999999999,
              31.0317
            ],
            [
              -81.43419999999999,
              31.032
            ],
            [
              -81.4343,
              31.032
            ],
            [
              -81.4343,
              31.032100000000003
            ],
            [
              -81.43459999999999,
              31.032100000000003
            ],
            [
              -81.43459999999999,
              31.032
            ],
            [
              -81.4348,
              31.032
            ],
            [
              -81.4348,
              31.032200000000003
            ],
            [
              -81.43469999999999,
              31.032200000000003
            ],
            [
              -81.43469999999999,
              31.032300000000003
            ],
            [
              -81.4344,
              31.032300000000003
            ],
            [
              -81.4344,
              31.032600000000002
            ],
            [
              -81.43449999999999,
              31.032600000000002
            ],
            [
              -81.43449999999999,
              31.032700000000002
            ],
            [
              -81.43459999999999,
              31.032700000000002
            ],
            [
              -81.43459999999999,
              31.0328
            ],
            [
              -81.43489999999998,
              31.0328
            ]
          ]
        ]
      },
      "properties": {
        "candidate_id": "CS_0177",
        "numeric_id": 177,
        "raw_component_id": 2180,
        "pixel_count": 69,
        "area_km2": 0.0073,
        "perimeter_km": 0.422,
        "centroid_lon": -81.43471,
        "centroid_lat": 31.03218,
        "bounding_box": [
          -81.43505,
          31.03165,
          -81.43425,
          31.03275
        ],
        "length_km": 0.147,
        "width_km": 0.082,
        "aspect_ratio": 1.8,
        "orientation_deg": -13.3,
        "mean_sigma0_db": -24.8,
        "min_sigma0_db": -27.53,
        "mean_contrast_db": 7.0,
        "max_contrast_db": 9.73,
        "candidate_score": 0.633,
        "heuristic_confidence": 0.633,
        "rejection_reasons": [
          "AREA_TOO_SMALL"
        ],
        "status": "REJECTED"
      }
    },
    {
      "type": "Feature",
      "id": "CS_0178",
      "geometry": {
        "type": "Polygon",
        "coordinates": [
          [
            [
              -81.4647,
              31.0327
            ],
            [
              -81.4647,
              31.0326
            ],
            [
              -81.465,
              31.0326
            ],
            [
              -81.465,
              31.0325
            ],
            [
              -81.4653,
              31.0325
            ],
            [
              -81.4653,
              31.0323
            ],
            [
              -81.4654,
              31.0323
            ],
            [
              -81.4654,
              31.0322
            ],
            [
              -81.4656,
              31.0322
            ],
            [
              -81.4656,
              31.0321
            ],
            [
              -81.4657,
              31.0321
            ],
            [
              -81.4657,
              31.031699999999997
            ],
            [
              -81.4652,
              31.031699999999997
            ],
            [
              -81.4652,
              31.032
            ],
            [
              -81.4649,
              31.032
            ],
            [
              -81.4649,
              31.0321
            ],
            [
              -81.4648,
              31.0321
            ],
            [
              -81.4648,
              31.0323
            ],
            [
              -81.4647,
              31.0323
            ],
            [
              -81.4647,
              31.0324
            ],
            [
              -81.4644,
              31.0324
            ],
            [
              -81.4644,
              31.0327
            ],
            [
              -81.4647,
              31.0327
            ]
          ]
        ]
      },
      "properties": {
        "candidate_id": "CS_0178",
        "numeric_id": 178,
        "raw_component_id": 2182,
        "pixel_count": 61,
        "area_km2": 0.0065,
        "perimeter_km": 0.381,
        "centroid_lon": -81.46511,
        "centroid_lat": 31.0322,
        "bounding_box": [
          -81.46565,
          31.03175,
          -81.46445,
          31.03265
        ],
        "length_km": 0.165,
        "width_km": 0.054,
        "aspect_ratio": 3.05,
        "orientation_deg": 48.6,
        "mean_sigma0_db": -26.04,
        "min_sigma0_db": -28.63,
        "mean_contrast_db": 5.42,
        "max_contrast_db": 8.06,
        "candidate_score": 0.565,
        "heuristic_confidence": 0.565,
        "rejection_reasons": [
          "AREA_TOO_SMALL"
        ],
        "status": "REJECTED"
      }
    },
    {
      "type": "Feature",
      "id": "CS_0179",
      "geometry": {
        "type": "Polygon",
        "coordinates": [
          [
            [
              -81.463,
              31.0323
            ],
            [
              -81.463,
              31.0322
            ],
            [
              -81.4631,
              31.0322
            ],
            [
              -81.4631,
              31.0321
            ],
            [
              -81.46329999999999,
              31.0321
            ],
            [
              -81.46329999999999,
              31.0318
            ],
            [
              -81.463,
              31.0318
            ],
            [
              -81.463,
              31.0317
            ],
            [
              -81.4631,
              31.0317
            ],
            [
              -81.4631,
              31.031399999999998
            ],
            [
              -81.463,
              31.031399999999998
            ],
            [
              -81.463,
              31.031299999999998
            ],
            [
              -81.4631,
              31.031299999999998
            ],
            [
              -81.4631,
              31.0312
            ],
            [
              -81.4632,
              31.0312
            ],
            [
              -81.4632,
              31.0316
            ],
            [
              -81.4635,
              31.0316
            ],
            [
              -81.4635,
              31.0312
            ],
            [
              -81.4634,
              31.0312
            ],
            [
              -81.4634,
              31.0311
            ],
            [
              -81.4636,
              31.0311
            ],
            [
              -81.4636,
              31.0308
            ],
            [
              -81.46329999999999,
              31.0308
            ],
            [
              -81.46329999999999,
              31.0309
            ],
            [
              -81.4632,
              31.0309
            ],
            [
              -81.4632,
              31.0307
            ],
            [
              -81.46329999999999,
              31.0307
            ],
            [
              -81.46329999999999,
              31.0305
            ],
            [
              -81.4634,
              31.0305
            ],
            [
              -81.4634,
              31.0307
            ],
            [
              -81.4637,
              31.0307
            ],
            [
              -81.4637,
              31.0308
            ],
            [
              -81.46379999999999,
              31.0308
            ],
            [
              -81.46379999999999,
              31.0309
            ],
            [
              -81.4637,
              31.0309
            ],
            [
              -81.4637,
              31.0312
            ],
            [
              -81.464,
              31.0312
            ],
            [
              -81.464,
              31.0311
            ],
            [
              -81.4641,
              31.0311
            ],
            [
              -81.4641,
              31.0306
            ],
            [
              -81.4643,
              31.0306
            ],
            [
              -81.4643,
              31.0307
            ],
            [
              -81.4644,
              31.0307
            ],
            [
              -81.4644,
              31.0309
            ],
            [
              -81.46459999999999,
              31.0309
            ],
            [
              -81.46459999999999,
              31.031299999999998
            ],
            [
              -81.4643,
              31.031299999999998
            ],
            [
              -81.4643,
              31.0316
            ],
            [
              -81.4644,
              31.0316
            ],
            [
              -81.4644,
              31.0318
            ],
            [
              -81.4647,
              31.0318
            ],
            [
              -81.4647,
              31.0317
            ],
            [
              -81.4649,
              31.0317
            ],
            [
              -81.4649,
              31.031499999999998
            ],
            [
              -81.46509999999999,
              31.031499999999998
            ],
            [
              -81.46509999999999,
              31.031
            ],
            [
              -81.4649,
              31.031
            ],
            [
              -81.4649,
              31.0308
            ],
            [
              -81.46509999999999,
              31.0308
            ],
            [
              -81.46509999999999,
              31.0303
            ],
            [
              -81.4652,
              31.0303
            ],
            [
              -81.4652,
              31.029799999999998
            ],
            [
              -81.4649,
              31.029799999999998
            ],
            [
              -81.4649,
              31.029899999999998
            ],
            [
              -81.4647,
              31.029899999999998
            ],
            [
              -81.4647,
              31.0302
            ],
            [
              -81.4648,
              31.0302
            ],
            [
              -81.4648,
              31.0304
            ],
            [
              -81.4647,
              31.0304
            ],
            [
              -81.4647,
              31.0305
            ],
            [
              -81.46459999999999,
              31.0305
            ],
            [
              -81.46459999999999,
              31.029899999999998
            ],
            [
              -81.4645,
              31.029899999999998
            ],
            [
              -81.4645,
              31.029799999999998
            ],
            [
              -81.46419999999999,
              31.029799999999998
            ],
            [
              -81.46419999999999,
              31.0301
            ],
            [
              -81.4639,
              31.0301
            ],
            [
              -81.4639,
              31.0304
            ],
            [
              -81.46379999999999,
              31.0304
            ],
            [
              -81.46379999999999,
              31.0302
            ],
            [
              -81.4635,
              31.0302
            ],
            [
              -81.4635,
              31.029799999999998
            ],
            [
              -81.4632,
              31.029799999999998
            ],
            [
              -81.4632,
              31.0301
            ],
            [
              -81.46289999999999,
              31.0301
            ],
            [
              -81.46289999999999,
              31.029799999999998
            ],
            [
              -81.4626,
              31.029799999999998
            ],
            [
              -81.4626,
              31.029999999999998
            ],
            [
              -81.4623,
              31.029999999999998
            ],
            [
              -81.4623,
              31.0301
            ],
            [
              -81.4622,
              31.0301
            ],
            [
              -81.4622,
              31.0304
            ],
            [
              -81.4623,
              31.0304
            ],
            [
              -81.4623,
              31.0305
            ],
            [
              -81.4622,
              31.0305
            ],
            [
              -81.4622,
              31.0308
            ],
            [
              -81.4623,
              31.0308
            ],
            [
              -81.4623,
              31.0309
            ],
            [
              -81.46199999999999,
              31.0309
            ],
            [
              -81.46199999999999,
              31.031299999999998
            ],
            [
              -81.4618,
              31.031299999999998
            ],
            [
              -81.4618,
              31.0316
            ],
            [
              -81.4622,
              31.0316
            ],
            [
              -81.4622,
              31.031399999999998
            ],
            [
              -81.4626,
              31.031399999999998
            ],
            [
              -81.4626,
              31.0318
            ],
            [
              -81.4628,
              31.0318
            ],
            [
              -81.4628,
              31.032
            ],
            [
              -81.4627,
              31.032
            ],
            [
              -81.4627,
              31.0323
            ],
            [
              -81.463,
              31.0323
            ]
          ],
          [
            [
              -81.4628,
              31.0308
            ],
            [
              -81.4627,
              31.0308
            ],
            [
              -81.4627,
              31.0307
            ],
            [
              -81.4628,
              31.0307
            ],
            [
              -81.4628,
              31.0308
            ]
          ]
        ]
      },
      "properties": {
        "candidate_id": "CS_0179",
        "numeric_id": 179,
        "raw_component_id": 2187,
        "pixel_count": 434,
        "area_km2": 0.046,
        "perimeter_km": 1.822,
        "centroid_lon": -81.46352,
        "centroid_lat": 31.03082,
        "bounding_box": [
          -81.46515,
          31.02985,
          -81.46185,
          31.03225
        ],
        "length_km": 0.358,
        "width_km": 0.246,
        "aspect_ratio": 1.45,
        "orientation_deg": 74.2,
        "mean_sigma0_db": -24.94,
        "min_sigma0_db": -29.46,
        "mean_contrast_db": 5.78,
        "max_contrast_db": 10.16,
        "candidate_score": 0.533,
        "heuristic_confidence": 0.533,
        "rejection_reasons": [
          "AREA_TOO_SMALL"
        ],
        "status": "REJECTED"
      }
    },
    {
      "type": "Feature",
      "id": "CS_0180",
      "geometry": {
        "type": "Polygon",
        "coordinates": [
          [
            [
              -81.4692,
              31.0304
            ],
            [
              -81.4692,
              31.03
            ],
            [
              -81.469,
              31.03
            ],
            [
              -81.469,
              31.029700000000002
            ],
            [
              -81.4689,
              31.029700000000002
            ],
            [
              -81.4689,
              31.029600000000002
            ],
            [
              -81.4696,
              31.029600000000002
            ],
            [
              -81.4696,
              31.029200000000003
            ],
            [
              -81.4688,
              31.029200000000003
            ],
            [
              -81.4688,
              31.029400000000003
            ],
            [
              -81.4685,
              31.029400000000003
            ],
            [
              -81.4685,
              31.029500000000002
            ],
            [
              -81.4683,
              31.029500000000002
            ],
            [
              -81.4683,
              31.0301
            ],
            [
              -81.4686,
              31.0301
            ],
            [
              -81.4686,
              31.03
            ],
            [
              -81.4689,
              31.03
            ],
            [
              -81.4689,
              31.0304
            ],
            [
              -81.4692,
              31.0304
            ]
          ]
        ]
      },
      "properties": {
        "candidate_id": "CS_0180",
        "numeric_id": 180,
        "raw_component_id": 2206,
        "pixel_count": 307,
        "area_km2": 0.0325,
        "perimeter_km": 1.77,
        "centroid_lon": -81.46733,
        "centroid_lat": 31.03012,
        "bounding_box": [
          -81.46955,
          31.02925,
          -81.46525,
          31.03135
        ],
        "length_km": 0.49,
        "width_km": 0.159,
        "aspect_ratio": 3.09,
        "orientation_deg": 64.1,
        "mean_sigma0_db": -24.64,
        "min_sigma0_db": -28.63,
        "mean_contrast_db": 6.3,
        "max_contrast_db": 10.86,
        "candidate_score": 0.594,
        "heuristic_confidence": 0.594,
        "rejection_reasons": [
          "AREA_TOO_SMALL"
        ],
        "status": "REJECTED"
      }
    },
    {
      "type": "Feature",
      "id": "CS_0181",
      "geometry": {
        "type": "Polygon",
        "coordinates": [
          [
            [
              -81.4601,
              31.0311
            ],
            [
              -81.4601,
              31.031
            ],
            [
              -81.4602,
              31.031
            ],
            [
              -81.4602,
              31.0307
            ],
            [
              -81.4601,
              31.0307
            ],
            [
              -81.4601,
              31.0305
            ],
            [
              -81.4602,
              31.0305
            ],
            [
              -81.4602,
              31.029999999999998
            ],
            [
              -81.4599,
              31.029999999999998
            ],
            [
              -81.4599,
              31.030299999999997
            ],
            [
              -81.4595,
              31.030299999999997
            ],
            [
              -81.4595,
              31.0307
            ],
            [
              -81.4593,
              31.0307
            ],
            [
              -81.4593,
              31.031
            ],
            [
              -81.4596,
              31.031
            ],
            [
              -81.4596,
              31.0309
            ],
            [
              -81.4598,
              31.0309
            ],
            [
              -81.4598,
              31.0311
            ],
            [
              -81.4601,
              31.0311
            ]
          ]
        ]
      },
      "properties": {
        "candidate_id": "CS_0181",
        "numeric_id": 181,
        "raw_component_id": 2210,
        "pixel_count": 63,
        "area_km2": 0.0067,
        "perimeter_km": 0.381,
        "centroid_lon": -81.45984,
        "centroid_lat": 31.03061,
        "bounding_box": [
          -81.46015,
          31.03005,
          -81.45935,
          31.03105
        ],
        "length_km": 0.127,
        "width_km": 0.081,
        "aspect_ratio": 1.57,
        "orientation_deg": 21.8,
        "mean_sigma0_db": -24.57,
        "min_sigma0_db": -26.54,
        "mean_contrast_db": 4.82,
        "max_contrast_db": 7.15,
        "candidate_score": 0.447,
        "heuristic_confidence": 0.447,
        "rejection_reasons": [
          "AREA_TOO_SMALL"
        ],
        "status": "REJECTED"
      }
    },
    {
      "type": "Feature",
      "id": "CS_0182",
      "geometry": {
        "type": "Polygon",
        "coordinates": [
          [
            [
              -81.48769999999999,
              31.031
            ],
            [
              -81.48769999999999,
              31.0309
            ],
            [
              -81.4878,
              31.0309
            ],
            [
              -81.4878,
              31.0306
            ],
            [
              -81.48729999999999,
              31.0306
            ],
            [
              -81.48729999999999,
              31.0303
            ],
            [
              -81.48719999999999,
              31.0303
            ],
            [
              -81.48719999999999,
              31.030199999999997
            ],
            [
              -81.4863,
              31.030199999999997
            ],
            [
              -81.4863,
              31.0306
            ],
            [
              -81.4866,
              31.0306
            ],
            [
              -81.4866,
              31.0305
            ],
            [
              -81.48689999999999,
              31.0305
            ],
            [
              -81.48689999999999,
              31.0306
            ],
            [
              -81.487,
              31.0306
            ],
            [
              -81.487,
              31.0307
            ],
            [
              -81.4871,
              31.0307
            ],
            [
              -81.4871,
              31.0309
            ],
            [
              -81.4874,
              31.0309
            ],
            [
              -81.4874,
              31.031
            ],
            [
              -81.48769999999999,
              31.031
            ]
          ]
        ]
      },
      "properties": {
        "candidate_id": "CS_0182",
        "numeric_id": 182,
        "raw_component_id": 2211,
        "pixel_count": 61,
        "area_km2": 0.0065,
        "perimeter_km": 0.412,
        "centroid_lon": -81.48706,
        "centroid_lat": 31.03055,
        "bounding_box": [
          -81.48775,
          31.03025,
          -81.48635,
          31.03095
        ],
        "length_km": 0.174,
        "width_km": 0.06,
        "aspect_ratio": 2.88,
        "orientation_deg": -63.3,
        "mean_sigma0_db": -24.6,
        "min_sigma0_db": -27.86,
        "mean_contrast_db": 7.61,
        "max_contrast_db": 10.75,
        "candidate_score": 0.645,
        "heuristic_confidence": 0.645,
        "rejection_reasons": [
          "AREA_TOO_SMALL"
        ],
        "status": "REJECTED"
      }
    },
    {
      "type": "Feature",
      "id": "CS_0183",
      "geometry": {
        "type": "Polygon",
        "coordinates": [
          [
            [
              -81.48509999999999,
              31.0304
            ],
            [
              -81.48509999999999,
              31.030099999999997
            ],
            [
              -81.4849,
              31.030099999999997
            ],
            [
              -81.4849,
              31.029999999999998
            ],
            [
              -81.4846,
              31.029999999999998
            ],
            [
              -81.4846,
              31.0303
            ],
            [
              -81.48469999999999,
              31.0303
            ],
            [
              -81.48469999999999,
              31.0304
            ],
            [
              -81.48509999999999,
              31.0304
            ]
          ]
        ]
      },
      "properties": {
        "candidate_id": "CS_0183",
        "numeric_id": 183,
        "raw_component_id": 2216,
        "pixel_count": 136,
        "area_km2": 0.0144,
        "perimeter_km": 0.721,
        "centroid_lon": -81.48533,
        "centroid_lat": 31.03013,
        "bounding_box": [
          -81.48605,
          31.02945,
          -81.48465,
          31.03085
        ],
        "length_km": 0.192,
        "width_km": 0.13,
        "aspect_ratio": 1.47,
        "orientation_deg": -14.8,
        "mean_sigma0_db": -24.76,
        "min_sigma0_db": -29.89,
        "mean_contrast_db": 6.44,
        "max_contrast_db": 11.84,
        "candidate_score": 0.581,
        "heuristic_confidence": 0.581,
        "rejection_reasons": [
          "AREA_TOO_SMALL"
        ],
        "status": "REJECTED"
      }
    },
    {
      "type": "Feature",
      "id": "CS_0184",
      "geometry": {
        "type": "Polygon",
        "coordinates": [
          [
            [
              -81.4618,
              31.0307
            ],
            [
              -81.4618,
              31.0306
            ],
            [
              -81.46199999999999,
              31.0306
            ],
            [
              -81.46199999999999,
              31.0303
            ],
            [
              -81.46209999999999,
              31.0303
            ],
            [
              -81.46209999999999,
              31.029799999999998
            ],
            [
              -81.4618,
              31.029799999999998
            ],
            [
              -81.4618,
              31.029899999999998
            ],
            [
              -81.4617,
              31.029899999999998
            ],
            [
              -81.4617,
              31.029799999999998
            ],
            [
              -81.4614,
              31.029799999999998
            ],
            [
              -81.4614,
              31.029899999999998
            ],
            [
              -81.4613,
              31.029899999999998
            ],
            [
              -81.4613,
              31.03
            ],
            [
              -81.46109999999999,
              31.03
            ],
            [
              -81.46109999999999,
              31.029899999999998
            ],
            [
              -81.4605,
              31.029899999999998
            ],
            [
              -81.4605,
              31.03
            ],
            [
              -81.46029999999999,
              31.03
            ],
            [
              -81.46029999999999,
              31.0304
            ],
            [
              -81.46069999999999,
              31.0304
            ],
            [
              -81.46069999999999,
              31.0302
            ],
            [
              -81.46079999999999,
              31.0302
            ],
            [
              -81.46079999999999,
              31.0306
            ],
            [
              -81.46109999999999,
              31.0306
            ],
            [
              -81.46109999999999,
              31.0303
            ],
            [
              -81.4614,
              31.0303
            ],
            [
              -81.4614,
              31.0302
            ],
            [
              -81.46149999999999,
              31.0302
            ],
            [
              -81.46149999999999,
              31.0304
            ],
            [
              -81.4613,
              31.0304
            ],
            [
              -81.4613,
              31.0307
            ],
            [
              -81.4618,
              31.0307
            ]
          ]
        ]
      },
      "properties": {
        "candidate_id": "CS_0184",
        "numeric_id": 184,
        "raw_component_id": 2224,
        "pixel_count": 109,
        "area_km2": 0.0115,
        "perimeter_km": 0.597,
        "centroid_lon": -81.4613,
        "centroid_lat": 31.03022,
        "bounding_box": [
          -81.46205,
          31.02985,
          -81.46035,
          31.03065
        ],
        "length_km": 0.19,
        "width_km": 0.097,
        "aspect_ratio": 1.96,
        "orientation_deg": -88.7,
        "mean_sigma0_db": -24.59,
        "min_sigma0_db": -26.85,
        "mean_contrast_db": 5.78,
        "max_contrast_db": 8.27,
        "candidate_score": 0.532,
        "heuristic_confidence": 0.532,
        "rejection_reasons": [
          "AREA_TOO_SMALL"
        ],
        "status": "REJECTED"
      }
    },
    {
      "type": "Feature",
      "id": "CS_0185",
      "geometry": {
        "type": "Polygon",
        "coordinates": [
          [
            [
              -81.4754,
              31.0299
            ],
            [
              -81.4754,
              31.029700000000002
            ],
            [
              -81.4757,
              31.029700000000002
            ],
            [
              -81.4757,
              31.029600000000002
            ],
            [
              -81.47579999999999,
              31.029600000000002
            ],
            [
              -81.47579999999999,
              31.029300000000003
            ],
            [
              -81.476,
              31.029300000000003
            ],
            [
              -81.476,
              31.029500000000002
            ],
            [
              -81.4761,
              31.029500000000002
            ],
            [
              -81.4761,
              31.029600000000002
            ],
            [
              -81.4764,
              31.029600000000002
            ],
            [
              -81.4764,
              31.029200000000003
            ],
            [
              -81.4763,
              31.029200000000003
            ],
            [
              -81.4763,
              31.0289
            ],
            [
              -81.47619999999999,
              31.0289
            ],
            [
              -81.47619999999999,
              31.0288
            ],
            [
              -81.4759,
              31.0288
            ],
            [
              -81.4759,
              31.0285
            ],
            [
              -81.4753,
              31.0285
            ],
            [
              -81.4753,
              31.029
            ],
            [
              -81.475,
              31.029
            ],
            [
              -81.475,
              31.0299
            ],
            [
              -81.4754,
              31.0299
            ]
          ],
          [
            [
              -81.4755,
              31.029200000000003
            ],
            [
              -81.4754,
              31.029200000000003
            ],
            [
              -81.4754,
              31.029
            ],
            [
              -81.4755,
              31.029
            ],
            [
              -81.4755,
              31.029200000000003
            ]
          ],
          [
            [
              -81.4759,
              31.0289
            ],
            [
              -81.47579999999999,
              31.0289
            ],
            [
              -81.47579999999999,
              31.0288
            ],
            [
              -81.4759,
              31.0288
            ],
            [
              -81.4759,
              31.0289
            ]
          ]
        ]
      },
      "properties": {
        "candidate_id": "CS_0185",
        "numeric_id": 185,
        "raw_component_id": 2236,
        "pixel_count": 124,
        "area_km2": 0.0131,
        "perimeter_km": 0.576,
        "centroid_lon": -81.47562,
        "centroid_lat": 31.0292,
        "bounding_box": [
          -81.47635,
          31.02855,
          -81.47505,
          31.02985
        ],
        "length_km": 0.161,
        "width_km": 0.129,
        "aspect_ratio": 1.25,
        "orientation_deg": 36.7,
        "mean_sigma0_db": -24.66,
        "min_sigma0_db": -29.03,
        "mean_contrast_db": 5.62,
        "max_contrast_db": 9.85,
        "candidate_score": 0.509,
        "heuristic_confidence": 0.509,
        "rejection_reasons": [
          "AREA_TOO_SMALL"
        ],
        "status": "REJECTED"
      }
    },
    {
      "type": "Feature",
      "id": "CS_0186",
      "geometry": {
        "type": "Polygon",
        "coordinates": [
          [
            [
              -81.4747,
              31.0299
            ],
            [
              -81.4747,
              31.0298
            ],
            [
              -81.47479999999999,
              31.0298
            ],
            [
              -81.47479999999999,
              31.029500000000002
            ],
            [
              -81.4747,
              31.029500000000002
            ],
            [
              -81.4747,
              31.029200000000003
            ],
            [
              -81.4746,
              31.029200000000003
            ],
            [
              -81.4746,
              31.0291
            ],
            [
              -81.47409999999999,
              31.0291
            ],
            [
              -81.47409999999999,
              31.0289
            ],
            [
              -81.4743,
              31.0289
            ],
            [
              -81.4743,
              31.029
            ],
            [
              -81.47489999999999,
              31.029
            ],
            [
              -81.47489999999999,
              31.0289
            ],
            [
              -81.475,
              31.0289
            ],
            [
              -81.475,
              31.0286
            ],
            [
              -81.4747,
              31.0286
            ],
            [
              -81.4747,
              31.0285
            ],
            [
              -81.47439999999999,
              31.0285
            ],
            [
              -81.47439999999999,
              31.0284
            ],
            [
              -81.4739,
              31.0284
            ],
            [
              -81.4739,
              31.0288
            ],
            [
              -81.4738,
              31.0288
            ],
            [
              -81.4738,
              31.029200000000003
            ],
            [
              -81.4739,
              31.029200000000003
            ],
            [
              -81.4739,
              31.029300000000003
            ],
            [
              -81.4738,
              31.029300000000003
            ],
            [
              -81.4738,
              31.029600000000002
            ],
            [
              -81.47409999999999,
              31.029600000000002
            ],
            [
              -81.47409999999999,
              31.029400000000003
            ],
            [
              -81.4743,
              31.029400000000003
            ],
            [
              -81.4743,
              31.029500000000002
            ],
            [
              -81.47439999999999,
              31.029500000000002
            ],
            [
              -81.47439999999999,
              31.0299
            ],
            [
              -81.4747,
              31.0299
            ]
          ]
        ]
      },
      "properties": {
        "candidate_id": "CS_0186",
        "numeric_id": 186,
        "raw_component_id": 2237,
        "pixel_count": 109,
        "area_km2": 0.0115,
        "perimeter_km": 0.597,
        "centroid_lon": -81.47435,
        "centroid_lat": 31.02906,
        "bounding_box": [
          -81.47495,
          31.02845,
          -81.47385,
          31.02985
        ],
        "length_km": 0.173,
        "width_km": 0.115,
        "aspect_ratio": 1.5,
        "orientation_deg": -4.6,
        "mean_sigma0_db": -24.42,
        "min_sigma0_db": -27.87,
        "mean_contrast_db": 5.96,
        "max_contrast_db": 9.63,
        "candidate_score": 0.533,
        "heuristic_confidence": 0.533,
        "rejection_reasons": [
          "AREA_TOO_SMALL"
        ],
        "status": "REJECTED"
      }
    },
    {
      "type": "Feature",
      "id": "CS_0187",
      "geometry": {
        "type": "Polygon",
        "coordinates": [
          [
            [
              -81.47309999999999,
              31.0291
            ],
            [
              -81.47309999999999,
              31.029
            ],
            [
              -81.4733,
              31.029
            ],
            [
              -81.4733,
              31.0287
            ],
            [
              -81.47359999999999,
              31.0287
            ],
            [
              -81.47359999999999,
              31.0282
            ],
            [
              -81.47319999999999,
              31.0282
            ],
            [
              -81.47319999999999,
              31.0284
            ],
            [
              -81.47299999999998,
              31.0284
            ],
            [
              -81.47299999999998,
              31.0281
            ],
            [
              -81.47269999999999,
              31.0281
            ],
            [
              -81.47269999999999,
              31.0286
            ],
            [
              -81.47259999999999,
              31.0286
            ],
            [
              -81.47259999999999,
              31.0289
            ],
            [
              -81.47269999999999,
              31.0289
            ],
            [
              -81.47269999999999,
              31.029
            ],
            [
              -81.47279999999999,
              31.029
            ],
            [
              -81.47279999999999,
              31.0291
            ],
            [
              -81.47309999999999,
              31.0291
            ]
          ],
          [
            [
              -81.4733,
              31.0286
            ],
            [
              -81.47319999999999,
              31.0286
            ],
            [
              -81.47319999999999,
              31.0285
            ],
            [
              -81.4733,
              31.0285
            ],
            [
              -81.4733,
              31.0286
            ]
          ]
        ]
      },
      "properties": {
        "candidate_id": "CS_0187",
        "numeric_id": 187,
        "raw_component_id": 2252,
        "pixel_count": 67,
        "area_km2": 0.0071,
        "perimeter_km": 0.391,
        "centroid_lon": -81.47307,
        "centroid_lat": 31.02859,
        "bounding_box": [
          -81.47355,
          31.02815,
          -81.47265,
          31.02905
        ],
        "length_km": 0.116,
        "width_km": 0.093,
        "aspect_ratio": 1.25,
        "orientation_deg": 32.4,
        "mean_sigma0_db": -24.33,
        "min_sigma0_db": -28.62,
        "mean_contrast_db": 6.61,
        "max_contrast_db": 10.8,
        "candidate_score": 0.578,
        "heuristic_confidence": 0.578,
        "rejection_reasons": [
          "AREA_TOO_SMALL"
        ],
        "status": "REJECTED"
      }
    },
    {
      "type": "Feature",
      "id": "CS_0188",
      "geometry": {
        "type": "Polygon",
        "coordinates": [
          [
            [
              -81.48039999999999,
              31.0258
            ],
            [
              -81.48039999999999,
              31.0256
            ],
            [
              -81.48079999999999,
              31.0256
            ],
            [
              -81.48079999999999,
              31.0253
            ],
            [
              -81.48059999999998,
              31.0253
            ],
            [
              -81.48059999999998,
              31.0252
            ],
            [
              -81.48029999999999,
              31.0252
            ],
            [
              -81.48029999999999,
              31.0253
            ],
            [
              -81.4801,
              31.0253
            ],
            [
              -81.4801,
              31.025100000000002
            ],
            [
              -81.47999999999999,
              31.025100000000002
            ],
            [
              -81.47999999999999,
              31.0248
            ],
            [
              -81.47949999999999,
              31.0248
            ],
            [
              -81.47949999999999,
              31.0252
            ],
            [
              -81.47959999999999,
              31.0252
            ],
            [
              -81.47959999999999,
              31.0253
            ],
            [
              -81.4793,
              31.0253
            ],
            [
              -81.4793,
              31.0256
            ],
            [
              -81.47949999999999,
              31.0256
            ],
            [
              -81.47949999999999,
              31.0258
            ],
            [
              -81.47979999999998,
              31.0258
            ],
            [
              -81.47979999999998,
              31.0255
            ],
            [
              -81.47999999999999,
              31.0255
            ],
            [
              -81.47999999999999,
              31.0256
            ],
            [
              -81.4801,
              31.0256
            ],
            [
              -81.4801,
              31.0258
            ],
            [
              -81.48039999999999,
              31.0258
            ]
          ]
        ]
      },
      "properties": {
        "candidate_id": "CS_0188",
        "numeric_id": 188,
        "raw_component_id": 2284,
        "pixel_count": 84,
        "area_km2": 0.0089,
        "perimeter_km": 0.504,
        "centroid_lon": -81.47997,
        "centroid_lat": 31.02535,
        "bounding_box": [
          -81.48075,
          31.02485,
          -81.47935,
          31.02575
        ],
        "length_km": 0.149,
        "width_km": 0.103,
        "aspect_ratio": 1.45,
        "orientation_deg": -71.2,
        "mean_sigma0_db": -24.45,
        "min_sigma0_db": -27.51,
        "mean_contrast_db": 7.64,
        "max_contrast_db": 10.8,
        "candidate_score": 0.616,
        "heuristic_confidence": 0.616,
        "rejection_reasons": [
          "AREA_TOO_SMALL"
        ],
        "status": "REJECTED"
      }
    },
    {
      "type": "Feature",
      "id": "CS_0189",
      "geometry": {
        "type": "Polygon",
        "coordinates": [
          [
            [
              -81.45429999999999,
              31.0197
            ],
            [
              -81.45429999999999,
              31.0194
            ],
            [
              -81.45469999999999,
              31.0194
            ],
            [
              -81.45469999999999,
              31.0193
            ],
            [
              -81.45479999999999,
              31.0193
            ],
            [
              -81.45479999999999,
              31.019000000000002
            ],
            [
              -81.45469999999999,
              31.019000000000002
            ],
            [
              -81.45469999999999,
              31.0189
            ],
            [
              -81.45459999999999,
              31.0189
            ],
            [
              -81.45459999999999,
              31.0188
            ],
            [
              -81.4545,
              31.0188
            ],
            [
              -81.4545,
              31.0187
            ],
            [
              -81.45439999999999,
              31.0187
            ],
            [
              -81.45439999999999,
              31.0185
            ],
            [
              -81.4541,
              31.0185
            ],
            [
              -81.4541,
              31.0189
            ],
            [
              -81.45389999999999,
              31.0189
            ],
            [
              -81.45389999999999,
              31.0192
            ],
            [
              -81.454,
              31.0192
            ],
            [
              -81.454,
              31.0193
            ],
            [
              -81.4541,
              31.0193
            ],
            [
              -81.4541,
              31.0194
            ],
            [
              -81.454,
              31.0194
            ],
            [
              -81.454,
              31.0197
            ],
            [
              -81.45429999999999,
              31.0197
            ]
          ]
        ]
      },
      "properties": {
        "candidate_id": "CS_0189",
        "numeric_id": 189,
        "raw_component_id": 2342,
        "pixel_count": 64,
        "area_km2": 0.0068,
        "perimeter_km": 0.35,
        "centroid_lon": -81.45431,
        "centroid_lat": 31.0191,
        "bounding_box": [
          -81.45475,
          31.01855,
          -81.45395,
          31.01965
        ],
        "length_km": 0.124,
        "width_km": 0.08,
        "aspect_ratio": 1.55,
        "orientation_deg": 4.2,
        "mean_sigma0_db": -24.45,
        "min_sigma0_db": -27.52,
        "mean_contrast_db": 7.4,
        "max_contrast_db": 10.66,
        "candidate_score": 0.618,
        "heuristic_confidence": 0.618,
        "rejection_reasons": [
          "AREA_TOO_SMALL"
        ],
        "status": "REJECTED"
      }
    },
    {
      "type": "Feature",
      "id": "CS_0190",
      "geometry": {
        "type": "Polygon",
        "coordinates": [
          [
            [
              -81.45639999999999,
              31.019
            ],
            [
              -81.45639999999999,
              31.0185
            ],
            [
              -81.4566,
              31.0185
            ],
            [
              -81.4566,
              31.018099999999997
            ],
            [
              -81.4563,
              31.018099999999997
            ],
            [
              -81.4563,
              31.0184
            ],
            [
              -81.4559,
              31.0184
            ],
            [
              -81.4559,
              31.0183
            ],
            [
              -81.4555,
              31.0183
            ],
            [
              -81.4555,
              31.0186
            ],
            [
              -81.45559999999999,
              31.0186
            ],
            [
              -81.45559999999999,
              31.0187
            ],
            [
              -81.4558,
              31.0187
            ],
            [
              -81.4558,
              31.0189
            ],
            [
              -81.45599999999999,
              31.0189
            ],
            [
              -81.45599999999999,
              31.019
            ],
            [
              -81.45639999999999,
              31.019
            ]
          ]
        ]
      },
      "properties": {
        "candidate_id": "CS_0190",
        "numeric_id": 190,
        "raw_component_id": 2346,
        "pixel_count": 57,
        "area_km2": 0.006,
        "perimeter_km": 0.371,
        "centroid_lon": -81.45609,
        "centroid_lat": 31.01856,
        "bounding_box": [
          -81.45655,
          31.01815,
          -81.45555,
          31.01895
        ],
        "length_km": 0.112,
        "width_km": 0.092,
        "aspect_ratio": 1.21,
        "orientation_deg": 67.7,
        "mean_sigma0_db": -24.81,
        "min_sigma0_db": -27.88,
        "mean_contrast_db": 9.17,
        "max_contrast_db": 12.39,
        "candidate_score": 0.623,
        "heuristic_confidence": 0.623,
        "rejection_reasons": [
          "AREA_TOO_SMALL"
        ],
        "status": "REJECTED"
      }
    },
    {
      "type": "Feature",
      "id": "CS_0191",
      "geometry": {
        "type": "Polygon",
        "coordinates": [
          [
            [
              -81.419,
              31.0189
            ],
            [
              -81.419,
              31.0188
            ],
            [
              -81.41949999999999,
              31.0188
            ],
            [
              -81.41949999999999,
              31.0187
            ],
            [
              -81.41969999999999,
              31.0187
            ],
            [
              -81.41969999999999,
              31.0184
            ],
            [
              -81.41929999999999,
              31.0184
            ],
            [
              -81.41929999999999,
              31.0183
            ],
            [
              -81.41919999999999,
              31.0183
            ],
            [
              -81.41919999999999,
              31.0182
            ],
            [
              -81.41869999999999,
              31.0182
            ],
            [
              -81.41869999999999,
              31.0189
            ],
            [
              -81.419,
              31.0189
            ]
          ]
        ]
      },
      "properties": {
        "candidate_id": "CS_0191",
        "numeric_id": 191,
        "raw_component_id": 2347,
        "pixel_count": 52,
        "area_km2": 0.0055,
        "perimeter_km": 0.309,
        "centroid_lon": -81.41912,
        "centroid_lat": 31.01855,
        "bounding_box": [
          -81.41965,
          31.01825,
          -81.41875,
          31.01885
        ],
        "length_km": 0.104,
        "width_km": 0.075,
        "aspect_ratio": 1.39,
        "orientation_deg": -85.5,
        "mean_sigma0_db": -24.84,
        "min_sigma0_db": -28.65,
        "mean_contrast_db": 5.47,
        "max_contrast_db": 9.72,
        "candidate_score": 0.504,
        "heuristic_confidence": 0.504,
        "rejection_reasons": [
          "AREA_TOO_SMALL"
        ],
        "status": "REJECTED"
      }
    },
    {
      "type": "Feature",
      "id": "CS_0192",
      "geometry": {
        "type": "Polygon",
        "coordinates": [
          [
            [
              -81.4601,
              31.0175
            ],
            [
              -81.4601,
              31.0174
            ],
            [
              -81.46029999999999,
              31.0174
            ],
            [
              -81.46029999999999,
              31.0172
            ],
            [
              -81.46059999999999,
              31.0172
            ],
            [
              -81.46059999999999,
              31.0171
            ],
            [
              -81.46079999999999,
              31.0171
            ],
            [
              -81.46079999999999,
              31.0168
            ],
            [
              -81.46059999999999,
              31.0168
            ],
            [
              -81.46059999999999,
              31.016699999999997
            ],
            [
              -81.46029999999999,
              31.016699999999997
            ],
            [
              -81.46029999999999,
              31.016599999999997
            ],
            [
              -81.46,
              31.016599999999997
            ],
            [
              -81.46,
              31.016699999999997
            ],
            [
              -81.45989999999999,
              31.016699999999997
            ],
            [
              -81.45989999999999,
              31.016599999999997
            ],
            [
              -81.4593,
              31.016599999999997
            ],
            [
              -81.4593,
              31.0169
            ],
            [
              -81.45939999999999,
              31.0169
            ],
            [
              -81.45939999999999,
              31.0171
            ],
            [
              -81.45909999999999,
              31.0171
            ],
            [
              -81.45909999999999,
              31.0168
            ],
            [
              -81.45859999999999,
              31.0168
            ],
            [
              -81.45859999999999,
              31.0171
            ],
            [
              -81.4587,
              31.0171
            ],
            [
              -81.4587,
              31.0173
            ],
            [
              -81.45899999999999,
              31.0173
            ],
            [
              -81.45899999999999,
              31.0175
            ],
            [
              -81.45939999999999,
              31.0175
            ],
            [
              -81.45939999999999,
              31.0174
            ],
            [
              -81.45949999999999,
              31.0174
            ],
            [
              -81.45949999999999,
              31.0173
            ],
            [
              -81.4597,
              31.0173
            ],
            [
              -81.4597,
              31.017
            ],
            [
              -81.45979999999999,
              31.017
            ],
            [
              -81.45979999999999,
              31.0175
            ],
            [
              -81.4601,
              31.0175
            ]
          ]
        ]
      },
      "properties": {
        "candidate_id": "CS_0192",
        "numeric_id": 192,
        "raw_component_id": 2360,
        "pixel_count": 129,
        "area_km2": 0.0137,
        "perimeter_km": 0.659,
        "centroid_lon": -81.45971,
        "centroid_lat": 31.01703,
        "bounding_box": [
          -81.46075,
          31.01665,
          -81.45865,
          31.01745
        ],
        "length_km": 0.216,
        "width_km": 0.096,
        "aspect_ratio": 2.24,
        "orientation_deg": 84.0,
        "mean_sigma0_db": -24.47,
        "min_sigma0_db": -26.85,
        "mean_contrast_db": 10.12,
        "max_contrast_db": 12.57,
        "candidate_score": 0.63,
        "heuristic_confidence": 0.63,
        "rejection_reasons": [
          "AREA_TOO_SMALL"
        ],
        "status": "REJECTED"
      }
    },
    {
      "type": "Feature",
      "id": "CS_0193",
      "geometry": {
        "type": "Polygon",
        "coordinates": [
          [
            [
              -81.42109999999998,
              31.0171
            ],
            [
              -81.42109999999998,
              31.0167
            ],
            [
              -81.42119999999998,
              31.0167
            ],
            [
              -81.42119999999998,
              31.016299999999998
            ],
            [
              -81.42129999999999,
              31.016299999999998
            ],
            [
              -81.42129999999999,
              31.0159
            ],
            [
              -81.42089999999999,
              31.0159
            ],
            [
              -81.42089999999999,
              31.0158
            ],
            [
              -81.4206,
              31.0158
            ],
            [
              -81.4206,
              31.016199999999998
            ],
            [
              -81.42039999999999,
              31.016199999999998
            ],
            [
              -81.42039999999999,
              31.016
            ],
            [
              -81.42009999999999,
              31.016
            ],
            [
              -81.42009999999999,
              31.016099999999998
            ],
            [
              -81.41999999999999,
              31.016099999999998
            ],
            [
              -81.41999999999999,
              31.016199999999998
            ],
            [
              -81.41989999999998,
              31.016199999999998
            ],
            [
              -81.41989999999998,
              31.016299999999998
            ],
            [
              -81.4198,
              31.016299999999998
            ],
            [
              -81.4198,
              31.0164
            ],
            [
              -81.41969999999999,
              31.0164
            ],
            [
              -81.41969999999999,
              31.0169
            ],
            [
              -81.41999999999999,
              31.0169
            ],
            [
              -81.41999999999999,
              31.0167
            ],
            [
              -81.42009999999999,
              31.0167
            ],
            [
              -81.42009999999999,
              31.0166
            ],
            [
              -81.4202,
              31.0166
            ],
            [
              -81.4202,
              31.0165
            ],
            [
              -81.42029999999998,
              31.0165
            ],
            [
              -81.42029999999998,
              31.0164
            ],
            [
              -81.42039999999999,
              31.0164
            ],
            [
              -81.42039999999999,
              31.0166
            ],
            [
              -81.42069999999998,
              31.0166
            ],
            [
              -81.42069999999998,
              31.0165
            ],
            [
              -81.42079999999999,
              31.0165
            ],
            [
              -81.42079999999999,
              31.0171
            ],
            [
              -81.42109999999998,
              31.0171
            ]
          ]
        ]
      },
      "properties": {
        "candidate_id": "CS_0193",
        "numeric_id": 193,
        "raw_component_id": 2365,
        "pixel_count": 111,
        "area_km2": 0.0118,
        "perimeter_km": 0.597,
        "centroid_lon": -81.42059,
        "centroid_lat": 31.01639,
        "bounding_box": [
          -81.42125,
          31.01585,
          -81.41975,
          31.01705
        ],
        "length_km": 0.176,
        "width_km": 0.127,
        "aspect_ratio": 1.39,
        "orientation_deg": 75.5,
        "mean_sigma0_db": -24.91,
        "min_sigma0_db": -28.27,
        "mean_contrast_db": 5.49,
        "max_contrast_db": 8.8,
        "candidate_score": 0.508,
        "heuristic_confidence": 0.508,
        "rejection_reasons": [
          "AREA_TOO_SMALL"
        ],
        "status": "REJECTED"
      }
    },
    {
      "type": "Feature",
      "id": "CS_0194",
      "geometry": {
        "type": "Polygon",
        "coordinates": [
          [
            [
              -81.4628,
              31.0164
            ],
            [
              -81.4628,
              31.015900000000002
            ],
            [
              -81.4631,
              31.015900000000002
            ],
            [
              -81.4631,
              31.0156
            ],
            [
              -81.46289999999999,
              31.0156
            ],
            [
              -81.46289999999999,
              31.0155
            ],
            [
              -81.4628,
              31.0155
            ],
            [
              -81.4628,
              31.0154
            ],
            [
              -81.4627,
              31.0154
            ],
            [
              -81.4627,
              31.0152
            ],
            [
              -81.4624,
              31.0152
            ],
            [
              -81.4624,
              31.0153
            ],
            [
              -81.4622,
              31.0153
            ],
            [
              -81.4622,
              31.0151
            ],
            [
              -81.4619,
              31.0151
            ],
            [
              -81.4619,
              31.0152
            ],
            [
              -81.4618,
              31.0152
            ],
            [
              -81.4618,
              31.0153
            ],
            [
              -81.4617,
              31.0153
            ],
            [
              -81.4617,
              31.015900000000002
            ],
            [
              -81.4619,
              31.015900000000002
            ],
            [
              -81.4619,
              31.016000000000002
            ],
            [
              -81.4624,
              31.016000000000002
            ],
            [
              -81.4624,
              31.015700000000002
            ],
            [
              -81.46249999999999,
              31.015700000000002
            ],
            [
              -81.46249999999999,
              31.015800000000002
            ],
            [
              -81.4627,
              31.015800000000002
            ],
            [
              -81.4627,
              31.015900000000002
            ],
            [
              -81.46249999999999,
              31.015900000000002
            ],
            [
              -81.46249999999999,
              31.0164
            ],
            [
              -81.4628,
              31.0164
            ]
          ]
        ]
      },
      "properties": {
        "candidate_id": "CS_0194",
        "numeric_id": 194,
        "raw_component_id": 2369,
        "pixel_count": 101,
        "area_km2": 0.0107,
        "perimeter_km": 0.525,
        "centroid_lon": -81.46235,
        "centroid_lat": 31.01567,
        "bounding_box": [
          -81.46305,
          31.01515,
          -81.46175,
          31.01635
        ],
        "length_km": 0.154,
        "width_km": 0.108,
        "aspect_ratio": 1.43,
        "orientation_deg": -51.3,
        "mean_sigma0_db": -24.77,
        "min_sigma0_db": -29.04,
        "mean_contrast_db": 10.48,
        "max_contrast_db": 14.76,
        "candidate_score": 0.625,
        "heuristic_confidence": 0.625,
        "rejection_reasons": [
          "AREA_TOO_SMALL"
        ],
        "status": "REJECTED"
      }
    },
    {
      "type": "Feature",
      "id": "CS_0195",
      "geometry": {
        "type": "Polygon",
        "coordinates": [
          [
            [
              -81.4643,
              31.0156
            ],
            [
              -81.4643,
              31.0152
            ],
            [
              -81.46419999999999,
              31.0152
            ],
            [
              -81.46419999999999,
              31.014699999999998
            ],
            [
              -81.464,
              31.014699999999998
            ],
            [
              -81.464,
              31.014599999999998
            ],
            [
              -81.4635,
              31.014599999999998
            ],
            [
              -81.4635,
              31.014499999999998
            ],
            [
              -81.4632,
              31.014499999999998
            ],
            [
              -81.4632,
              31.014799999999997
            ],
            [
              -81.4635,
              31.014799999999997
            ],
            [
              -81.4635,
              31.015
            ],
            [
              -81.4631,
              31.015
            ],
            [
              -81.4631,
              31.0154
            ],
            [
              -81.4635,
              31.0154
            ],
            [
              -81.4635,
              31.0151
            ],
            [
              -81.4639,
              31.0151
            ],
            [
              -81.4639,
              31.0153
            ],
            [
              -81.464,
              31.0153
            ],
            [
              -81.464,
              31.0156
            ],
            [
              -81.4643,
              31.0156
            ]
          ]
        ]
      },
      "properties": {
        "candidate_id": "CS_0195",
        "numeric_id": 195,
        "raw_component_id": 2380,
        "pixel_count": 74,
        "area_km2": 0.0078,
        "perimeter_km": 0.515,
        "centroid_lon": -81.46372,
        "centroid_lat": 31.01501,
        "bounding_box": [
          -81.46425,
          31.01455,
          -81.46315,
          31.01555
        ],
        "length_km": 0.141,
        "width_km": 0.108,
        "aspect_ratio": 1.3,
        "orientation_deg": -54.3,
        "mean_sigma0_db": -24.78,
        "min_sigma0_db": -27.88,
        "mean_contrast_db": 10.34,
        "max_contrast_db": 13.39,
        "candidate_score": 0.624,
        "heuristic_confidence": 0.624,
        "rejection_reasons": [
          "AREA_TOO_SMALL"
        ],
        "status": "REJECTED"
      }
    },
    {
      "type": "Feature",
      "id": "CS_0196",
      "geometry": {
        "type": "Polygon",
        "coordinates": [
          [
            [
              -81.46499999999999,
              31.0148
            ],
            [
              -81.46499999999999,
              31.014400000000002
            ],
            [
              -81.46509999999999,
              31.014400000000002
            ],
            [
              -81.46509999999999,
              31.014100000000003
            ],
            [
              -81.4647,
              31.014100000000003
            ],
            [
              -81.4647,
              31.014200000000002
            ],
            [
              -81.46459999999999,
              31.014200000000002
            ],
            [
              -81.46459999999999,
              31.0137
            ],
            [
              -81.46419999999999,
              31.0137
            ],
            [
              -81.46419999999999,
              31.014
            ],
            [
              -81.4643,
              31.014
            ],
            [
              -81.4643,
              31.014300000000002
            ],
            [
              -81.46459999999999,
              31.014300000000002
            ],
            [
              -81.46459999999999,
              31.0148
            ],
            [
              -81.46499999999999,
              31.0148
            ]
          ]
        ]
      },
      "properties": {
        "candidate_id": "CS_0196",
        "numeric_id": 196,
        "raw_component_id": 2389,
        "pixel_count": 51,
        "area_km2": 0.0054,
        "perimeter_km": 0.381,
        "centroid_lon": -81.46466,
        "centroid_lat": 31.01425,
        "bounding_box": [
          -81.46505,
          31.01375,
          -81.46425,
          31.01475
        ],
        "length_km": 0.146,
        "width_km": 0.062,
        "aspect_ratio": 2.36,
        "orientation_deg": -29.1,
        "mean_sigma0_db": -24.8,
        "min_sigma0_db": -28.24,
        "mean_contrast_db": 9.98,
        "max_contrast_db": 13.61,
        "candidate_score": 0.642,
        "heuristic_confidence": 0.642,
        "rejection_reasons": [
          "AREA_TOO_SMALL"
        ],
        "status": "REJECTED"
      }
    },
    {
      "type": "Feature",
      "id": "CS_0197",
      "geometry": {
        "type": "Polygon",
        "coordinates": [
          [
            [
              -81.4671,
              31.0139
            ],
            [
              -81.4671,
              31.0135
            ],
            [
              -81.4676,
              31.0135
            ],
            [
              -81.4676,
              31.0133
            ],
            [
              -81.4677,
              31.0133
            ],
            [
              -81.4677,
              31.0132
            ],
            [
              -81.468,
              31.0132
            ],
            [
              -81.468,
              31.013099999999998
            ],
            [
              -81.4683,
              31.013099999999998
            ],
            [
              -81.4683,
              31.0128
            ],
            [
              -81.46809999999999,
              31.0128
            ],
            [
              -81.46809999999999,
              31.0127
            ],
            [
              -81.468,
              31.0127
            ],
            [
              -81.468,
              31.0125
            ],
            [
              -81.46809999999999,
              31.0125
            ],
            [
              -81.46809999999999,
              31.0121
            ],
            [
              -81.4678,
              31.0121
            ],
            [
              -81.4678,
              31.012
            ],
            [
              -81.4676,
              31.012
            ],
            [
              -81.4676,
              31.0117
            ],
            [
              -81.4675,
              31.0117
            ],
            [
              -81.4675,
              31.011599999999998
            ],
            [
              -81.4663,
              31.011599999999998
            ],
            [
              -81.4663,
              31.0117
            ],
            [
              -81.4662,
              31.0117
            ],
            [
              -81.4662,
              31.0118
            ],
            [
              -81.4661,
              31.0118
            ],
            [
              -81.4661,
              31.0119
            ],
            [
              -81.466,
              31.0119
            ],
            [
              -81.466,
              31.012
            ],
            [
              -81.4658,
              31.012
            ],
            [
              -81.4658,
              31.0123
            ],
            [
              -81.4663,
              31.0123
            ],
            [
              -81.4663,
              31.0121
            ],
            [
              -81.4664,
              31.0121
            ],
            [
              -81.4664,
              31.0122
            ],
            [
              -81.4668,
              31.0122
            ],
            [
              -81.4668,
              31.0126
            ],
            [
              -81.4665,
              31.0126
            ],
            [
              -81.4665,
              31.0128
            ],
            [
              -81.4662,
              31.0128
            ],
            [
              -81.4662,
              31.0129
            ],
            [
              -81.4659,
              31.0129
            ],
            [
              -81.4659,
              31.0132
            ],
            [
              -81.4662,
              31.0132
            ],
            [
              -81.4662,
              31.0133
            ],
            [
              -81.4665,
              31.0133
            ],
            [
              -81.4665,
              31.013099999999998
            ],
            [
              -81.4668,
              31.013099999999998
            ],
            [
              -81.4668,
              31.0129
            ],
            [
              -81.4669,
              31.0129
            ],
            [
              -81.4669,
              31.0126
            ],
            [
              -81.4671,
              31.0126
            ],
            [
              -81.4671,
              31.0123
            ],
            [
              -81.4672,
              31.0123
            ],
            [
              -81.4672,
              31.0122
            ],
            [
              -81.4675,
              31.0122
            ],
            [
              -81.4675,
              31.0123
            ],
            [
              -81.4676,
              31.0123
            ],
            [
              -81.4676,
              31.0126
            ],
            [
              -81.4675,
              31.0126
            ],
            [
              -81.4675,
              31.012999999999998
            ],
            [
              -81.4674,
              31.012999999999998
            ],
            [
              -81.4674,
              31.0129
            ],
            [
              -81.4671,
              31.0129
            ],
            [
              -81.4671,
              31.012999999999998
            ],
            [
              -81.467,
              31.012999999999998
            ],
            [
              -81.467,
              31.0132
            ],
            [
              -81.4667,
              31.0132
            ],
            [
              -81.4667,
              31.0138
            ],
            [
              -81.4668,
              31.0138
            ],
            [
              -81.4668,
              31.0139
            ],
            [
              -81.4671,
              31.0139
            ]
          ]
        ]
      },
      "properties": {
        "candidate_id": "CS_0197",
        "numeric_id": 197,
        "raw_component_id": 2396,
        "pixel_count": 275,
        "area_km2": 0.0291,
        "perimeter_km": 1.307,
        "centroid_lon": -81.46706,
        "centroid_lat": 31.01259,
        "bounding_box": [
          -81.46825,
          31.01165,
          -81.46585,
          31.01385
        ],
        "length_km": 0.269,
        "width_km": 0.222,
        "aspect_ratio": 1.21,
        "orientation_deg": -18.8,
        "mean_sigma0_db": -24.83,
        "min_sigma0_db": -30.87,
        "mean_contrast_db": 9.2,
        "max_contrast_db": 15.39,
        "candidate_score": 0.623,
        "heuristic_confidence": 0.623,
        "rejection_reasons": [
          "AREA_TOO_SMALL"
        ],
        "status": "REJECTED"
      }
    },
    {
      "type": "Feature",
      "id": "CS_0198",
      "geometry": {
        "type": "Polygon",
        "coordinates": [
          [
            [
              -81.422,
              31.0139
            ],
            [
              -81.422,
              31.0138
            ],
            [
              -81.42249999999999,
              31.0138
            ],
            [
              -81.42249999999999,
              31.013099999999998
            ],
            [
              -81.4228,
              31.013099999999998
            ],
            [
              -81.4228,
              31.012999999999998
            ],
            [
              -81.42339999999999,
              31.012999999999998
            ],
            [
              -81.42339999999999,
              31.0128
            ],
            [
              -81.42349999999999,
              31.0128
            ],
            [
              -81.42349999999999,
              31.0121
            ],
            [
              -81.42339999999999,
              31.0121
            ],
            [
              -81.42339999999999,
              31.012
            ],
            [
              -81.42309999999999,
              31.012
            ],
            [
              -81.42309999999999,
              31.0121
            ],
            [
              -81.42299999999999,
              31.0121
            ],
            [
              -81.42299999999999,
              31.0124
            ],
            [
              -81.4232,
              31.0124
            ],
            [
              -81.4232,
              31.0125
            ],
            [
              -81.42309999999999,
              31.0125
            ],
            [
              -81.42309999999999,
              31.0126
            ],
            [
              -81.42249999999999,
              31.0126
            ],
            [
              -81.42249999999999,
              31.0127
            ],
            [
              -81.42219999999999,
              31.0127
            ],
            [
              -81.42219999999999,
              31.0134
            ],
            [
              -81.42179999999999,
              31.0134
            ],
            [
              -81.42179999999999,
              31.0135
            ],
            [
              -81.42169999999999,
              31.0135
            ],
            [
              -81.42169999999999,
              31.0139
            ],
            [
              -81.422,
              31.0139
            ]
          ]
        ]
      },
      "properties": {
        "candidate_id": "CS_0198",
        "numeric_id": 198,
        "raw_component_id": 2397,
        "pixel_count": 121,
        "area_km2": 0.0128,
        "perimeter_km": 0.679,
        "centroid_lon": -81.42267,
        "centroid_lat": 31.01298,
        "bounding_box": [
          -81.42345,
          31.01205,
          -81.42175,
          31.01385
        ],
        "length_km": 0.283,
        "width_km": 0.081,
        "aspect_ratio": 3.5,
        "orientation_deg": 40.7,
        "mean_sigma0_db": -24.54,
        "min_sigma0_db": -28.27,
        "mean_contrast_db": 4.94,
        "max_contrast_db": 8.51,
        "candidate_score": 0.489,
        "heuristic_confidence": 0.489,
        "rejection_reasons": [
          "AREA_TOO_SMALL"
        ],
        "status": "REJECTED"
      }
    },
    {
      "type": "Feature",
      "id": "CS_0199",
      "geometry": {
        "type": "Polygon",
        "coordinates": [
          [
            [
              -81.46549999999999,
              31.0138
            ],
            [
              -81.46549999999999,
              31.0137
            ],
            [
              -81.466,
              31.0137
            ],
            [
              -81.466,
              31.0134
            ],
            [
              -81.46579999999999,
              31.0134
            ],
            [
              -81.46579999999999,
              31.0128
            ],
            [
              -81.46539999999999,
              31.0128
            ],
            [
              -81.46539999999999,
              31.0133
            ],
            [
              -81.46509999999999,
              31.0133
            ],
            [
              -81.46509999999999,
              31.0131
            ],
            [
              -81.4647,
              31.0131
            ],
            [
              -81.4647,
              31.0132
            ],
            [
              -81.4645,
              31.0132
            ],
            [
              -81.4645,
              31.0135
            ],
            [
              -81.4648,
              31.0135
            ],
            [
              -81.4648,
              31.0136
            ],
            [
              -81.4649,
              31.0136
            ],
            [
              -81.4649,
              31.0137
            ],
            [
              -81.46499999999999,
              31.0137
            ],
            [
              -81.46499999999999,
              31.0138
            ],
            [
              -81.46549999999999,
              31.0138
            ]
          ]
        ]
      },
      "properties": {
        "candidate_id": "CS_0199",
        "numeric_id": 199,
        "raw_component_id": 2398,
        "pixel_count": 86,
        "area_km2": 0.0091,
        "perimeter_km": 0.474,
        "centroid_lon": -81.46532,
        "centroid_lat": 31.01337,
        "bounding_box": [
          -81.46595,
          31.01285,
          -81.46455,
          31.01375
        ],
        "length_km": 0.145,
        "width_km": 0.104,
        "aspect_ratio": 1.39,
        "orientation_deg": 82.7,
        "mean_sigma0_db": -25.0,
        "min_sigma0_db": -29.03,
        "mean_contrast_db": 9.68,
        "max_contrast_db": 13.71,
        "candidate_score": 0.632,
        "heuristic_confidence": 0.632,
        "rejection_reasons": [
          "AREA_TOO_SMALL"
        ],
        "status": "REJECTED"
      }
    },
    {
      "type": "Feature",
      "id": "CS_0200",
      "geometry": {
        "type": "Polygon",
        "coordinates": [
          [
            [
              -81.42509999999999,
              31.0123
            ],
            [
              -81.42509999999999,
              31.0122
            ],
            [
              -81.42569999999999,
              31.0122
            ],
            [
              -81.42569999999999,
              31.0114
            ],
            [
              -81.4253,
              31.0114
            ],
            [
              -81.4253,
              31.0113
            ],
            [
              -81.42509999999999,
              31.0113
            ],
            [
              -81.42509999999999,
              31.0112
            ],
            [
              -81.42479999999999,
              31.0112
            ],
            [
              -81.42479999999999,
              31.0114
            ],
            [
              -81.4245,
              31.0114
            ],
            [
              -81.4245,
              31.0117
            ],
            [
              -81.42479999999999,
              31.0117
            ],
            [
              -81.42479999999999,
              31.0118
            ],
            [
              -81.42469999999999,
              31.0118
            ],
            [
              -81.42469999999999,
              31.0121
            ],
            [
              -81.42479999999999,
              31.0121
            ],
            [
              -81.42479999999999,
              31.0123
            ],
            [
              -81.42509999999999,
              31.0123
            ]
          ],
          [
            [
              -81.4253,
              31.0117
            ],
            [
              -81.42479999999999,
              31.0117
            ],
            [
              -81.42479999999999,
              31.011499999999998
            ],
            [
              -81.4249,
              31.011499999999998
            ],
            [
              -81.4249,
              31.0116
            ],
            [
              -81.4253,
              31.0116
            ],
            [
              -81.4253,
              31.0117
            ]
          ]
        ]
      },
      "properties": {
        "candidate_id": "CS_0200",
        "numeric_id": 200,
        "raw_component_id": 2409,
        "pixel_count": 89,
        "area_km2": 0.0094,
        "perimeter_km": 0.484,
        "centroid_lon": -81.42516,
        "centroid_lat": 31.01176,
        "bounding_box": [
          -81.42565,
          31.01125,
          -81.42455,
          31.01225
        ],
        "length_km": 0.129,
        "width_km": 0.111,
        "aspect_ratio": 1.16,
        "orientation_deg": -37.9,
        "mean_sigma0_db": -24.5,
        "min_sigma0_db": -28.65,
        "mean_contrast_db": 5.84,
        "max_contrast_db": 10.46,
        "candidate_score": 0.52,
        "heuristic_confidence": 0.52,
        "rejection_reasons": [
          "AREA_TOO_SMALL"
        ],
        "status": "REJECTED"
      }
    },
    {
      "type": "Feature",
      "id": "CS_0201",
      "geometry": {
        "type": "Polygon",
        "coordinates": [
          [
            [
              -81.4693,
              31.012
            ],
            [
              -81.4693,
              31.0119
            ],
            [
              -81.4694,
              31.0119
            ],
            [
              -81.4694,
              31.0117
            ],
            [
              -81.4695,
              31.0117
            ],
            [
              -81.4695,
              31.0115
            ],
            [
              -81.4696,
              31.0115
            ],
            [
              -81.4696,
              31.0111
            ],
            [
              -81.4695,
              31.0111
            ],
            [
              -81.4695,
              31.011
            ],
            [
              -81.4697,
              31.011
            ],
            [
              -81.4697,
              31.0109
            ],
            [
              -81.47,
              31.0109
            ],
            [
              -81.47,
              31.011300000000002
            ],
            [
              -81.4703,
              31.011300000000002
            ],
            [
              -81.4703,
              31.011
            ],
            [
              -81.4705,
              31.011
            ],
            [
              -81.4705,
              31.0109
            ],
            [
              -81.4706,
              31.0109
            ],
            [
              -81.4706,
              31.011
            ],
            [
              -81.4709,
              31.011
            ],
            [
              -81.4709,
              31.0107
            ],
            [
              -81.4708,
              31.0107
            ],
            [
              -81.4708,
              31.0103
            ],
            [
              -81.471,
              31.0103
            ],
            [
              -81.471,
              31.0104
            ],
            [
              -81.4713,
              31.0104
            ],
            [
              -81.4713,
              31.009900000000002
            ],
            [
              -81.4712,
              31.009900000000002
            ],
            [
              -81.4712,
              31.009800000000002
            ],
            [
              -81.471,
              31.009800000000002
            ],
            [
              -81.471,
              31.0096
            ],
            [
              -81.4713,
              31.0096
            ],
            [
              -81.4713,
              31.0097
            ],
            [
              -81.4716,
              31.0097
            ],
            [
              -81.4716,
              31.009900000000002
            ],
            [
              -81.4715,
              31.009900000000002
            ],
            [
              -81.4715,
              31.01
            ],
            [
              -81.4714,
              31.01
            ],
            [
              -81.4714,
              31.0103
            ],
            [
              -81.472,
              31.0103
            ],
            [
              -81.472,
              31.01
            ],
            [
              -81.4718,
              31.01
            ],
            [
              -81.4718,
              31.009900000000002
            ],
            [
              -81.4719,
              31.009900000000002
            ],
            [
              -81.4719,
              31.0096
            ],
            [
              -81.4717,
              31.0096
            ],
            [
              -81.4717,
              31.0095
            ],
            [
              -81.4719,
              31.0095
            ],
            [
              -81.4719,
              31.0092
            ],
            [
              -81.4721,
              31.0092
            ],
            [
              -81.4721,
              31.0096
            ],
            [
              -81.4724,
              31.0096
            ],
            [
              -81.4724,
              31.0095
            ],
            [
              -81.4729,
              31.0095
            ],
            [
              -81.4729,
              31.0094
            ],
            [
              -81.473,
              31.0094
            ],
            [
              -81.473,
              31.0091
            ],
            [
              -81.4727,
              31.0091
            ],
            [
              -81.4727,
              31.0092
            ],
            [
              -81.4726,
              31.0092
            ],
            [
              -81.4726,
              31.0091
            ],
            [
              -81.4723,
              31.0091
            ],
            [
              -81.4723,
              31.0088
            ],
            [
              -81.4722,
              31.0088
            ],
            [
              -81.4722,
              31.0087
            ],
            [
              -81.4721,
              31.0087
            ],
            [
              -81.4721,
              31.0086
            ],
            [
              -81.472,
              31.0086
            ],
            [
              -81.472,
              31.0084
            ],
            [
              -81.4717,
              31.0084
            ],
            [
              -81.4717,
              31.0087
            ],
            [
              -81.4718,
              31.0087
            ],
            [
              -81.4718,
              31.009
            ],
            [
              -81.4715,
              31.009
            ],
            [
              -81.4715,
              31.0092
            ],
            [
              -81.4713,
              31.0092
            ],
            [
              -81.4713,
              31.009
            ],
            [
              -81.4709,
              31.009
            ],
            [
              -81.4709,
              31.0091
            ],
            [
              -81.4708,
              31.0091
            ],
            [
              -81.4708,
              31.0093
            ],
            [
              -81.4706,
              31.0093
            ],
            [
              -81.4706,
              31.0095
            ],
            [
              -81.4705,
              31.0095
            ],
            [
              -81.4705,
              31.009800000000002
            ],
            [
              -81.4702,
              31.009800000000002
            ],
            [
              -81.4702,
              31.01
            ],
            [
              -81.47,
              31.01
            ],
            [
              -81.47,
              31.009900000000002
            ],
            [
              -81.46979999999999,
              31.009900000000002
            ],
            [
              -81.46979999999999,
              31.009800000000002
            ],
            [
              -81.4695,
              31.009800000000002
            ],
            [
              -81.4695,
              31.009900000000002
            ],
            [
              -81.4691,
              31.009900000000002
            ],
            [
              -81.4691,
              31.0103
            ],
            [
              -81.46979999999999,
              31.0103
            ],
            [
              -81.46979999999999,
              31.0105
            ],
            [
              -81.4694,
              31.0105
            ],
            [
              -81.4694,
              31.0106
            ],
            [
              -81.4692,
              31.0106
            ],
            [
              -81.4692,
              31.0105
            ],
            [
              -81.4689,
              31.0105
            ],
            [
              -81.4689,
              31.0108
            ],
            [
              -81.4687,
              31.0108
            ],
            [
              -81.4687,
              31.0105
            ],
            [
              -81.46809999999999,
              31.0105
            ],
            [
              -81.46809999999999,
              31.0108
            ],
            [
              -81.4677,
              31.0108
            ],
            [
              -81.4677,
              31.011
            ],
            [
              -81.4676,
              31.011
            ],
            [
              -81.4676,
              31.0109
            ],
            [
              -81.4673,
              31.0109
            ],
            [
              -81.4673,
              31.011300000000002
            ],
            [
              -81.4677,
              31.011300000000002
            ],
            [
              -81.4677,
              31.0112
            ],
            [
              -81.468,
              31.0112
            ],
            [
              -81.468,
              31.011400000000002
            ],
            [
              -81.4683,
              31.011400000000002
            ],
            [
              -81.4683,
              31.011300000000002
            ],
            [
              -81.4684,
              31.011300000000002
            ],
            [
              -81.4684,
              31.0111
            ],
            [
              -81.469,
              31.0111
            ],
            [
              -81.469,
              31.011
            ],
            [
              -81.4692,
              31.011
            ],
            [
              -81.4692,
              31.0111
            ],
            [
              -81.4693,
              31.0111
            ],
            [
              -81.4693,
              31.011300000000002
            ],
            [
              -81.4692,
              31.011300000000002
            ],
            [
              -81.4692,
              31.0116
            ],
            [
              -81.4691,
              31.0116
            ],
            [
              -81.4691,
              31.011300000000002
            ],
            [
              -81.4687,
              31.011300000000002
            ],
            [
              -81.4687,
              31.0116
            ],
            [
              -81.4688,
              31.0116
            ],
            [
              -81.4688,
              31.0119
            ],
            [
              -81.4689,
              31.0119
            ],
            [
              -81.4689,
              31.012
            ],
            [
              -81.4693,
              31.012
            ]
          ],
          [
            [
              -81.4683,
              31.0109
            ],
            [
              -81.46809999999999,
              31.0109
            ],
            [
              -81.46809999999999,
              31.0108
            ],
            [
              -81.4683,
              31.0108
            ],
            [
              -81.4683,
              31.0109
            ]
          ],
          [
            [
              -81.4704,
              31.0107
            ],
            [
              -81.4701,
              31.0107
            ],
            [
              -81.4701,
              31.0104
            ],
            [
              -81.4703,
              31.0104
            ],
            [
              -81.4703,
              31.0105
            ],
            [
              -81.4704,
              31.0105
            ],
            [
              -81.4704,
              31.0107
            ]
          ],
          [
            [
              -81.47,
              31.0103
            ],
            [
              -81.4699,
              31.0103
            ],
            [
              -81.4699,
              31.0102
            ],
            [
              -81.47,
              31.0102
            ],
            [
              -81.47,
              31.0103
            ]
          ]
        ]
      },
      "properties": {
        "candidate_id": "CS_0201",
        "numeric_id": 201,
        "raw_component_id": 2414,
        "pixel_count": 527,
        "area_km2": 0.0558,
        "perimeter_km": 2.502,
        "centroid_lon": -81.47024,
        "centroid_lat": 31.01027,
        "bounding_box": [
          -81.47295,
          31.00845,
          -81.46735,
          31.01195
        ],
        "length_km": 0.597,
        "width_km": 0.187,
        "aspect_ratio": 3.2,
        "orientation_deg": 57.7,
        "mean_sigma0_db": -24.68,
        "min_sigma0_db": -28.63,
        "mean_contrast_db": 9.76,
        "max_contrast_db": 13.65,
        "candidate_score": 0.665,
        "heuristic_confidence": 0.665,
        "rejection_reasons": [],
        "status": "ACCEPTED"
      }
    },
    {
      "type": "Feature",
      "id": "CS_0202",
      "geometry": {
        "type": "Polygon",
        "coordinates": [
          [
            [
              -81.42649999999999,
              31.0117
            ],
            [
              -81.42649999999999,
              31.011400000000002
            ],
            [
              -81.4263,
              31.011400000000002
            ],
            [
              -81.4263,
              31.011100000000003
            ],
            [
              -81.42609999999999,
              31.011100000000003
            ],
            [
              -81.42609999999999,
              31.0108
            ],
            [
              -81.4256,
              31.0108
            ],
            [
              -81.4256,
              31.011100000000003
            ],
            [
              -81.4258,
              31.011100000000003
            ],
            [
              -81.4258,
              31.011200000000002
            ],
            [
              -81.4259,
              31.011200000000002
            ],
            [
              -81.4259,
              31.0115
            ],
            [
              -81.42609999999999,
              31.0115
            ],
            [
              -81.42609999999999,
              31.0117
            ],
            [
              -81.42649999999999,
              31.0117
            ]
          ]
        ]
      },
      "properties": {
        "candidate_id": "CS_0202",
        "numeric_id": 202,
        "raw_component_id": 2417,
        "pixel_count": 67,
        "area_km2": 0.0071,
        "perimeter_km": 0.546,
        "centroid_lon": -81.42618,
        "centroid_lat": 31.01095,
        "bounding_box": [
          -81.42665,
          31.01015,
          -81.42565,
          31.01165
        ],
        "length_km": 0.199,
        "width_km": 0.089,
        "aspect_ratio": 2.22,
        "orientation_deg": 12.7,
        "mean_sigma0_db": -24.64,
        "min_sigma0_db": -27.89,
        "mean_contrast_db": 5.8,
        "max_contrast_db": 8.58,
        "candidate_score": 0.539,
        "heuristic_confidence": 0.539,
        "rejection_reasons": [
          "AREA_TOO_SMALL"
        ],
        "status": "REJECTED"
      }
    },
    {
      "type": "Feature",
      "id": "CS_0203",
      "geometry": {
        "type": "Polygon",
        "coordinates": [
          [
            [
              -81.4276,
              31.0113
            ],
            [
              -81.4276,
              31.011
            ],
            [
              -81.4277,
              31.011
            ],
            [
              -81.4277,
              31.0109
            ],
            [
              -81.4278,
              31.0109
            ],
            [
              -81.4278,
              31.010499999999997
            ],
            [
              -81.4279,
              31.010499999999997
            ],
            [
              -81.4279,
              31.011
            ],
            [
              -81.4283,
              31.011
            ],
            [
              -81.4283,
              31.0109
            ],
            [
              -81.4285,
              31.0109
            ],
            [
              -81.4285,
              31.0106
            ],
            [
              -81.4283,
              31.0106
            ],
            [
              -81.4283,
              31.010499999999997
            ],
            [
              -81.4281,
              31.010499999999997
            ],
            [
              -81.4281,
              31.010299999999997
            ],
            [
              -81.4282,
              31.010299999999997
            ],
            [
              -81.4282,
              31.009999999999998
            ],
            [
              -81.4281,
              31.009999999999998
            ],
            [
              -81.4281,
              31.0097
            ],
            [
              -81.4278,
              31.0097
            ],
            [
              -81.4278,
              31.0096
            ],
            [
              -81.4275,
              31.0096
            ],
            [
              -81.4275,
              31.0097
            ],
            [
              -81.4274,
              31.0097
            ],
            [
              -81.4274,
              31.009999999999998
            ],
            [
              -81.4275,
              31.009999999999998
            ],
            [
              -81.4275,
              31.010199999999998
            ],
            [
              -81.4271,
              31.010199999999998
            ],
            [
              -81.4271,
              31.0106
            ],
            [
              -81.4273,
              31.0106
            ],
            [
              -81.4273,
              31.0113
            ],
            [
              -81.4276,
              31.0113
            ]
          ],
          [
            [
              -81.4278,
              31.010399999999997
            ],
            [
              -81.4276,
              31.010399999999997
            ],
            [
              -81.4276,
              31.010199999999998
            ],
            [
              -81.4278,
              31.010199999999998
            ],
            [
              -81.4278,
              31.010399999999997
            ]
          ]
        ]
      },
      "properties": {
        "candidate_id": "CS_0203",
        "numeric_id": 203,
        "raw_component_id": 2419,
        "pixel_count": 126,
        "area_km2": 0.0134,
        "perimeter_km": 0.649,
        "centroid_lon": -81.42774,
        "centroid_lat": 31.01044,
        "bounding_box": [
          -81.42845,
          31.00965,
          -81.42715,
          31.01125
        ],
        "length_km": 0.184,
        "width_km": 0.123,
        "aspect_ratio": 1.5,
        "orientation_deg": 0.6,
        "mean_sigma0_db": -24.68,
        "min_sigma0_db": -27.54,
        "mean_contrast_db": 6.03,
        "max_contrast_db": 9.4,
        "candidate_score": 0.546,
        "heuristic_confidence": 0.546,
        "rejection_reasons": [
          "AREA_TOO_SMALL"
        ],
        "status": "REJECTED"
      }
    },
    {
      "type": "Feature",
      "id": "CS_0204",
      "geometry": {
        "type": "Polygon",
        "coordinates": [
          [
            [
              -81.47739999999999,
              31.01
            ],
            [
              -81.47739999999999,
              31.009400000000003
            ],
            [
              -81.47689999999999,
              31.009400000000003
            ],
            [
              -81.47689999999999,
              31.009500000000003
            ],
            [
              -81.4767,
              31.009500000000003
            ],
            [
              -81.4767,
              31.0092
            ],
            [
              -81.47619999999999,
              31.0092
            ],
            [
              -81.47619999999999,
              31.009500000000003
            ],
            [
              -81.4763,
              31.009500000000003
            ],
            [
              -81.4763,
              31.009600000000002
            ],
            [
              -81.4767,
              31.009600000000002
            ],
            [
              -81.4767,
              31.009800000000002
            ],
            [
              -81.47679999999998,
              31.009800000000002
            ],
            [
              -81.47679999999998,
              31.01
            ],
            [
              -81.47739999999999,
              31.01
            ]
          ]
        ]
      },
      "properties": {
        "candidate_id": "CS_0204",
        "numeric_id": 204,
        "raw_component_id": 2425,
        "pixel_count": 57,
        "area_km2": 0.006,
        "perimeter_km": 0.381,
        "centroid_lon": -81.47687,
        "centroid_lat": 31.0096,
        "bounding_box": [
          -81.47735,
          31.00925,
          -81.47625,
          31.00995
        ],
        "length_km": 0.145,
        "width_km": 0.065,
        "aspect_ratio": 2.22,
        "orientation_deg": -59.5,
        "mean_sigma0_db": -25.1,
        "min_sigma0_db": -28.24,
        "mean_contrast_db": 11.65,
        "max_contrast_db": 14.82,
        "candidate_score": 0.649,
        "heuristic_confidence": 0.649,
        "rejection_reasons": [
          "AREA_TOO_SMALL"
        ],
        "status": "REJECTED"
      }
    },
    {
      "type": "Feature",
      "id": "CS_0205",
      "geometry": {
        "type": "Polygon",
        "coordinates": [
          [
            [
              -81.4735,
              31.0088
            ],
            [
              -81.4735,
              31.0085
            ],
            [
              -81.47309999999999,
              31.0085
            ],
            [
              -81.47309999999999,
              31.0088
            ],
            [
              -81.4735,
              31.0088
            ]
          ]
        ]
      },
      "properties": {
        "candidate_id": "CS_0205",
        "numeric_id": 205,
        "raw_component_id": 2430,
        "pixel_count": 109,
        "area_km2": 0.0116,
        "perimeter_km": 0.669,
        "centroid_lon": -81.47397,
        "centroid_lat": 31.00822,
        "bounding_box": [
          -81.47495,
          31.00775,
          -81.47315,
          31.00875
        ],
        "length_km": 0.186,
        "width_km": 0.117,
        "aspect_ratio": 1.58,
        "orientation_deg": 73.0,
        "mean_sigma0_db": -24.69,
        "min_sigma0_db": -28.24,
        "mean_contrast_db": 10.45,
        "max_contrast_db": 14.12,
        "candidate_score": 0.626,
        "heuristic_confidence": 0.626,
        "rejection_reasons": [
          "AREA_TOO_SMALL"
        ],
        "status": "REJECTED"
      }
    },
    {
      "type": "Feature",
      "id": "CS_0206",
      "geometry": {
        "type": "Polygon",
        "coordinates": [
          [
            [
              -81.46459999999999,
              31.0071
            ],
            [
              -81.46459999999999,
              31.006700000000002
            ],
            [
              -81.4647,
              31.006700000000002
            ],
            [
              -81.4647,
              31.006800000000002
            ],
            [
              -81.46499999999999,
              31.006800000000002
            ],
            [
              -81.46499999999999,
              31.006700000000002
            ],
            [
              -81.46509999999999,
              31.006700000000002
            ],
            [
              -81.46509999999999,
              31.006400000000003
            ],
            [
              -81.46499999999999,
              31.006400000000003
            ],
            [
              -81.46499999999999,
              31.0063
            ],
            [
              -81.4648,
              31.0063
            ],
            [
              -81.4648,
              31.006
            ],
            [
              -81.4647,
              31.006
            ],
            [
              -81.4647,
              31.0059
            ],
            [
              -81.46459999999999,
              31.0059
            ],
            [
              -81.46459999999999,
              31.0057
            ],
            [
              -81.4644,
              31.0057
            ],
            [
              -81.4644,
              31.0056
            ],
            [
              -81.46409999999999,
              31.0056
            ],
            [
              -81.46409999999999,
              31.0058
            ],
            [
              -81.464,
              31.0058
            ],
            [
              -81.464,
              31.0059
            ],
            [
              -81.4639,
              31.0059
            ],
            [
              -81.4639,
              31.0062
            ],
            [
              -81.464,
              31.0062
            ],
            [
              -81.464,
              31.0063
            ],
            [
              -81.4643,
              31.0063
            ],
            [
              -81.4643,
              31.0062
            ],
            [
              -81.4644,
              31.0062
            ],
            [
              -81.4644,
              31.006600000000002
            ],
            [
              -81.46419999999999,
              31.006600000000002
            ],
            [
              -81.46419999999999,
              31.006700000000002
            ],
            [
              -81.4639,
              31.006700000000002
            ],
            [
              -81.4639,
              31.007
            ],
            [
              -81.46419999999999,
              31.007
            ],
            [
              -81.46419999999999,
              31.0071
            ],
            [
              -81.46459999999999,
              31.0071
            ]
          ]
        ]
      },
      "properties": {
        "candidate_id": "CS_0206",
        "numeric_id": 206,
        "raw_component_id": 2439,
        "pixel_count": 104,
        "area_km2": 0.011,
        "perimeter_km": 0.535,
        "centroid_lon": -81.46444,
        "centroid_lat": 31.00638,
        "bounding_box": [
          -81.46505,
          31.00565,
          -81.46395,
          31.00705
        ],
        "length_km": 0.177,
        "width_km": 0.108,
        "aspect_ratio": 1.64,
        "orientation_deg": -7.6,
        "mean_sigma0_db": -24.68,
        "min_sigma0_db": -26.85,
        "mean_contrast_db": 10.29,
        "max_contrast_db": 12.55,
        "candidate_score": 0.626,
        "heuristic_confidence": 0.626,
        "rejection_reasons": [
          "AREA_TOO_SMALL"
        ],
        "status": "REJECTED"
      }
    },
    {
      "type": "Feature",
      "id": "CS_0207",
      "geometry": {
        "type": "Polygon",
        "coordinates": [
          [
            [
              -81.5669,
              31.0011
            ],
            [
              -81.5669,
              31.0009
            ],
            [
              -81.5671,
              31.0009
            ],
            [
              -81.5671,
              31.000500000000002
            ],
            [
              -81.5672,
              31.000500000000002
            ],
            [
              -81.5672,
              31.0002
            ],
            [
              -81.5668,
              31.0002
            ],
            [
              -81.5668,
              31.000400000000003
            ],
            [
              -81.5665,
              31.000400000000003
            ],
            [
              -81.5665,
              31.000700000000002
            ],
            [
              -81.5667,
              31.000700000000002
            ],
            [
              -81.5667,
              31.0008
            ],
            [
              -81.5663,
              31.0008
            ],
            [
              -81.5663,
              31.0011
            ],
            [
              -81.5669,
              31.0011
            ]
          ]
        ]
      },
      "properties": {
        "candidate_id": "CS_0207",
        "numeric_id": 207,
        "raw_component_id": 2474,
        "pixel_count": 51,
        "area_km2": 0.0054,
        "perimeter_km": 0.35,
        "centroid_lon": -81.56678,
        "centroid_lat": 31.00068,
        "bounding_box": [
          -81.56715,
          31.00025,
          -81.56635,
          31.00105
        ],
        "length_km": 0.124,
        "width_km": 0.062,
        "aspect_ratio": 2.01,
        "orientation_deg": 31.7,
        "mean_sigma0_db": -25.25,
        "min_sigma0_db": -28.19,
        "mean_contrast_db": 12.89,
        "max_contrast_db": 15.82,
        "candidate_score": 0.65,
        "heuristic_confidence": 0.65,
        "rejection_reasons": [
          "AREA_TOO_SMALL"
        ],
        "status": "REJECTED"
      }
    }
  ]
}