{
  "type": "FeatureCollection",
  "crs": {
    "type": "name",
    "properties": {
      "name": "urn:ogc:def:crs:OGC:1.3:CRS84"
    }
  },
  "features": [
    {
      "type": "Feature",
      "geometry": {
        "type": "Point",
        "coordinates": [
          -118.430949,
          33.420158
        ]
      },
      "properties": {
        "feature_type": "source_centroid",
        "hypothesis_id": "4DH_0001",
        "vessel_name": "CALYPSO",
        "mean_lon": -118.430949,
        "mean_lat": 33.420158,
        "spatial_std_m": 193.0,
        "radius_50_pct_m": 330.9,
        "radius_90_pct_m": 572.1
      }
    },
    {
      "type": "Feature",
      "geometry": {
        "type": "Polygon",
        "coordinates": [
          [
            [
              -118.427382,
              33.420158
            ],
            [
              -118.427436,
              33.420675
            ],
            [
              -118.427597,
              33.421176
            ],
            [
              -118.42786,
              33.421646
            ],
            [
              -118.428216,
              33.422071
            ],
            [
              -118.428656,
              33.422438
            ],
            [
              -118.429165,
              33.422736
            ],
            [
              -118.429729,
              33.422955
            ],
            [
              -118.430329,
              33.42309
            ],
            [
              -118.430949,
              33.423135
            ],
            [
              -118.431568,
              33.42309
            ],
            [
              -118.432168,
              33.422955
            ],
            [
              -118.432732,
              33.422736
            ],
            [
              -118.433241,
              33.422438
            ],
            [
              -118.433681,
              33.422071
            ],
            [
              -118.434037,
              33.421646
            ],
            [
              -118.4343,
              33.421176
            ],
            [
              -118.434461,
              33.420675
            ],
            [
              -118.434515,
              33.420158
            ],
            [
              -118.434461,
              33.419641
            ],
            [
              -118.4343,
              33.41914
            ],
            [
              -118.434037,
              33.418669
            ],
            [
              -118.433681,
              33.418244
            ],
            [
              -118.433241,
              33.417877
            ],
            [
              -118.432732,
              33.41758
            ],
            [
              -118.432168,
              33.417361
            ],
            [
              -118.431568,
              33.417226
            ],
            [
              -118.430949,
              33.417181
            ],
            [
              -118.430329,
              33.417226
            ],
            [
              -118.429729,
              33.417361
            ],
            [
              -118.429165,
              33.41758
            ],
            [
              -118.428656,
              33.417877
            ],
            [
              -118.428216,
              33.418244
            ],
            [
              -118.42786,
              33.418669
            ],
            [
              -118.427597,
              33.41914
            ],
            [
              -118.427436,
              33.419641
            ],
            [
              -118.427382,
              33.420158
            ]
          ]
        ]
      },
      "properties": {
        "feature_type": "containment_region_50_pct",
        "hypothesis_id": "4DH_0001",
        "vessel_name": "CALYPSO",
        "radius_m": 330.9
      }
    },
    {
      "type": "Feature",
      "geometry": {
        "type": "Polygon",
        "coordinates": [
          [
            [
              -118.424781,
              33.420158
            ],
            [
              -118.424875,
              33.421052
            ],
            [
              -118.425153,
              33.421919
            ],
            [
              -118.425607,
              33.422732
            ],
            [
              -118.426224,
              33.423467
            ],
            [
              -118.426984,
              33.424101
            ],
            [
              -118.427865,
              33.424616
            ],
            [
              -118.428839,
              33.424995
            ],
            [
              -118.429878,
              33.425227
            ],
            [
              -118.430949,
              33.425306
            ],
            [
              -118.43202,
              33.425227
            ],
            [
              -118.433058,
              33.424995
            ],
            [
              -118.434032,
              33.424616
            ],
            [
              -118.434913,
              33.424101
            ],
            [
              -118.435673,
              33.423467
            ],
            [
              -118.43629,
              33.422732
            ],
            [
              -118.436744,
              33.421919
            ],
            [
              -118.437022,
              33.421052
            ],
            [
              -118.437116,
              33.420158
            ],
            [
              -118.437022,
              33.419264
            ],
            [
              -118.436744,
              33.418397
            ],
            [
              -118.43629,
              33.417584
            ],
            [
              -118.435673,
              33.416849
            ],
            [
              -118.434913,
              33.416215
            ],
            [
              -118.434032,
              33.4157
            ],
            [
              -118.433058,
              33.415321
            ],
            [
              -118.43202,
              33.415088
            ],
            [
              -118.430949,
              33.41501
            ],
            [
              -118.429878,
              33.415088
            ],
            [
              -118.428839,
              33.415321
            ],
            [
              -118.427865,
              33.4157
            ],
            [
              -118.426984,
              33.416215
            ],
            [
              -118.426224,
              33.416849
            ],
            [
              -118.425607,
              33.417584
            ],
            [
              -118.425153,
              33.418397
            ],
            [
              -118.424875,
              33.419264
            ],
            [
              -118.424781,
              33.420158
            ]
          ]
        ]
      },
      "properties": {
        "feature_type": "containment_region_90_pct",
        "hypothesis_id": "4DH_0001",
        "vessel_name": "CALYPSO",
        "radius_m": 572.1
      }
    },
    {
      "type": "Feature",
      "geometry": {
        "type": "Point",
        "coordinates": [
          -118.430969,
          33.420801
        ]
      },
      "properties": {
        "feature_type": "source_centroid",
        "hypothesis_id": "4DH_0002",
        "vessel_name": "LAST DANCE",
        "mean_lon": -118.430969,
        "mean_lat": 33.420801,
        "spatial_std_m": 150.0,
        "radius_50_pct_m": 248.9,
        "radius_90_pct_m": 443.4
      }
    },
    {
      "type": "Feature",
      "geometry": {
        "type": "Polygon",
        "coordinates": [
          [
            [
              -118.428286,
              33.420801
            ],
            [
              -118.428327,
              33.421189
            ],
            [
              -118.428448,
              33.421567
            ],
            [
              -118.428645,
              33.42192
            ],
            [
              -118.428914,
              33.42224
            ],
            [
              -118.429244,
              33.422516
            ],
            [
              -118.429628,
              33.42274
            ],
            [
              -118.430052,
              33.422905
            ],
            [
              -118.430503,
              33.423006
            ],
            [
              -118.430969,
              33.42304
            ],
            [
              -118.431435,
              33.423006
            ],
            [
              -118.431887,
              33.422905
            ],
            [
              -118.432311,
              33.42274
            ],
            [
              -118.432694,
              33.422516
            ],
            [
              -118.433025,
              33.42224
            ],
            [
              -118.433293,
              33.42192
            ],
            [
              -118.433491,
              33.421567
            ],
            [
              -118.433612,
              33.421189
            ],
            [
              -118.433653,
              33.420801
            ],
            [
              -118.433612,
              33.420412
            ],
            [
              -118.433491,
              33.420035
            ],
            [
              -118.433293,
              33.419681
            ],
            [
              -118.433025,
              33.419361
            ],
            [
              -118.432694,
              33.419085
            ],
            [
              -118.432311,
              33.418861
            ],
            [
              -118.431887,
              33.418696
            ],
            [
              -118.431435,
              33.418595
            ],
            [
              -118.430969,
              33.418561
            ],
            [
              -118.430503,
              33.418595
            ],
            [
              -118.430052,
              33.418696
            ],
            [
              -118.429628,
              33.418861
            ],
            [
              -118.429244,
              33.419085
            ],
            [
              -118.428914,
              33.419361
            ],
            [
              -118.428645,
              33.419681
            ],
            [
              -118.428448,
              33.420035
            ],
            [
              -118.428327,
              33.420412
            ],
            [
              -118.428286,
              33.420801
            ]
          ]
        ]
      },
      "properties": {
        "feature_type": "containment_region_50_pct",
        "hypothesis_id": "4DH_0002",
        "vessel_name": "LAST DANCE",
        "radius_m": 248.9
      }
    },
    {
      "type": "Feature",
      "geometry": {
        "type": "Polygon",
        "coordinates": [
          [
            [
              -118.42619,
              33.420801
            ],
            [
              -118.426262,
              33.421493
            ],
            [
              -118.426478,
              33.422165
            ],
            [
              -118.42683,
              33.422795
            ],
            [
              -118.427308,
              33.423365
            ],
            [
              -118.427897,
              33.423857
            ],
            [
              -118.428579,
              33.424255
            ],
            [
              -118.429335,
              33.424549
            ],
            [
              -118.430139,
              33.424729
            ],
            [
              -118.430969,
              33.42479
            ],
            [
              -118.431799,
              33.424729
            ],
            [
              -118.432604,
              33.424549
            ],
            [
              -118.433359,
              33.424255
            ],
            [
              -118.434042,
              33.423857
            ],
            [
              -118.434631,
              33.423365
            ],
            [
              -118.435109,
              33.422795
            ],
            [
              -118.435461,
              33.422165
            ],
            [
              -118.435676,
              33.421493
            ],
            [
              -118.435749,
              33.420801
            ],
            [
              -118.435676,
              33.420108
            ],
            [
              -118.435461,
              33.419436
            ],
            [
              -118.435109,
              33.418806
            ],
            [
              -118.434631,
              33.418236
            ],
            [
              -118.434042,
              33.417745
            ],
            [
              -118.433359,
              33.417346
            ],
            [
              -118.432604,
              33.417052
            ],
            [
              -118.431799,
              33.416872
            ],
            [
              -118.430969,
              33.416811
            ],
            [
              -118.430139,
              33.416872
            ],
            [
              -118.429335,
              33.417052
            ],
            [
              -118.428579,
              33.417346
            ],
            [
              -118.427897,
              33.417745
            ],
            [
              -118.427308,
              33.418236
            ],
            [
              -118.42683,
              33.418806
            ],
            [
              -118.426478,
              33.419436
            ],
            [
              -118.426262,
              33.420108
            ],
            [
              -118.42619,
              33.420801
            ]
          ]
        ]
      },
      "properties": {
        "feature_type": "containment_region_90_pct",
        "hypothesis_id": "4DH_0002",
        "vessel_name": "LAST DANCE",
        "radius_m": 443.4
      }
    },
    {
      "type": "Feature",
      "geometry": {
        "type": "Point",
        "coordinates": [
          -118.431138,
          33.420154
        ]
      },
      "properties": {
        "feature_type": "source_centroid",
        "hypothesis_id": "4DH_0003",
        "vessel_name": "LEGASEA",
        "mean_lon": -118.431138,
        "mean_lat": 33.420154,
        "spatial_std_m": 159.7,
        "radius_50_pct_m": 301.3,
        "radius_90_pct_m": 570.0
      }
    },
    {
      "type": "Feature",
      "geometry": {
        "type": "Polygon",
        "coordinates": [
          [
            [
              -118.427889,
              33.420154
            ],
            [
              -118.427939,
              33.420625
            ],
            [
              -118.428085,
              33.421081
            ],
            [
              -118.428325,
              33.42151
            ],
            [
              -118.428649,
              33.421897
            ],
            [
              -118.42905,
              33.422231
            ],
            [
              -118.429513,
              33.422502
            ],
            [
              -118.430027,
              33.422702
            ],
            [
              -118.430574,
              33.422824
            ],
            [
              -118.431138,
              33.422865
            ],
            [
              -118.431702,
              33.422824
            ],
            [
              -118.432249,
              33.422702
            ],
            [
              -118.432762,
              33.422502
            ],
            [
              -118.433225,
              33.422231
            ],
            [
              -118.433626,
              33.421897
            ],
            [
              -118.433951,
              33.42151
            ],
            [
              -118.43419,
              33.421081
            ],
            [
              -118.434336,
              33.420625
            ],
            [
              -118.434386,
              33.420154
            ],
            [
              -118.434336,
              33.419683
            ],
            [
              -118.43419,
              33.419227
            ],
            [
              -118.433951,
              33.418798
            ],
            [
              -118.433626,
              33.418411
            ],
            [
              -118.433225,
              33.418077
            ],
            [
              -118.432762,
              33.417806
            ],
            [
              -118.432249,
              33.417606
            ],
            [
              -118.431702,
              33.417484
            ],
            [
              -118.431138,
              33.417443
            ],
            [
              -118.430574,
              33.417484
            ],
            [
              -118.430027,
              33.417606
            ],
            [
              -118.429513,
              33.417806
            ],
            [
              -118.42905,
              33.418077
            ],
            [
              -118.428649,
              33.418411
            ],
            [
              -118.428325,
              33.418798
            ],
            [
              -118.428085,
              33.419227
            ],
            [
              -118.427939,
              33.419683
            ],
            [
              -118.427889,
              33.420154
            ]
          ]
        ]
      },
      "properties": {
        "feature_type": "containment_region_50_pct",
        "hypothesis_id": "4DH_0003",
        "vessel_name": "LEGASEA",
        "radius_m": 301.3
      }
    },
    {
      "type": "Feature",
      "geometry": {
        "type": "Polygon",
        "coordinates": [
          [
            [
              -118.424993,
              33.420154
            ],
            [
              -118.425087,
              33.421045
            ],
            [
              -118.425364,
              33.421908
            ],
            [
              -118.425816,
              33.422718
            ],
            [
              -118.426431,
              33.423451
            ],
            [
              -118.427188,
              33.424083
            ],
            [
              -118.428065,
              33.424595
            ],
            [
              -118.429036,
              33.424973
            ],
            [
              -118.430071,
              33.425205
            ],
            [
              -118.431138,
              33.425282
            ],
            [
              -118.432205,
              33.425205
            ],
            [
              -118.433239,
              33.424973
            ],
            [
              -118.43421,
              33.424595
            ],
            [
              -118.435087,
              33.424083
            ],
            [
              -118.435844,
              33.423451
            ],
            [
              -118.436459,
              33.422718
            ],
            [
              -118.436911,
              33.421908
            ],
            [
              -118.437189,
              33.421045
            ],
            [
              -118.437282,
              33.420154
            ],
            [
              -118.437189,
              33.419263
            ],
            [
              -118.436911,
              33.4184
            ],
            [
              -118.436459,
              33.41759
            ],
            [
              -118.435844,
              33.416858
            ],
            [
              -118.435087,
              33.416225
            ],
            [
              -118.43421,
              33.415713
            ],
            [
              -118.433239,
              33.415335
            ],
            [
              -118.432205,
              33.415103
            ],
            [
              -118.431138,
              33.415026
            ],
            [
              -118.430071,
              33.415103
            ],
            [
              -118.429036,
              33.415335
            ],
            [
              -118.428065,
              33.415713
            ],
            [
              -118.427188,
              33.416225
            ],
            [
              -118.426431,
              33.416858
            ],
            [
              -118.425816,
              33.41759
            ],
            [
              -118.425364,
              33.4184
            ],
            [
              -118.425087,
              33.419263
            ],
            [
              -118.424993,
              33.420154
            ]
          ]
        ]
      },
      "properties": {
        "feature_type": "containment_region_90_pct",
        "hypothesis_id": "4DH_0003",
        "vessel_name": "LEGASEA",
        "radius_m": 570.0
      }
    },
    {
      "type": "Feature",
      "geometry": {
        "type": "Point",
        "coordinates": [
          -118.430533,
          33.420074
        ]
      },
      "properties": {
        "feature_type": "source_centroid",
        "hypothesis_id": "4DH_0004",
        "vessel_name": "ROAM",
        "mean_lon": -118.430533,
        "mean_lat": 33.420074,
        "spatial_std_m": 162.4,
        "radius_50_pct_m": 300.6,
        "radius_90_pct_m": 508.0
      }
    },
    {
      "type": "Feature",
      "geometry": {
        "type": "Polygon",
        "coordinates": [
          [
            [
              -118.427292,
              33.420074
            ],
            [
              -118.427342,
              33.420543
            ],
            [
              -118.427488,
              33.420999
            ],
            [
              -118.427726,
              33.421426
            ],
            [
              -118.42805,
              33.421812
            ],
            [
              -118.42845,
              33.422145
            ],
            [
              -118.428912,
              33.422416
            ],
            [
              -118.429424,
              33.422615
            ],
            [
              -118.42997,
              33.422737
            ],
            [
              -118.430533,
              33.422778
            ],
            [
              -118.431095,
              33.422737
            ],
            [
              -118.431641,
              33.422615
            ],
            [
              -118.432153,
              33.422416
            ],
            [
              -118.432615,
              33.422145
            ],
            [
              -118.433015,
              33.421812
            ],
            [
              -118.433339,
              33.421426
            ],
            [
              -118.433577,
              33.420999
            ],
            [
              -118.433724,
              33.420543
            ],
            [
              -118.433773,
              33.420074
            ],
            [
              -118.433724,
              33.419604
            ],
            [
              -118.433577,
              33.419149
            ],
            [
              -118.433339,
              33.418721
            ],
            [
              -118.433015,
              33.418335
            ],
            [
              -118.432615,
              33.418002
            ],
            [
              -118.432153,
              33.417731
            ],
            [
              -118.431641,
              33.417532
            ],
            [
              -118.431095,
              33.41741
            ],
            [
              -118.430533,
              33.417369
            ],
            [
              -118.42997,
              33.41741
            ],
            [
              -118.429424,
              33.417532
            ],
            [
              -118.428912,
              33.417731
            ],
            [
              -118.42845,
              33.418002
            ],
            [
              -118.42805,
              33.418335
            ],
            [
              -118.427726,
              33.418721
            ],
            [
              -118.427488,
              33.419149
            ],
            [
              -118.427342,
              33.419604
            ],
            [
              -118.427292,
              33.420074
            ]
          ]
        ]
      },
      "properties": {
        "feature_type": "containment_region_50_pct",
        "hypothesis_id": "4DH_0004",
        "vessel_name": "ROAM",
        "radius_m": 300.6
      }
    },
    {
      "type": "Feature",
      "geometry": {
        "type": "Polygon",
        "coordinates": [
          [
            [
              -118.425056,
              33.420074
            ],
            [
              -118.425139,
              33.420867
            ],
            [
              -118.425387,
              33.421637
            ],
            [
              -118.42579,
              33.422359
            ],
            [
              -118.426338,
              33.423012
            ],
            [
              -118.427012,
              33.423575
            ],
            [
              -118.427794,
              33.424032
            ],
            [
              -118.42866,
              33.424369
            ],
            [
              -118.429582,
              33.424575
            ],
            [
              -118.430533,
              33.424644
            ],
            [
              -118.431484,
              33.424575
            ],
            [
              -118.432406,
              33.424369
            ],
            [
              -118.433271,
              33.424032
            ],
            [
              -118.434053,
              33.423575
            ],
            [
              -118.434728,
              33.423012
            ],
            [
              -118.435275,
              33.422359
            ],
            [
              -118.435679,
              33.421637
            ],
            [
              -118.435926,
              33.420867
            ],
            [
              -118.436009,
              33.420074
            ],
            [
              -118.435926,
              33.41928
            ],
            [
              -118.435679,
              33.41851
            ],
            [
              -118.435275,
              33.417788
            ],
            [
              -118.434728,
              33.417135
            ],
            [
              -118.434053,
              33.416572
            ],
            [
              -118.433271,
              33.416115
            ],
            [
              -118.432406,
              33.415778
            ],
            [
              -118.431484,
              33.415572
            ],
            [
              -118.430533,
              33.415503
            ],
            [
              -118.429582,
              33.415572
            ],
            [
              -118.42866,
              33.415778
            ],
            [
              -118.427794,
              33.416115
            ],
            [
              -118.427012,
              33.416572
            ],
            [
              -118.426338,
              33.417135
            ],
            [
              -118.42579,
              33.417788
            ],
            [
              -118.425387,
              33.41851
            ],
            [
              -118.425139,
              33.41928
            ],
            [
              -118.425056,
              33.420074
            ]
          ]
        ]
      },
      "properties": {
        "feature_type": "containment_region_90_pct",
        "hypothesis_id": "4DH_0004",
        "vessel_name": "ROAM",
        "radius_m": 508.0
      }
    },
    {
      "type": "Feature",
      "geometry": {
        "type": "Point",
        "coordinates": [
          -118.43076,
          33.420709
        ]
      },
      "properties": {
        "feature_type": "source_centroid",
        "hypothesis_id": "4DH_0005",
        "vessel_name": "MAERSK ESMERALDAS",
        "mean_lon": -118.43076,
        "mean_lat": 33.420709,
        "spatial_std_m": 186.7,
        "radius_50_pct_m": 271.8,
        "radius_90_pct_m": 552.5
      }
    },
    {
      "type": "Feature",
      "geometry": {
        "type": "Polygon",
        "coordinates": [
          [
            [
              -118.427829,
              33.420709
            ],
            [
              -118.427874,
              33.421133
            ],
            [
              -118.428006,
              33.421545
            ],
            [
              -118.428222,
              33.421931
            ],
            [
              -118.428515,
              33.422281
            ],
            [
              -118.428876,
              33.422582
            ],
            [
              -118.429294,
              33.422827
            ],
            [
              -118.429757,
              33.423007
            ],
            [
              -118.430251,
              33.423117
            ],
            [
              -118.43076,
              33.423154
            ],
            [
              -118.431268,
              33.423117
            ],
            [
              -118.431762,
              33.423007
            ],
            [
              -118.432225,
              33.422827
            ],
            [
              -118.432643,
              33.422582
            ],
            [
              -118.433004,
              33.422281
            ],
            [
              -118.433297,
              33.421931
            ],
            [
              -118.433513,
              33.421545
            ],
            [
              -118.433645,
              33.421133
            ],
            [
              -118.43369,
              33.420709
            ],
            [
              -118.433645,
              33.420284
            ],
            [
              -118.433513,
              33.419872
            ],
            [
              -118.433297,
              33.419486
            ],
            [
              -118.433004,
              33.419137
            ],
            [
              -118.432643,
              33.418835
            ],
            [
              -118.432225,
              33.418591
            ],
            [
              -118.431762,
              33.41841
            ],
            [
              -118.431268,
              33.4183
            ],
            [
              -118.43076,
              33.418263
            ],
            [
              -118.430251,
              33.4183
            ],
            [
              -118.429757,
              33.41841
            ],
            [
              -118.429294,
              33.418591
            ],
            [
              -118.428876,
              33.418835
            ],
            [
              -118.428515,
              33.419137
            ],
            [
              -118.428222,
              33.419486
            ],
            [
              -118.428006,
              33.419872
            ],
            [
              -118.427874,
              33.420284
            ],
            [
              -118.427829,
              33.420709
            ]
          ]
        ]
      },
      "properties": {
        "feature_type": "containment_region_50_pct",
        "hypothesis_id": "4DH_0005",
        "vessel_name": "MAERSK ESMERALDAS",
        "radius_m": 271.8
      }
    },
    {
      "type": "Feature",
      "geometry": {
        "type": "Polygon",
        "coordinates": [
          [
            [
              -118.424804,
              33.420709
            ],
            [
              -118.424894,
              33.421572
            ],
            [
              -118.425163,
              33.422409
            ],
            [
              -118.425602,
              33.423194
            ],
            [
              -118.426197,
              33.423904
            ],
            [
              -118.426931,
              33.424517
            ],
            [
              -118.427782,
              33.425014
            ],
            [
              -118.428723,
              33.42538
            ],
            [
              -118.429725,
              33.425604
            ],
            [
              -118.43076,
              33.42568
            ],
            [
              -118.431794,
              33.425604
            ],
            [
              -118.432797,
              33.42538
            ],
            [
              -118.433737,
              33.425014
            ],
            [
              -118.434588,
              33.424517
            ],
            [
              -118.435322,
              33.423904
            ],
            [
              -118.435917,
              33.423194
            ],
            [
              -118.436356,
              33.422409
            ],
            [
              -118.436625,
              33.421572
            ],
            [
              -118.436715,
              33.420709
            ],
            [
              -118.436625,
              33.419845
            ],
            [
              -118.436356,
              33.419008
            ],
            [
              -118.435917,
              33.418223
            ],
            [
              -118.435322,
              33.417513
            ],
            [
              -118.434588,
              33.416901
            ],
            [
              -118.433737,
              33.416404
            ],
            [
              -118.432797,
              33.416037
            ],
            [
              -118.431794,
              33.415813
            ],
            [
              -118.43076,
              33.415738
            ],
            [
              -118.429725,
              33.415813
            ],
            [
              -118.428723,
              33.416037
            ],
            [
              -118.427782,
              33.416404
            ],
            [
              -118.426931,
              33.416901
            ],
            [
              -118.426197,
              33.417513
            ],
            [
              -118.425602,
              33.418223
            ],
            [
              -118.425163,
              33.419008
            ],
            [
              -118.424894,
              33.419845
            ],
            [
              -118.424804,
              33.420709
            ]
          ]
        ]
      },
      "properties": {
        "feature_type": "containment_region_90_pct",
        "hypothesis_id": "4DH_0005",
        "vessel_name": "MAERSK ESMERALDAS",
        "radius_m": 552.5
      }
    },
    {
      "type": "Feature",
      "geometry": {
        "type": "Point",
        "coordinates": [
          -118.430799,
          33.420627
        ]
      },
      "properties": {
        "feature_type": "source_centroid",
        "hypothesis_id": "4DH_0006",
        "vessel_name": "PATIENCE",
        "mean_lon": -118.430799,
        "mean_lat": 33.420627,
        "spatial_std_m": 173.9,
        "radius_50_pct_m": 340.4,
        "radius_90_pct_m": 628.7
      }
    },
    {
      "type": "Feature",
      "geometry": {
        "type": "Polygon",
        "coordinates": [
          [
            [
              -118.42713,
              33.420627
            ],
            [
              -118.427186,
              33.421159
            ],
            [
              -118.427351,
              33.421674
            ],
            [
              -118.427622,
              33.422158
            ],
            [
              -118.427988,
              33.422596
            ],
            [
              -118.428441,
              33.422973
            ],
            [
              -118.428965,
              33.423279
            ],
            [
              -118.429544,
              33.423505
            ],
            [
              -118.430162,
              33.423643
            ],
            [
              -118.430799,
              33.42369
            ],
            [
              -118.431436,
              33.423643
            ],
            [
              -118.432054,
              33.423505
            ],
            [
              -118.432634,
              33.423279
            ],
            [
              -118.433158,
              33.422973
            ],
            [
              -118.43361,
              33.422596
            ],
            [
              -118.433977,
              33.422158
            ],
            [
              -118.434247,
              33.421674
            ],
            [
              -118.434413,
              33.421159
            ],
            [
              -118.434468,
              33.420627
            ],
            [
              -118.434413,
              33.420095
            ],
            [
              -118.434247,
              33.41958
            ],
            [
              -118.433977,
              33.419096
            ],
            [
              -118.43361,
              33.418659
            ],
            [
              -118.433158,
              33.418281
            ],
            [
              -118.432634,
              33.417975
            ],
            [
              -118.432054,
              33.417749
            ],
            [
              -118.431436,
              33.417611
            ],
            [
              -118.430799,
              33.417565
            ],
            [
              -118.430162,
              33.417611
            ],
            [
              -118.429544,
              33.417749
            ],
            [
              -118.428965,
              33.417975
            ],
            [
              -118.428441,
              33.418281
            ],
            [
              -118.427988,
              33.418659
            ],
            [
              -118.427622,
              33.419096
            ],
            [
              -118.427351,
              33.41958
            ],
            [
              -118.427186,
              33.420095
            ],
            [
              -118.42713,
              33.420627
            ]
          ]
        ]
      },
      "properties": {
        "feature_type": "containment_region_50_pct",
        "hypothesis_id": "4DH_0006",
        "vessel_name": "PATIENCE",
        "radius_m": 340.4
      }
    },
    {
      "type": "Feature",
      "geometry": {
        "type": "Polygon",
        "coordinates": [
          [
            [
              -118.424021,
              33.420627
            ],
            [
              -118.424124,
              33.421609
            ],
            [
              -118.42443,
              33.422562
            ],
            [
              -118.424929,
              33.423456
            ],
            [
              -118.425607,
              33.424263
            ],
            [
              -118.426442,
              33.424961
            ],
            [
              -118.42741,
              33.425526
            ],
            [
              -118.428481,
              33.425943
            ],
            [
              -118.429622,
              33.426198
            ],
            [
              -118.430799,
              33.426284
            ],
            [
              -118.431976,
              33.426198
            ],
            [
              -118.433117,
              33.425943
            ],
            [
              -118.434188,
              33.425526
            ],
            [
              -118.435156,
              33.424961
            ],
            [
              -118.435991,
              33.424263
            ],
            [
              -118.436669,
              33.423456
            ],
            [
              -118.437168,
              33.422562
            ],
            [
              -118.437474,
              33.421609
            ],
            [
              -118.437577,
              33.420627
            ],
            [
              -118.437474,
              33.419645
            ],
            [
              -118.437168,
              33.418692
            ],
            [
              -118.436669,
              33.417798
            ],
            [
              -118.435991,
              33.416991
            ],
            [
              -118.435156,
              33.416293
            ],
            [
              -118.434188,
              33.415728
            ],
            [
              -118.433117,
              33.415311
            ],
            [
              -118.431976,
              33.415056
            ],
            [
              -118.430799,
              33.41497
            ],
            [
              -118.429622,
              33.415056
            ],
            [
              -118.428481,
              33.415311
            ],
            [
              -118.42741,
              33.415728
            ],
            [
              -118.426442,
              33.416293
            ],
            [
              -118.425607,
              33.416991
            ],
            [
              -118.424929,
              33.417798
            ],
            [
              -118.42443,
              33.418692
            ],
            [
              -118.424124,
              33.419645
            ],
            [
              -118.424021,
              33.420627
            ]
          ]
        ]
      },
      "properties": {
        "feature_type": "containment_region_90_pct",
        "hypothesis_id": "4DH_0006",
        "vessel_name": "PATIENCE",
        "radius_m": 628.7
      }
    },
    {
      "type": "Feature",
      "geometry": {
        "type": "Point",
        "coordinates": [
          -118.430635,
          33.420422
        ]
      },
      "properties": {
        "feature_type": "source_centroid",
        "hypothesis_id": "4DH_0007",
        "vessel_name": "CRYSTAL II",
        "mean_lon": -118.430635,
        "mean_lat": 33.420422,
        "spatial_std_m": 178.1,
        "radius_50_pct_m": 280.9,
        "radius_90_pct_m": 620.3
      }
    },
    {
      "type": "Feature",
      "geometry": {
        "type": "Polygon",
        "coordinates": [
          [
            [
              -118.427607,
              33.420422
            ],
            [
              -118.427653,
              33.420861
            ],
            [
              -118.427789,
              33.421286
            ],
            [
              -118.428012,
              33.421685
            ],
            [
              -118.428315,
              33.422046
            ],
            [
              -118.428688,
              33.422358
            ],
            [
              -118.429121,
              33.42261
            ],
            [
              -118.429599,
              33.422797
            ],
            [
              -118.430109,
              33.422911
            ],
            [
              -118.430635,
              33.422949
            ],
            [
              -118.431161,
              33.422911
            ],
            [
              -118.43167,
              33.422797
            ],
            [
              -118.432149,
              33.42261
            ],
            [
              -118.432581,
              33.422358
            ],
            [
              -118.432954,
              33.422046
            ],
            [
              -118.433257,
              33.421685
            ],
            [
              -118.43348,
              33.421286
            ],
            [
              -118.433617,
              33.420861
            ],
            [
              -118.433663,
              33.420422
            ],
            [
              -118.433617,
              33.419983
            ],
            [
              -118.43348,
              33.419557
            ],
            [
              -118.433257,
              33.419158
            ],
            [
              -118.432954,
              33.418797
            ],
            [
              -118.432581,
              33.418485
            ],
            [
              -118.432149,
              33.418233
            ],
            [
              -118.43167,
              33.418047
            ],
            [
              -118.431161,
              33.417933
            ],
            [
              -118.430635,
              33.417894
            ],
            [
              -118.430109,
              33.417933
            ],
            [
              -118.429599,
              33.418047
            ],
            [
              -118.429121,
              33.418233
            ],
            [
              -118.428688,
              33.418485
            ],
            [
              -118.428315,
              33.418797
            ],
            [
              -118.428012,
              33.419158
            ],
            [
              -118.427789,
              33.419557
            ],
            [
              -118.427653,
              33.419983
            ],
            [
              -118.427607,
              33.420422
            ]
          ]
        ]
      },
      "properties": {
        "feature_type": "containment_region_50_pct",
        "hypothesis_id": "4DH_0007",
        "vessel_name": "CRYSTAL II",
        "radius_m": 280.9
      }
    },
    {
      "type": "Feature",
      "geometry": {
        "type": "Polygon",
        "coordinates": [
          [
            [
              -118.423948,
              33.420422
            ],
            [
              -118.42405,
              33.421391
            ],
            [
              -118.424351,
              33.42233
            ],
            [
              -118.424844,
              33.423212
            ],
            [
              -118.425512,
              33.424009
            ],
            [
              -118.426337,
              33.424697
            ],
            [
              -118.427291,
              33.425255
            ],
            [
              -118.428348,
              33.425666
            ],
            [
              -118.429474,
              33.425918
            ],
            [
              -118.430635,
              33.426003
            ],
            [
              -118.431796,
              33.425918
            ],
            [
              -118.432922,
              33.425666
            ],
            [
              -118.433978,
              33.425255
            ],
            [
              -118.434933,
              33.424697
            ],
            [
              -118.435757,
              33.424009
            ],
            [
              -118.436425,
              33.423212
            ],
            [
              -118.436918,
              33.42233
            ],
            [
              -118.43722,
              33.421391
            ],
            [
              -118.437321,
              33.420422
            ],
            [
              -118.43722,
              33.419452
            ],
            [
              -118.436918,
              33.418513
            ],
            [
              -118.436425,
              33.417631
            ],
            [
              -118.435757,
              33.416834
            ],
            [
              -118.434933,
              33.416146
            ],
            [
              -118.433978,
              33.415588
            ],
            [
              -118.432922,
              33.415177
            ],
            [
              -118.431796,
              33.414925
            ],
            [
              -118.430635,
              33.414841
            ],
            [
              -118.429474,
              33.414925
            ],
            [
              -118.428348,
              33.415177
            ],
            [
              -118.427291,
              33.415588
            ],
            [
              -118.426337,
              33.416146
            ],
            [
              -118.425512,
              33.416834
            ],
            [
              -118.424844,
              33.417631
            ],
            [
              -118.424351,
              33.418513
            ],
            [
              -118.42405,
              33.419452
            ],
            [
              -118.423948,
              33.420422
            ]
          ]
        ]
      },
      "properties": {
        "feature_type": "containment_region_90_pct",
        "hypothesis_id": "4DH_0007",
        "vessel_name": "CRYSTAL II",
        "radius_m": 620.3
      }
    },
    {
      "type": "Feature",
      "geometry": {
        "type": "Point",
        "coordinates": [
          -118.430729,
          33.420789
        ]
      },
      "properties": {
        "feature_type": "source_centroid",
        "hypothesis_id": "4DH_0008",
        "vessel_name": "SOME TUESDAY",
        "mean_lon": -118.430729,
        "mean_lat": 33.420789,
        "spatial_std_m": 167.7,
        "radius_50_pct_m": 227.8,
        "radius_90_pct_m": 500.4
      }
    },
    {
      "type": "Feature",
      "geometry": {
        "type": "Polygon",
        "coordinates": [
          [
            [
              -118.428273,
              33.420789
            ],
            [
              -118.42831,
              33.421145
            ],
            [
              -118.428421,
              33.42149
            ],
            [
              -118.428602,
              33.421814
            ],
            [
              -118.428848,
              33.422107
            ],
            [
              -118.42915,
              33.422359
            ],
            [
              -118.429501,
              33.422564
            ],
            [
              -118.429889,
              33.422715
            ],
            [
              -118.430303,
              33.422808
            ],
            [
              -118.430729,
              33.422839
            ],
            [
              -118.431155,
              33.422808
            ],
            [
              -118.431569,
              33.422715
            ],
            [
              -118.431957,
              33.422564
            ],
            [
              -118.432308,
              33.422359
            ],
            [
              -118.43261,
              33.422107
            ],
            [
              -118.432856,
              33.421814
            ],
            [
              -118.433037,
              33.42149
            ],
            [
              -118.433147,
              33.421145
            ],
            [
              -118.433185,
              33.420789
            ],
            [
              -118.433147,
              33.420433
            ],
            [
              -118.433037,
              33.420088
            ],
            [
              -118.432856,
              33.419764
            ],
            [
              -118.43261,
              33.419471
            ],
            [
              -118.432308,
              33.419219
            ],
            [
              -118.431957,
              33.419014
            ],
            [
              -118.431569,
              33.418863
            ],
            [
              -118.431155,
              33.41877
            ],
            [
              -118.430729,
              33.418739
            ],
            [
              -118.430303,
              33.41877
            ],
            [
              -118.429889,
              33.418863
            ],
            [
              -118.429501,
              33.419014
            ],
            [
              -118.42915,
              33.419219
            ],
            [
              -118.428848,
              33.419471
            ],
            [
              -118.428602,
              33.419764
            ],
            [
              -118.428421,
              33.420088
            ],
            [
              -118.42831,
              33.420433
            ],
            [
              -118.428273,
              33.420789
            ]
          ]
        ]
      },
      "properties": {
        "feature_type": "containment_region_50_pct",
        "hypothesis_id": "4DH_0008",
        "vessel_name": "SOME TUESDAY",
        "radius_m": 227.8
      }
    },
    {
      "type": "Feature",
      "geometry": {
        "type": "Polygon",
        "coordinates": [
          [
            [
              -118.425334,
              33.420789
            ],
            [
              -118.425416,
              33.421571
            ],
            [
              -118.42566,
              33.422329
            ],
            [
              -118.426057,
              33.42304
            ],
            [
              -118.426596,
              33.423683
            ],
            [
              -118.427261,
              33.424238
            ],
            [
              -118.428032,
              33.424689
            ],
            [
              -118.428884,
              33.42502
            ],
            [
              -118.429792,
              33.425223
            ],
            [
              -118.430729,
              33.425292
            ],
            [
              -118.431666,
              33.425223
            ],
            [
              -118.432574,
              33.42502
            ],
            [
              -118.433426,
              33.424689
            ],
            [
              -118.434197,
              33.424238
            ],
            [
              -118.434862,
              33.423683
            ],
            [
              -118.435401,
              33.42304
            ],
            [
              -118.435798,
              33.422329
            ],
            [
              -118.436042,
              33.421571
            ],
            [
              -118.436124,
              33.420789
            ],
            [
              -118.436042,
              33.420007
            ],
            [
              -118.435798,
              33.419249
            ],
            [
              -118.435401,
              33.418538
            ],
            [
              -118.434862,
              33.417895
            ],
            [
              -118.434197,
              33.41734
            ],
            [
              -118.433426,
              33.41689
            ],
            [
              -118.432574,
              33.416558
            ],
            [
              -118.431666,
              33.416355
            ],
            [
              -118.430729,
              33.416286
            ],
            [
              -118.429792,
              33.416355
            ],
            [
              -118.428884,
              33.416558
            ],
            [
              -118.428032,
              33.41689
            ],
            [
              -118.427261,
              33.41734
            ],
            [
              -118.426596,
              33.417895
            ],
            [
              -118.426057,
              33.418538
            ],
            [
              -118.42566,
              33.419249
            ],
            [
              -118.425416,
              33.420007
            ],
            [
              -118.425334,
              33.420789
            ]
          ]
        ]
      },
      "properties": {
        "feature_type": "containment_region_90_pct",
        "hypothesis_id": "4DH_0008",
        "vessel_name": "SOME TUESDAY",
        "radius_m": 500.4
      }
    },
    {
      "type": "Feature",
      "geometry": {
        "type": "Point",
        "coordinates": [
          -118.43093,
          33.420051
        ]
      },
      "properties": {
        "feature_type": "source_centroid",
        "hypothesis_id": "4DH_0009",
        "vessel_name": "JIMNI",
        "mean_lon": -118.43093,
        "mean_lat": 33.420051,
        "spatial_std_m": 131.9,
        "radius_50_pct_m": 280.7,
        "radius_90_pct_m": 519.1
      }
    },
    {
      "type": "Feature",
      "geometry": {
        "type": "Polygon",
        "coordinates": [
          [
            [
              -118.427904,
              33.420051
            ],
            [
              -118.42795,
              33.42049
            ],
            [
              -118.428086,
              33.420915
            ],
            [
              -118.428309,
              33.421314
            ],
            [
              -118.428612,
              33.421675
            ],
            [
              -118.428985,
              33.421986
            ],
            [
              -118.429417,
              33.422238
            ],
            [
              -118.429895,
              33.422424
            ],
            [
              -118.430404,
              33.422538
            ],
            [
              -118.43093,
              33.422577
            ],
            [
              -118.431455,
              33.422538
            ],
            [
              -118.431965,
              33.422424
            ],
            [
              -118.432443,
              33.422238
            ],
            [
              -118.432875,
              33.421986
            ],
            [
              -118.433248,
              33.421675
            ],
            [
              -118.43355,
              33.421314
            ],
            [
              -118.433773,
              33.420915
            ],
            [
              -118.43391,
              33.42049
            ],
            [
              -118.433956,
              33.420051
            ],
            [
              -118.43391,
              33.419613
            ],
            [
              -118.433773,
              33.419187
            ],
            [
              -118.43355,
              33.418788
            ],
            [
              -118.433248,
              33.418428
            ],
            [
              -118.432875,
              33.418116
            ],
            [
              -118.432443,
              33.417864
            ],
            [
              -118.431965,
              33.417678
            ],
            [
              -118.431455,
              33.417564
            ],
            [
              -118.43093,
              33.417525
            ],
            [
              -118.430404,
              33.417564
            ],
            [
              -118.429895,
              33.417678
            ],
            [
              -118.429417,
              33.417864
            ],
            [
              -118.428985,
              33.418116
            ],
            [
              -118.428612,
              33.418428
            ],
            [
              -118.428309,
              33.418788
            ],
            [
              -118.428086,
              33.419187
            ],
            [
              -118.42795,
              33.419613
            ],
            [
              -118.427904,
              33.420051
            ]
          ]
        ]
      },
      "properties": {
        "feature_type": "containment_region_50_pct",
        "hypothesis_id": "4DH_0009",
        "vessel_name": "JIMNI",
        "radius_m": 280.7
      }
    },
    {
      "type": "Feature",
      "geometry": {
        "type": "Polygon",
        "coordinates": [
          [
            [
              -118.425334,
              33.420051
            ],
            [
              -118.425419,
              33.420862
            ],
            [
              -118.425671,
              33.421648
            ],
            [
              -118.426084,
              33.422386
            ],
            [
              -118.426643,
              33.423053
            ],
            [
              -118.427333,
              33.423629
            ],
            [
              -118.428132,
              33.424096
            ],
            [
              -118.429016,
              33.42444
            ],
            [
              -118.429958,
              33.424651
            ],
            [
              -118.43093,
              33.424722
            ],
            [
              -118.431901,
              33.424651
            ],
            [
              -118.432843,
              33.42444
            ],
            [
              -118.433727,
              33.424096
            ],
            [
              -118.434526,
              33.423629
            ],
            [
              -118.435216,
              33.423053
            ],
            [
              -118.435776,
              33.422386
            ],
            [
              -118.436188,
              33.421648
            ],
            [
              -118.43644,
              33.420862
            ],
            [
              -118.436525,
              33.420051
            ],
            [
              -118.43644,
              33.41924
            ],
            [
              -118.436188,
              33.418454
            ],
            [
              -118.435776,
              33.417716
            ],
            [
              -118.435216,
              33.417049
            ],
            [
              -118.434526,
              33.416473
            ],
            [
              -118.433727,
              33.416006
            ],
            [
              -118.432843,
              33.415662
            ],
            [
              -118.431901,
              33.415452
            ],
            [
              -118.43093,
              33.415381
            ],
            [
              -118.429958,
              33.415452
            ],
            [
              -118.429016,
              33.415662
            ],
            [
              -118.428132,
              33.416006
            ],
            [
              -118.427333,
              33.416473
            ],
            [
              -118.426643,
              33.417049
            ],
            [
              -118.426084,
              33.417716
            ],
            [
              -118.425671,
              33.418454
            ],
            [
              -118.425419,
              33.41924
            ],
            [
              -118.425334,
              33.420051
            ]
          ]
        ]
      },
      "properties": {
        "feature_type": "containment_region_90_pct",
        "hypothesis_id": "4DH_0009",
        "vessel_name": "JIMNI",
        "radius_m": 519.1
      }
    },
    {
      "type": "Feature",
      "geometry": {
        "type": "Point",
        "coordinates": [
          -118.430376,
          33.420463
        ]
      },
      "properties": {
        "feature_type": "source_centroid",
        "hypothesis_id": "4DH_0010",
        "vessel_name": "TS MANILA",
        "mean_lon": -118.430376,
        "mean_lat": 33.420463,
        "spatial_std_m": 158.3,
        "radius_50_pct_m": 299.3,
        "radius_90_pct_m": 491.4
      }
    },
    {
      "type": "Feature",
      "geometry": {
        "type": "Polygon",
        "coordinates": [
          [
            [
              -118.42715,
              33.420463
            ],
            [
              -118.427199,
              33.42093
            ],
            [
              -118.427345,
              33.421384
            ],
            [
              -118.427582,
              33.421809
            ],
            [
              -118.427905,
              33.422193
            ],
            [
              -118.428302,
              33.422525
            ],
            [
              -118.428763,
              33.422795
            ],
            [
              -118.429273,
              33.422993
            ],
            [
              -118.429816,
              33.423114
            ],
            [
              -118.430376,
              33.423155
            ],
            [
              -118.430936,
              33.423114
            ],
            [
              -118.43148,
              33.422993
            ],
            [
              -118.431989,
              33.422795
            ],
            [
              -118.43245,
              33.422525
            ],
            [
              -118.432848,
              33.422193
            ],
            [
              -118.43317,
              33.421809
            ],
            [
              -118.433408,
              33.421384
            ],
            [
              -118.433553,
              33.42093
            ],
            [
              -118.433602,
              33.420463
            ],
            [
              -118.433553,
              33.419995
            ],
            [
              -118.433408,
              33.419542
            ],
            [
              -118.43317,
              33.419116
            ],
            [
              -118.432848,
              33.418732
            ],
            [
              -118.43245,
              33.4184
            ],
            [
              -118.431989,
              33.418131
            ],
            [
              -118.43148,
              33.417932
            ],
            [
              -118.430936,
              33.417811
            ],
            [
              -118.430376,
              33.41777
            ],
            [
              -118.429816,
              33.417811
            ],
            [
              -118.429273,
              33.417932
            ],
            [
              -118.428763,
              33.418131
            ],
            [
              -118.428302,
              33.4184
            ],
            [
              -118.427905,
              33.418732
            ],
            [
              -118.427582,
              33.419116
            ],
            [
              -118.427345,
              33.419542
            ],
            [
              -118.427199,
              33.419995
            ],
            [
              -118.42715,
              33.420463
            ]
          ]
        ]
      },
      "properties": {
        "feature_type": "containment_region_50_pct",
        "hypothesis_id": "4DH_0010",
        "vessel_name": "TS MANILA",
        "radius_m": 299.3
      }
    },
    {
      "type": "Feature",
      "geometry": {
        "type": "Polygon",
        "coordinates": [
          [
            [
              -118.425079,
              33.420463
            ],
            [
              -118.425159,
              33.42123
            ],
            [
              -118.425398,
              33.421975
            ],
            [
              -118.425789,
              33.422673
            ],
            [
              -118.426318,
              33.423305
            ],
            [
              -118.426971,
              33.42385
            ],
            [
              -118.427728,
              33.424292
            ],
            [
              -118.428564,
              33.424617
            ],
            [
              -118.429456,
              33.424817
            ],
            [
              -118.430376,
              33.424884
            ],
            [
              -118.431296,
              33.424817
            ],
            [
              -118.432188,
              33.424617
            ],
            [
              -118.433025,
              33.424292
            ],
            [
              -118.433781,
              33.42385
            ],
            [
              -118.434434,
              33.423305
            ],
            [
              -118.434964,
              33.422673
            ],
            [
              -118.435354,
              33.421975
            ],
            [
              -118.435593,
              33.42123
            ],
            [
              -118.435674,
              33.420463
            ],
            [
              -118.435593,
              33.419695
            ],
            [
              -118.435354,
              33.41895
            ],
            [
              -118.434964,
              33.418252
            ],
            [
              -118.434434,
              33.417621
            ],
            [
              -118.433781,
              33.417076
            ],
            [
              -118.433025,
              33.416633
            ],
            [
              -118.432188,
              33.416308
            ],
            [
              -118.431296,
              33.416108
            ],
            [
              -118.430376,
              33.416041
            ],
            [
              -118.429456,
              33.416108
            ],
            [
              -118.428564,
              33.416308
            ],
            [
              -118.427728,
              33.416633
            ],
            [
              -118.426971,
              33.417076
            ],
            [
              -118.426318,
              33.417621
            ],
            [
              -118.425789,
              33.418252
            ],
            [
              -118.425398,
              33.41895
            ],
            [
              -118.425159,
              33.419695
            ],
            [
              -118.425079,
              33.420463
            ]
          ]
        ]
      },
      "properties": {
        "feature_type": "containment_region_90_pct",
        "hypothesis_id": "4DH_0010",
        "vessel_name": "TS MANILA",
        "radius_m": 491.4
      }
    },
    {
      "type": "Feature",
      "geometry": {
        "type": "Point",
        "coordinates": [
          -118.412875,
          33.414848
        ]
      },
      "properties": {
        "feature_type": "source_centroid",
        "hypothesis_id": "4DH_0011",
        "vessel_name": "CALYPSO",
        "mean_lon": -118.412875,
        "mean_lat": 33.414848,
        "spatial_std_m": 173.1,
        "radius_50_pct_m": 283.8,
        "radius_90_pct_m": 539.8
      }
    },
    {
      "type": "Feature",
      "geometry": {
        "type": "Polygon",
        "coordinates": [
          [
            [
              -118.409816,
              33.414848
            ],
            [
              -118.409862,
              33.415292
            ],
            [
              -118.41,
              33.415722
            ],
            [
              -118.410226,
              33.416125
            ],
            [
              -118.410532,
              33.41649
            ],
            [
              -118.410909,
              33.416805
            ],
            [
              -118.411346,
              33.41706
            ],
            [
              -118.411829,
              33.417248
            ],
            [
              -118.412344,
              33.417363
            ],
            [
              -118.412875,
              33.417402
            ],
            [
              -118.413407,
              33.417363
            ],
            [
              -118.413922,
              33.417248
            ],
            [
              -118.414405,
              33.41706
            ],
            [
              -118.414842,
              33.416805
            ],
            [
              -118.415219,
              33.41649
            ],
            [
              -118.415525,
              33.416125
            ],
            [
              -118.41575,
              33.415722
            ],
            [
              -118.415889,
              33.415292
            ],
            [
              -118.415935,
              33.414848
            ],
            [
              -118.415889,
              33.414405
            ],
            [
              -118.41575,
              33.413975
            ],
            [
              -118.415525,
              33.413571
            ],
            [
              -118.415219,
              33.413207
            ],
            [
              -118.414842,
              33.412892
            ],
            [
              -118.414405,
              33.412637
            ],
            [
              -118.413922,
              33.412449
            ],
            [
              -118.413407,
              33.412333
            ],
            [
              -118.412875,
              33.412295
            ],
            [
              -118.412344,
              33.412333
            ],
            [
              -118.411829,
              33.412449
            ],
            [
              -118.411346,
              33.412637
            ],
            [
              -118.410909,
              33.412892
            ],
            [
              -118.410532,
              33.413207
            ],
            [
              -118.410226,
              33.413571
            ],
            [
              -118.41,
              33.413975
            ],
            [
              -118.409862,
              33.414405
            ],
            [
              -118.409816,
              33.414848
            ]
          ]
        ]
      },
      "properties": {
        "feature_type": "containment_region_50_pct",
        "hypothesis_id": "4DH_0011",
        "vessel_name": "CALYPSO",
        "radius_m": 283.8
      }
    },
    {
      "type": "Feature",
      "geometry": {
        "type": "Polygon",
        "coordinates": [
          [
            [
              -118.407057,
              33.414848
            ],
            [
              -118.407145,
              33.415692
            ],
            [
              -118.407408,
              33.416509
            ],
            [
              -118.407836,
              33.417277
            ],
            [
              -118.408418,
              33.41797
            ],
            [
              -118.409135,
              33.418569
            ],
            [
              -118.409966,
              33.419054
            ],
            [
              -118.410885,
              33.419412
            ],
            [
              -118.411865,
              33.419631
            ],
            [
              -118.412875,
              33.419705
            ],
            [
              -118.413886,
              33.419631
            ],
            [
              -118.414865,
              33.419412
            ],
            [
              -118.415785,
              33.419054
            ],
            [
              -118.416615,
              33.418569
            ],
            [
              -118.417333,
              33.41797
            ],
            [
              -118.417914,
              33.417277
            ],
            [
              -118.418343,
              33.416509
            ],
            [
              -118.418605,
              33.415692
            ],
            [
              -118.418694,
              33.414848
            ],
            [
              -118.418605,
              33.414005
            ],
            [
              -118.418343,
              33.413187
            ],
            [
              -118.417914,
              33.41242
            ],
            [
              -118.417333,
              33.411727
            ],
            [
              -118.416615,
              33.411128
            ],
            [
              -118.415785,
              33.410642
            ],
            [
              -118.414865,
              33.410285
            ],
            [
              -118.413886,
              33.410066
            ],
            [
              -118.412875,
              33.409992
            ],
            [
              -118.411865,
              33.410066
            ],
            [
              -118.410885,
              33.410285
            ],
            [
              -118.409966,
              33.410642
            ],
            [
              -118.409135,
              33.411128
            ],
            [
              -118.408418,
              33.411727
            ],
            [
              -118.407836,
              33.41242
            ],
            [
              -118.407408,
              33.413187
            ],
            [
              -118.407145,
              33.414005
            ],
            [
              -118.407057,
              33.414848
            ]
          ]
        ]
      },
      "properties": {
        "feature_type": "containment_region_90_pct",
        "hypothesis_id": "4DH_0011",
        "vessel_name": "CALYPSO",
        "radius_m": 539.8
      }
    },
    {
      "type": "Feature",
      "geometry": {
        "type": "Point",
        "coordinates": [
          -118.412426,
          33.415176
        ]
      },
      "properties": {
        "feature_type": "source_centroid",
        "hypothesis_id": "4DH_0012",
        "vessel_name": "LAST DANCE",
        "mean_lon": -118.412426,
        "mean_lat": 33.415176,
        "spatial_std_m": 177.5,
        "radius_50_pct_m": 289.0,
        "radius_90_pct_m": 587.6
      }
    },
    {
      "type": "Feature",
      "geometry": {
        "type": "Polygon",
        "coordinates": [
          [
            [
              -118.40931,
              33.415176
            ],
            [
              -118.409358,
              33.415628
            ],
            [
              -118.409498,
              33.416066
            ],
            [
              -118.409728,
              33.416476
            ],
            [
              -118.410039,
              33.416848
            ],
            [
              -118.410423,
              33.417168
            ],
            [
              -118.410868,
              33.417428
            ],
            [
              -118.41136,
              33.41762
            ],
            [
              -118.411885,
              33.417737
            ],
            [
              -118.412426,
              33.417777
            ],
            [
              -118.412967,
              33.417737
            ],
            [
              -118.413491,
              33.41762
            ],
            [
              -118.413983,
              33.417428
            ],
            [
              -118.414428,
              33.417168
            ],
            [
              -118.414812,
              33.416848
            ],
            [
              -118.415124,
              33.416476
            ],
            [
              -118.415353,
              33.416066
            ],
            [
              -118.415494,
              33.415628
            ],
            [
              -118.415541,
              33.415176
            ],
            [
              -118.415494,
              33.414725
            ],
            [
              -118.415353,
              33.414287
            ],
            [
              -118.415124,
              33.413876
            ],
            [
              -118.414812,
              33.413505
            ],
            [
              -118.414428,
              33.413184
            ],
            [
              -118.413983,
              33.412924
            ],
            [
              -118.413491,
              33.412733
            ],
            [
              -118.412967,
              33.412615
            ],
            [
              -118.412426,
              33.412576
            ],
            [
              -118.411885,
              33.412615
            ],
            [
              -118.41136,
              33.412733
            ],
            [
              -118.410868,
              33.412924
            ],
            [
              -118.410423,
              33.413184
            ],
            [
              -118.410039,
              33.413505
            ],
            [
              -118.409728,
              33.413876
            ],
            [
              -118.409498,
              33.414287
            ],
            [
              -118.409358,
              33.414725
            ],
            [
              -118.40931,
              33.415176
            ]
          ]
        ]
      },
      "properties": {
        "feature_type": "containment_region_50_pct",
        "hypothesis_id": "4DH_0012",
        "vessel_name": "LAST DANCE",
        "radius_m": 289.0
      }
    },
    {
      "type": "Feature",
      "geometry": {
        "type": "Polygon",
        "coordinates": [
          [
            [
              -118.406092,
              33.415176
            ],
            [
              -118.406188,
              33.416094
            ],
            [
              -118.406474,
              33.416984
            ],
            [
              -118.40694,
              33.41782
            ],
            [
              -118.407573,
              33.418575
            ],
            [
              -118.408354,
              33.419226
            ],
            [
              -118.409259,
              33.419755
            ],
            [
              -118.410259,
              33.420144
            ],
            [
              -118.411326,
              33.420383
            ],
            [
              -118.412426,
              33.420463
            ],
            [
              -118.413526,
              33.420383
            ],
            [
              -118.414592,
              33.420144
            ],
            [
              -118.415593,
              33.419755
            ],
            [
              -118.416497,
              33.419226
            ],
            [
              -118.417278,
              33.418575
            ],
            [
              -118.417911,
              33.41782
            ],
            [
              -118.418378,
              33.416984
            ],
            [
              -118.418664,
              33.416094
            ],
            [
              -118.41876,
              33.415176
            ],
            [
              -118.418664,
              33.414258
            ],
            [
              -118.418378,
              33.413368
            ],
            [
              -118.417911,
              33.412533
            ],
            [
              -118.417278,
              33.411778
            ],
            [
              -118.416497,
              33.411126
            ],
            [
              -118.415593,
              33.410597
            ],
            [
              -118.414592,
              33.410208
            ],
            [
              -118.413526,
              33.409969
            ],
            [
              -118.412426,
              33.409889
            ],
            [
              -118.411326,
              33.409969
            ],
            [
              -118.410259,
              33.410208
            ],
            [
              -118.409259,
              33.410597
            ],
            [
              -118.408354,
              33.411126
            ],
            [
              -118.407573,
              33.411778
            ],
            [
              -118.40694,
              33.412533
            ],
            [
              -118.406474,
              33.413368
            ],
            [
              -118.406188,
              33.414258
            ],
            [
              -118.406092,
              33.415176
            ]
          ]
        ]
      },
      "properties": {
        "feature_type": "containment_region_90_pct",
        "hypothesis_id": "4DH_0012",
        "vessel_name": "LAST DANCE",
        "radius_m": 587.6
      }
    },
    {
      "type": "Feature",
      "geometry": {
        "type": "Point",
        "coordinates": [
          -118.412721,
          33.414185
        ]
      },
      "properties": {
        "feature_type": "source_centroid",
        "hypothesis_id": "4DH_0013",
        "vessel_name": "LEGASEA",
        "mean_lon": -118.412721,
        "mean_lat": 33.414185,
        "spatial_std_m": 150.5,
        "radius_50_pct_m": 310.2,
        "radius_90_pct_m": 535.3
      }
    },
    {
      "type": "Feature",
      "geometry": {
        "type": "Polygon",
        "coordinates": [
          [
            [
              -118.409377,
              33.414185
            ],
            [
              -118.409428,
              33.41467
            ],
            [
              -118.409579,
              33.41514
            ],
            [
              -118.409825,
              33.415581
            ],
            [
              -118.410159,
              33.41598
            ],
            [
              -118.410572,
              33.416324
            ],
            [
              -118.411049,
              33.416603
            ],
            [
              -118.411577,
              33.416808
            ],
            [
              -118.41214,
              33.416934
            ],
            [
              -118.412721,
              33.416977
            ],
            [
              -118.413302,
              33.416934
            ],
            [
              -118.413865,
              33.416808
            ],
            [
              -118.414393,
              33.416603
            ],
            [
              -118.414871,
              33.416324
            ],
            [
              -118.415283,
              33.41598
            ],
            [
              -118.415617,
              33.415581
            ],
            [
              -118.415864,
              33.41514
            ],
            [
              -118.416014,
              33.41467
            ],
            [
              -118.416065,
              33.414185
            ],
            [
              -118.416014,
              33.413701
            ],
            [
              -118.415864,
              33.413231
            ],
            [
              -118.415617,
              33.41279
            ],
            [
              -118.415283,
              33.412391
            ],
            [
              -118.414871,
              33.412047
            ],
            [
              -118.414393,
              33.411768
            ],
            [
              -118.413865,
              33.411562
            ],
            [
              -118.413302,
              33.411436
            ],
            [
              -118.412721,
              33.411394
            ],
            [
              -118.41214,
              33.411436
            ],
            [
              -118.411577,
              33.411562
            ],
            [
              -118.411049,
              33.411768
            ],
            [
              -118.410572,
              33.412047
            ],
            [
              -118.410159,
              33.412391
            ],
            [
              -118.409825,
              33.41279
            ],
            [
              -118.409579,
              33.413231
            ],
            [
              -118.409428,
              33.413701
            ],
            [
              -118.409377,
              33.414185
            ]
          ]
        ]
      },
      "properties": {
        "feature_type": "containment_region_50_pct",
        "hypothesis_id": "4DH_0013",
        "vessel_name": "LEGASEA",
        "radius_m": 310.2
      }
    },
    {
      "type": "Feature",
      "geometry": {
        "type": "Polygon",
        "coordinates": [
          [
            [
              -118.406951,
              33.414185
            ],
            [
              -118.407039,
              33.415022
            ],
            [
              -118.407299,
              33.415833
            ],
            [
              -118.407724,
              33.416593
            ],
            [
              -118.408301,
              33.417281
            ],
            [
              -118.409012,
              33.417875
            ],
            [
              -118.409836,
              33.418356
            ],
            [
              -118.410748,
              33.418711
            ],
            [
              -118.411719,
              33.418928
            ],
            [
              -118.412721,
              33.419002
            ],
            [
              -118.413723,
              33.418928
            ],
            [
              -118.414695,
              33.418711
            ],
            [
              -118.415606,
              33.418356
            ],
            [
              -118.41643,
              33.417875
            ],
            [
              -118.417141,
              33.417281
            ],
            [
              -118.417718,
              33.416593
            ],
            [
              -118.418143,
              33.415833
            ],
            [
              -118.418403,
              33.415022
            ],
            [
              -118.418491,
              33.414185
            ],
            [
              -118.418403,
              33.413349
            ],
            [
              -118.418143,
              33.412538
            ],
            [
              -118.417718,
              33.411777
            ],
            [
              -118.417141,
              33.41109
            ],
            [
              -118.41643,
              33.410496
            ],
            [
              -118.415606,
              33.410014
            ],
            [
              -118.414695,
              33.40966
            ],
            [
              -118.413723,
              33.409442
            ],
            [
              -118.412721,
              33.409369
            ],
            [
              -118.411719,
              33.409442
            ],
            [
              -118.410748,
              33.40966
            ],
            [
              -118.409836,
              33.410014
            ],
            [
              -118.409012,
              33.410496
            ],
            [
              -118.408301,
              33.41109
            ],
            [
              -118.407724,
              33.411777
            ],
            [
              -118.407299,
              33.412538
            ],
            [
              -118.407039,
              33.413349
            ],
            [
              -118.406951,
              33.414185
            ]
          ]
        ]
      },
      "properties": {
        "feature_type": "containment_region_90_pct",
        "hypothesis_id": "4DH_0013",
        "vessel_name": "LEGASEA",
        "radius_m": 535.3
      }
    },
    {
      "type": "Feature",
      "geometry": {
        "type": "Point",
        "coordinates": [
          -118.412675,
          33.414677
        ]
      },
      "properties": {
        "feature_type": "source_centroid",
        "hypothesis_id": "4DH_0014",
        "vessel_name": "ROAM",
        "mean_lon": -118.412675,
        "mean_lat": 33.414677,
        "spatial_std_m": 169.8,
        "radius_50_pct_m": 290.0,
        "radius_90_pct_m": 514.5
      }
    },
    {
      "type": "Feature",
      "geometry": {
        "type": "Polygon",
        "coordinates": [
          [
            [
              -118.409549,
              33.414677
            ],
            [
              -118.409596,
              33.41513
            ],
            [
              -118.409737,
              33.41557
            ],
            [
              -118.409968,
              33.415982
            ],
            [
              -118.41028,
              33.416355
            ],
            [
              -118.410666,
              33.416676
            ],
            [
              -118.411112,
              33.416937
            ],
            [
              -118.411606,
              33.417129
            ],
            [
              -118.412132,
              33.417247
            ],
            [
              -118.412675,
              33.417287
            ],
            [
              -118.413218,
              33.417247
            ],
            [
              -118.413744,
              33.417129
            ],
            [
              -118.414238,
              33.416937
            ],
            [
              -118.414685,
              33.416676
            ],
            [
              -118.41507,
              33.416355
            ],
            [
              -118.415383,
              33.415982
            ],
            [
              -118.415613,
              33.41557
            ],
            [
              -118.415754,
              33.41513
            ],
            [
              -118.415802,
              33.414677
            ],
            [
              -118.415754,
              33.414224
            ],
            [
              -118.415613,
              33.413785
            ],
            [
              -118.415383,
              33.413372
            ],
            [
              -118.41507,
              33.413
            ],
            [
              -118.414685,
              33.412678
            ],
            [
              -118.414238,
              33.412417
            ],
            [
              -118.413744,
              33.412225
            ],
            [
              -118.413218,
              33.412107
            ],
            [
              -118.412675,
              33.412068
            ],
            [
              -118.412132,
              33.412107
            ],
            [
              -118.411606,
              33.412225
            ],
            [
              -118.411112,
              33.412417
            ],
            [
              -118.410666,
              33.412678
            ],
            [
              -118.41028,
              33.413
            ],
            [
              -118.409968,
              33.413372
            ],
            [
              -118.409737,
              33.413785
            ],
            [
              -118.409596,
              33.414224
            ],
            [
              -118.409549,
              33.414677
            ]
          ]
        ]
      },
      "properties": {
        "feature_type": "containment_region_50_pct",
        "hypothesis_id": "4DH_0014",
        "vessel_name": "ROAM",
        "radius_m": 290.0
      }
    },
    {
      "type": "Feature",
      "geometry": {
        "type": "Polygon",
        "coordinates": [
          [
            [
              -118.407129,
              33.414677
            ],
            [
              -118.407214,
              33.415481
            ],
            [
              -118.407464,
              33.41626
            ],
            [
              -118.407872,
              33.416992
            ],
            [
              -118.408427,
              33.417653
            ],
            [
              -118.40911,
              33.418223
            ],
            [
              -118.409902,
              33.418686
            ],
            [
              -118.410778,
              33.419027
            ],
            [
              -118.411712,
              33.419236
            ],
            [
              -118.412675,
              33.419306
            ],
            [
              -118.413638,
              33.419236
            ],
            [
              -118.414572,
              33.419027
            ],
            [
              -118.415448,
              33.418686
            ],
            [
              -118.41624,
              33.418223
            ],
            [
              -118.416923,
              33.417653
            ],
            [
              -118.417478,
              33.416992
            ],
            [
              -118.417886,
              33.41626
            ],
            [
              -118.418137,
              33.415481
            ],
            [
              -118.418221,
              33.414677
            ],
            [
              -118.418137,
              33.413873
            ],
            [
              -118.417886,
              33.413094
            ],
            [
              -118.417478,
              33.412363
            ],
            [
              -118.416923,
              33.411702
            ],
            [
              -118.41624,
              33.411131
            ],
            [
              -118.415448,
              33.410668
            ],
            [
              -118.414572,
              33.410327
            ],
            [
              -118.413638,
              33.410118
            ],
            [
              -118.412675,
              33.410048
            ],
            [
              -118.411712,
              33.410118
            ],
            [
              -118.410778,
              33.410327
            ],
            [
              -118.409902,
              33.410668
            ],
            [
              -118.40911,
              33.411131
            ],
            [
              -118.408427,
              33.411702
            ],
            [
              -118.407872,
              33.412363
            ],
            [
              -118.407464,
              33.413094
            ],
            [
              -118.407214,
              33.413873
            ],
            [
              -118.407129,
              33.414677
            ]
          ]
        ]
      },
      "properties": {
        "feature_type": "containment_region_90_pct",
        "hypothesis_id": "4DH_0014",
        "vessel_name": "ROAM",
        "radius_m": 514.5
      }
    },
    {
      "type": "Feature",
      "geometry": {
        "type": "Point",
        "coordinates": [
          -118.413009,
          33.414825
        ]
      },
      "properties": {
        "feature_type": "source_centroid",
        "hypothesis_id": "4DH_0015",
        "vessel_name": "PATIENCE",
        "mean_lon": -118.413009,
        "mean_lat": 33.414825,
        "spatial_std_m": 138.6,
        "radius_50_pct_m": 268.8,
        "radius_90_pct_m": 428.4
      }
    },
    {
      "type": "Feature",
      "geometry": {
        "type": "Polygon",
        "coordinates": [
          [
            [
              -118.410111,
              33.414825
            ],
            [
              -118.410155,
              33.415245
            ],
            [
              -118.410286,
              33.415652
            ],
            [
              -118.4105,
              33.416034
            ],
            [
              -118.410789,
              33.416379
            ],
            [
              -118.411146,
              33.416678
            ],
            [
              -118.41156,
              33.416919
            ],
            [
              -118.412018,
              33.417098
            ],
            [
              -118.412506,
              33.417207
            ],
            [
              -118.413009,
              33.417243
            ],
            [
              -118.413512,
              33.417207
            ],
            [
              -118.414,
              33.417098
            ],
            [
              -118.414458,
              33.416919
            ],
            [
              -118.414872,
              33.416678
            ],
            [
              -118.415229,
              33.416379
            ],
            [
              -118.415519,
              33.416034
            ],
            [
              -118.415732,
              33.415652
            ],
            [
              -118.415863,
              33.415245
            ],
            [
              -118.415907,
              33.414825
            ],
            [
              -118.415863,
              33.414405
            ],
            [
              -118.415732,
              33.413997
            ],
            [
              -118.415519,
              33.413615
            ],
            [
              -118.415229,
              33.41327
            ],
            [
              -118.414872,
              33.412972
            ],
            [
              -118.414458,
              33.41273
            ],
            [
              -118.414,
              33.412552
            ],
            [
              -118.413512,
              33.412443
            ],
            [
              -118.413009,
              33.412406
            ],
            [
              -118.412506,
              33.412443
            ],
            [
              -118.412018,
              33.412552
            ],
            [
              -118.41156,
              33.41273
            ],
            [
              -118.411146,
              33.412972
            ],
            [
              -118.410789,
              33.41327
            ],
            [
              -118.4105,
              33.413615
            ],
            [
              -118.410286,
              33.413997
            ],
            [
              -118.410155,
              33.414405
            ],
            [
              -118.410111,
              33.414825
            ]
          ]
        ]
      },
      "properties": {
        "feature_type": "containment_region_50_pct",
        "hypothesis_id": "4DH_0015",
        "vessel_name": "PATIENCE",
        "radius_m": 268.8
      }
    },
    {
      "type": "Feature",
      "geometry": {
        "type": "Polygon",
        "coordinates": [
          [
            [
              -118.408391,
              33.414825
            ],
            [
              -118.408461,
              33.415494
            ],
            [
              -118.408669,
              33.416143
            ],
            [
              -118.40901,
              33.416752
            ],
            [
              -118.409471,
              33.417302
            ],
            [
              -118.410041,
              33.417778
            ],
            [
              -118.4107,
              33.418163
            ],
            [
              -118.41143,
              33.418447
            ],
            [
              -118.412207,
              33.418621
            ],
            [
              -118.413009,
              33.418679
            ],
            [
              -118.413811,
              33.418621
            ],
            [
              -118.414589,
              33.418447
            ],
            [
              -118.415318,
              33.418163
            ],
            [
              -118.415978,
              33.417778
            ],
            [
              -118.416547,
              33.417302
            ],
            [
              -118.417009,
              33.416752
            ],
            [
              -118.417349,
              33.416143
            ],
            [
              -118.417557,
              33.415494
            ],
            [
              -118.417627,
              33.414825
            ],
            [
              -118.417557,
              33.414155
            ],
            [
              -118.417349,
              33.413506
            ],
            [
              -118.417009,
              33.412897
            ],
            [
              -118.416547,
              33.412347
            ],
            [
              -118.415978,
              33.411872
            ],
            [
              -118.415318,
              33.411486
            ],
            [
              -118.414589,
              33.411202
            ],
            [
              -118.413811,
              33.411028
            ],
            [
              -118.413009,
              33.41097
            ],
            [
              -118.412207,
              33.411028
            ],
            [
              -118.41143,
              33.411202
            ],
            [
              -118.4107,
              33.411486
            ],
            [
              -118.410041,
              33.411872
            ],
            [
              -118.409471,
              33.412347
            ],
            [
              -118.40901,
              33.412897
            ],
            [
              -118.408669,
              33.413506
            ],
            [
              -118.408461,
              33.414155
            ],
            [
              -118.408391,
              33.414825
            ]
          ]
        ]
      },
      "properties": {
        "feature_type": "containment_region_90_pct",
        "hypothesis_id": "4DH_0015",
        "vessel_name": "PATIENCE",
        "radius_m": 428.4
      }
    },
    {
      "type": "Feature",
      "geometry": {
        "type": "Point",
        "coordinates": [
          -118.413057,
          33.414354
        ]
      },
      "properties": {
        "feature_type": "source_centroid",
        "hypothesis_id": "4DH_0016",
        "vessel_name": "CRYSTAL II",
        "mean_lon": -118.413057,
        "mean_lat": 33.414354,
        "spatial_std_m": 156.3,
        "radius_50_pct_m": 281.7,
        "radius_90_pct_m": 525.8
      }
    },
    {
      "type": "Feature",
      "geometry": {
        "type": "Polygon",
        "coordinates": [
          [
            [
              -118.410021,
              33.414354
            ],
            [
              -118.410067,
              33.414794
            ],
            [
              -118.410204,
              33.415221
            ],
            [
              -118.410427,
              33.415621
            ],
            [
              -118.410731,
              33.415983
            ],
            [
              -118.411105,
              33.416295
            ],
            [
              -118.411539,
              33.416549
            ],
            [
              -118.412019,
              33.416736
            ],
            [
              -118.41253,
              33.41685
            ],
            [
              -118.413057,
              33.416888
            ],
            [
              -118.413584,
              33.41685
            ],
            [
              -118.414095,
              33.416736
            ],
            [
              -118.414575,
              33.416549
            ],
            [
              -118.415009,
              33.416295
            ],
            [
              -118.415383,
              33.415983
            ],
            [
              -118.415686,
              33.415621
            ],
            [
              -118.41591,
              33.415221
            ],
            [
              -118.416047,
              33.414794
            ],
            [
              -118.416093,
              33.414354
            ],
            [
              -118.416047,
              33.413914
            ],
            [
              -118.41591,
              33.413487
            ],
            [
              -118.415686,
              33.413087
            ],
            [
              -118.415383,
              33.412725
            ],
            [
              -118.415009,
              33.412412
            ],
            [
              -118.414575,
              33.412159
            ],
            [
              -118.414095,
              33.411972
            ],
            [
              -118.413584,
              33.411858
            ],
            [
              -118.413057,
              33.41182
            ],
            [
              -118.41253,
              33.411858
            ],
            [
              -118.412019,
              33.411972
            ],
            [
              -118.411539,
              33.412159
            ],
            [
              -118.411105,
              33.412412
            ],
            [
              -118.410731,
              33.412725
            ],
            [
              -118.410427,
              33.413087
            ],
            [
              -118.410204,
              33.413487
            ],
            [
              -118.410067,
              33.413914
            ],
            [
              -118.410021,
              33.414354
            ]
          ]
        ]
      },
      "properties": {
        "feature_type": "containment_region_50_pct",
        "hypothesis_id": "4DH_0016",
        "vessel_name": "CRYSTAL II",
        "radius_m": 281.7
      }
    },
    {
      "type": "Feature",
      "geometry": {
        "type": "Polygon",
        "coordinates": [
          [
            [
              -118.407389,
              33.414354
            ],
            [
              -118.407476,
              33.415175
            ],
            [
              -118.407731,
              33.415972
            ],
            [
              -118.408149,
              33.416719
            ],
            [
              -118.408715,
              33.417395
            ],
            [
              -118.409414,
              33.417978
            ],
            [
              -118.410223,
              33.418451
            ],
            [
              -118.411119,
              33.418799
            ],
            [
              -118.412073,
              33.419013
            ],
            [
              -118.413057,
              33.419085
            ],
            [
              -118.414041,
              33.419013
            ],
            [
              -118.414995,
              33.418799
            ],
            [
              -118.415891,
              33.418451
            ],
            [
              -118.4167,
              33.417978
            ],
            [
              -118.417399,
              33.417395
            ],
            [
              -118.417965,
              33.416719
            ],
            [
              -118.418383,
              33.415972
            ],
            [
              -118.418638,
              33.415175
            ],
            [
              -118.418725,
              33.414354
            ],
            [
              -118.418638,
              33.413532
            ],
            [
              -118.418383,
              33.412736
            ],
            [
              -118.417965,
              33.411989
            ],
            [
              -118.417399,
              33.411313
            ],
            [
              -118.4167,
              33.41073
            ],
            [
              -118.415891,
              33.410257
            ],
            [
              -118.414995,
              33.409908
            ],
            [
              -118.414041,
              33.409695
            ],
            [
              -118.413057,
              33.409623
            ],
            [
              -118.412073,
              33.409695
            ],
            [
              -118.411119,
              33.409908
            ],
            [
              -118.410223,
              33.410257
            ],
            [
              -118.409414,
              33.41073
            ],
            [
              -118.408715,
              33.411313
            ],
            [
              -118.408149,
              33.411989
            ],
            [
              -118.407731,
              33.412736
            ],
            [
              -118.407476,
              33.413532
            ],
            [
              -118.407389,
              33.414354
            ]
          ]
        ]
      },
      "properties": {
        "feature_type": "containment_region_90_pct",
        "hypothesis_id": "4DH_0016",
        "vessel_name": "CRYSTAL II",
        "radius_m": 525.8
      }
    },
    {
      "type": "Feature",
      "geometry": {
        "type": "Point",
        "coordinates": [
          -118.413767,
          33.414785
        ]
      },
      "properties": {
        "feature_type": "source_centroid",
        "hypothesis_id": "4DH_0017",
        "vessel_name": "SOME TUESDAY",
        "mean_lon": -118.413767,
        "mean_lat": 33.414785,
        "spatial_std_m": 161.3,
        "radius_50_pct_m": 314.2,
        "radius_90_pct_m": 595.1
      }
    },
    {
      "type": "Feature",
      "geometry": {
        "type": "Polygon",
        "coordinates": [
          [
            [
              -118.41038,
              33.414785
            ],
            [
              -118.410431,
              33.415276
            ],
            [
              -118.410584,
              33.415752
            ],
            [
              -118.410833,
              33.416199
            ],
            [
              -118.411172,
              33.416602
            ],
            [
              -118.411589,
              33.416951
            ],
            [
              -118.412073,
              33.417234
            ],
            [
              -118.412608,
              33.417442
            ],
            [
              -118.413178,
              33.417569
            ],
            [
              -118.413767,
              33.417612
            ],
            [
              -118.414355,
              33.417569
            ],
            [
              -118.414925,
              33.417442
            ],
            [
              -118.41546,
              33.417234
            ],
            [
              -118.415944,
              33.416951
            ],
            [
              -118.416361,
              33.416602
            ],
            [
              -118.4167,
              33.416199
            ],
            [
              -118.416949,
              33.415752
            ],
            [
              -118.417102,
              33.415276
            ],
            [
              -118.417154,
              33.414785
            ],
            [
              -118.417102,
              33.414294
            ],
            [
              -118.416949,
              33.413818
            ],
            [
              -118.4167,
              33.413372
            ],
            [
              -118.416361,
              33.412968
            ],
            [
              -118.415944,
              33.41262
            ],
            [
              -118.41546,
              33.412337
            ],
            [
              -118.414925,
              33.412129
            ],
            [
              -118.414355,
              33.412001
            ],
            [
              -118.413767,
              33.411958
            ],
            [
              -118.413178,
              33.412001
            ],
            [
              -118.412608,
              33.412129
            ],
            [
              -118.412073,
              33.412337
            ],
            [
              -118.411589,
              33.41262
            ],
            [
              -118.411172,
              33.412968
            ],
            [
              -118.410833,
              33.413372
            ],
            [
              -118.410584,
              33.413818
            ],
            [
              -118.410431,
              33.414294
            ],
            [
              -118.41038,
              33.414785
            ]
          ]
        ]
      },
      "properties": {
        "feature_type": "containment_region_50_pct",
        "hypothesis_id": "4DH_0017",
        "vessel_name": "SOME TUESDAY",
        "radius_m": 314.2
      }
    },
    {
      "type": "Feature",
      "geometry": {
        "type": "Polygon",
        "coordinates": [
          [
            [
              -118.407352,
              33.414785
            ],
            [
              -118.407449,
              33.415715
            ],
            [
              -118.407739,
              33.416617
            ],
            [
              -118.408211,
              33.417462
            ],
            [
              -118.408853,
              33.418227
            ],
            [
              -118.409643,
              33.418887
            ],
            [
              -118.410559,
              33.419422
            ],
            [
              -118.411573,
              33.419817
            ],
            [
              -118.412653,
              33.420058
            ],
            [
              -118.413767,
              33.42014
            ],
            [
              -118.41488,
              33.420058
            ],
            [
              -118.41596,
              33.419817
            ],
            [
              -118.416974,
              33.419422
            ],
            [
              -118.41789,
              33.418887
            ],
            [
              -118.41868,
              33.418227
            ],
            [
              -118.419322,
              33.417462
            ],
            [
              -118.419794,
              33.416617
            ],
            [
              -118.420084,
              33.415715
            ],
            [
              -118.420181,
              33.414785
            ],
            [
              -118.420084,
              33.413855
            ],
            [
              -118.419794,
              33.412954
            ],
            [
              -118.419322,
              33.412108
            ],
            [
              -118.41868,
              33.411344
            ],
            [
              -118.41789,
              33.410684
            ],
            [
              -118.416974,
              33.410148
            ],
            [
              -118.41596,
              33.409754
            ],
            [
              -118.41488,
              33.409512
            ],
            [
              -118.413767,
              33.409431
            ],
            [
              -118.412653,
              33.409512
            ],
            [
              -118.411573,
              33.409754
            ],
            [
              -118.410559,
              33.410148
            ],
            [
              -118.409643,
              33.410684
            ],
            [
              -118.408853,
              33.411344
            ],
            [
              -118.408211,
              33.412108
            ],
            [
              -118.407739,
              33.412954
            ],
            [
              -118.407449,
              33.413855
            ],
            [
              -118.407352,
              33.414785
            ]
          ]
        ]
      },
      "properties": {
        "feature_type": "containment_region_90_pct",
        "hypothesis_id": "4DH_0017",
        "vessel_name": "SOME TUESDAY",
        "radius_m": 595.1
      }
    },
    {
      "type": "Feature",
      "geometry": {
        "type": "Point",
        "coordinates": [
          -118.41283,
          33.414537
        ]
      },
      "properties": {
        "feature_type": "source_centroid",
        "hypothesis_id": "4DH_0018",
        "vessel_name": "JIMNI",
        "mean_lon": -118.41283,
        "mean_lat": 33.414537,
        "spatial_std_m": 159.7,
        "radius_50_pct_m": 333.2,
        "radius_90_pct_m": 502.6
      }
    },
    {
      "type": "Feature",
      "geometry": {
        "type": "Polygon",
        "coordinates": [
          [
            [
              -118.409238,
              33.414537
            ],
            [
              -118.409292,
              33.415058
            ],
            [
              -118.409454,
              33.415563
            ],
            [
              -118.409719,
              33.416036
            ],
            [
              -118.410078,
              33.416464
            ],
            [
              -118.410521,
              33.416834
            ],
            [
              -118.411034,
              33.417134
            ],
            [
              -118.411601,
              33.417355
            ],
            [
              -118.412206,
              33.41749
            ],
            [
              -118.41283,
              33.417535
            ],
            [
              -118.413453,
              33.41749
            ],
            [
              -118.414058,
              33.417355
            ],
            [
              -118.414626,
              33.417134
            ],
            [
              -118.415139,
              33.416834
            ],
            [
              -118.415581,
              33.416464
            ],
            [
              -118.41594,
              33.416036
            ],
            [
              -118.416205,
              33.415563
            ],
            [
              -118.416367,
              33.415058
            ],
            [
              -118.416422,
              33.414537
            ],
            [
              -118.416367,
              33.414016
            ],
            [
              -118.416205,
              33.413512
            ],
            [
              -118.41594,
              33.413038
            ],
            [
              -118.415581,
              33.41261
            ],
            [
              -118.415139,
              33.41224
            ],
            [
              -118.414626,
              33.41194
            ],
            [
              -118.414058,
              33.41172
            ],
            [
              -118.413453,
              33.411584
            ],
            [
              -118.41283,
              33.411539
            ],
            [
              -118.412206,
              33.411584
            ],
            [
              -118.411601,
              33.41172
            ],
            [
              -118.411034,
              33.41194
            ],
            [
              -118.410521,
              33.41224
            ],
            [
              -118.410078,
              33.41261
            ],
            [
              -118.409719,
              33.413038
            ],
            [
              -118.409454,
              33.413512
            ],
            [
              -118.409292,
              33.414016
            ],
            [
              -118.409238,
              33.414537
            ]
          ]
        ]
      },
      "properties": {
        "feature_type": "containment_region_50_pct",
        "hypothesis_id": "4DH_0018",
        "vessel_name": "JIMNI",
        "radius_m": 333.2
      }
    },
    {
      "type": "Feature",
      "geometry": {
        "type": "Polygon",
        "coordinates": [
          [
            [
              -118.407411,
              33.414537
            ],
            [
              -118.407494,
              33.415322
            ],
            [
              -118.407738,
              33.416084
            ],
            [
              -118.408137,
              33.416798
            ],
            [
              -118.408679,
              33.417444
            ],
            [
              -118.409347,
              33.418002
            ],
            [
              -118.410121,
              33.418454
            ],
            [
              -118.410977,
              33.418787
            ],
            [
              -118.411889,
              33.418991
            ],
            [
              -118.41283,
              33.41906
            ],
            [
              -118.413771,
              33.418991
            ],
            [
              -118.414683,
              33.418787
            ],
            [
              -118.415539,
              33.418454
            ],
            [
              -118.416312,
              33.418002
            ],
            [
              -118.41698,
              33.417444
            ],
            [
              -118.417522,
              33.416798
            ],
            [
              -118.417921,
              33.416084
            ],
            [
              -118.418166,
              33.415322
            ],
            [
              -118.418248,
              33.414537
            ],
            [
              -118.418166,
              33.413752
            ],
            [
              -118.417921,
              33.41299
            ],
            [
              -118.417522,
              33.412276
            ],
            [
              -118.41698,
              33.41163
            ],
            [
              -118.416312,
              33.411073
            ],
            [
              -118.415539,
              33.41062
            ],
            [
              -118.414683,
              33.410287
            ],
            [
              -118.413771,
              33.410083
            ],
            [
              -118.41283,
              33.410014
            ],
            [
              -118.411889,
              33.410083
            ],
            [
              -118.410977,
              33.410287
            ],
            [
              -118.410121,
              33.41062
            ],
            [
              -118.409347,
              33.411073
            ],
            [
              -118.408679,
              33.41163
            ],
            [
              -118.408137,
              33.412276
            ],
            [
              -118.407738,
              33.41299
            ],
            [
              -118.407494,
              33.413752
            ],
            [
              -118.407411,
              33.414537
            ]
          ]
        ]
      },
      "properties": {
        "feature_type": "containment_region_90_pct",
        "hypothesis_id": "4DH_0018",
        "vessel_name": "JIMNI",
        "radius_m": 502.6
      }
    },
    {
      "type": "Feature",
      "geometry": {
        "type": "Point",
        "coordinates": [
          -118.412984,
          33.414886
        ]
      },
      "properties": {
        "feature_type": "source_centroid",
        "hypothesis_id": "4DH_0019",
        "vessel_name": "TS MANILA",
        "mean_lon": -118.412984,
        "mean_lat": 33.414886,
        "spatial_std_m": 139.3,
        "radius_50_pct_m": 248.1,
        "radius_90_pct_m": 479.8
      }
    },
    {
      "type": "Feature",
      "geometry": {
        "type": "Polygon",
        "coordinates": [
          [
            [
              -118.410309,
              33.414886
            ],
            [
              -118.41035,
              33.415273
            ],
            [
              -118.41047,
              33.415649
            ],
            [
              -118.410668,
              33.416002
            ],
            [
              -118.410935,
              33.416321
            ],
            [
              -118.411265,
              33.416596
            ],
            [
              -118.411646,
              33.416819
            ],
            [
              -118.412069,
              33.416983
            ],
            [
              -118.412519,
              33.417084
            ],
            [
              -118.412984,
              33.417118
            ],
            [
              -118.413448,
              33.417084
            ],
            [
              -118.413898,
              33.416983
            ],
            [
              -118.414321,
              33.416819
            ],
            [
              -118.414703,
              33.416596
            ],
            [
              -118.415032,
              33.416321
            ],
            [
              -118.4153,
              33.416002
            ],
            [
              -118.415497,
              33.415649
            ],
            [
              -118.415617,
              33.415273
            ],
            [
              -118.415658,
              33.414886
            ],
            [
              -118.415617,
              33.414498
            ],
            [
              -118.415497,
              33.414122
            ],
            [
              -118.4153,
              33.41377
            ],
            [
              -118.415032,
              33.413451
            ],
            [
              -118.414703,
              33.413176
            ],
            [
              -118.414321,
              33.412952
            ],
            [
              -118.413898,
              33.412788
            ],
            [
              -118.413448,
              33.412687
            ],
            [
              -118.412984,
              33.412653
            ],
            [
              -118.412519,
              33.412687
            ],
            [
              -118.412069,
              33.412788
            ],
            [
              -118.411646,
              33.412952
            ],
            [
              -118.411265,
              33.413176
            ],
            [
              -118.410935,
              33.413451
            ],
            [
              -118.410668,
              33.41377
            ],
            [
              -118.41047,
              33.414122
            ],
            [
              -118.41035,
              33.414498
            ],
            [
              -118.410309,
              33.414886
            ]
          ]
        ]
      },
      "properties": {
        "feature_type": "containment_region_50_pct",
        "hypothesis_id": "4DH_0019",
        "vessel_name": "TS MANILA",
        "radius_m": 248.1
      }
    },
    {
      "type": "Feature",
      "geometry": {
        "type": "Polygon",
        "coordinates": [
          [
            [
              -118.407811,
              33.414886
            ],
            [
              -118.40789,
              33.415635
            ],
            [
              -118.408123,
              33.416362
            ],
            [
              -118.408504,
              33.417044
            ],
            [
              -118.409021,
              33.417661
            ],
            [
              -118.409659,
              33.418193
            ],
            [
              -118.410397,
              33.418625
            ],
            [
              -118.411215,
              33.418943
            ],
            [
              -118.412085,
              33.419137
            ],
            [
              -118.412984,
              33.419203
            ],
            [
              -118.413882,
              33.419137
            ],
            [
              -118.414753,
              33.418943
            ],
            [
              -118.41557,
              33.418625
            ],
            [
              -118.416308,
              33.418193
            ],
            [
              -118.416946,
              33.417661
            ],
            [
              -118.417463,
              33.417044
            ],
            [
              -118.417844,
              33.416362
            ],
            [
              -118.418077,
              33.415635
            ],
            [
              -118.418156,
              33.414886
            ],
            [
              -118.418077,
              33.414136
            ],
            [
              -118.417844,
              33.413409
            ],
            [
              -118.417463,
              33.412727
            ],
            [
              -118.416946,
              33.412111
            ],
            [
              -118.416308,
              33.411578
            ],
            [
              -118.41557,
              33.411147
            ],
            [
              -118.414753,
              33.410829
            ],
            [
              -118.413882,
              33.410634
            ],
            [
              -118.412984,
              33.410568
            ],
            [
              -118.412085,
              33.410634
            ],
            [
              -118.411215,
              33.410829
            ],
            [
              -118.410397,
              33.411147
            ],
            [
              -118.409659,
              33.411578
            ],
            [
              -118.409021,
              33.412111
            ],
            [
              -118.408504,
              33.412727
            ],
            [
              -118.408123,
              33.413409
            ],
            [
              -118.40789,
              33.414136
            ],
            [
              -118.407811,
              33.414886
            ]
          ]
        ]
      },
      "properties": {
        "feature_type": "containment_region_90_pct",
        "hypothesis_id": "4DH_0019",
        "vessel_name": "TS MANILA",
        "radius_m": 479.8
      }
    }
  ]
}