hypothesis_id,candidate_id,mmsi,vessel_name,vessel_type,observed_slick_id,release_timestamp,release_lat,release_lon,vessel_lat,vessel_lon,vessel_source_distance_m,ais_gap_seconds,ais_track_quality,centroid_error_m,mean_particle_distance_m,coverage,iou,source_score,spatial_score,temporal_score,drift_score,ais_quality_score,attribution_evidence_score,evidence_quality_state,has_conflict,conflict_description,primary_strength,primary_weakness,explanation,hypothesis_rank
4DH_0013,VC_0013,367369550,ANN MORAN,31.0,CS_0035,2019-09-08T09:25:31.797740+00:00,31.115912,-81.41812,31.128737,-81.404293,1940.63,70.0,bracketed_interpolation,19.01,38.46,1.0,0.1507,0.5274,0.6783,0.8899,0.7968,0.6,0.7076,HIGH_SUPPORT,False,None,"Temporal Compatibility (strong, 0.89)","Source Plausibility (moderate, 0.53)","ANN MORAN: Physical drift is strong (0.80), spatial compatibility is moderate (0.68), source plausibility is moderate (0.53), temporal alignment is strong (0.89), and AIS track quality is moderate (0.60).",1
4DH_0012,VC_0012,367305420,DOROTHY MORAN,31.0,CS_0035,2019-09-08T09:25:31.797740+00:00,31.115912,-81.41812,31.128348,-81.403732,1946.28,72.0,bracketed_interpolation,19.01,38.46,1.0,0.1507,0.5274,0.6776,0.8869,0.7968,0.6,0.7069,HIGH_SUPPORT,False,None,"Temporal Compatibility (strong, 0.89)","Source Plausibility (moderate, 0.53)","DOROTHY MORAN: Physical drift is strong (0.80), spatial compatibility is moderate (0.68), source plausibility is moderate (0.53), temporal alignment is strong (0.89), and AIS track quality is moderate (0.60).",2
4DH_0022,VC_0022,538007762,UNKNOWN,UNKNOWN,CS_0035,2019-09-08T09:25:31.797740+00:00,31.115912,-81.41812,31.127525,-81.403057,1929.62,91.0,bracketed_interpolation,19.01,38.46,1.0,0.1507,0.5274,0.6798,0.8593,0.7968,0.6,0.7034,HIGH_SUPPORT,False,None,"Temporal Compatibility (strong, 0.86)","Source Plausibility (moderate, 0.53)","UNKNOWN: Physical drift is strong (0.80), spatial compatibility is moderate (0.68), source plausibility is moderate (0.53), temporal alignment is strong (0.86), and AIS track quality is moderate (0.60).",3
4DH_0003,VC_0003,338102861,RECOVERY,90.0,CS_0035,2019-09-08T09:25:31.797740+00:00,31.115912,-81.41812,31.128411,-81.401985,2071.37,72.0,bracketed_interpolation,19.01,38.46,1.0,0.1507,0.5274,0.6608,0.8869,0.7968,0.6,0.7027,HIGH_SUPPORT,False,None,"Temporal Compatibility (strong, 0.89)","Source Plausibility (moderate, 0.53)","RECOVERY: Physical drift is strong (0.80), spatial compatibility is moderate (0.66), source plausibility is moderate (0.53), temporal alignment is strong (0.89), and AIS track quality is moderate (0.60).",4
4DH_0002,VC_0002,338102856,RESPONDER,31.0,CS_0035,2019-09-08T09:25:31.797740+00:00,31.115912,-81.41812,31.127014,-81.40362,1851.78,111.0,bracketed_interpolation,19.01,38.46,1.0,0.1507,0.5274,0.6905,0.8311,0.7968,0.6,0.7018,HIGH_SUPPORT,False,None,"Temporal Compatibility (strong, 0.83)","Source Plausibility (moderate, 0.53)","RESPONDER: Physical drift is strong (0.80), spatial compatibility is moderate (0.69), source plausibility is moderate (0.53), temporal alignment is strong (0.83), and AIS track quality is moderate (0.60).",5
4DH_0006,VC_0006,338235704,BRUNSWICK,50.0,CS_0035,2019-09-08T09:25:31.797740+00:00,31.115912,-81.41812,31.127413,-81.402043,1994.38,149.0,bracketed_interpolation,19.01,38.46,1.0,0.1507,0.5274,0.6711,0.7801,0.7968,0.6,0.6893,MODERATE_SUPPORT,False,None,"Physical Drift Consistency (strong, 0.80)","Source Plausibility (moderate, 0.53)","BRUNSWICK: Physical drift is strong (0.80), spatial compatibility is moderate (0.67), source plausibility is moderate (0.53), temporal alignment is strong (0.78), and AIS track quality is moderate (0.60).",6
4DH_0065,VC_0065,538007762,UNKNOWN,UNKNOWN,CS_0035,2019-09-08T05:25:31.797740+00:00,31.103675,-81.425044,31.106123,-81.442686,1701.57,69.0,bracketed_interpolation,24.28,98.94,1.0,0.072,0.4678,0.7115,0.8914,0.7463,0.6,0.6891,MODERATE_SUPPORT,True,Substantial divergence across evidence dimensions (Temporal Compatibility: 0.89 vs Source Plausibility: 0.47).,"Temporal Compatibility (strong, 0.89)","Source Plausibility (weak, 0.47)","UNKNOWN: Physical drift is moderate (0.75), spatial compatibility is moderate (0.71), source plausibility is weak (0.47), temporal alignment is strong (0.89), and AIS track quality is moderate (0.60). Notable discrepancy: Substantial divergence across evidence dimensions (Temporal Compatibility: 0.89 vs Source Plausibility: 0.47).",7
4DH_0025,VC_0025,338102861,RECOVERY,90.0,CS_0035,2019-09-08T07:25:31.797740+00:00,31.110186,-81.421491,31.12758,-81.40204,2677.56,62.0,bracketed_interpolation,25.69,72.35,1.0,0.0867,0.4967,0.5854,0.9018,0.7619,0.6,0.6695,MODERATE_SUPPORT,True,Substantial divergence across evidence dimensions (Temporal Compatibility: 0.90 vs Source Plausibility: 0.50).,"Temporal Compatibility (strong, 0.90)","Source Plausibility (weak, 0.50)","RECOVERY: Physical drift is strong (0.76), spatial compatibility is moderate (0.59), source plausibility is weak (0.50), temporal alignment is strong (0.90), and AIS track quality is moderate (0.60). Notable discrepancy: Substantial divergence across evidence dimensions (Temporal Compatibility: 0.90 vs Source Plausibility: 0.50).",8
4DH_0024,VC_0024,338102856,RESPONDER,31.0,CS_0035,2019-09-08T07:25:31.797740+00:00,31.110186,-81.421491,31.128275,-81.403426,2646.32,70.0,bracketed_interpolation,25.69,72.35,1.0,0.0867,0.4967,0.589,0.8899,0.7619,0.6,0.6687,MODERATE_SUPPORT,False,None,"Temporal Compatibility (strong, 0.89)","Source Plausibility (weak, 0.50)","RESPONDER: Physical drift is strong (0.76), spatial compatibility is moderate (0.59), source plausibility is weak (0.50), temporal alignment is strong (0.89), and AIS track quality is moderate (0.60).",9
4DH_0028,VC_0028,338235704,BRUNSWICK,50.0,CS_0035,2019-09-08T07:25:31.797740+00:00,31.110186,-81.421491,31.128636,-81.404986,2584.07,89.0,bracketed_interpolation,25.69,72.35,1.0,0.0867,0.4967,0.5964,0.8621,0.7619,0.6,0.6663,MODERATE_SUPPORT,False,None,"Temporal Compatibility (strong, 0.86)","Source Plausibility (weak, 0.50)","BRUNSWICK: Physical drift is strong (0.76), spatial compatibility is moderate (0.60), source plausibility is weak (0.50), temporal alignment is strong (0.86), and AIS track quality is moderate (0.60).",10
4DH_0045,VC_0045,538007762,UNKNOWN,UNKNOWN,CS_0035,2019-09-08T07:25:31.797740+00:00,31.110186,-81.421491,31.127487,-81.403096,2601.39,90.0,bracketed_interpolation,25.69,72.35,1.0,0.0867,0.4967,0.5944,0.8607,0.7619,0.6,0.6656,MODERATE_SUPPORT,False,None,"Temporal Compatibility (strong, 0.86)","Source Plausibility (weak, 0.50)","UNKNOWN: Physical drift is strong (0.76), spatial compatibility is moderate (0.59), source plausibility is weak (0.50), temporal alignment is strong (0.86), and AIS track quality is moderate (0.60).",11
4DH_0034,VC_0034,367305420,DOROTHY MORAN,31.0,CS_0035,2019-09-08T07:25:31.797740+00:00,31.110186,-81.421491,31.128318,-81.403698,2633.23,89.0,bracketed_interpolation,25.69,72.35,1.0,0.0867,0.4967,0.5906,0.8621,0.7619,0.6,0.6649,MODERATE_SUPPORT,False,None,"Temporal Compatibility (strong, 0.86)","Source Plausibility (weak, 0.50)","DOROTHY MORAN: Physical drift is strong (0.76), spatial compatibility is moderate (0.59), source plausibility is weak (0.50), temporal alignment is strong (0.86), and AIS track quality is moderate (0.60).",12
4DH_0035,VC_0035,367369550,ANN MORAN,31.0,CS_0035,2019-09-08T07:25:31.797740+00:00,31.110186,-81.421491,31.128707,-81.4043,2630.46,129.0,bracketed_interpolation,25.69,72.35,1.0,0.0867,0.4967,0.5909,0.8065,0.7619,0.6,0.6566,MODERATE_SUPPORT,False,None,"Temporal Compatibility (strong, 0.81)","Source Plausibility (weak, 0.50)","ANN MORAN: Physical drift is strong (0.76), spatial compatibility is moderate (0.59), source plausibility is weak (0.50), temporal alignment is strong (0.81), and AIS track quality is moderate (0.60).",13
4DH_0225,VC_0225,538007762,UNKNOWN,UNKNOWN,CS_0092,2019-09-08T05:25:31.797740+00:00,31.074782,-81.458345,31.106123,-81.442686,3790.55,69.0,bracketed_interpolation,9.58,111.15,0.996,0.0635,0.482,0.4686,0.8914,0.7464,0.6,0.6312,MODERATE_SUPPORT,True,Substantial divergence across evidence dimensions (Temporal Compatibility: 0.89 vs Spatial Compatibility: 0.47).,"Temporal Compatibility (strong, 0.89)","Spatial Compatibility (weak, 0.47)","UNKNOWN: Physical drift is moderate (0.75), spatial compatibility is weak (0.47), source plausibility is weak (0.48), temporal alignment is strong (0.89), and AIS track quality is moderate (0.60). Notable discrepancy: Substantial divergence across evidence dimensions (Temporal Compatibility: 0.89 vs Spatial Compatibility: 0.47).",14
4DH_0092,VC_0092,338182224,SEA SALT,37.0,CS_0035,2019-09-07T17:25:31.797740+00:00,31.047147,-81.40956,31.057772,-81.42471,1865.11,90.0,bracketed_interpolation,23.85,239.16,0.892,0.035,0.3263,0.6887,0.8607,0.6574,0.6,0.6237,MODERATE_SUPPORT,True,Substantial divergence across evidence dimensions (Temporal Compatibility: 0.86 vs Source Plausibility: 0.33).,"Temporal Compatibility (strong, 0.86)","Source Plausibility (weak, 0.33)","SEA SALT: Physical drift is moderate (0.66), spatial compatibility is moderate (0.69), source plausibility is weak (0.33), temporal alignment is strong (0.86), and AIS track quality is moderate (0.60). Notable discrepancy: Substantial divergence across evidence dimensions (Temporal Compatibility: 0.86 vs Source Plausibility: 0.33).",15
4DH_0157,VC_0157,538007762,UNKNOWN,UNKNOWN,CS_0065,2019-09-08T05:25:31.797740+00:00,31.083282,-81.440175,31.106123,-81.442686,2551.03,69.0,bracketed_interpolation,127.71,239.09,0.968,0.0028,0.4719,0.6004,0.8914,0.6125,0.6,0.6219,MODERATE_SUPPORT,True,Substantial divergence across evidence dimensions (Temporal Compatibility: 0.89 vs Source Plausibility: 0.47).,"Temporal Compatibility (strong, 0.89)","Source Plausibility (weak, 0.47)","UNKNOWN: Physical drift is moderate (0.61), spatial compatibility is moderate (0.60), source plausibility is weak (0.47), temporal alignment is strong (0.89), and AIS track quality is moderate (0.60). Notable discrepancy: Substantial divergence across evidence dimensions (Temporal Compatibility: 0.89 vs Source Plausibility: 0.47).",16
4DH_0241,VC_0241,367305420,DOROTHY MORAN,31.0,CS_0114,2019-09-08T09:25:31.797740+00:00,31.062942,-81.404052,31.128348,-81.403732,7272.88,72.0,bracketed_interpolation,6.84,33.79,1.0,0.212,0.5782,0.2335,0.8869,0.8187,0.6,0.6127,MODERATE_SUPPORT,True,"Physical drift model strongly matches observed slick, but candidate vessel was 7.3 km away from release point at hypothesized release time.","Temporal Compatibility (strong, 0.89)","Spatial Compatibility (poor, 0.23)","DOROTHY MORAN: Physical drift is strong (0.82), spatial compatibility is poor (0.23), source plausibility is moderate (0.58), temporal alignment is strong (0.89), and AIS track quality is moderate (0.60). Notable discrepancy: Physical drift model strongly matches observed slick, but candidate vessel was 7.3 km away from release point at hypothesized release time.",17
4DH_0238,VC_0238,338102861,RECOVERY,90.0,CS_0114,2019-09-08T09:25:31.797740+00:00,31.062942,-81.404052,31.128411,-81.401985,7282.48,72.0,bracketed_interpolation,6.84,33.79,1.0,0.212,0.5782,0.2331,0.8869,0.8187,0.6,0.6126,MODERATE_SUPPORT,True,"Physical drift model strongly matches observed slick, but candidate vessel was 7.3 km away from release point at hypothesized release time.","Temporal Compatibility (strong, 0.89)","Spatial Compatibility (poor, 0.23)","RECOVERY: Physical drift is strong (0.82), spatial compatibility is poor (0.23), source plausibility is moderate (0.58), temporal alignment is strong (0.89), and AIS track quality is moderate (0.60). Notable discrepancy: Physical drift model strongly matches observed slick, but candidate vessel was 7.3 km away from release point at hypothesized release time.",18
4DH_0242,VC_0242,367369550,ANN MORAN,31.0,CS_0114,2019-09-08T09:25:31.797740+00:00,31.062942,-81.404052,31.128737,-81.404293,7316.11,70.0,bracketed_interpolation,6.84,33.79,1.0,0.212,0.5782,0.2315,0.8899,0.8187,0.6,0.6126,MODERATE_SUPPORT,True,"Physical drift model strongly matches observed slick, but candidate vessel was 7.3 km away from release point at hypothesized release time.","Temporal Compatibility (strong, 0.89)","Spatial Compatibility (poor, 0.23)","ANN MORAN: Physical drift is strong (0.82), spatial compatibility is poor (0.23), source plausibility is moderate (0.58), temporal alignment is strong (0.89), and AIS track quality is moderate (0.60). Notable discrepancy: Physical drift model strongly matches observed slick, but candidate vessel was 7.3 km away from release point at hypothesized release time.",19
4DH_0243,VC_0243,538007762,UNKNOWN,UNKNOWN,CS_0114,2019-09-08T09:25:31.797740+00:00,31.062942,-81.404052,31.127525,-81.403057,7181.93,91.0,bracketed_interpolation,6.84,33.79,1.0,0.212,0.5782,0.2378,0.8593,0.8187,0.6,0.6096,MODERATE_SUPPORT,True,"Physical drift model strongly matches observed slick, but candidate vessel was 7.2 km away from release point at hypothesized release time.","Temporal Compatibility (strong, 0.86)","Spatial Compatibility (poor, 0.24)","UNKNOWN: Physical drift is strong (0.82), spatial compatibility is poor (0.24), source plausibility is moderate (0.58), temporal alignment is strong (0.86), and AIS track quality is moderate (0.60). Notable discrepancy: Physical drift model strongly matches observed slick, but candidate vessel was 7.2 km away from release point at hypothesized release time.",20
4DH_0181,VC_0181,367369550,ANN MORAN,31.0,CS_0092,2019-09-08T09:25:31.797740+00:00,31.08257,-81.452775,31.128737,-81.404293,6903.55,70.0,bracketed_interpolation,8.45,30.72,1.0,0.1384,0.5434,0.2514,0.8899,0.8048,0.6,0.6064,MODERATE_SUPPORT,True,"Physical drift model strongly matches observed slick, but candidate vessel was 6.9 km away from release point at hypothesized release time.","Temporal Compatibility (strong, 0.89)","Spatial Compatibility (weak, 0.25)","ANN MORAN: Physical drift is strong (0.80), spatial compatibility is weak (0.25), source plausibility is moderate (0.54), temporal alignment is strong (0.89), and AIS track quality is moderate (0.60). Notable discrepancy: Physical drift model strongly matches observed slick, but candidate vessel was 6.9 km away from release point at hypothesized release time.",21
4DH_0237,VC_0237,338102856,RESPONDER,31.0,CS_0114,2019-09-08T09:25:31.797740+00:00,31.062942,-81.404052,31.127014,-81.40362,7124.6,111.0,bracketed_interpolation,6.84,33.79,1.0,0.212,0.5782,0.2405,0.8311,0.8187,0.6,0.6061,MODERATE_SUPPORT,True,"Physical drift model strongly matches observed slick, but candidate vessel was 7.1 km away from release point at hypothesized release time.","Temporal Compatibility (strong, 0.83)","Spatial Compatibility (poor, 0.24)","RESPONDER: Physical drift is strong (0.82), spatial compatibility is poor (0.24), source plausibility is moderate (0.58), temporal alignment is strong (0.83), and AIS track quality is moderate (0.60). Notable discrepancy: Physical drift model strongly matches observed slick, but candidate vessel was 7.1 km away from release point at hypothesized release time.",22
4DH_0180,VC_0180,367305420,DOROTHY MORAN,31.0,CS_0092,2019-09-08T09:25:31.797740+00:00,31.08257,-81.452775,31.128348,-81.403732,6907.44,72.0,bracketed_interpolation,8.45,30.72,1.0,0.1384,0.5434,0.2512,0.8869,0.8048,0.6,0.6059,MODERATE_SUPPORT,True,"Physical drift model strongly matches observed slick, but candidate vessel was 6.9 km away from release point at hypothesized release time.","Temporal Compatibility (strong, 0.89)","Spatial Compatibility (weak, 0.25)","DOROTHY MORAN: Physical drift is strong (0.80), spatial compatibility is weak (0.25), source plausibility is moderate (0.54), temporal alignment is strong (0.89), and AIS track quality is moderate (0.60). Notable discrepancy: Physical drift model strongly matches observed slick, but candidate vessel was 6.9 km away from release point at hypothesized release time.",23
4DH_0171,VC_0171,338102861,RECOVERY,90.0,CS_0092,2019-09-08T09:25:31.797740+00:00,31.08257,-81.452775,31.128411,-81.401985,7026.03,72.0,bracketed_interpolation,8.45,30.72,1.0,0.1384,0.5434,0.2453,0.8869,0.8048,0.6,0.6045,MODERATE_SUPPORT,True,"Physical drift model strongly matches observed slick, but candidate vessel was 7.0 km away from release point at hypothesized release time.","Temporal Compatibility (strong, 0.89)","Spatial Compatibility (poor, 0.25)","RECOVERY: Physical drift is strong (0.80), spatial compatibility is poor (0.25), source plausibility is moderate (0.54), temporal alignment is strong (0.89), and AIS track quality is moderate (0.60). Notable discrepancy: Physical drift model strongly matches observed slick, but candidate vessel was 7.0 km away from release point at hypothesized release time.",24
4DH_0190,VC_0190,538007762,UNKNOWN,UNKNOWN,CS_0092,2019-09-08T09:25:31.797740+00:00,31.08257,-81.452775,31.127525,-81.403057,6884.33,91.0,bracketed_interpolation,8.45,30.72,1.0,0.1384,0.5434,0.2524,0.8593,0.8048,0.6,0.6021,MODERATE_SUPPORT,True,"Physical drift model strongly matches observed slick, but candidate vessel was 6.9 km away from release point at hypothesized release time.","Temporal Compatibility (strong, 0.86)","Spatial Compatibility (weak, 0.25)","UNKNOWN: Physical drift is strong (0.80), spatial compatibility is weak (0.25), source plausibility is moderate (0.54), temporal alignment is strong (0.86), and AIS track quality is moderate (0.60). Notable discrepancy: Physical drift model strongly matches observed slick, but candidate vessel was 6.9 km away from release point at hypothesized release time.",25
4DH_0107,VC_0107,367369550,ANN MORAN,31.0,CS_0065,2019-09-08T09:25:31.797740+00:00,31.095025,-81.43345,31.128737,-81.404293,4664.43,70.0,bracketed_interpolation,108.71,124.18,1.0,0.0063,0.5321,0.3934,0.8899,0.6767,0.6,0.6013,MODERATE_SUPPORT,True,Substantial divergence across evidence dimensions (Temporal Compatibility: 0.89 vs Spatial Compatibility: 0.39).,"Temporal Compatibility (strong, 0.89)","Spatial Compatibility (weak, 0.39)","ANN MORAN: Physical drift is moderate (0.68), spatial compatibility is weak (0.39), source plausibility is moderate (0.53), temporal alignment is strong (0.89), and AIS track quality is moderate (0.60). Notable discrepancy: Substantial divergence across evidence dimensions (Temporal Compatibility: 0.89 vs Spatial Compatibility: 0.39).",26
4DH_0106,VC_0106,367305420,DOROTHY MORAN,31.0,CS_0065,2019-09-08T09:25:31.797740+00:00,31.095025,-81.43345,31.128348,-81.403732,4661.96,72.0,bracketed_interpolation,108.71,124.18,1.0,0.0063,0.5321,0.3936,0.8869,0.6767,0.6,0.6009,MODERATE_SUPPORT,True,Substantial divergence across evidence dimensions (Temporal Compatibility: 0.89 vs Spatial Compatibility: 0.39).,"Temporal Compatibility (strong, 0.89)","Spatial Compatibility (weak, 0.39)","DOROTHY MORAN: Physical drift is moderate (0.68), spatial compatibility is weak (0.39), source plausibility is moderate (0.53), temporal alignment is strong (0.89), and AIS track quality is moderate (0.60). Notable discrepancy: Substantial divergence across evidence dimensions (Temporal Compatibility: 0.89 vs Spatial Compatibility: 0.39).",27
4DH_0170,VC_0170,338102856,RESPONDER,31.0,CS_0092,2019-09-08T09:25:31.797740+00:00,31.08257,-81.452775,31.127014,-81.40362,6806.22,111.0,bracketed_interpolation,8.45,30.72,1.0,0.1384,0.5434,0.2563,0.8311,0.8048,0.6,0.5989,MODERATE_SUPPORT,True,"Physical drift model strongly matches observed slick, but candidate vessel was 6.8 km away from release point at hypothesized release time.","Temporal Compatibility (strong, 0.83)","Spatial Compatibility (weak, 0.26)","RESPONDER: Physical drift is strong (0.80), spatial compatibility is weak (0.26), source plausibility is moderate (0.54), temporal alignment is strong (0.83), and AIS track quality is moderate (0.60). Notable discrepancy: Physical drift model strongly matches observed slick, but candidate vessel was 6.8 km away from release point at hypothesized release time.",28
4DH_0097,VC_0097,338102861,RECOVERY,90.0,CS_0065,2019-09-08T09:25:31.797740+00:00,31.095025,-81.43345,31.128411,-81.401985,4770.17,72.0,bracketed_interpolation,108.71,124.18,1.0,0.0063,0.5321,0.3852,0.8869,0.6767,0.6,0.5988,MODERATE_SUPPORT,True,Substantial divergence across evidence dimensions (Temporal Compatibility: 0.89 vs Spatial Compatibility: 0.39).,"Temporal Compatibility (strong, 0.89)","Spatial Compatibility (weak, 0.39)","RECOVERY: Physical drift is moderate (0.68), spatial compatibility is weak (0.39), source plausibility is moderate (0.53), temporal alignment is strong (0.89), and AIS track quality is moderate (0.60). Notable discrepancy: Substantial divergence across evidence dimensions (Temporal Compatibility: 0.89 vs Spatial Compatibility: 0.39).",29
4DH_0239,VC_0239,338235704,BRUNSWICK,50.0,CS_0114,2019-09-08T09:25:31.797740+00:00,31.062942,-81.404052,31.127413,-81.402043,7171.4,149.0,bracketed_interpolation,6.84,33.79,1.0,0.212,0.5782,0.2383,0.7801,0.8187,0.6,0.5978,MODERATE_SUPPORT,True,"Physical drift model strongly matches observed slick, but candidate vessel was 7.2 km away from release point at hypothesized release time.","Physical Drift Consistency (strong, 0.82)","Spatial Compatibility (poor, 0.24)","BRUNSWICK: Physical drift is strong (0.82), spatial compatibility is poor (0.24), source plausibility is moderate (0.58), temporal alignment is strong (0.78), and AIS track quality is moderate (0.60). Notable discrepancy: Physical drift model strongly matches observed slick, but candidate vessel was 7.2 km away from release point at hypothesized release time.",30
4DH_0116,VC_0116,538007762,UNKNOWN,UNKNOWN,CS_0065,2019-09-08T09:25:31.797740+00:00,31.095025,-81.43345,31.127525,-81.403057,4629.46,91.0,bracketed_interpolation,108.71,124.18,1.0,0.0063,0.5321,0.3962,0.8593,0.6767,0.6,0.5974,MODERATE_SUPPORT,True,Substantial divergence across evidence dimensions (Temporal Compatibility: 0.86 vs Spatial Compatibility: 0.40).,"Temporal Compatibility (strong, 0.86)","Spatial Compatibility (weak, 0.40)","UNKNOWN: Physical drift is moderate (0.68), spatial compatibility is weak (0.40), source plausibility is moderate (0.53), temporal alignment is strong (0.86), and AIS track quality is moderate (0.60). Notable discrepancy: Substantial divergence across evidence dimensions (Temporal Compatibility: 0.86 vs Spatial Compatibility: 0.40).",31
4DH_0018,VC_0018,368004680,TAKE IT EASY,36.0,CS_0035,2019-09-08T09:25:31.797740+00:00,31.115912,-81.41812,31.16681,-81.415701,5664.28,180.0,bracketed_interpolation,19.01,38.46,1.0,0.1507,0.5274,0.3221,0.7408,0.7968,0.6,0.5962,MODERATE_SUPPORT,True,"Physical drift model strongly matches observed slick, but candidate vessel was 5.7 km away from release point at hypothesized release time.","Physical Drift Consistency (strong, 0.80)","Spatial Compatibility (weak, 0.32)","TAKE IT EASY: Physical drift is strong (0.80), spatial compatibility is weak (0.32), source plausibility is moderate (0.53), temporal alignment is moderate (0.74), and AIS track quality is moderate (0.60). Notable discrepancy: Physical drift model strongly matches observed slick, but candidate vessel was 5.7 km away from release point at hypothesized release time.",32
4DH_0198,VC_0198,367063030,EMERALD PRINCESS II,60.0,CS_0092,2019-09-08T07:25:31.797740+00:00,31.079111,-81.455612,31.114082,-81.4884,4986.75,179.0,bracketed_interpolation,15.46,75.07,1.0,0.0803,0.5118,0.3689,0.7421,0.7651,0.6,0.5954,MODERATE_SUPPORT,False,None,"Physical Drift Consistency (strong, 0.77)","Spatial Compatibility (weak, 0.37)","EMERALD PRINCESS II: Physical drift is strong (0.77), spatial compatibility is weak (0.37), source plausibility is moderate (0.51), temporal alignment is moderate (0.74), and AIS track quality is moderate (0.60).",33
4DH_0014,VC_0014,367569620,PURA VIDA,37.0,CS_0035,2019-09-08T09:25:31.797740+00:00,31.115912,-81.41812,31.1672,-81.41448,5713.48,181.0,bracketed_interpolation,19.01,38.46,1.0,0.1507,0.5274,0.319,0.7396,0.7968,0.6,0.5952,MODERATE_SUPPORT,True,"Physical drift model strongly matches observed slick, but candidate vessel was 5.7 km away from release point at hypothesized release time.","Physical Drift Consistency (strong, 0.80)","Spatial Compatibility (weak, 0.32)","PURA VIDA: Physical drift is strong (0.80), spatial compatibility is weak (0.32), source plausibility is moderate (0.53), temporal alignment is moderate (0.74), and AIS track quality is moderate (0.60). Notable discrepancy: Physical drift model strongly matches observed slick, but candidate vessel was 5.7 km away from release point at hypothesized release time.",34
4DH_0007,VC_0007,338335542,STILL WATERS,37.0,CS_0035,2019-09-08T09:25:31.797740+00:00,31.115912,-81.41812,31.167432,-81.41487,5737.11,180.0,bracketed_interpolation,19.01,38.46,1.0,0.1507,0.5274,0.3175,0.7408,0.7968,0.6,0.595,MODERATE_SUPPORT,True,"Physical drift model strongly matches observed slick, but candidate vessel was 5.7 km away from release point at hypothesized release time.","Physical Drift Consistency (strong, 0.80)","Spatial Compatibility (weak, 0.32)","STILL WATERS: Physical drift is strong (0.80), spatial compatibility is weak (0.32), source plausibility is moderate (0.53), temporal alignment is moderate (0.74), and AIS track quality is moderate (0.60). Notable discrepancy: Physical drift model strongly matches observed slick, but candidate vessel was 5.7 km away from release point at hypothesized release time.",35
4DH_0096,VC_0096,338102856,RESPONDER,31.0,CS_0065,2019-09-08T09:25:31.797740+00:00,31.095025,-81.43345,31.127014,-81.40362,4551.61,111.0,bracketed_interpolation,108.71,124.18,1.0,0.0063,0.5321,0.4024,0.8311,0.6767,0.6,0.5947,MODERATE_SUPPORT,True,Substantial divergence across evidence dimensions (Temporal Compatibility: 0.83 vs Spatial Compatibility: 0.40).,"Temporal Compatibility (strong, 0.83)","Spatial Compatibility (weak, 0.40)","RESPONDER: Physical drift is moderate (0.68), spatial compatibility is weak (0.40), source plausibility is moderate (0.53), temporal alignment is strong (0.83), and AIS track quality is moderate (0.60). Notable discrepancy: Substantial divergence across evidence dimensions (Temporal Compatibility: 0.83 vs Spatial Compatibility: 0.40).",36
4DH_0174,VC_0174,338235704,BRUNSWICK,50.0,CS_0092,2019-09-08T09:25:31.797740+00:00,31.08257,-81.452775,31.127413,-81.402043,6942.11,149.0,bracketed_interpolation,8.45,30.72,1.0,0.1384,0.5434,0.2495,0.7801,0.8048,0.6,0.5895,MODERATE_SUPPORT,True,"Physical drift model strongly matches observed slick, but candidate vessel was 6.9 km away from release point at hypothesized release time.","Physical Drift Consistency (strong, 0.80)","Spatial Compatibility (poor, 0.25)","BRUNSWICK: Physical drift is strong (0.80), spatial compatibility is poor (0.25), source plausibility is moderate (0.54), temporal alignment is strong (0.78), and AIS track quality is moderate (0.60). Notable discrepancy: Physical drift model strongly matches observed slick, but candidate vessel was 6.9 km away from release point at hypothesized release time.",37
4DH_0245,VC_0245,338102861,RECOVERY,90.0,CS_0114,2019-09-08T07:25:31.797740+00:00,31.057201,-81.407424,31.12758,-81.40204,7842.56,62.0,bracketed_interpolation,15.42,68.97,1.0,0.123,0.5446,0.2084,0.9018,0.7768,0.6,0.5893,MODERATE_SUPPORT,True,"Physical drift model strongly matches observed slick, but candidate vessel was 7.8 km away from release point at hypothesized release time.","Temporal Compatibility (strong, 0.90)","Spatial Compatibility (poor, 0.21)","RECOVERY: Physical drift is strong (0.78), spatial compatibility is poor (0.21), source plausibility is moderate (0.54), temporal alignment is strong (0.90), and AIS track quality is moderate (0.60). Notable discrepancy: Physical drift model strongly matches observed slick, but candidate vessel was 7.8 km away from release point at hypothesized release time.",38
4DH_0169,VC_0169,311828000,KUJAWY,70.0,CS_0092,2019-09-08T09:25:31.797740+00:00,31.08257,-81.452775,31.13156,-81.49311,6664.91,180.0,bracketed_interpolation,8.45,30.72,1.0,0.1384,0.5434,0.2637,0.7408,0.8048,0.6,0.5872,MODERATE_SUPPORT,True,"Physical drift model strongly matches observed slick, but candidate vessel was 6.7 km away from release point at hypothesized release time.","Physical Drift Consistency (strong, 0.80)","Spatial Compatibility (weak, 0.26)","KUJAWY: Physical drift is strong (0.80), spatial compatibility is weak (0.26), source plausibility is moderate (0.54), temporal alignment is moderate (0.74), and AIS track quality is moderate (0.60). Notable discrepancy: Physical drift model strongly matches observed slick, but candidate vessel was 6.7 km away from release point at hypothesized release time.",39
4DH_0177,VC_0177,367063030,EMERALD PRINCESS II,60.0,CS_0092,2019-09-08T09:25:31.797740+00:00,31.08257,-81.452775,31.11411,-81.488406,4879.47,359.0,bracketed_interpolation,8.45,30.72,1.0,0.1384,0.5434,0.3769,0.5497,0.8048,0.6,0.5868,MODERATE_SUPPORT,True,Substantial divergence across evidence dimensions (Physical Drift Consistency: 0.80 vs Spatial Compatibility: 0.38).,"Physical Drift Consistency (strong, 0.80)","Spatial Compatibility (weak, 0.38)","EMERALD PRINCESS II: Physical drift is strong (0.80), spatial compatibility is weak (0.38), source plausibility is moderate (0.54), temporal alignment is moderate (0.55), and AIS track quality is moderate (0.60). Notable discrepancy: Substantial divergence across evidence dimensions (Physical Drift Consistency: 0.80 vs Spatial Compatibility: 0.38).",40
4DH_0244,VC_0244,338102856,RESPONDER,31.0,CS_0114,2019-09-08T07:25:31.797740+00:00,31.057201,-81.407424,31.128275,-81.403426,7912.23,70.0,bracketed_interpolation,15.42,68.97,1.0,0.123,0.5446,0.2055,0.8899,0.7768,0.6,0.5868,MODERATE_SUPPORT,True,"Physical drift model strongly matches observed slick, but candidate vessel was 7.9 km away from release point at hypothesized release time.","Temporal Compatibility (strong, 0.89)","Spatial Compatibility (poor, 0.21)","RESPONDER: Physical drift is strong (0.78), spatial compatibility is poor (0.21), source plausibility is moderate (0.54), temporal alignment is strong (0.89), and AIS track quality is moderate (0.60). Notable discrepancy: Physical drift model strongly matches observed slick, but candidate vessel was 7.9 km away from release point at hypothesized release time.",41
4DH_0235,VC_0235,338182224,SEA SALT,37.0,CS_0092,2019-09-07T17:25:31.797740+00:00,31.034819,-81.43823,31.057772,-81.42471,2858.84,90.0,bracketed_interpolation,14.52,284.89,0.818,0.0313,0.3362,0.5645,0.8607,0.631,0.6,0.5868,MODERATE_SUPPORT,True,Substantial divergence across evidence dimensions (Temporal Compatibility: 0.86 vs Source Plausibility: 0.34).,"Temporal Compatibility (strong, 0.86)","Source Plausibility (weak, 0.34)","SEA SALT: Physical drift is moderate (0.63), spatial compatibility is moderate (0.56), source plausibility is weak (0.34), temporal alignment is strong (0.86), and AIS track quality is moderate (0.60). Notable discrepancy: Substantial divergence across evidence dimensions (Temporal Compatibility: 0.86 vs Source Plausibility: 0.34).",42
4DH_0253,VC_0253,538007762,UNKNOWN,UNKNOWN,CS_0114,2019-09-08T05:25:31.797740+00:00,31.05069,-81.410975,31.106123,-81.442686,6863.93,69.0,bracketed_interpolation,19.58,98.28,0.998,0.0973,0.5129,0.2534,0.8914,0.754,0.6,0.5858,MODERATE_SUPPORT,True,"Physical drift model strongly matches observed slick, but candidate vessel was 6.9 km away from release point at hypothesized release time.","Temporal Compatibility (strong, 0.89)","Spatial Compatibility (weak, 0.25)","UNKNOWN: Physical drift is strong (0.75), spatial compatibility is weak (0.25), source plausibility is moderate (0.51), temporal alignment is strong (0.89), and AIS track quality is moderate (0.60). Notable discrepancy: Physical drift model strongly matches observed slick, but candidate vessel was 6.9 km away from release point at hypothesized release time.",43
4DH_0183,VC_0183,367691290,MISS LEXY,30.0,CS_0092,2019-09-08T09:25:31.797740+00:00,31.08257,-81.452775,31.14215,-81.49644,7821.16,120.0,bracketed_interpolation,8.45,30.72,1.0,0.1384,0.5434,0.2092,0.8187,0.8048,0.6,0.5852,MODERATE_SUPPORT,True,"Physical drift model strongly matches observed slick, but candidate vessel was 7.8 km away from release point at hypothesized release time.","Temporal Compatibility (strong, 0.82)","Spatial Compatibility (poor, 0.21)","MISS LEXY: Physical drift is strong (0.80), spatial compatibility is poor (0.21), source plausibility is moderate (0.54), temporal alignment is strong (0.82), and AIS track quality is moderate (0.60). Notable discrepancy: Physical drift model strongly matches observed slick, but candidate vessel was 7.8 km away from release point at hypothesized release time.",44
4DH_0100,VC_0100,338235704,BRUNSWICK,50.0,CS_0065,2019-09-08T09:25:31.797740+00:00,31.095025,-81.43345,31.127413,-81.402043,4680.81,149.0,bracketed_interpolation,108.71,124.18,1.0,0.0063,0.5321,0.3921,0.7801,0.6767,0.6,0.5845,MODERATE_SUPPORT,False,None,"Temporal Compatibility (strong, 0.78)","Spatial Compatibility (weak, 0.39)","BRUNSWICK: Physical drift is moderate (0.68), spatial compatibility is weak (0.39), source plausibility is moderate (0.53), temporal alignment is strong (0.78), and AIS track quality is moderate (0.60).",45
4DH_0193,VC_0193,338102861,RECOVERY,90.0,CS_0092,2019-09-08T07:25:31.797740+00:00,31.079111,-81.455612,31.12758,-81.40204,7420.4,62.0,bracketed_interpolation,15.46,75.07,1.0,0.0803,0.5118,0.2267,0.9018,0.7651,0.6,0.5838,MODERATE_SUPPORT,True,"Physical drift model strongly matches observed slick, but candidate vessel was 7.4 km away from release point at hypothesized release time.","Temporal Compatibility (strong, 0.90)","Spatial Compatibility (poor, 0.23)","RECOVERY: Physical drift is strong (0.77), spatial compatibility is poor (0.23), source plausibility is moderate (0.51), temporal alignment is strong (0.90), and AIS track quality is moderate (0.60). Notable discrepancy: Physical drift model strongly matches observed slick, but candidate vessel was 7.4 km away from release point at hypothesized release time.",46
4DH_0250,VC_0250,538007762,UNKNOWN,UNKNOWN,CS_0114,2019-09-08T07:25:31.797740+00:00,31.057201,-81.407424,31.127487,-81.403096,7826.3,90.0,bracketed_interpolation,15.42,68.97,1.0,0.123,0.5446,0.209,0.8607,0.7768,0.6,0.5833,MODERATE_SUPPORT,True,"Physical drift model strongly matches observed slick, but candidate vessel was 7.8 km away from release point at hypothesized release time.","Temporal Compatibility (strong, 0.86)","Spatial Compatibility (poor, 0.21)","UNKNOWN: Physical drift is strong (0.78), spatial compatibility is poor (0.21), source plausibility is moderate (0.54), temporal alignment is strong (0.86), and AIS track quality is moderate (0.60). Notable discrepancy: Physical drift model strongly matches observed slick, but candidate vessel was 7.8 km away from release point at hypothesized release time.",47
4DH_0248,VC_0248,367305420,DOROTHY MORAN,31.0,CS_0114,2019-09-08T07:25:31.797740+00:00,31.057201,-81.407424,31.128318,-81.403698,7915.8,89.0,bracketed_interpolation,15.42,68.97,1.0,0.123,0.5446,0.2053,0.8621,0.7768,0.6,0.5826,MODERATE_SUPPORT,True,"Physical drift model strongly matches observed slick, but candidate vessel was 7.9 km away from release point at hypothesized release time.","Temporal Compatibility (strong, 0.86)","Spatial Compatibility (poor, 0.21)","DOROTHY MORAN: Physical drift is strong (0.78), spatial compatibility is poor (0.21), source plausibility is moderate (0.54), temporal alignment is strong (0.86), and AIS track quality is moderate (0.60). Notable discrepancy: Physical drift model strongly matches observed slick, but candidate vessel was 7.9 km away from release point at hypothesized release time.",48
4DH_0192,VC_0192,338102856,RESPONDER,31.0,CS_0092,2019-09-08T07:25:31.797740+00:00,31.079111,-81.455612,31.128275,-81.403426,7387.32,70.0,bracketed_interpolation,15.46,75.07,1.0,0.0803,0.5118,0.2282,0.8899,0.7651,0.6,0.5824,MODERATE_SUPPORT,True,"Physical drift model strongly matches observed slick, but candidate vessel was 7.4 km away from release point at hypothesized release time.","Temporal Compatibility (strong, 0.89)","Spatial Compatibility (poor, 0.23)","RESPONDER: Physical drift is strong (0.77), spatial compatibility is poor (0.23), source plausibility is moderate (0.51), temporal alignment is strong (0.89), and AIS track quality is moderate (0.60). Notable discrepancy: Physical drift model strongly matches observed slick, but candidate vessel was 7.4 km away from release point at hypothesized release time.",49
4DH_0246,VC_0246,338235704,BRUNSWICK,50.0,CS_0114,2019-09-08T07:25:31.797740+00:00,31.057201,-81.407424,31.128636,-81.404986,7946.6,89.0,bracketed_interpolation,15.42,68.97,1.0,0.123,0.5446,0.2041,0.8621,0.7768,0.6,0.5823,MODERATE_SUPPORT,True,"Physical drift model strongly matches observed slick, but candidate vessel was 7.9 km away from release point at hypothesized release time.","Temporal Compatibility (strong, 0.86)","Spatial Compatibility (poor, 0.20)","BRUNSWICK: Physical drift is strong (0.78), spatial compatibility is poor (0.20), source plausibility is moderate (0.54), temporal alignment is strong (0.86), and AIS track quality is moderate (0.60). Notable discrepancy: Physical drift model strongly matches observed slick, but candidate vessel was 7.9 km away from release point at hypothesized release time.",50
4DH_0196,VC_0196,338235704,BRUNSWICK,50.0,CS_0092,2019-09-08T07:25:31.797740+00:00,31.079111,-81.455612,31.128636,-81.404986,7318.4,89.0,bracketed_interpolation,15.46,75.07,1.0,0.0803,0.5118,0.2314,0.8621,0.7651,0.6,0.5791,MODERATE_SUPPORT,True,"Physical drift model strongly matches observed slick, but candidate vessel was 7.3 km away from release point at hypothesized release time.","Temporal Compatibility (strong, 0.86)","Spatial Compatibility (poor, 0.23)","BRUNSWICK: Physical drift is strong (0.77), spatial compatibility is poor (0.23), source plausibility is moderate (0.51), temporal alignment is strong (0.86), and AIS track quality is moderate (0.60). Notable discrepancy: Physical drift model strongly matches observed slick, but candidate vessel was 7.3 km away from release point at hypothesized release time.",51
4DH_0256,VC_0256,538007762,UNKNOWN,UNKNOWN,CS_0161,2019-09-08T05:25:31.797740+00:00,31.014711,-81.4215,31.106123,-81.442686,10362.94,69.0,bracketed_interpolation,3.66,78.31,1.0,0.1747,0.5847,0.1259,0.8914,0.7893,0.6,0.5789,MODERATE_SUPPORT,True,"Physical drift model strongly matches observed slick, but candidate vessel was 10.4 km away from release point at hypothesized release time.","Temporal Compatibility (strong, 0.89)","Spatial Compatibility (poor, 0.13)","UNKNOWN: Physical drift is strong (0.79), spatial compatibility is poor (0.13), source plausibility is moderate (0.58), temporal alignment is strong (0.89), and AIS track quality is moderate (0.60). Notable discrepancy: Physical drift model strongly matches observed slick, but candidate vessel was 10.4 km away from release point at hypothesized release time.",52
4DH_0210,VC_0210,538007762,UNKNOWN,UNKNOWN,CS_0092,2019-09-08T07:25:31.797740+00:00,31.079111,-81.455612,31.127487,-81.403096,7344.08,90.0,bracketed_interpolation,15.46,75.07,1.0,0.0803,0.5118,0.2302,0.8607,0.7651,0.6,0.5786,MODERATE_SUPPORT,True,"Physical drift model strongly matches observed slick, but candidate vessel was 7.3 km away from release point at hypothesized release time.","Temporal Compatibility (strong, 0.86)","Spatial Compatibility (poor, 0.23)","UNKNOWN: Physical drift is strong (0.77), spatial compatibility is poor (0.23), source plausibility is moderate (0.51), temporal alignment is strong (0.86), and AIS track quality is moderate (0.60). Notable discrepancy: Physical drift model strongly matches observed slick, but candidate vessel was 7.3 km away from release point at hypothesized release time.",53
4DH_0201,VC_0201,367305420,DOROTHY MORAN,31.0,CS_0092,2019-09-08T07:25:31.797740+00:00,31.079111,-81.455612,31.128318,-81.403698,7373.47,89.0,bracketed_interpolation,15.46,75.07,1.0,0.0803,0.5118,0.2288,0.8621,0.7651,0.6,0.5784,MODERATE_SUPPORT,True,"Physical drift model strongly matches observed slick, but candidate vessel was 7.4 km away from release point at hypothesized release time.","Temporal Compatibility (strong, 0.86)","Spatial Compatibility (poor, 0.23)","DOROTHY MORAN: Physical drift is strong (0.77), spatial compatibility is poor (0.23), source plausibility is moderate (0.51), temporal alignment is strong (0.86), and AIS track quality is moderate (0.60). Notable discrepancy: Physical drift model strongly matches observed slick, but candidate vessel was 7.4 km away from release point at hypothesized release time.",54
4DH_0015,VC_0015,367691290,MISS LEXY,30.0,CS_0035,2019-09-08T09:25:31.797740+00:00,31.115912,-81.41812,31.14215,-81.49644,8005.34,120.0,bracketed_interpolation,19.01,38.46,1.0,0.1507,0.5274,0.2017,0.8187,0.7968,0.6,0.5777,MODERATE_SUPPORT,True,"Physical drift model strongly matches observed slick, but candidate vessel was 8.0 km away from release point at hypothesized release time.","Temporal Compatibility (strong, 0.82)","Spatial Compatibility (poor, 0.20)","MISS LEXY: Physical drift is strong (0.80), spatial compatibility is poor (0.20), source plausibility is moderate (0.53), temporal alignment is strong (0.82), and AIS track quality is moderate (0.60). Notable discrepancy: Physical drift model strongly matches observed slick, but candidate vessel was 8.0 km away from release point at hypothesized release time.",55
4DH_0204,VC_0204,367691290,MISS LEXY,30.0,CS_0092,2019-09-08T07:25:31.797740+00:00,31.079111,-81.455612,31.142118,-81.49645,8012.51,69.0,bracketed_interpolation,15.46,75.07,1.0,0.0803,0.5118,0.2014,0.8914,0.7651,0.6,0.5759,MODERATE_SUPPORT,True,"Physical drift model strongly matches observed slick, but candidate vessel was 8.0 km away from release point at hypothesized release time.","Temporal Compatibility (strong, 0.89)","Spatial Compatibility (poor, 0.20)","MISS LEXY: Physical drift is strong (0.77), spatial compatibility is poor (0.20), source plausibility is moderate (0.51), temporal alignment is strong (0.89), and AIS track quality is moderate (0.60). Notable discrepancy: Physical drift model strongly matches observed slick, but candidate vessel was 8.0 km away from release point at hypothesized release time.",56
4DH_0119,VC_0119,338102861,RECOVERY,90.0,CS_0065,2019-09-08T07:25:31.797740+00:00,31.089295,-81.43682,31.12758,-81.40204,5393.23,62.0,bracketed_interpolation,100.1,185.74,0.99,0.0036,0.5011,0.3401,0.9018,0.6512,0.6,0.5759,MODERATE_SUPPORT,True,"Physical drift model strongly matches observed slick, but candidate vessel was 5.4 km away from release point at hypothesized release time.","Temporal Compatibility (strong, 0.90)","Spatial Compatibility (weak, 0.34)","RECOVERY: Physical drift is moderate (0.65), spatial compatibility is weak (0.34), source plausibility is moderate (0.50), temporal alignment is strong (0.90), and AIS track quality is moderate (0.60). Notable discrepancy: Physical drift model strongly matches observed slick, but candidate vessel was 5.4 km away from release point at hypothesized release time.",57
4DH_0118,VC_0118,338102856,RESPONDER,31.0,CS_0065,2019-09-08T07:25:31.797740+00:00,31.089295,-81.43682,31.128275,-81.403426,5375.35,70.0,bracketed_interpolation,100.1,185.74,0.99,0.0036,0.5011,0.3413,0.8899,0.6512,0.6,0.5744,MODERATE_SUPPORT,True,"Physical drift model strongly matches observed slick, but candidate vessel was 5.4 km away from release point at hypothesized release time.","Temporal Compatibility (strong, 0.89)","Spatial Compatibility (weak, 0.34)","RESPONDER: Physical drift is moderate (0.65), spatial compatibility is weak (0.34), source plausibility is moderate (0.50), temporal alignment is strong (0.89), and AIS track quality is moderate (0.60). Notable discrepancy: Physical drift model strongly matches observed slick, but candidate vessel was 5.4 km away from release point at hypothesized release time.",58
4DH_0249,VC_0249,367369550,ANN MORAN,31.0,CS_0114,2019-09-08T07:25:31.797740+00:00,31.057201,-81.407424,31.128707,-81.4043,7956.67,129.0,bracketed_interpolation,15.42,68.97,1.0,0.123,0.5446,0.2037,0.8065,0.7768,0.6,0.5739,MODERATE_SUPPORT,True,"Physical drift model strongly matches observed slick, but candidate vessel was 8.0 km away from release point at hypothesized release time.","Temporal Compatibility (strong, 0.81)","Spatial Compatibility (poor, 0.20)","ANN MORAN: Physical drift is strong (0.78), spatial compatibility is poor (0.20), source plausibility is moderate (0.54), temporal alignment is strong (0.81), and AIS track quality is moderate (0.60). Notable discrepancy: Physical drift model strongly matches observed slick, but candidate vessel was 8.0 km away from release point at hypothesized release time.",59
4DH_0001,VC_0001,311828000,KUJAWY,70.0,CS_0035,2019-09-08T09:25:31.797740+00:00,31.115912,-81.41812,31.13156,-81.49311,7347.21,180.0,bracketed_interpolation,19.01,38.46,1.0,0.1507,0.5274,0.2301,0.7408,0.7968,0.6,0.5731,MODERATE_SUPPORT,True,"Physical drift model strongly matches observed slick, but candidate vessel was 7.3 km away from release point at hypothesized release time.","Physical Drift Consistency (strong, 0.80)","Spatial Compatibility (poor, 0.23)","KUJAWY: Physical drift is strong (0.80), spatial compatibility is poor (0.23), source plausibility is moderate (0.53), temporal alignment is moderate (0.74), and AIS track quality is moderate (0.60). Notable discrepancy: Physical drift model strongly matches observed slick, but candidate vessel was 7.3 km away from release point at hypothesized release time.",60
4DH_0038,VC_0038,367691290,MISS LEXY,30.0,CS_0035,2019-09-08T07:25:31.797740+00:00,31.110186,-81.421491,31.142118,-81.49645,7969.73,69.0,bracketed_interpolation,25.69,72.35,1.0,0.0867,0.4967,0.2031,0.8914,0.7619,0.6,0.5724,MODERATE_SUPPORT,True,"Physical drift model strongly matches observed slick, but candidate vessel was 8.0 km away from release point at hypothesized release time.","Temporal Compatibility (strong, 0.89)","Spatial Compatibility (poor, 0.20)","MISS LEXY: Physical drift is strong (0.76), spatial compatibility is poor (0.20), source plausibility is weak (0.50), temporal alignment is strong (0.89), and AIS track quality is moderate (0.60). Notable discrepancy: Physical drift model strongly matches observed slick, but candidate vessel was 8.0 km away from release point at hypothesized release time.",61
4DH_0122,VC_0122,338235704,BRUNSWICK,50.0,CS_0065,2019-09-08T07:25:31.797740+00:00,31.089295,-81.43682,31.128636,-81.404986,5321.81,89.0,bracketed_interpolation,100.1,185.74,0.99,0.0036,0.5011,0.3449,0.8621,0.6512,0.6,0.5711,MODERATE_SUPPORT,True,"Physical drift model strongly matches observed slick, but candidate vessel was 5.3 km away from release point at hypothesized release time.","Temporal Compatibility (strong, 0.86)","Spatial Compatibility (weak, 0.34)","BRUNSWICK: Physical drift is moderate (0.65), spatial compatibility is weak (0.34), source plausibility is moderate (0.50), temporal alignment is strong (0.86), and AIS track quality is moderate (0.60). Notable discrepancy: Physical drift model strongly matches observed slick, but candidate vessel was 5.3 km away from release point at hypothesized release time.",62
4DH_0189,VC_0189,538004697,EMERALD ACE,70.0,CS_0092,2019-09-08T09:25:31.797740+00:00,31.08257,-81.452775,31.128811,-81.518109,8070.27,180.0,bracketed_interpolation,8.45,30.72,1.0,0.1384,0.5434,0.1991,0.7408,0.8048,0.6,0.571,MODERATE_SUPPORT,True,"Physical drift model strongly matches observed slick, but candidate vessel was 8.1 km away from release point at hypothesized release time.","Physical Drift Consistency (strong, 0.80)","Spatial Compatibility (poor, 0.20)","EMERALD ACE: Physical drift is strong (0.80), spatial compatibility is poor (0.20), source plausibility is moderate (0.54), temporal alignment is moderate (0.74), and AIS track quality is moderate (0.60). Notable discrepancy: Physical drift model strongly matches observed slick, but candidate vessel was 8.1 km away from release point at hypothesized release time.",63
4DH_0139,VC_0139,538007762,UNKNOWN,UNKNOWN,CS_0065,2019-09-08T07:25:31.797740+00:00,31.089295,-81.43682,31.127487,-81.403096,5323.84,90.0,bracketed_interpolation,100.1,185.74,0.99,0.0036,0.5011,0.3448,0.8607,0.6512,0.6,0.5709,MODERATE_SUPPORT,True,"Physical drift model strongly matches observed slick, but candidate vessel was 5.3 km away from release point at hypothesized release time.","Temporal Compatibility (strong, 0.86)","Spatial Compatibility (weak, 0.34)","UNKNOWN: Physical drift is moderate (0.65), spatial compatibility is weak (0.34), source plausibility is moderate (0.50), temporal alignment is strong (0.86), and AIS track quality is moderate (0.60). Notable discrepancy: Physical drift model strongly matches observed slick, but candidate vessel was 5.3 km away from release point at hypothesized release time.",64
4DH_0128,VC_0128,367305420,DOROTHY MORAN,31.0,CS_0065,2019-09-08T07:25:31.797740+00:00,31.089295,-81.43682,31.128318,-81.403698,5363.94,89.0,bracketed_interpolation,100.1,185.74,0.99,0.0036,0.5011,0.3421,0.8621,0.6512,0.6,0.5704,MODERATE_SUPPORT,True,"Physical drift model strongly matches observed slick, but candidate vessel was 5.4 km away from release point at hypothesized release time.","Temporal Compatibility (strong, 0.86)","Spatial Compatibility (weak, 0.34)","DOROTHY MORAN: Physical drift is moderate (0.65), spatial compatibility is weak (0.34), source plausibility is moderate (0.50), temporal alignment is strong (0.86), and AIS track quality is moderate (0.60). Notable discrepancy: Physical drift model strongly matches observed slick, but candidate vessel was 5.4 km away from release point at hypothesized release time.",65
4DH_0202,VC_0202,367369550,ANN MORAN,31.0,CS_0092,2019-09-08T07:25:31.797740+00:00,31.079111,-81.455612,31.128707,-81.4043,7367.49,129.0,bracketed_interpolation,15.46,75.07,1.0,0.0803,0.5118,0.2291,0.8065,0.7651,0.6,0.5702,MODERATE_SUPPORT,True,"Physical drift model strongly matches observed slick, but candidate vessel was 7.4 km away from release point at hypothesized release time.","Temporal Compatibility (strong, 0.81)","Spatial Compatibility (poor, 0.23)","ANN MORAN: Physical drift is strong (0.77), spatial compatibility is poor (0.23), source plausibility is moderate (0.51), temporal alignment is strong (0.81), and AIS track quality is moderate (0.60). Notable discrepancy: Physical drift model strongly matches observed slick, but candidate vessel was 7.4 km away from release point at hypothesized release time.",66
4DH_0218,VC_0218,367305420,DOROTHY MORAN,31.0,CS_0092,2019-09-08T05:25:31.797740+00:00,31.074782,-81.458345,31.124495,-81.508022,7275.22,80.0,bracketed_interpolation,9.58,111.15,0.996,0.0635,0.482,0.2334,0.8752,0.7464,0.6,0.5699,MODERATE_SUPPORT,True,"Physical drift model strongly matches observed slick, but candidate vessel was 7.3 km away from release point at hypothesized release time.","Temporal Compatibility (strong, 0.88)","Spatial Compatibility (poor, 0.23)","DOROTHY MORAN: Physical drift is moderate (0.75), spatial compatibility is poor (0.23), source plausibility is weak (0.48), temporal alignment is strong (0.88), and AIS track quality is moderate (0.60). Notable discrepancy: Physical drift model strongly matches observed slick, but candidate vessel was 7.3 km away from release point at hypothesized release time.",67
4DH_0041,VC_0041,368004680,TAKE IT EASY,36.0,CS_0035,2019-09-08T07:25:31.797740+00:00,31.110186,-81.421491,31.16683,-81.41569,6322.68,181.0,bracketed_interpolation,25.69,72.35,1.0,0.0867,0.4967,0.2824,0.7396,0.7619,0.6,0.5694,MODERATE_SUPPORT,True,"Physical drift model strongly matches observed slick, but candidate vessel was 6.3 km away from release point at hypothesized release time.","Physical Drift Consistency (strong, 0.76)","Spatial Compatibility (weak, 0.28)","TAKE IT EASY: Physical drift is strong (0.76), spatial compatibility is weak (0.28), source plausibility is weak (0.50), temporal alignment is moderate (0.74), and AIS track quality is moderate (0.60). Notable discrepancy: Physical drift model strongly matches observed slick, but candidate vessel was 6.3 km away from release point at hypothesized release time.",68
4DH_0031,VC_0031,367063030,EMERALD PRINCESS II,60.0,CS_0035,2019-09-08T07:25:31.797740+00:00,31.110186,-81.421491,31.114082,-81.4884,6384.48,179.0,bracketed_interpolation,25.69,72.35,1.0,0.0867,0.4967,0.2789,0.7421,0.7619,0.6,0.5689,MODERATE_SUPPORT,True,"Physical drift model strongly matches observed slick, but candidate vessel was 6.4 km away from release point at hypothesized release time.","Physical Drift Consistency (strong, 0.76)","Spatial Compatibility (weak, 0.28)","EMERALD PRINCESS II: Physical drift is strong (0.76), spatial compatibility is weak (0.28), source plausibility is weak (0.50), temporal alignment is moderate (0.74), and AIS track quality is moderate (0.60). Notable discrepancy: Physical drift model strongly matches observed slick, but candidate vessel was 6.4 km away from release point at hypothesized release time.",69
4DH_0037,VC_0037,367569620,PURA VIDA,37.0,CS_0035,2019-09-08T07:25:31.797740+00:00,31.110186,-81.421491,31.167209,-81.414471,6375.77,182.0,bracketed_interpolation,25.69,72.35,1.0,0.0867,0.4967,0.2794,0.7384,0.7619,0.6,0.5685,MODERATE_SUPPORT,True,"Physical drift model strongly matches observed slick, but candidate vessel was 6.4 km away from release point at hypothesized release time.","Physical Drift Consistency (strong, 0.76)","Spatial Compatibility (weak, 0.28)","PURA VIDA: Physical drift is strong (0.76), spatial compatibility is weak (0.28), source plausibility is weak (0.50), temporal alignment is moderate (0.74), and AIS track quality is moderate (0.60). Notable discrepancy: Physical drift model strongly matches observed slick, but candidate vessel was 6.4 km away from release point at hypothesized release time.",70
4DH_0029,VC_0029,338335542,STILL WATERS,37.0,CS_0035,2019-09-08T07:25:31.797740+00:00,31.110186,-81.421491,31.167432,-81.41489,6396.39,182.0,bracketed_interpolation,25.69,72.35,1.0,0.0867,0.4967,0.2782,0.7384,0.7619,0.6,0.5682,MODERATE_SUPPORT,True,"Physical drift model strongly matches observed slick, but candidate vessel was 6.4 km away from release point at hypothesized release time.","Physical Drift Consistency (strong, 0.76)","Spatial Compatibility (weak, 0.28)","STILL WATERS: Physical drift is strong (0.76), spatial compatibility is weak (0.28), source plausibility is weak (0.50), temporal alignment is moderate (0.74), and AIS track quality is moderate (0.60). Notable discrepancy: Physical drift model strongly matches observed slick, but candidate vessel was 6.4 km away from release point at hypothesized release time.",71
4DH_0191,VC_0191,311828000,KUJAWY,70.0,CS_0092,2019-09-08T07:25:31.797740+00:00,31.079111,-81.455612,31.13155,-81.49312,6837.56,180.0,bracketed_interpolation,15.46,75.07,1.0,0.0803,0.5118,0.2547,0.7408,0.7651,0.6,0.5667,MODERATE_SUPPORT,True,"Physical drift model strongly matches observed slick, but candidate vessel was 6.8 km away from release point at hypothesized release time.","Physical Drift Consistency (strong, 0.77)","Spatial Compatibility (weak, 0.25)","KUJAWY: Physical drift is strong (0.77), spatial compatibility is weak (0.25), source plausibility is moderate (0.51), temporal alignment is moderate (0.74), and AIS track quality is moderate (0.60). Notable discrepancy: Physical drift model strongly matches observed slick, but candidate vessel was 6.8 km away from release point at hypothesized release time.",72
4DH_0129,VC_0129,367369550,ANN MORAN,31.0,CS_0065,2019-09-08T07:25:31.797740+00:00,31.089295,-81.43682,31.128707,-81.4043,5365.71,129.0,bracketed_interpolation,100.1,185.74,0.99,0.0036,0.5011,0.3419,0.8065,0.6512,0.6,0.562,MODERATE_SUPPORT,True,"Physical drift model strongly matches observed slick, but candidate vessel was 5.4 km away from release point at hypothesized release time.","Temporal Compatibility (strong, 0.81)","Spatial Compatibility (weak, 0.34)","ANN MORAN: Physical drift is moderate (0.65), spatial compatibility is weak (0.34), source plausibility is moderate (0.50), temporal alignment is strong (0.81), and AIS track quality is moderate (0.60). Notable discrepancy: Physical drift model strongly matches observed slick, but candidate vessel was 5.4 km away from release point at hypothesized release time.",73
4DH_0185,VC_0185,367762440,SILVER GIRL II,37.0,CS_0092,2019-09-08T09:25:31.797740+00:00,31.08257,-81.452775,31.154142,-81.499515,9117.77,180.0,bracketed_interpolation,8.45,30.72,1.0,0.1384,0.5434,0.1615,0.7408,0.8048,0.6,0.5616,MODERATE_SUPPORT,True,"Physical drift model strongly matches observed slick, but candidate vessel was 9.1 km away from release point at hypothesized release time.","Physical Drift Consistency (strong, 0.80)","Spatial Compatibility (poor, 0.16)","SILVER GIRL II: Physical drift is strong (0.80), spatial compatibility is poor (0.16), source plausibility is moderate (0.54), temporal alignment is moderate (0.74), and AIS track quality is moderate (0.60). Notable discrepancy: Physical drift model strongly matches observed slick, but candidate vessel was 9.1 km away from release point at hypothesized release time.",74
4DH_0178,VC_0178,367094180,CHICORY,37.0,CS_0092,2019-09-08T09:25:31.797740+00:00,31.08257,-81.452775,31.15502,-81.499413,9198.41,179.0,bracketed_interpolation,8.45,30.72,1.0,0.1384,0.5434,0.1589,0.7421,0.8048,0.6,0.5611,MODERATE_SUPPORT,True,"Physical drift model strongly matches observed slick, but candidate vessel was 9.2 km away from release point at hypothesized release time.","Physical Drift Consistency (strong, 0.80)","Spatial Compatibility (poor, 0.16)","CHICORY: Physical drift is strong (0.80), spatial compatibility is poor (0.16), source plausibility is moderate (0.54), temporal alignment is moderate (0.74), and AIS track quality is moderate (0.60). Notable discrepancy: Physical drift model strongly matches observed slick, but candidate vessel was 9.2 km away from release point at hypothesized release time.",75
4DH_0173,VC_0173,338184094,DULCINEA,37.0,CS_0092,2019-09-08T09:25:31.797740+00:00,31.08257,-81.452775,31.154993,-81.499587,9203.79,180.0,bracketed_interpolation,8.45,30.72,1.0,0.1384,0.5434,0.1587,0.7408,0.8048,0.6,0.5609,MODERATE_SUPPORT,True,"Physical drift model strongly matches observed slick, but candidate vessel was 9.2 km away from release point at hypothesized release time.","Physical Drift Consistency (strong, 0.80)","Spatial Compatibility (poor, 0.16)","DULCINEA: Physical drift is strong (0.80), spatial compatibility is poor (0.16), source plausibility is moderate (0.54), temporal alignment is moderate (0.74), and AIS track quality is moderate (0.60). Notable discrepancy: Physical drift model strongly matches observed slick, but candidate vessel was 9.2 km away from release point at hypothesized release time.",76
4DH_0055,VC_0055,367369550,ANN MORAN,31.0,CS_0035,2019-09-08T05:25:31.797740+00:00,31.103675,-81.425044,31.143112,-81.49662,8102.49,70.0,bracketed_interpolation,24.28,98.94,1.0,0.072,0.4678,0.1978,0.8899,0.7463,0.6,0.5604,MODERATE_SUPPORT,True,"Physical drift model strongly matches observed slick, but candidate vessel was 8.1 km away from release point at hypothesized release time.","Temporal Compatibility (strong, 0.89)","Spatial Compatibility (poor, 0.20)","ANN MORAN: Physical drift is moderate (0.75), spatial compatibility is poor (0.20), source plausibility is weak (0.47), temporal alignment is strong (0.89), and AIS track quality is moderate (0.60). Notable discrepancy: Physical drift model strongly matches observed slick, but candidate vessel was 8.1 km away from release point at hypothesized release time.",77
4DH_0219,VC_0219,367369550,ANN MORAN,31.0,CS_0092,2019-09-08T05:25:31.797740+00:00,31.074782,-81.458345,31.143112,-81.49662,8426.56,70.0,bracketed_interpolation,9.58,111.15,0.996,0.0635,0.482,0.1854,0.8899,0.7464,0.6,0.5602,MODERATE_SUPPORT,True,"Physical drift model strongly matches observed slick, but candidate vessel was 8.4 km away from release point at hypothesized release time.","Temporal Compatibility (strong, 0.89)","Spatial Compatibility (poor, 0.19)","ANN MORAN: Physical drift is moderate (0.75), spatial compatibility is poor (0.19), source plausibility is weak (0.48), temporal alignment is strong (0.89), and AIS track quality is moderate (0.60). Notable discrepancy: Physical drift model strongly matches observed slick, but candidate vessel was 8.4 km away from release point at hypothesized release time.",78
4DH_0184,VC_0184,367753660,AQUAMARINE,37.0,CS_0092,2019-09-08T09:25:31.797740+00:00,31.08257,-81.452775,31.156097,-81.499243,9295.75,181.0,bracketed_interpolation,8.45,30.72,1.0,0.1384,0.5434,0.1558,0.7396,0.8048,0.6,0.56,MODERATE_SUPPORT,True,"Physical drift model strongly matches observed slick, but candidate vessel was 9.3 km away from release point at hypothesized release time.","Physical Drift Consistency (strong, 0.80)","Spatial Compatibility (poor, 0.16)","AQUAMARINE: Physical drift is strong (0.80), spatial compatibility is poor (0.16), source plausibility is moderate (0.54), temporal alignment is moderate (0.74), and AIS track quality is moderate (0.60). Notable discrepancy: Physical drift model strongly matches observed slick, but candidate vessel was 9.3 km away from release point at hypothesized release time.",79
4DH_0187,VC_0187,369201000,SALTY VIXEN,37.0,CS_0092,2019-09-08T09:25:31.797740+00:00,31.08257,-81.452775,31.156721,-81.499221,9355.84,181.0,bracketed_interpolation,8.45,30.72,1.0,0.1384,0.5434,0.1539,0.7396,0.8048,0.6,0.5595,MODERATE_SUPPORT,True,"Physical drift model strongly matches observed slick, but candidate vessel was 9.4 km away from release point at hypothesized release time.","Physical Drift Consistency (strong, 0.80)","Spatial Compatibility (poor, 0.15)","SALTY VIXEN: Physical drift is strong (0.80), spatial compatibility is poor (0.15), source plausibility is moderate (0.54), temporal alignment is moderate (0.74), and AIS track quality is moderate (0.60). Notable discrepancy: Physical drift model strongly matches observed slick, but candidate vessel was 9.4 km away from release point at hypothesized release time.",80
4DH_0179,VC_0179,367157730,AESTIVAL,37.0,CS_0092,2019-09-08T09:25:31.797740+00:00,31.08257,-81.452775,31.15825,-81.4993,9509.5,180.0,bracketed_interpolation,8.45,30.72,1.0,0.1384,0.5434,0.1493,0.7408,0.8048,0.6,0.5586,MODERATE_SUPPORT,True,"Physical drift model strongly matches observed slick, but candidate vessel was 9.5 km away from release point at hypothesized release time.","Physical Drift Consistency (strong, 0.80)","Spatial Compatibility (poor, 0.15)","AESTIVAL: Physical drift is strong (0.80), spatial compatibility is poor (0.15), source plausibility is moderate (0.54), temporal alignment is moderate (0.74), and AIS track quality is moderate (0.60). Notable discrepancy: Physical drift model strongly matches observed slick, but candidate vessel was 9.5 km away from release point at hypothesized release time.",81
4DH_0017,VC_0017,367762440,SILVER GIRL II,37.0,CS_0035,2019-09-08T09:25:31.797740+00:00,31.115912,-81.41812,31.154142,-81.499515,8836.65,180.0,bracketed_interpolation,19.01,38.46,1.0,0.1507,0.5274,0.1708,0.7408,0.7968,0.6,0.5583,MODERATE_SUPPORT,True,"Physical drift model strongly matches observed slick, but candidate vessel was 8.8 km away from release point at hypothesized release time.","Physical Drift Consistency (strong, 0.80)","Spatial Compatibility (poor, 0.17)","SILVER GIRL II: Physical drift is strong (0.80), spatial compatibility is poor (0.17), source plausibility is moderate (0.53), temporal alignment is moderate (0.74), and AIS track quality is moderate (0.60). Notable discrepancy: Physical drift model strongly matches observed slick, but candidate vessel was 8.8 km away from release point at hypothesized release time.",82
4DH_0010,VC_0010,367094180,CHICORY,37.0,CS_0035,2019-09-08T09:25:31.797740+00:00,31.115912,-81.41812,31.15502,-81.499413,8875.53,179.0,bracketed_interpolation,19.01,38.46,1.0,0.1507,0.5274,0.1695,0.7421,0.7968,0.6,0.5582,MODERATE_SUPPORT,True,"Physical drift model strongly matches observed slick, but candidate vessel was 8.9 km away from release point at hypothesized release time.","Physical Drift Consistency (strong, 0.80)","Spatial Compatibility (poor, 0.17)","CHICORY: Physical drift is strong (0.80), spatial compatibility is poor (0.17), source plausibility is moderate (0.53), temporal alignment is moderate (0.74), and AIS track quality is moderate (0.60). Notable discrepancy: Physical drift model strongly matches observed slick, but candidate vessel was 8.9 km away from release point at hypothesized release time.",83
4DH_0023,VC_0023,311828000,KUJAWY,70.0,CS_0035,2019-09-08T07:25:31.797740+00:00,31.110186,-81.421491,31.13155,-81.49312,7220.46,180.0,bracketed_interpolation,25.69,72.35,1.0,0.0867,0.4967,0.236,0.7408,0.7619,0.6,0.558,MODERATE_SUPPORT,True,"Physical drift model strongly matches observed slick, but candidate vessel was 7.2 km away from release point at hypothesized release time.","Physical Drift Consistency (strong, 0.76)","Spatial Compatibility (poor, 0.24)","KUJAWY: Physical drift is strong (0.76), spatial compatibility is poor (0.24), source plausibility is weak (0.50), temporal alignment is moderate (0.74), and AIS track quality is moderate (0.60). Notable discrepancy: Physical drift model strongly matches observed slick, but candidate vessel was 7.2 km away from release point at hypothesized release time.",84
4DH_0005,VC_0005,338184094,DULCINEA,37.0,CS_0035,2019-09-08T09:25:31.797740+00:00,31.115912,-81.41812,31.154993,-81.499587,8888.5,180.0,bracketed_interpolation,19.01,38.46,1.0,0.1507,0.5274,0.169,0.7408,0.7968,0.6,0.5579,MODERATE_SUPPORT,True,"Physical drift model strongly matches observed slick, but candidate vessel was 8.9 km away from release point at hypothesized release time.","Physical Drift Consistency (strong, 0.80)","Spatial Compatibility (poor, 0.17)","DULCINEA: Physical drift is strong (0.80), spatial compatibility is poor (0.17), source plausibility is moderate (0.53), temporal alignment is moderate (0.74), and AIS track quality is moderate (0.60). Notable discrepancy: Physical drift model strongly matches observed slick, but candidate vessel was 8.9 km away from release point at hypothesized release time.",85
4DH_0172,VC_0172,338143506,MORNING SUN II,37.0,CS_0092,2019-09-08T09:25:31.797740+00:00,31.08257,-81.452775,31.159695,-81.49968,9668.61,180.0,bracketed_interpolation,8.45,30.72,1.0,0.1384,0.5434,0.1446,0.7408,0.8048,0.6,0.5574,MODERATE_SUPPORT,True,"Physical drift model strongly matches observed slick, but candidate vessel was 9.7 km away from release point at hypothesized release time.","Physical Drift Consistency (strong, 0.80)","Spatial Compatibility (poor, 0.14)","MORNING SUN II: Physical drift is strong (0.80), spatial compatibility is poor (0.14), source plausibility is moderate (0.54), temporal alignment is moderate (0.74), and AIS track quality is moderate (0.60). Notable discrepancy: Physical drift model strongly matches observed slick, but candidate vessel was 9.7 km away from release point at hypothesized release time.",86
4DH_0016,VC_0016,367753660,AQUAMARINE,37.0,CS_0035,2019-09-08T09:25:31.797740+00:00,31.115912,-81.41812,31.156097,-81.499243,8920.77,181.0,bracketed_interpolation,19.01,38.46,1.0,0.1507,0.5274,0.1679,0.7396,0.7968,0.6,0.5574,MODERATE_SUPPORT,True,"Physical drift model strongly matches observed slick, but candidate vessel was 8.9 km away from release point at hypothesized release time.","Physical Drift Consistency (strong, 0.80)","Spatial Compatibility (poor, 0.17)","AQUAMARINE: Physical drift is strong (0.80), spatial compatibility is poor (0.17), source plausibility is moderate (0.53), temporal alignment is moderate (0.74), and AIS track quality is moderate (0.60). Notable discrepancy: Physical drift model strongly matches observed slick, but candidate vessel was 8.9 km away from release point at hypothesized release time.",87
4DH_0019,VC_0019,369201000,SALTY VIXEN,37.0,CS_0035,2019-09-08T09:25:31.797740+00:00,31.115912,-81.41812,31.156721,-81.499221,8953.9,181.0,bracketed_interpolation,19.01,38.46,1.0,0.1507,0.5274,0.1668,0.7396,0.7968,0.6,0.5572,MODERATE_SUPPORT,True,"Physical drift model strongly matches observed slick, but candidate vessel was 9.0 km away from release point at hypothesized release time.","Physical Drift Consistency (strong, 0.80)","Spatial Compatibility (poor, 0.17)","SALTY VIXEN: Physical drift is strong (0.80), spatial compatibility is poor (0.17), source plausibility is moderate (0.53), temporal alignment is moderate (0.74), and AIS track quality is moderate (0.60). Notable discrepancy: Physical drift model strongly matches observed slick, but candidate vessel was 9.0 km away from release point at hypothesized release time.",88
4DH_0054,VC_0054,367305420,DOROTHY MORAN,31.0,CS_0035,2019-09-08T05:25:31.797740+00:00,31.103675,-81.425044,31.124495,-81.508022,8231.63,80.0,bracketed_interpolation,24.28,98.94,1.0,0.072,0.4678,0.1928,0.8752,0.7463,0.6,0.5569,MODERATE_SUPPORT,True,"Physical drift model strongly matches observed slick, but candidate vessel was 8.2 km away from release point at hypothesized release time.","Temporal Compatibility (strong, 0.88)","Spatial Compatibility (poor, 0.19)","DOROTHY MORAN: Physical drift is moderate (0.75), spatial compatibility is poor (0.19), source plausibility is weak (0.47), temporal alignment is strong (0.88), and AIS track quality is moderate (0.60). Notable discrepancy: Physical drift model strongly matches observed slick, but candidate vessel was 8.2 km away from release point at hypothesized release time.",89
4DH_0188,VC_0188,369273000,ESCAPE PLAN,36.0,CS_0092,2019-09-08T09:25:31.797740+00:00,31.08257,-81.452775,31.160412,-81.499963,9751.77,180.0,bracketed_interpolation,8.45,30.72,1.0,0.1384,0.5434,0.1422,0.7408,0.8048,0.6,0.5568,MODERATE_SUPPORT,True,"Physical drift model strongly matches observed slick, but candidate vessel was 9.8 km away from release point at hypothesized release time.","Physical Drift Consistency (strong, 0.80)","Spatial Compatibility (poor, 0.14)","ESCAPE PLAN: Physical drift is strong (0.80), spatial compatibility is poor (0.14), source plausibility is moderate (0.54), temporal alignment is moderate (0.74), and AIS track quality is moderate (0.60). Notable discrepancy: Physical drift model strongly matches observed slick, but candidate vessel was 9.8 km away from release point at hypothesized release time.",90
4DH_0011,VC_0011,367157730,AESTIVAL,37.0,CS_0035,2019-09-08T09:25:31.797740+00:00,31.115912,-81.41812,31.15825,-81.4993,9047.62,180.0,bracketed_interpolation,19.01,38.46,1.0,0.1507,0.5274,0.1637,0.7408,0.7968,0.6,0.5566,MODERATE_SUPPORT,True,"Physical drift model strongly matches observed slick, but candidate vessel was 9.0 km away from release point at hypothesized release time.","Physical Drift Consistency (strong, 0.80)","Spatial Compatibility (poor, 0.16)","AESTIVAL: Physical drift is strong (0.80), spatial compatibility is poor (0.16), source plausibility is moderate (0.53), temporal alignment is moderate (0.74), and AIS track quality is moderate (0.60). Notable discrepancy: Physical drift model strongly matches observed slick, but candidate vessel was 9.0 km away from release point at hypothesized release time.",91
4DH_0004,VC_0004,338143506,MORNING SUN II,37.0,CS_0035,2019-09-08T09:25:31.797740+00:00,31.115912,-81.41812,31.159695,-81.49968,9162.82,180.0,bracketed_interpolation,19.01,38.46,1.0,0.1507,0.5274,0.16,0.7408,0.7968,0.6,0.5556,MODERATE_SUPPORT,True,"Physical drift model strongly matches observed slick, but candidate vessel was 9.2 km away from release point at hypothesized release time.","Physical Drift Consistency (strong, 0.80)","Spatial Compatibility (poor, 0.16)","MORNING SUN II: Physical drift is strong (0.80), spatial compatibility is poor (0.16), source plausibility is moderate (0.53), temporal alignment is moderate (0.74), and AIS track quality is moderate (0.60). Notable discrepancy: Physical drift model strongly matches observed slick, but candidate vessel was 9.2 km away from release point at hypothesized release time.",92
4DH_0020,VC_0020,369273000,ESCAPE PLAN,36.0,CS_0035,2019-09-08T09:25:31.797740+00:00,31.115912,-81.41812,31.160412,-81.499963,9228.13,180.0,bracketed_interpolation,19.01,38.46,1.0,0.1507,0.5274,0.1579,0.7408,0.7968,0.6,0.5551,MODERATE_SUPPORT,True,"Physical drift model strongly matches observed slick, but candidate vessel was 9.2 km away from release point at hypothesized release time.","Physical Drift Consistency (strong, 0.80)","Spatial Compatibility (poor, 0.16)","ESCAPE PLAN: Physical drift is strong (0.80), spatial compatibility is poor (0.16), source plausibility is moderate (0.53), temporal alignment is moderate (0.74), and AIS track quality is moderate (0.60). Notable discrepancy: Physical drift model strongly matches observed slick, but candidate vessel was 9.2 km away from release point at hypothesized release time.",93
4DH_0186,VC_0186,368004680,TAKE IT EASY,36.0,CS_0092,2019-09-08T09:25:31.797740+00:00,31.08257,-81.452775,31.16681,-81.415701,10009.78,180.0,bracketed_interpolation,8.45,30.72,1.0,0.1384,0.5434,0.1351,0.7408,0.8048,0.6,0.555,MODERATE_SUPPORT,True,"Physical drift model strongly matches observed slick, but candidate vessel was 10.0 km away from release point at hypothesized release time.","Physical Drift Consistency (strong, 0.80)","Spatial Compatibility (poor, 0.14)","TAKE IT EASY: Physical drift is strong (0.80), spatial compatibility is poor (0.14), source plausibility is moderate (0.54), temporal alignment is moderate (0.74), and AIS track quality is moderate (0.60). Notable discrepancy: Physical drift model strongly matches observed slick, but candidate vessel was 10.0 km away from release point at hypothesized release time.",94
4DH_0175,VC_0175,338335542,STILL WATERS,37.0,CS_0092,2019-09-08T09:25:31.797740+00:00,31.08257,-81.452775,31.167432,-81.41487,10102.5,180.0,bracketed_interpolation,8.45,30.72,1.0,0.1384,0.5434,0.1326,0.7408,0.8048,0.6,0.5544,MODERATE_SUPPORT,True,"Physical drift model strongly matches observed slick, but candidate vessel was 10.1 km away from release point at hypothesized release time.","Physical Drift Consistency (strong, 0.80)","Spatial Compatibility (poor, 0.13)","STILL WATERS: Physical drift is strong (0.80), spatial compatibility is poor (0.13), source plausibility is moderate (0.54), temporal alignment is moderate (0.74), and AIS track quality is moderate (0.60). Notable discrepancy: Physical drift model strongly matches observed slick, but candidate vessel was 10.1 km away from release point at hypothesized release time.",95
4DH_0182,VC_0182,367569620,PURA VIDA,37.0,CS_0092,2019-09-08T09:25:31.797740+00:00,31.08257,-81.452775,31.1672,-81.41448,10091.76,181.0,bracketed_interpolation,8.45,30.72,1.0,0.1384,0.5434,0.1329,0.7396,0.8048,0.6,0.5543,MODERATE_SUPPORT,True,"Physical drift model strongly matches observed slick, but candidate vessel was 10.1 km away from release point at hypothesized release time.","Physical Drift Consistency (strong, 0.80)","Spatial Compatibility (poor, 0.13)","PURA VIDA: Physical drift is strong (0.80), spatial compatibility is poor (0.13), source plausibility is moderate (0.54), temporal alignment is moderate (0.74), and AIS track quality is moderate (0.60). Notable discrepancy: Physical drift model strongly matches observed slick, but candidate vessel was 10.1 km away from release point at hypothesized release time.",96
4DH_0252,VC_0252,538004697,EMERALD ACE,70.0,CS_0114,2019-09-08T05:25:31.797740+00:00,31.05069,-81.410975,31.098999,-81.331559,9276.87,110.0,bracketed_interpolation,19.58,98.28,0.998,0.0973,0.5129,0.1564,0.8325,0.754,0.6,0.5528,MODERATE_SUPPORT,True,"Physical drift model strongly matches observed slick, but candidate vessel was 9.3 km away from release point at hypothesized release time.","Temporal Compatibility (strong, 0.83)","Spatial Compatibility (poor, 0.16)","EMERALD ACE: Physical drift is strong (0.75), spatial compatibility is poor (0.16), source plausibility is moderate (0.51), temporal alignment is strong (0.83), and AIS track quality is moderate (0.60). Notable discrepancy: Physical drift model strongly matches observed slick, but candidate vessel was 9.3 km away from release point at hypothesized release time.",97
4DH_0009,VC_0009,367063030,EMERALD PRINCESS II,60.0,CS_0035,2019-09-08T09:25:31.797740+00:00,31.115912,-81.41812,31.11411,-81.488406,6694.05,359.0,bracketed_interpolation,19.01,38.46,1.0,0.1507,0.5274,0.2622,0.5497,0.7968,0.6,0.5525,MODERATE_SUPPORT,True,"Physical drift model strongly matches observed slick, but candidate vessel was 6.7 km away from release point at hypothesized release time.","Physical Drift Consistency (strong, 0.80)","Spatial Compatibility (weak, 0.26)","EMERALD PRINCESS II: Physical drift is strong (0.80), spatial compatibility is weak (0.26), source plausibility is moderate (0.53), temporal alignment is moderate (0.55), and AIS track quality is moderate (0.60). Notable discrepancy: Physical drift model strongly matches observed slick, but candidate vessel was 6.7 km away from release point at hypothesized release time.",98
4DH_0209,VC_0209,538004697,EMERALD ACE,70.0,CS_0092,2019-09-08T07:25:31.797740+00:00,31.079111,-81.455612,31.128683,-81.518343,8127.42,180.0,bracketed_interpolation,15.46,75.07,1.0,0.0803,0.5118,0.1968,0.7408,0.7651,0.6,0.5522,MODERATE_SUPPORT,True,"Physical drift model strongly matches observed slick, but candidate vessel was 8.1 km away from release point at hypothesized release time.","Physical Drift Consistency (strong, 0.77)","Spatial Compatibility (poor, 0.20)","EMERALD ACE: Physical drift is strong (0.77), spatial compatibility is poor (0.20), source plausibility is moderate (0.51), temporal alignment is moderate (0.74), and AIS track quality is moderate (0.60). Notable discrepancy: Physical drift model strongly matches observed slick, but candidate vessel was 8.1 km away from release point at hypothesized release time.",99
4DH_0021,VC_0021,538004697,EMERALD ACE,70.0,CS_0035,2019-09-08T09:25:31.797740+00:00,31.115912,-81.41812,31.128811,-81.518109,9625.43,180.0,bracketed_interpolation,19.01,38.46,1.0,0.1507,0.5274,0.1459,0.7408,0.7968,0.6,0.5521,MODERATE_SUPPORT,True,"Physical drift model strongly matches observed slick, but candidate vessel was 9.6 km away from release point at hypothesized release time.","Physical Drift Consistency (strong, 0.80)","Spatial Compatibility (poor, 0.15)","EMERALD ACE: Physical drift is strong (0.80), spatial compatibility is poor (0.15), source plausibility is moderate (0.53), temporal alignment is moderate (0.74), and AIS track quality is moderate (0.60). Notable discrepancy: Physical drift model strongly matches observed slick, but candidate vessel was 9.6 km away from release point at hypothesized release time.",100
4DH_0211,VC_0211,311828000,KUJAWY,70.0,CS_0092,2019-09-08T05:25:31.797740+00:00,31.074782,-81.458345,31.13155,-81.49311,7127.49,180.0,bracketed_interpolation,9.58,111.15,0.996,0.0635,0.482,0.2404,0.7408,0.7464,0.6,0.5515,MODERATE_SUPPORT,True,"Physical drift model strongly matches observed slick, but candidate vessel was 7.1 km away from release point at hypothesized release time.","Physical Drift Consistency (moderate, 0.75)","Spatial Compatibility (poor, 0.24)","KUJAWY: Physical drift is moderate (0.75), spatial compatibility is poor (0.24), source plausibility is weak (0.48), temporal alignment is moderate (0.74), and AIS track quality is moderate (0.60). Notable discrepancy: Physical drift model strongly matches observed slick, but candidate vessel was 7.1 km away from release point at hypothesized release time.",101
4DH_0221,VC_0221,367691290,MISS LEXY,30.0,CS_0092,2019-09-08T05:25:31.797740+00:00,31.074782,-81.458345,31.142129,-81.496411,8319.46,120.0,bracketed_interpolation,9.58,111.15,0.996,0.0635,0.482,0.1894,0.8187,0.7464,0.6,0.5505,MODERATE_SUPPORT,True,"Physical drift model strongly matches observed slick, but candidate vessel was 8.3 km away from release point at hypothesized release time.","Temporal Compatibility (strong, 0.82)","Spatial Compatibility (poor, 0.19)","MISS LEXY: Physical drift is moderate (0.75), spatial compatibility is poor (0.19), source plausibility is weak (0.48), temporal alignment is strong (0.82), and AIS track quality is moderate (0.60). Notable discrepancy: Physical drift model strongly matches observed slick, but candidate vessel was 8.3 km away from release point at hypothesized release time.",102
4DH_0058,VC_0058,367691290,MISS LEXY,30.0,CS_0035,2019-09-08T05:25:31.797740+00:00,31.103675,-81.425044,31.142129,-81.496411,8027.04,120.0,bracketed_interpolation,24.28,98.94,1.0,0.072,0.4678,0.2008,0.8187,0.7463,0.6,0.5505,MODERATE_SUPPORT,True,"Physical drift model strongly matches observed slick, but candidate vessel was 8.0 km away from release point at hypothesized release time.","Temporal Compatibility (strong, 0.82)","Spatial Compatibility (poor, 0.20)","MISS LEXY: Physical drift is moderate (0.75), spatial compatibility is poor (0.20), source plausibility is weak (0.47), temporal alignment is strong (0.82), and AIS track quality is moderate (0.60). Notable discrepancy: Physical drift model strongly matches observed slick, but candidate vessel was 8.0 km away from release point at hypothesized release time.",103
4DH_0215,VC_0215,367063030,EMERALD PRINCESS II,60.0,CS_0092,2019-09-08T05:25:31.797740+00:00,31.074782,-81.458345,31.1141,-81.4884,5225.31,361.0,bracketed_interpolation,9.58,111.15,0.996,0.0635,0.482,0.3517,0.5479,0.7464,0.6,0.5504,MODERATE_SUPPORT,False,None,"Physical Drift Consistency (moderate, 0.75)","Spatial Compatibility (weak, 0.35)","EMERALD PRINCESS II: Physical drift is moderate (0.75), spatial compatibility is weak (0.35), source plausibility is weak (0.48), temporal alignment is moderate (0.55), and AIS track quality is moderate (0.60).",104
4DH_0078,VC_0078,367691290,MISS LEXY,30.0,CS_0035,2019-09-08T03:25:31.797740+00:00,31.094595,-81.427598,31.142091,-81.496449,8417.24,62.0,bracketed_interpolation,22.42,122.14,0.99,0.0567,0.4405,0.1857,0.9018,0.7312,0.6,0.5492,MODERATE_SUPPORT,True,"Physical drift model strongly matches observed slick, but candidate vessel was 8.4 km away from release point at hypothesized release time.","Temporal Compatibility (strong, 0.90)","Spatial Compatibility (poor, 0.19)","MISS LEXY: Physical drift is moderate (0.73), spatial compatibility is poor (0.19), source plausibility is weak (0.44), temporal alignment is strong (0.90), and AIS track quality is moderate (0.60). Notable discrepancy: Physical drift model strongly matches observed slick, but candidate vessel was 8.4 km away from release point at hypothesized release time.",105
4DH_0061,VC_0061,368004680,TAKE IT EASY,36.0,CS_0035,2019-09-08T05:25:31.797740+00:00,31.103675,-81.425044,31.16681,-81.41572,7076.16,181.0,bracketed_interpolation,24.28,98.94,1.0,0.072,0.4678,0.2429,0.7396,0.7463,0.6,0.5491,MODERATE_SUPPORT,True,"Physical drift model strongly matches observed slick, but candidate vessel was 7.1 km away from release point at hypothesized release time.","Physical Drift Consistency (moderate, 0.75)","Spatial Compatibility (poor, 0.24)","TAKE IT EASY: Physical drift is moderate (0.75), spatial compatibility is poor (0.24), source plausibility is weak (0.47), temporal alignment is moderate (0.74), and AIS track quality is moderate (0.60). Notable discrepancy: Physical drift model strongly matches observed slick, but candidate vessel was 7.1 km away from release point at hypothesized release time.",106
4DH_0057,VC_0057,367569620,PURA VIDA,37.0,CS_0035,2019-09-08T05:25:31.797740+00:00,31.103675,-81.425044,31.167209,-81.414481,7135.83,181.0,bracketed_interpolation,24.28,98.94,1.0,0.072,0.4678,0.24,0.7396,0.7463,0.6,0.5484,MODERATE_SUPPORT,True,"Physical drift model strongly matches observed slick, but candidate vessel was 7.1 km away from release point at hypothesized release time.","Physical Drift Consistency (moderate, 0.75)","Spatial Compatibility (poor, 0.24)","PURA VIDA: Physical drift is moderate (0.75), spatial compatibility is poor (0.24), source plausibility is weak (0.47), temporal alignment is moderate (0.74), and AIS track quality is moderate (0.60). Notable discrepancy: Physical drift model strongly matches observed slick, but candidate vessel was 7.1 km away from release point at hypothesized release time.",107
4DH_0046,VC_0046,311828000,KUJAWY,70.0,CS_0035,2019-09-08T05:25:31.797740+00:00,31.103675,-81.425044,31.13155,-81.49311,7182.73,180.0,bracketed_interpolation,24.28,98.94,1.0,0.072,0.4678,0.2377,0.7408,0.7463,0.6,0.548,MODERATE_SUPPORT,True,"Physical drift model strongly matches observed slick, but candidate vessel was 7.2 km away from release point at hypothesized release time.","Physical Drift Consistency (moderate, 0.75)","Spatial Compatibility (poor, 0.24)","KUJAWY: Physical drift is moderate (0.75), spatial compatibility is poor (0.24), source plausibility is weak (0.47), temporal alignment is moderate (0.74), and AIS track quality is moderate (0.60). Notable discrepancy: Physical drift model strongly matches observed slick, but candidate vessel was 7.2 km away from release point at hypothesized release time.",108
4DH_0125,VC_0125,367063030,EMERALD PRINCESS II,60.0,CS_0065,2019-09-08T07:25:31.797740+00:00,31.089295,-81.43682,31.114082,-81.4884,5631.54,179.0,bracketed_interpolation,100.1,185.74,0.99,0.0036,0.5011,0.3242,0.7421,0.6512,0.6,0.5479,MODERATE_SUPPORT,True,"Physical drift model strongly matches observed slick, but candidate vessel was 5.6 km away from release point at hypothesized release time.","Temporal Compatibility (moderate, 0.74)","Spatial Compatibility (weak, 0.32)","EMERALD PRINCESS II: Physical drift is moderate (0.65), spatial compatibility is weak (0.32), source plausibility is moderate (0.50), temporal alignment is moderate (0.74), and AIS track quality is moderate (0.60). Notable discrepancy: Physical drift model strongly matches observed slick, but candidate vessel was 5.6 km away from release point at hypothesized release time.",109
4DH_0247,VC_0247,367063030,EMERALD PRINCESS II,60.0,CS_0114,2019-09-08T07:25:31.797740+00:00,31.057201,-81.407424,31.114082,-81.4884,9973.22,179.0,bracketed_interpolation,15.42,68.97,1.0,0.123,0.5446,0.1361,0.7421,0.7768,0.6,0.5473,MODERATE_SUPPORT,True,"Physical drift model strongly matches observed slick, but candidate vessel was 10.0 km away from release point at hypothesized release time.","Physical Drift Consistency (strong, 0.78)","Spatial Compatibility (poor, 0.14)","EMERALD PRINCESS II: Physical drift is strong (0.78), spatial compatibility is poor (0.14), source plausibility is moderate (0.54), temporal alignment is moderate (0.74), and AIS track quality is moderate (0.60). Notable discrepancy: Physical drift model strongly matches observed slick, but candidate vessel was 10.0 km away from release point at hypothesized release time.",110
4DH_0074,VC_0074,367305420,DOROTHY MORAN,31.0,CS_0035,2019-09-08T03:25:31.797740+00:00,31.094595,-81.427598,31.14346,-81.496775,8537.46,69.0,bracketed_interpolation,22.42,122.14,0.99,0.0567,0.4405,0.1813,0.8914,0.7312,0.6,0.5465,MODERATE_SUPPORT,True,"Physical drift model strongly matches observed slick, but candidate vessel was 8.5 km away from release point at hypothesized release time.","Temporal Compatibility (strong, 0.89)","Spatial Compatibility (poor, 0.18)","DOROTHY MORAN: Physical drift is moderate (0.73), spatial compatibility is poor (0.18), source plausibility is weak (0.44), temporal alignment is strong (0.89), and AIS track quality is moderate (0.60). Notable discrepancy: Physical drift model strongly matches observed slick, but candidate vessel was 8.5 km away from release point at hypothesized release time.",111
4DH_0229,VC_0229,367691290,MISS LEXY,30.0,CS_0092,2019-09-08T03:25:31.797740+00:00,31.068032,-81.460067,31.142091,-81.496449,8933.82,62.0,bracketed_interpolation,12.33,139.8,0.982,0.0522,0.4539,0.1675,0.9018,0.7263,0.6,0.5458,MODERATE_SUPPORT,True,"Physical drift model strongly matches observed slick, but candidate vessel was 8.9 km away from release point at hypothesized release time.","Temporal Compatibility (strong, 0.90)","Spatial Compatibility (poor, 0.17)","MISS LEXY: Physical drift is moderate (0.73), spatial compatibility is poor (0.17), source plausibility is weak (0.45), temporal alignment is strong (0.90), and AIS track quality is moderate (0.60). Notable discrepancy: Physical drift model strongly matches observed slick, but candidate vessel was 8.9 km away from release point at hypothesized release time.",112
4DH_0064,VC_0064,538004697,EMERALD ACE,70.0,CS_0035,2019-09-08T05:25:31.797740+00:00,31.103675,-81.425044,31.098999,-81.331559,8915.99,110.0,bracketed_interpolation,24.28,98.94,1.0,0.072,0.4678,0.1681,0.8325,0.7463,0.6,0.5444,MODERATE_SUPPORT,True,"Physical drift model strongly matches observed slick, but candidate vessel was 8.9 km away from release point at hypothesized release time.","Temporal Compatibility (strong, 0.83)","Spatial Compatibility (poor, 0.17)","EMERALD ACE: Physical drift is moderate (0.75), spatial compatibility is poor (0.17), source plausibility is weak (0.47), temporal alignment is strong (0.83), and AIS track quality is moderate (0.60). Notable discrepancy: Physical drift model strongly matches observed slick, but candidate vessel was 8.9 km away from release point at hypothesized release time.",113
4DH_0109,VC_0109,367691290,MISS LEXY,30.0,CS_0065,2019-09-08T09:25:31.797740+00:00,31.095025,-81.43345,31.14215,-81.49644,7963.25,120.0,bracketed_interpolation,108.71,124.18,1.0,0.0063,0.5321,0.2034,0.8187,0.6767,0.6,0.5431,MODERATE_SUPPORT,True,"Physical drift model strongly matches observed slick, but candidate vessel was 8.0 km away from release point at hypothesized release time.","Temporal Compatibility (strong, 0.82)","Spatial Compatibility (poor, 0.20)","MISS LEXY: Physical drift is moderate (0.68), spatial compatibility is poor (0.20), source plausibility is moderate (0.53), temporal alignment is strong (0.82), and AIS track quality is moderate (0.60). Notable discrepancy: Physical drift model strongly matches observed slick, but candidate vessel was 8.0 km away from release point at hypothesized release time.",114
4DH_0227,VC_0227,367305420,DOROTHY MORAN,31.0,CS_0092,2019-09-08T03:25:31.797740+00:00,31.068032,-81.460067,31.14346,-81.496775,9086.21,69.0,bracketed_interpolation,12.33,139.8,0.982,0.0522,0.4539,0.1625,0.8914,0.7263,0.6,0.543,MODERATE_SUPPORT,True,"Physical drift model strongly matches observed slick, but candidate vessel was 9.1 km away from release point at hypothesized release time.","Temporal Compatibility (strong, 0.89)","Spatial Compatibility (poor, 0.16)","DOROTHY MORAN: Physical drift is moderate (0.73), spatial compatibility is poor (0.16), source plausibility is weak (0.45), temporal alignment is strong (0.89), and AIS track quality is moderate (0.60). Notable discrepancy: Physical drift model strongly matches observed slick, but candidate vessel was 9.1 km away from release point at hypothesized release time.",115
4DH_0095,VC_0095,311828000,KUJAWY,70.0,CS_0065,2019-09-08T09:25:31.797740+00:00,31.095025,-81.43345,31.13156,-81.49311,6982.95,180.0,bracketed_interpolation,108.71,124.18,1.0,0.0063,0.5321,0.2474,0.7408,0.6767,0.6,0.5424,MODERATE_SUPPORT,True,"Physical drift model strongly matches observed slick, but candidate vessel was 7.0 km away from release point at hypothesized release time.","Temporal Compatibility (moderate, 0.74)","Spatial Compatibility (poor, 0.25)","KUJAWY: Physical drift is moderate (0.68), spatial compatibility is poor (0.25), source plausibility is moderate (0.53), temporal alignment is moderate (0.74), and AIS track quality is moderate (0.60). Notable discrepancy: Physical drift model strongly matches observed slick, but candidate vessel was 7.0 km away from release point at hypothesized release time.",116
4DH_0195,VC_0195,338184094,DULCINEA,37.0,CS_0092,2019-09-08T07:25:31.797740+00:00,31.079111,-81.455612,31.155,-81.49958,9419.48,180.0,bracketed_interpolation,15.46,75.07,1.0,0.0803,0.5118,0.152,0.7408,0.7651,0.6,0.541,MODERATE_SUPPORT,True,"Physical drift model strongly matches observed slick, but candidate vessel was 9.4 km away from release point at hypothesized release time.","Physical Drift Consistency (strong, 0.77)","Spatial Compatibility (poor, 0.15)","DULCINEA: Physical drift is strong (0.77), spatial compatibility is poor (0.15), source plausibility is moderate (0.51), temporal alignment is moderate (0.74), and AIS track quality is moderate (0.60). Notable discrepancy: Physical drift model strongly matches observed slick, but candidate vessel was 9.4 km away from release point at hypothesized release time.",117
4DH_0027,VC_0027,338184094,DULCINEA,37.0,CS_0035,2019-09-08T07:25:31.797740+00:00,31.110186,-81.421491,31.155,-81.49958,8948.37,180.0,bracketed_interpolation,25.69,72.35,1.0,0.0867,0.4967,0.167,0.7408,0.7619,0.6,0.5408,MODERATE_SUPPORT,True,"Physical drift model strongly matches observed slick, but candidate vessel was 8.9 km away from release point at hypothesized release time.","Physical Drift Consistency (strong, 0.76)","Spatial Compatibility (poor, 0.17)","DULCINEA: Physical drift is strong (0.76), spatial compatibility is poor (0.17), source plausibility is weak (0.50), temporal alignment is moderate (0.74), and AIS track quality is moderate (0.60). Notable discrepancy: Physical drift model strongly matches observed slick, but candidate vessel was 8.9 km away from release point at hypothesized release time.",118
4DH_0039,VC_0039,367753660,AQUAMARINE,37.0,CS_0035,2019-09-08T07:25:31.797740+00:00,31.110186,-81.421491,31.156103,-81.499217,8988.75,180.0,bracketed_interpolation,25.69,72.35,1.0,0.0867,0.4967,0.1657,0.7408,0.7619,0.6,0.5405,MODERATE_SUPPORT,True,"Physical drift model strongly matches observed slick, but candidate vessel was 9.0 km away from release point at hypothesized release time.","Physical Drift Consistency (strong, 0.76)","Spatial Compatibility (poor, 0.17)","AQUAMARINE: Physical drift is strong (0.76), spatial compatibility is poor (0.17), source plausibility is weak (0.50), temporal alignment is moderate (0.74), and AIS track quality is moderate (0.60). Notable discrepancy: Physical drift model strongly matches observed slick, but candidate vessel was 9.0 km away from release point at hypothesized release time.",119
4DH_0205,VC_0205,367753660,AQUAMARINE,37.0,CS_0092,2019-09-08T07:25:31.797740+00:00,31.079111,-81.455612,31.156103,-81.499217,9514.38,180.0,bracketed_interpolation,15.46,75.07,1.0,0.0803,0.5118,0.1491,0.7408,0.7651,0.6,0.5403,MODERATE_SUPPORT,True,"Physical drift model strongly matches observed slick, but candidate vessel was 9.5 km away from release point at hypothesized release time.","Physical Drift Consistency (strong, 0.77)","Spatial Compatibility (poor, 0.15)","AQUAMARINE: Physical drift is strong (0.77), spatial compatibility is poor (0.15), source plausibility is moderate (0.51), temporal alignment is moderate (0.74), and AIS track quality is moderate (0.60). Notable discrepancy: Physical drift model strongly matches observed slick, but candidate vessel was 9.5 km away from release point at hypothesized release time.",120
4DH_0042,VC_0042,369201000,SALTY VIXEN,37.0,CS_0035,2019-09-08T07:25:31.797740+00:00,31.110186,-81.421491,31.156715,-81.49922,9027.79,180.0,bracketed_interpolation,25.69,72.35,1.0,0.0867,0.4967,0.1644,0.7408,0.7619,0.6,0.5401,MODERATE_SUPPORT,True,"Physical drift model strongly matches observed slick, but candidate vessel was 9.0 km away from release point at hypothesized release time.","Physical Drift Consistency (strong, 0.76)","Spatial Compatibility (poor, 0.16)","SALTY VIXEN: Physical drift is strong (0.76), spatial compatibility is poor (0.16), source plausibility is weak (0.50), temporal alignment is moderate (0.74), and AIS track quality is moderate (0.60). Notable discrepancy: Physical drift model strongly matches observed slick, but candidate vessel was 9.0 km away from release point at hypothesized release time.",121
4DH_0207,VC_0207,369201000,SALTY VIXEN,37.0,CS_0092,2019-09-08T07:25:31.797740+00:00,31.079111,-81.455612,31.156715,-81.49922,9575.77,180.0,bracketed_interpolation,15.46,75.07,1.0,0.0803,0.5118,0.1473,0.7408,0.7651,0.6,0.5398,MODERATE_SUPPORT,True,"Physical drift model strongly matches observed slick, but candidate vessel was 9.6 km away from release point at hypothesized release time.","Physical Drift Consistency (strong, 0.77)","Spatial Compatibility (poor, 0.15)","SALTY VIXEN: Physical drift is strong (0.77), spatial compatibility is poor (0.15), source plausibility is moderate (0.51), temporal alignment is moderate (0.74), and AIS track quality is moderate (0.60). Notable discrepancy: Physical drift model strongly matches observed slick, but candidate vessel was 9.6 km away from release point at hypothesized release time.",122
4DH_0033,VC_0033,367157730,AESTIVAL,37.0,CS_0035,2019-09-08T07:25:31.797740+00:00,31.110186,-81.421491,31.15825,-81.499309,9133.5,181.0,bracketed_interpolation,25.69,72.35,1.0,0.0867,0.4967,0.1609,0.7396,0.7619,0.6,0.5391,MODERATE_SUPPORT,True,"Physical drift model strongly matches observed slick, but candidate vessel was 9.1 km away from release point at hypothesized release time.","Physical Drift Consistency (strong, 0.76)","Spatial Compatibility (poor, 0.16)","AESTIVAL: Physical drift is strong (0.76), spatial compatibility is poor (0.16), source plausibility is weak (0.50), temporal alignment is moderate (0.74), and AIS track quality is moderate (0.60). Notable discrepancy: Physical drift model strongly matches observed slick, but candidate vessel was 9.1 km away from release point at hypothesized release time.",123
4DH_0240,VC_0240,367063030,EMERALD PRINCESS II,60.0,CS_0114,2019-09-08T09:25:31.797740+00:00,31.062942,-81.404052,31.11411,-81.488406,9843.44,359.0,bracketed_interpolation,6.84,33.79,1.0,0.212,0.5782,0.1396,0.5497,0.8187,0.6,0.5386,MODERATE_SUPPORT,True,"Physical drift model strongly matches observed slick, but candidate vessel was 9.8 km away from release point at hypothesized release time.","Physical Drift Consistency (strong, 0.82)","Spatial Compatibility (poor, 0.14)","EMERALD PRINCESS II: Physical drift is strong (0.82), spatial compatibility is poor (0.14), source plausibility is moderate (0.58), temporal alignment is moderate (0.55), and AIS track quality is moderate (0.60). Notable discrepancy: Physical drift model strongly matches observed slick, but candidate vessel was 9.8 km away from release point at hypothesized release time.",124
4DH_0200,VC_0200,367157730,AESTIVAL,37.0,CS_0092,2019-09-08T07:25:31.797740+00:00,31.079111,-81.455612,31.15825,-81.499309,9733.47,181.0,bracketed_interpolation,15.46,75.07,1.0,0.0803,0.5118,0.1427,0.7396,0.7651,0.6,0.5385,MODERATE_SUPPORT,True,"Physical drift model strongly matches observed slick, but candidate vessel was 9.7 km away from release point at hypothesized release time.","Physical Drift Consistency (strong, 0.77)","Spatial Compatibility (poor, 0.14)","AESTIVAL: Physical drift is strong (0.77), spatial compatibility is poor (0.14), source plausibility is moderate (0.51), temporal alignment is moderate (0.74), and AIS track quality is moderate (0.60). Notable discrepancy: Physical drift model strongly matches observed slick, but candidate vessel was 9.7 km away from release point at hypothesized release time.",125
4DH_0043,VC_0043,369273000,ESCAPE PLAN,36.0,CS_0035,2019-09-08T07:25:31.797740+00:00,31.110186,-81.421491,31.160398,-81.499975,9325.91,177.0,bracketed_interpolation,25.69,72.35,1.0,0.0867,0.4967,0.1549,0.7445,0.7619,0.6,0.5383,MODERATE_SUPPORT,True,"Physical drift model strongly matches observed slick, but candidate vessel was 9.3 km away from release point at hypothesized release time.","Physical Drift Consistency (strong, 0.76)","Spatial Compatibility (poor, 0.15)","ESCAPE PLAN: Physical drift is strong (0.76), spatial compatibility is poor (0.15), source plausibility is weak (0.50), temporal alignment is moderate (0.74), and AIS track quality is moderate (0.60). Notable discrepancy: Physical drift model strongly matches observed slick, but candidate vessel was 9.3 km away from release point at hypothesized release time.",126
4DH_0132,VC_0132,367691290,MISS LEXY,30.0,CS_0065,2019-09-08T07:25:31.797740+00:00,31.089295,-81.43682,31.142118,-81.49645,8168.44,69.0,bracketed_interpolation,100.1,185.74,0.99,0.0036,0.5011,0.1952,0.8914,0.6512,0.6,0.5381,MODERATE_SUPPORT,True,"Physical drift model strongly matches observed slick, but candidate vessel was 8.2 km away from release point at hypothesized release time.","Temporal Compatibility (strong, 0.89)","Spatial Compatibility (poor, 0.20)","MISS LEXY: Physical drift is moderate (0.65), spatial compatibility is poor (0.20), source plausibility is moderate (0.50), temporal alignment is strong (0.89), and AIS track quality is moderate (0.60). Notable discrepancy: Physical drift model strongly matches observed slick, but candidate vessel was 8.2 km away from release point at hypothesized release time.",127
4DH_0208,VC_0208,369273000,ESCAPE PLAN,36.0,CS_0092,2019-09-08T07:25:31.797740+00:00,31.079111,-81.455612,31.160398,-81.499975,9976.58,177.0,bracketed_interpolation,15.46,75.07,1.0,0.0803,0.5118,0.136,0.7445,0.7651,0.6,0.5376,MODERATE_SUPPORT,True,"Physical drift model strongly matches observed slick, but candidate vessel was 10.0 km away from release point at hypothesized release time.","Physical Drift Consistency (strong, 0.77)","Spatial Compatibility (poor, 0.14)","ESCAPE PLAN: Physical drift is strong (0.77), spatial compatibility is poor (0.14), source plausibility is moderate (0.51), temporal alignment is moderate (0.74), and AIS track quality is moderate (0.60). Notable discrepancy: Physical drift model strongly matches observed slick, but candidate vessel was 10.0 km away from release point at hypothesized release time.",128
4DH_0044,VC_0044,538004697,EMERALD ACE,70.0,CS_0035,2019-09-08T07:25:31.797740+00:00,31.110186,-81.421491,31.128683,-81.518343,9446.27,180.0,bracketed_interpolation,25.69,72.35,1.0,0.0867,0.4967,0.1512,0.7408,0.7619,0.6,0.5368,MODERATE_SUPPORT,True,"Physical drift model strongly matches observed slick, but candidate vessel was 9.4 km away from release point at hypothesized release time.","Physical Drift Consistency (strong, 0.76)","Spatial Compatibility (poor, 0.15)","EMERALD ACE: Physical drift is strong (0.76), spatial compatibility is poor (0.15), source plausibility is weak (0.50), temporal alignment is moderate (0.74), and AIS track quality is moderate (0.60). Notable discrepancy: Physical drift model strongly matches observed slick, but candidate vessel was 9.4 km away from release point at hypothesized release time.",129
4DH_0071,VC_0071,367063030,EMERALD PRINCESS II,60.0,CS_0035,2019-09-08T03:25:31.797740+00:00,31.094595,-81.427598,31.100188,-81.343728,8009.88,140.0,bracketed_interpolation,22.42,122.14,0.99,0.0567,0.4405,0.2015,0.7919,0.7312,0.6,0.5366,MODERATE_SUPPORT,True,"Physical drift model strongly matches observed slick, but candidate vessel was 8.0 km away from release point at hypothesized release time.","Temporal Compatibility (strong, 0.79)","Spatial Compatibility (poor, 0.20)","EMERALD PRINCESS II: Physical drift is moderate (0.73), spatial compatibility is poor (0.20), source plausibility is weak (0.44), temporal alignment is strong (0.79), and AIS track quality is moderate (0.60). Notable discrepancy: Physical drift model strongly matches observed slick, but candidate vessel was 8.0 km away from release point at hypothesized release time.",130
4DH_0066,VC_0066,311828000,KUJAWY,70.0,CS_0035,2019-09-08T03:25:31.797740+00:00,31.094595,-81.427598,31.13155,-81.49311,7468.74,180.0,bracketed_interpolation,22.42,122.14,0.99,0.0567,0.4405,0.2245,0.7408,0.7312,0.6,0.5347,MODERATE_SUPPORT,True,"Physical drift model strongly matches observed slick, but candidate vessel was 7.5 km away from release point at hypothesized release time.","Temporal Compatibility (moderate, 0.74)","Spatial Compatibility (poor, 0.22)","KUJAWY: Physical drift is moderate (0.73), spatial compatibility is poor (0.22), source plausibility is weak (0.44), temporal alignment is moderate (0.74), and AIS track quality is moderate (0.60). Notable discrepancy: Physical drift model strongly matches observed slick, but candidate vessel was 7.5 km away from release point at hypothesized release time.",131
4DH_0254,VC_0254,367063030,EMERALD PRINCESS II,60.0,CS_0114,2019-09-08T03:25:31.797740+00:00,31.041608,-81.413528,31.100188,-81.343728,9307.19,140.0,bracketed_interpolation,24.17,124.36,0.986,0.08,0.483,0.1554,0.7919,0.733,0.6,0.5341,MODERATE_SUPPORT,True,"Physical drift model strongly matches observed slick, but candidate vessel was 9.3 km away from release point at hypothesized release time.","Temporal Compatibility (strong, 0.79)","Spatial Compatibility (poor, 0.16)","EMERALD PRINCESS II: Physical drift is moderate (0.73), spatial compatibility is poor (0.16), source plausibility is weak (0.48), temporal alignment is strong (0.79), and AIS track quality is moderate (0.60). Notable discrepancy: Physical drift model strongly matches observed slick, but candidate vessel was 9.3 km away from release point at hypothesized release time.",132
4DH_0226,VC_0226,311828000,KUJAWY,70.0,CS_0092,2019-09-08T03:25:31.797740+00:00,31.068032,-81.460067,31.13155,-81.49311,7731.9,180.0,bracketed_interpolation,12.33,139.8,0.982,0.0522,0.4539,0.213,0.7408,0.7263,0.6,0.5331,MODERATE_SUPPORT,True,"Physical drift model strongly matches observed slick, but candidate vessel was 7.7 km away from release point at hypothesized release time.","Temporal Compatibility (moderate, 0.74)","Spatial Compatibility (poor, 0.21)","KUJAWY: Physical drift is moderate (0.73), spatial compatibility is poor (0.21), source plausibility is weak (0.45), temporal alignment is moderate (0.74), and AIS track quality is moderate (0.60). Notable discrepancy: Physical drift model strongly matches observed slick, but candidate vessel was 7.7 km away from release point at hypothesized release time.",133
4DH_0051,VC_0051,367063030,EMERALD PRINCESS II,60.0,CS_0035,2019-09-08T05:25:31.797740+00:00,31.103675,-81.425044,31.1141,-81.4884,6142.1,361.0,bracketed_interpolation,24.28,98.94,1.0,0.072,0.4678,0.2928,0.5479,0.7463,0.6,0.5328,MODERATE_SUPPORT,True,"Physical drift model strongly matches observed slick, but candidate vessel was 6.1 km away from release point at hypothesized release time.","Physical Drift Consistency (moderate, 0.75)","Spatial Compatibility (weak, 0.29)","EMERALD PRINCESS II: Physical drift is moderate (0.75), spatial compatibility is weak (0.29), source plausibility is weak (0.47), temporal alignment is moderate (0.55), and AIS track quality is moderate (0.60). Notable discrepancy: Physical drift model strongly matches observed slick, but candidate vessel was 6.1 km away from release point at hypothesized release time.",134
4DH_0103,VC_0103,367063030,EMERALD PRINCESS II,60.0,CS_0065,2019-09-08T09:25:31.797740+00:00,31.095025,-81.43345,31.11411,-81.488406,5646.24,359.0,bracketed_interpolation,108.71,124.18,1.0,0.0063,0.5321,0.3233,0.5497,0.6767,0.6,0.5327,MODERATE_SUPPORT,False,None,"Physical Drift Consistency (moderate, 0.68)","Spatial Compatibility (weak, 0.32)","EMERALD PRINCESS II: Physical drift is moderate (0.68), spatial compatibility is weak (0.32), source plausibility is moderate (0.53), temporal alignment is moderate (0.55), and AIS track quality is moderate (0.60).",135
4DH_0075,VC_0075,367369550,ANN MORAN,31.0,CS_0035,2019-09-08T03:25:31.797740+00:00,31.094595,-81.427598,31.143094,-81.496613,8499.7,150.0,bracketed_interpolation,22.42,122.14,0.99,0.0567,0.4405,0.1827,0.7788,0.7312,0.6,0.53,MODERATE_SUPPORT,True,"Physical drift model strongly matches observed slick, but candidate vessel was 8.5 km away from release point at hypothesized release time.","Temporal Compatibility (strong, 0.78)","Spatial Compatibility (poor, 0.18)","ANN MORAN: Physical drift is moderate (0.73), spatial compatibility is poor (0.18), source plausibility is weak (0.44), temporal alignment is strong (0.78), and AIS track quality is moderate (0.60). Notable discrepancy: Physical drift model strongly matches observed slick, but candidate vessel was 8.5 km away from release point at hypothesized release time.",136
4DH_0086,VC_0086,367063030,EMERALD PRINCESS II,60.0,CS_0035,2019-09-07T23:25:31.797740+00:00,31.075746,-81.427038,31.113826,-81.486967,7105.72,120.0,bracketed_interpolation,32.14,174.99,0.97,0.0451,0.3907,0.2414,0.8187,0.6957,0.6,0.53,MODERATE_SUPPORT,True,"Physical drift model strongly matches observed slick, but candidate vessel was 7.1 km away from release point at hypothesized release time.","Temporal Compatibility (strong, 0.82)","Spatial Compatibility (poor, 0.24)","EMERALD PRINCESS II: Physical drift is moderate (0.70), spatial compatibility is poor (0.24), source plausibility is weak (0.39), temporal alignment is strong (0.82), and AIS track quality is moderate (0.60). Notable discrepancy: Physical drift model strongly matches observed slick, but candidate vessel was 7.1 km away from release point at hypothesized release time.",137
4DH_0048,VC_0048,338184094,DULCINEA,37.0,CS_0035,2019-09-08T05:25:31.797740+00:00,31.103675,-81.425044,31.154998,-81.49958,9105.01,177.0,bracketed_interpolation,24.28,98.94,1.0,0.072,0.4678,0.1619,0.7445,0.7463,0.6,0.5296,MODERATE_SUPPORT,True,"Physical drift model strongly matches observed slick, but candidate vessel was 9.1 km away from release point at hypothesized release time.","Physical Drift Consistency (moderate, 0.75)","Spatial Compatibility (poor, 0.16)","DULCINEA: Physical drift is moderate (0.75), spatial compatibility is poor (0.16), source plausibility is weak (0.47), temporal alignment is moderate (0.74), and AIS track quality is moderate (0.60). Notable discrepancy: Physical drift model strongly matches observed slick, but candidate vessel was 9.1 km away from release point at hypothesized release time.",138
4DH_0112,VC_0112,368004680,TAKE IT EASY,36.0,CS_0065,2019-09-08T09:25:31.797740+00:00,31.095025,-81.43345,31.16681,-81.415701,8158.94,180.0,bracketed_interpolation,108.71,124.18,1.0,0.0063,0.5321,0.1956,0.7408,0.6767,0.6,0.5294,MODERATE_SUPPORT,True,"Physical drift model strongly matches observed slick, but candidate vessel was 8.2 km away from release point at hypothesized release time.","Temporal Compatibility (moderate, 0.74)","Spatial Compatibility (poor, 0.20)","TAKE IT EASY: Physical drift is moderate (0.68), spatial compatibility is poor (0.20), source plausibility is moderate (0.53), temporal alignment is moderate (0.74), and AIS track quality is moderate (0.60). Notable discrepancy: Physical drift model strongly matches observed slick, but candidate vessel was 8.2 km away from release point at hypothesized release time.",139
4DH_0052,VC_0052,367094180,CHICORY,37.0,CS_0035,2019-09-08T05:25:31.797740+00:00,31.103675,-81.425044,31.155018,-81.499413,9094.02,181.0,bracketed_interpolation,24.28,98.94,1.0,0.072,0.4678,0.1622,0.7396,0.7463,0.6,0.529,MODERATE_SUPPORT,True,"Physical drift model strongly matches observed slick, but candidate vessel was 9.1 km away from release point at hypothesized release time.","Physical Drift Consistency (moderate, 0.75)","Spatial Compatibility (poor, 0.16)","CHICORY: Physical drift is moderate (0.75), spatial compatibility is poor (0.16), source plausibility is weak (0.47), temporal alignment is moderate (0.74), and AIS track quality is moderate (0.60). Notable discrepancy: Physical drift model strongly matches observed slick, but candidate vessel was 9.1 km away from release point at hypothesized release time.",140
4DH_0062,VC_0062,369201000,SALTY VIXEN,37.0,CS_0035,2019-09-08T05:25:31.797740+00:00,31.103675,-81.425044,31.156702,-81.49923,9199.3,178.0,bracketed_interpolation,24.28,98.94,1.0,0.072,0.4678,0.1588,0.7433,0.7463,0.6,0.5287,MODERATE_SUPPORT,True,"Physical drift model strongly matches observed slick, but candidate vessel was 9.2 km away from release point at hypothesized release time.","Physical Drift Consistency (moderate, 0.75)","Spatial Compatibility (poor, 0.16)","SALTY VIXEN: Physical drift is moderate (0.75), spatial compatibility is poor (0.16), source plausibility is weak (0.47), temporal alignment is moderate (0.74), and AIS track quality is moderate (0.60). Notable discrepancy: Physical drift model strongly matches observed slick, but candidate vessel was 9.2 km away from release point at hypothesized release time.",141
4DH_0059,VC_0059,367753660,AQUAMARINE,37.0,CS_0035,2019-09-08T05:25:31.797740+00:00,31.103675,-81.425044,31.1561,-81.49924,9157.29,180.0,bracketed_interpolation,24.28,98.94,1.0,0.072,0.4678,0.1602,0.7408,0.7463,0.6,0.5286,MODERATE_SUPPORT,True,"Physical drift model strongly matches observed slick, but candidate vessel was 9.2 km away from release point at hypothesized release time.","Physical Drift Consistency (moderate, 0.75)","Spatial Compatibility (poor, 0.16)","AQUAMARINE: Physical drift is moderate (0.75), spatial compatibility is poor (0.16), source plausibility is weak (0.47), temporal alignment is moderate (0.74), and AIS track quality is moderate (0.60). Notable discrepancy: Physical drift model strongly matches observed slick, but candidate vessel was 9.2 km away from release point at hypothesized release time.",142
4DH_0108,VC_0108,367569620,PURA VIDA,37.0,CS_0065,2019-09-08T09:25:31.797740+00:00,31.095025,-81.43345,31.1672,-81.41448,8226.1,181.0,bracketed_interpolation,108.71,124.18,1.0,0.0063,0.5321,0.193,0.7396,0.6767,0.6,0.5286,MODERATE_SUPPORT,True,"Physical drift model strongly matches observed slick, but candidate vessel was 8.2 km away from release point at hypothesized release time.","Temporal Compatibility (moderate, 0.74)","Spatial Compatibility (poor, 0.19)","PURA VIDA: Physical drift is moderate (0.68), spatial compatibility is poor (0.19), source plausibility is moderate (0.53), temporal alignment is moderate (0.74), and AIS track quality is moderate (0.60). Notable discrepancy: Physical drift model strongly matches observed slick, but candidate vessel was 8.2 km away from release point at hypothesized release time.",143
4DH_0101,VC_0101,338335542,STILL WATERS,37.0,CS_0065,2019-09-08T09:25:31.797740+00:00,31.095025,-81.43345,31.167432,-81.41487,8243.23,180.0,bracketed_interpolation,108.71,124.18,1.0,0.0063,0.5321,0.1923,0.7408,0.6767,0.6,0.5286,MODERATE_SUPPORT,True,"Physical drift model strongly matches observed slick, but candidate vessel was 8.2 km away from release point at hypothesized release time.","Temporal Compatibility (moderate, 0.74)","Spatial Compatibility (poor, 0.19)","STILL WATERS: Physical drift is moderate (0.68), spatial compatibility is poor (0.19), source plausibility is moderate (0.53), temporal alignment is moderate (0.74), and AIS track quality is moderate (0.60). Notable discrepancy: Physical drift model strongly matches observed slick, but candidate vessel was 8.2 km away from release point at hypothesized release time.",144
4DH_0081,VC_0081,368004680,TAKE IT EASY,36.0,CS_0035,2019-09-08T03:25:31.797740+00:00,31.094595,-81.427598,31.16682,-81.415711,8110.36,180.0,bracketed_interpolation,22.42,122.14,0.99,0.0567,0.4405,0.1975,0.7408,0.7312,0.6,0.528,MODERATE_SUPPORT,True,"Physical drift model strongly matches observed slick, but candidate vessel was 8.1 km away from release point at hypothesized release time.","Temporal Compatibility (moderate, 0.74)","Spatial Compatibility (poor, 0.20)","TAKE IT EASY: Physical drift is moderate (0.73), spatial compatibility is poor (0.20), source plausibility is weak (0.44), temporal alignment is moderate (0.74), and AIS track quality is moderate (0.60). Notable discrepancy: Physical drift model strongly matches observed slick, but candidate vessel was 8.1 km away from release point at hypothesized release time.",145
4DH_0213,VC_0213,338184094,DULCINEA,37.0,CS_0092,2019-09-08T05:25:31.797740+00:00,31.074782,-81.458345,31.154998,-81.49958,9745.19,177.0,bracketed_interpolation,9.58,111.15,0.996,0.0635,0.482,0.1424,0.7445,0.7464,0.6,0.5276,MODERATE_SUPPORT,True,"Physical drift model strongly matches observed slick, but candidate vessel was 9.7 km away from release point at hypothesized release time.","Physical Drift Consistency (moderate, 0.75)","Spatial Compatibility (poor, 0.14)","DULCINEA: Physical drift is moderate (0.75), spatial compatibility is poor (0.14), source plausibility is weak (0.48), temporal alignment is moderate (0.74), and AIS track quality is moderate (0.60). Notable discrepancy: Physical drift model strongly matches observed slick, but candidate vessel was 9.7 km away from release point at hypothesized release time.",146
4DH_0077,VC_0077,367569620,PURA VIDA,37.0,CS_0035,2019-09-08T03:25:31.797740+00:00,31.094595,-81.427598,31.167201,-81.414481,8169.38,179.0,bracketed_interpolation,22.42,122.14,0.99,0.0567,0.4405,0.1952,0.7421,0.7312,0.6,0.5276,MODERATE_SUPPORT,True,"Physical drift model strongly matches observed slick, but candidate vessel was 8.2 km away from release point at hypothesized release time.","Temporal Compatibility (moderate, 0.74)","Spatial Compatibility (poor, 0.20)","PURA VIDA: Physical drift is moderate (0.73), spatial compatibility is poor (0.20), source plausibility is weak (0.44), temporal alignment is moderate (0.74), and AIS track quality is moderate (0.60). Notable discrepancy: Physical drift model strongly matches observed slick, but candidate vessel was 8.2 km away from release point at hypothesized release time.",147
4DH_0053,VC_0053,367157730,AESTIVAL,37.0,CS_0035,2019-09-08T05:25:31.797740+00:00,31.103675,-81.425044,31.158241,-81.499299,9314.85,180.0,bracketed_interpolation,24.28,98.94,1.0,0.072,0.4678,0.1552,0.7408,0.7463,0.6,0.5274,MODERATE_SUPPORT,True,"Physical drift model strongly matches observed slick, but candidate vessel was 9.3 km away from release point at hypothesized release time.","Physical Drift Consistency (moderate, 0.75)","Spatial Compatibility (poor, 0.16)","AESTIVAL: Physical drift is moderate (0.75), spatial compatibility is poor (0.16), source plausibility is weak (0.47), temporal alignment is moderate (0.74), and AIS track quality is moderate (0.60). Notable discrepancy: Physical drift model strongly matches observed slick, but candidate vessel was 9.3 km away from release point at hypothesized release time.",148
4DH_0056,VC_0056,367458950,WYOMING WIND,36.0,CS_0035,2019-09-08T05:25:31.797740+00:00,31.103675,-81.425044,31.157041,-81.49959,9249.76,183.0,bracketed_interpolation,24.28,98.94,1.0,0.072,0.4678,0.1572,0.7371,0.7463,0.6,0.5273,MODERATE_SUPPORT,True,"Physical drift model strongly matches observed slick, but candidate vessel was 9.2 km away from release point at hypothesized release time.","Physical Drift Consistency (moderate, 0.75)","Spatial Compatibility (poor, 0.16)","WYOMING WIND: Physical drift is moderate (0.75), spatial compatibility is poor (0.16), source plausibility is weak (0.47), temporal alignment is moderate (0.74), and AIS track quality is moderate (0.60). Notable discrepancy: Physical drift model strongly matches observed slick, but candidate vessel was 9.2 km away from release point at hypothesized release time.",149
4DH_0233,VC_0233,367063030,EMERALD PRINCESS II,60.0,CS_0092,2019-09-07T23:25:31.797740+00:00,31.054937,-81.458279,31.113826,-81.486967,7095.19,120.0,bracketed_interpolation,28.25,205.18,0.938,0.0405,0.4026,0.2419,0.8187,0.6783,0.6,0.5273,MODERATE_SUPPORT,True,"Physical drift model strongly matches observed slick, but candidate vessel was 7.1 km away from release point at hypothesized release time.","Temporal Compatibility (strong, 0.82)","Spatial Compatibility (poor, 0.24)","EMERALD PRINCESS II: Physical drift is moderate (0.68), spatial compatibility is poor (0.24), source plausibility is weak (0.40), temporal alignment is strong (0.82), and AIS track quality is moderate (0.60). Notable discrepancy: Physical drift model strongly matches observed slick, but candidate vessel was 7.1 km away from release point at hypothesized release time.",150
4DH_0069,VC_0069,338335542,STILL WATERS,37.0,CS_0035,2019-09-08T03:25:31.797740+00:00,31.094595,-81.427598,31.167432,-81.41487,8189.21,180.0,bracketed_interpolation,22.42,122.14,0.99,0.0567,0.4405,0.1944,0.7408,0.7312,0.6,0.5272,MODERATE_SUPPORT,True,"Physical drift model strongly matches observed slick, but candidate vessel was 8.2 km away from release point at hypothesized release time.","Temporal Compatibility (moderate, 0.74)","Spatial Compatibility (poor, 0.19)","STILL WATERS: Physical drift is moderate (0.73), spatial compatibility is poor (0.19), source plausibility is weak (0.44), temporal alignment is moderate (0.74), and AIS track quality is moderate (0.60). Notable discrepancy: Physical drift model strongly matches observed slick, but candidate vessel was 8.2 km away from release point at hypothesized release time.",151
4DH_0216,VC_0216,367094180,CHICORY,37.0,CS_0092,2019-09-08T05:25:31.797740+00:00,31.074782,-81.458345,31.155018,-81.499413,9740.84,181.0,bracketed_interpolation,9.58,111.15,0.996,0.0635,0.482,0.1425,0.7396,0.7464,0.6,0.5269,MODERATE_SUPPORT,True,"Physical drift model strongly matches observed slick, but candidate vessel was 9.7 km away from release point at hypothesized release time.","Physical Drift Consistency (moderate, 0.75)","Spatial Compatibility (poor, 0.14)","CHICORY: Physical drift is moderate (0.75), spatial compatibility is poor (0.14), source plausibility is weak (0.48), temporal alignment is moderate (0.74), and AIS track quality is moderate (0.60). Notable discrepancy: Physical drift model strongly matches observed slick, but candidate vessel was 9.7 km away from release point at hypothesized release time.",152
4DH_0117,VC_0117,311828000,KUJAWY,70.0,CS_0065,2019-09-08T07:25:31.797740+00:00,31.089295,-81.43682,31.13155,-81.49312,7127.73,180.0,bracketed_interpolation,100.1,185.74,0.99,0.0036,0.5011,0.2404,0.7408,0.6512,0.6,0.5268,MODERATE_SUPPORT,True,"Physical drift model strongly matches observed slick, but candidate vessel was 7.1 km away from release point at hypothesized release time.","Temporal Compatibility (moderate, 0.74)","Spatial Compatibility (poor, 0.24)","KUJAWY: Physical drift is moderate (0.65), spatial compatibility is poor (0.24), source plausibility is moderate (0.50), temporal alignment is moderate (0.74), and AIS track quality is moderate (0.60). Notable discrepancy: Physical drift model strongly matches observed slick, but candidate vessel was 7.1 km away from release point at hypothesized release time.",153
4DH_0228,VC_0228,367369550,ANN MORAN,31.0,CS_0092,2019-09-08T03:25:31.797740+00:00,31.068032,-81.460067,31.143094,-81.496613,9042.72,150.0,bracketed_interpolation,12.33,139.8,0.982,0.0522,0.4539,0.1639,0.7788,0.7263,0.6,0.5265,MODERATE_SUPPORT,True,"Physical drift model strongly matches observed slick, but candidate vessel was 9.0 km away from release point at hypothesized release time.","Temporal Compatibility (strong, 0.78)","Spatial Compatibility (poor, 0.16)","ANN MORAN: Physical drift is moderate (0.73), spatial compatibility is poor (0.16), source plausibility is weak (0.45), temporal alignment is strong (0.78), and AIS track quality is moderate (0.60). Notable discrepancy: Physical drift model strongly matches observed slick, but candidate vessel was 9.0 km away from release point at hypothesized release time.",154
4DH_0222,VC_0222,367753660,AQUAMARINE,37.0,CS_0092,2019-09-08T05:25:31.797740+00:00,31.074782,-81.458345,31.1561,-81.49924,9844.62,180.0,bracketed_interpolation,9.58,111.15,0.996,0.0635,0.482,0.1396,0.7408,0.7464,0.6,0.5263,MODERATE_SUPPORT,True,"Physical drift model strongly matches observed slick, but candidate vessel was 9.8 km away from release point at hypothesized release time.","Physical Drift Consistency (moderate, 0.75)","Spatial Compatibility (poor, 0.14)","AQUAMARINE: Physical drift is moderate (0.75), spatial compatibility is poor (0.14), source plausibility is weak (0.48), temporal alignment is moderate (0.74), and AIS track quality is moderate (0.60). Notable discrepancy: Physical drift model strongly matches observed slick, but candidate vessel was 9.8 km away from release point at hypothesized release time.",155
4DH_0224,VC_0224,369201000,SALTY VIXEN,37.0,CS_0092,2019-09-08T05:25:31.797740+00:00,31.074782,-81.458345,31.156702,-81.49923,9905.76,178.0,bracketed_interpolation,9.58,111.15,0.996,0.0635,0.482,0.1379,0.7433,0.7464,0.6,0.5263,MODERATE_SUPPORT,True,"Physical drift model strongly matches observed slick, but candidate vessel was 9.9 km away from release point at hypothesized release time.","Physical Drift Consistency (moderate, 0.75)","Spatial Compatibility (poor, 0.14)","SALTY VIXEN: Physical drift is moderate (0.75), spatial compatibility is poor (0.14), source plausibility is weak (0.48), temporal alignment is moderate (0.74), and AIS track quality is moderate (0.60). Notable discrepancy: Physical drift model strongly matches observed slick, but candidate vessel was 9.9 km away from release point at hypothesized release time.",156
4DH_0063,VC_0063,369273000,ESCAPE PLAN,36.0,CS_0035,2019-09-08T05:25:31.797740+00:00,31.103675,-81.425044,31.160405,-81.49996,9520.32,181.0,bracketed_interpolation,24.28,98.94,1.0,0.072,0.4678,0.149,0.7396,0.7463,0.6,0.5256,MODERATE_SUPPORT,True,"Physical drift model strongly matches observed slick, but candidate vessel was 9.5 km away from release point at hypothesized release time.","Physical Drift Consistency (moderate, 0.75)","Spatial Compatibility (poor, 0.15)","ESCAPE PLAN: Physical drift is moderate (0.75), spatial compatibility is poor (0.15), source plausibility is weak (0.47), temporal alignment is moderate (0.74), and AIS track quality is moderate (0.60). Notable discrepancy: Physical drift model strongly matches observed slick, but candidate vessel was 9.5 km away from release point at hypothesized release time.",157
4DH_0220,VC_0220,367458950,WYOMING WIND,36.0,CS_0092,2019-09-08T05:25:31.797740+00:00,31.074782,-81.458345,31.157041,-81.49959,9953.9,183.0,bracketed_interpolation,9.58,111.15,0.996,0.0635,0.482,0.1366,0.7371,0.7464,0.6,0.525,MODERATE_SUPPORT,True,"Physical drift model strongly matches observed slick, but candidate vessel was 10.0 km away from release point at hypothesized release time.","Physical Drift Consistency (moderate, 0.75)","Spatial Compatibility (poor, 0.14)","WYOMING WIND: Physical drift is moderate (0.75), spatial compatibility is poor (0.14), source plausibility is weak (0.48), temporal alignment is moderate (0.74), and AIS track quality is moderate (0.60). Notable discrepancy: Physical drift model strongly matches observed slick, but candidate vessel was 10.0 km away from release point at hypothesized release time.",158
4DH_0217,VC_0217,367157730,AESTIVAL,37.0,CS_0092,2019-09-08T05:25:31.797740+00:00,31.074782,-81.458345,31.158241,-81.499299,10065.88,180.0,bracketed_interpolation,9.58,111.15,0.996,0.0635,0.482,0.1336,0.7408,0.7464,0.6,0.5248,MODERATE_SUPPORT,True,"Physical drift model strongly matches observed slick, but candidate vessel was 10.1 km away from release point at hypothesized release time.","Physical Drift Consistency (moderate, 0.75)","Spatial Compatibility (poor, 0.13)","AESTIVAL: Physical drift is moderate (0.75), spatial compatibility is poor (0.13), source plausibility is weak (0.48), temporal alignment is moderate (0.74), and AIS track quality is moderate (0.60). Notable discrepancy: Physical drift model strongly matches observed slick, but candidate vessel was 10.1 km away from release point at hypothesized release time.",159
4DH_0115,VC_0115,538004697,EMERALD ACE,70.0,CS_0065,2019-09-08T09:25:31.797740+00:00,31.095025,-81.43345,31.128811,-81.518109,8892.17,180.0,bracketed_interpolation,108.71,124.18,1.0,0.0063,0.5321,0.1689,0.7408,0.6767,0.6,0.5228,MODERATE_SUPPORT,True,"Physical drift model strongly matches observed slick, but candidate vessel was 8.9 km away from release point at hypothesized release time.","Temporal Compatibility (moderate, 0.74)","Spatial Compatibility (poor, 0.17)","EMERALD ACE: Physical drift is moderate (0.68), spatial compatibility is poor (0.17), source plausibility is moderate (0.53), temporal alignment is moderate (0.74), and AIS track quality is moderate (0.60). Notable discrepancy: Physical drift model strongly matches observed slick, but candidate vessel was 8.9 km away from release point at hypothesized release time.",160
4DH_0167,VC_0167,338182224,SEA SALT,37.0,CS_0065,2019-09-07T17:25:31.797740+00:00,31.033816,-81.422837,31.057772,-81.42471,2669.76,90.0,bracketed_interpolation,98.86,676.02,0.378,0.0011,0.3293,0.5863,0.8607,0.3996,0.6,0.5214,MODERATE_SUPPORT,True,Substantial divergence across evidence dimensions (Temporal Compatibility: 0.86 vs Source Plausibility: 0.33).,"Temporal Compatibility (strong, 0.86)","Source Plausibility (weak, 0.33)","SEA SALT: Physical drift is weak (0.40), spatial compatibility is moderate (0.59), source plausibility is weak (0.33), temporal alignment is strong (0.86), and AIS track quality is moderate (0.60). Notable discrepancy: Substantial divergence across evidence dimensions (Temporal Compatibility: 0.86 vs Source Plausibility: 0.33).",161
4DH_0111,VC_0111,367762440,SILVER GIRL II,37.0,CS_0065,2019-09-08T09:25:31.797740+00:00,31.095025,-81.43345,31.154142,-81.499515,9097.11,180.0,bracketed_interpolation,108.71,124.18,1.0,0.0063,0.5321,0.1621,0.7408,0.6767,0.6,0.5211,MODERATE_SUPPORT,True,"Physical drift model strongly matches observed slick, but candidate vessel was 9.1 km away from release point at hypothesized release time.","Temporal Compatibility (moderate, 0.74)","Spatial Compatibility (poor, 0.16)","SILVER GIRL II: Physical drift is moderate (0.68), spatial compatibility is poor (0.16), source plausibility is moderate (0.53), temporal alignment is moderate (0.74), and AIS track quality is moderate (0.60). Notable discrepancy: Physical drift model strongly matches observed slick, but candidate vessel was 9.1 km away from release point at hypothesized release time.",162
4DH_0104,VC_0104,367094180,CHICORY,37.0,CS_0065,2019-09-08T09:25:31.797740+00:00,31.095025,-81.43345,31.15502,-81.499413,9161.23,179.0,bracketed_interpolation,108.71,124.18,1.0,0.0063,0.5321,0.1601,0.7421,0.6767,0.6,0.5207,MODERATE_SUPPORT,True,"Physical drift model strongly matches observed slick, but candidate vessel was 9.2 km away from release point at hypothesized release time.","Temporal Compatibility (moderate, 0.74)","Spatial Compatibility (poor, 0.16)","CHICORY: Physical drift is moderate (0.68), spatial compatibility is poor (0.16), source plausibility is moderate (0.53), temporal alignment is moderate (0.74), and AIS track quality is moderate (0.60). Notable discrepancy: Physical drift model strongly matches observed slick, but candidate vessel was 9.2 km away from release point at hypothesized release time.",163
4DH_0148,VC_0148,367305420,DOROTHY MORAN,31.0,CS_0065,2019-09-08T05:25:31.797740+00:00,31.083282,-81.440175,31.124495,-81.508022,7920.08,80.0,bracketed_interpolation,127.71,239.09,0.968,0.0028,0.4719,0.2051,0.8752,0.6125,0.6,0.5207,MODERATE_SUPPORT,True,"Physical drift model strongly matches observed slick, but candidate vessel was 7.9 km away from release point at hypothesized release time.","Temporal Compatibility (strong, 0.88)","Spatial Compatibility (poor, 0.21)","DOROTHY MORAN: Physical drift is moderate (0.61), spatial compatibility is poor (0.21), source plausibility is weak (0.47), temporal alignment is strong (0.88), and AIS track quality is moderate (0.60). Notable discrepancy: Physical drift model strongly matches observed slick, but candidate vessel was 7.9 km away from release point at hypothesized release time.",164
4DH_0099,VC_0099,338184094,DULCINEA,37.0,CS_0065,2019-09-08T09:25:31.797740+00:00,31.095025,-81.43345,31.154993,-81.499587,9170.4,180.0,bracketed_interpolation,108.71,124.18,1.0,0.0063,0.5321,0.1598,0.7408,0.6767,0.6,0.5205,MODERATE_SUPPORT,True,"Physical drift model strongly matches observed slick, but candidate vessel was 9.2 km away from release point at hypothesized release time.","Temporal Compatibility (moderate, 0.74)","Spatial Compatibility (poor, 0.16)","DULCINEA: Physical drift is moderate (0.68), spatial compatibility is poor (0.16), source plausibility is moderate (0.53), temporal alignment is moderate (0.74), and AIS track quality is moderate (0.60). Notable discrepancy: Physical drift model strongly matches observed slick, but candidate vessel was 9.2 km away from release point at hypothesized release time.",165
4DH_0110,VC_0110,367753660,AQUAMARINE,37.0,CS_0065,2019-09-08T09:25:31.797740+00:00,31.095025,-81.43345,31.156097,-81.499243,9237.79,181.0,bracketed_interpolation,108.71,124.18,1.0,0.0063,0.5321,0.1576,0.7396,0.6767,0.6,0.5198,MODERATE_SUPPORT,True,"Physical drift model strongly matches observed slick, but candidate vessel was 9.2 km away from release point at hypothesized release time.","Temporal Compatibility (moderate, 0.74)","Spatial Compatibility (poor, 0.16)","AQUAMARINE: Physical drift is moderate (0.68), spatial compatibility is poor (0.16), source plausibility is moderate (0.53), temporal alignment is moderate (0.74), and AIS track quality is moderate (0.60). Notable discrepancy: Physical drift model strongly matches observed slick, but candidate vessel was 9.2 km away from release point at hypothesized release time.",166
4DH_0113,VC_0113,369201000,SALTY VIXEN,37.0,CS_0065,2019-09-08T09:25:31.797740+00:00,31.095025,-81.43345,31.156721,-81.499221,9287.49,181.0,bracketed_interpolation,108.71,124.18,1.0,0.0063,0.5321,0.1561,0.7396,0.6767,0.6,0.5194,MODERATE_SUPPORT,True,"Physical drift model strongly matches observed slick, but candidate vessel was 9.3 km away from release point at hypothesized release time.","Temporal Compatibility (moderate, 0.74)","Spatial Compatibility (poor, 0.16)","SALTY VIXEN: Physical drift is moderate (0.68), spatial compatibility is poor (0.16), source plausibility is moderate (0.53), temporal alignment is moderate (0.74), and AIS track quality is moderate (0.60). Notable discrepancy: Physical drift model strongly matches observed slick, but candidate vessel was 9.3 km away from release point at hypothesized release time.",167
4DH_0049,VC_0049,338335542,STILL WATERS,37.0,CS_0035,2019-09-08T05:25:31.797740+00:00,31.103675,-81.425044,31.167434,-81.41487,7155.5,362.0,bracketed_interpolation,24.28,98.94,1.0,0.072,0.4678,0.239,0.547,0.7463,0.6,0.5193,MODERATE_SUPPORT,True,"Physical drift model strongly matches observed slick, but candidate vessel was 7.2 km away from release point at hypothesized release time.","Physical Drift Consistency (moderate, 0.75)","Spatial Compatibility (poor, 0.24)","STILL WATERS: Physical drift is moderate (0.75), spatial compatibility is poor (0.24), source plausibility is weak (0.47), temporal alignment is moderate (0.55), and AIS track quality is moderate (0.60). Notable discrepancy: Physical drift model strongly matches observed slick, but candidate vessel was 7.2 km away from release point at hypothesized release time.",168
4DH_0105,VC_0105,367157730,AESTIVAL,37.0,CS_0065,2019-09-08T09:25:31.797740+00:00,31.095025,-81.43345,31.15825,-81.4993,9418.75,180.0,bracketed_interpolation,108.71,124.18,1.0,0.0063,0.5321,0.152,0.7408,0.6767,0.6,0.5185,MODERATE_SUPPORT,True,"Physical drift model strongly matches observed slick, but candidate vessel was 9.4 km away from release point at hypothesized release time.","Temporal Compatibility (moderate, 0.74)","Spatial Compatibility (poor, 0.15)","AESTIVAL: Physical drift is moderate (0.68), spatial compatibility is poor (0.15), source plausibility is moderate (0.53), temporal alignment is moderate (0.74), and AIS track quality is moderate (0.60). Notable discrepancy: Physical drift model strongly matches observed slick, but candidate vessel was 9.4 km away from release point at hypothesized release time.",169
4DH_0098,VC_0098,338143506,MORNING SUN II,37.0,CS_0065,2019-09-08T09:25:31.797740+00:00,31.095025,-81.43345,31.159695,-81.49968,9563.05,180.0,bracketed_interpolation,108.71,124.18,1.0,0.0063,0.5321,0.1477,0.7408,0.6767,0.6,0.5175,MODERATE_SUPPORT,True,"Physical drift model strongly matches observed slick, but candidate vessel was 9.6 km away from release point at hypothesized release time.","Temporal Compatibility (moderate, 0.74)","Spatial Compatibility (poor, 0.15)","MORNING SUN II: Physical drift is moderate (0.68), spatial compatibility is poor (0.15), source plausibility is moderate (0.53), temporal alignment is moderate (0.74), and AIS track quality is moderate (0.60). Notable discrepancy: Physical drift model strongly matches observed slick, but candidate vessel was 9.6 km away from release point at hypothesized release time.",170
4DH_0114,VC_0114,369273000,ESCAPE PLAN,36.0,CS_0065,2019-09-08T09:25:31.797740+00:00,31.095025,-81.43345,31.160412,-81.499963,9640.8,180.0,bracketed_interpolation,108.71,124.18,1.0,0.0063,0.5321,0.1454,0.7408,0.6767,0.6,0.5169,MODERATE_SUPPORT,True,"Physical drift model strongly matches observed slick, but candidate vessel was 9.6 km away from release point at hypothesized release time.","Temporal Compatibility (moderate, 0.74)","Spatial Compatibility (poor, 0.15)","ESCAPE PLAN: Physical drift is moderate (0.68), spatial compatibility is poor (0.15), source plausibility is moderate (0.53), temporal alignment is moderate (0.74), and AIS track quality is moderate (0.60). Notable discrepancy: Physical drift model strongly matches observed slick, but candidate vessel was 9.6 km away from release point at hypothesized release time.",171
4DH_0149,VC_0149,367369550,ANN MORAN,31.0,CS_0065,2019-09-08T05:25:31.797740+00:00,31.083282,-81.440175,31.143112,-81.49662,8551.87,70.0,bracketed_interpolation,127.71,239.09,0.968,0.0028,0.4719,0.1808,0.8899,0.6125,0.6,0.5168,MODERATE_SUPPORT,True,"Physical drift model strongly matches observed slick, but candidate vessel was 8.6 km away from release point at hypothesized release time.","Temporal Compatibility (strong, 0.89)","Spatial Compatibility (poor, 0.18)","ANN MORAN: Physical drift is moderate (0.61), spatial compatibility is poor (0.18), source plausibility is weak (0.47), temporal alignment is strong (0.89), and AIS track quality is moderate (0.60). Notable discrepancy: Physical drift model strongly matches observed slick, but candidate vessel was 8.6 km away from release point at hypothesized release time.",172
4DH_0080,VC_0080,367762440,SILVER GIRL II,37.0,CS_0035,2019-09-08T03:25:31.797740+00:00,31.094595,-81.427598,31.154102,-81.499515,9520.81,179.0,bracketed_interpolation,22.42,122.14,0.99,0.0567,0.4405,0.1489,0.7421,0.7312,0.6,0.516,MODERATE_SUPPORT,True,"Physical drift model strongly matches observed slick, but candidate vessel was 9.5 km away from release point at hypothesized release time.","Temporal Compatibility (moderate, 0.74)","Spatial Compatibility (poor, 0.15)","SILVER GIRL II: Physical drift is moderate (0.73), spatial compatibility is poor (0.15), source plausibility is weak (0.44), temporal alignment is moderate (0.74), and AIS track quality is moderate (0.60). Notable discrepancy: Physical drift model strongly matches observed slick, but candidate vessel was 9.5 km away from release point at hypothesized release time.",173
4DH_0231,VC_0231,538007762,UNKNOWN,UNKNOWN,CS_0092,2019-09-08T03:25:31.797740+00:00,31.068032,-81.460067,31.13095,-81.53242,9818.55,176.0,bracketed_interpolation,12.33,139.8,0.982,0.0522,0.4539,0.1403,0.7458,0.7263,0.6,0.5156,MODERATE_SUPPORT,True,"Physical drift model strongly matches observed slick, but candidate vessel was 9.8 km away from release point at hypothesized release time.","Temporal Compatibility (moderate, 0.75)","Spatial Compatibility (poor, 0.14)","UNKNOWN: Physical drift is moderate (0.73), spatial compatibility is poor (0.14), source plausibility is weak (0.45), temporal alignment is moderate (0.75), and AIS track quality is moderate (0.60). Notable discrepancy: Physical drift model strongly matches observed slick, but candidate vessel was 9.8 km away from release point at hypothesized release time.",174
4DH_0072,VC_0072,367094180,CHICORY,37.0,CS_0035,2019-09-08T03:25:31.797740+00:00,31.094595,-81.427598,31.15501,-81.49942,9584.78,181.0,bracketed_interpolation,22.42,122.14,0.99,0.0567,0.4405,0.1471,0.7396,0.7312,0.6,0.5152,MODERATE_SUPPORT,True,"Physical drift model strongly matches observed slick, but candidate vessel was 9.6 km away from release point at hypothesized release time.","Temporal Compatibility (moderate, 0.74)","Spatial Compatibility (poor, 0.15)","CHICORY: Physical drift is moderate (0.73), spatial compatibility is poor (0.15), source plausibility is weak (0.44), temporal alignment is moderate (0.74), and AIS track quality is moderate (0.60). Notable discrepancy: Physical drift model strongly matches observed slick, but candidate vessel was 9.6 km away from release point at hypothesized release time.",175
4DH_0068,VC_0068,338184094,DULCINEA,37.0,CS_0035,2019-09-08T03:25:31.797740+00:00,31.094595,-81.427598,31.154993,-81.49958,9594.33,181.0,bracketed_interpolation,22.42,122.14,0.99,0.0567,0.4405,0.1468,0.7396,0.7312,0.6,0.5151,MODERATE_SUPPORT,True,"Physical drift model strongly matches observed slick, but candidate vessel was 9.6 km away from release point at hypothesized release time.","Temporal Compatibility (moderate, 0.74)","Spatial Compatibility (poor, 0.15)","DULCINEA: Physical drift is moderate (0.73), spatial compatibility is poor (0.15), source plausibility is weak (0.44), temporal alignment is moderate (0.74), and AIS track quality is moderate (0.60). Notable discrepancy: Physical drift model strongly matches observed slick, but candidate vessel was 9.6 km away from release point at hypothesized release time.",176
4DH_0079,VC_0079,367753660,AQUAMARINE,37.0,CS_0035,2019-09-08T03:25:31.797740+00:00,31.094595,-81.427598,31.156097,-81.499227,9656.88,180.0,bracketed_interpolation,22.42,122.14,0.99,0.0567,0.4405,0.1449,0.7408,0.7312,0.6,0.5148,MODERATE_SUPPORT,True,"Physical drift model strongly matches observed slick, but candidate vessel was 9.7 km away from release point at hypothesized release time.","Temporal Compatibility (moderate, 0.74)","Spatial Compatibility (poor, 0.14)","AQUAMARINE: Physical drift is moderate (0.73), spatial compatibility is poor (0.14), source plausibility is weak (0.44), temporal alignment is moderate (0.74), and AIS track quality is moderate (0.60). Notable discrepancy: Physical drift model strongly matches observed slick, but candidate vessel was 9.7 km away from release point at hypothesized release time.",177
4DH_0082,VC_0082,369201000,SALTY VIXEN,37.0,CS_0035,2019-09-08T03:25:31.797740+00:00,31.094595,-81.427598,31.156729,-81.499225,9706.62,178.0,bracketed_interpolation,22.42,122.14,0.99,0.0567,0.4405,0.1435,0.7433,0.7312,0.6,0.5148,MODERATE_SUPPORT,True,"Physical drift model strongly matches observed slick, but candidate vessel was 9.7 km away from release point at hypothesized release time.","Temporal Compatibility (moderate, 0.74)","Spatial Compatibility (poor, 0.14)","SALTY VIXEN: Physical drift is moderate (0.73), spatial compatibility is poor (0.14), source plausibility is weak (0.44), temporal alignment is moderate (0.74), and AIS track quality is moderate (0.60). Notable discrepancy: Physical drift model strongly matches observed slick, but candidate vessel was 9.7 km away from release point at hypothesized release time.",178
4DH_0076,VC_0076,367458950,WYOMING WIND,36.0,CS_0035,2019-09-08T03:25:31.797740+00:00,31.094595,-81.427598,31.157031,-81.49959,9754.92,179.0,bracketed_interpolation,22.42,122.14,0.99,0.0567,0.4405,0.1421,0.7421,0.7312,0.6,0.5143,MODERATE_SUPPORT,True,"Physical drift model strongly matches observed slick, but candidate vessel was 9.8 km away from release point at hypothesized release time.","Temporal Compatibility (moderate, 0.74)","Spatial Compatibility (poor, 0.14)","WYOMING WIND: Physical drift is moderate (0.73), spatial compatibility is poor (0.14), source plausibility is weak (0.44), temporal alignment is moderate (0.74), and AIS track quality is moderate (0.60). Notable discrepancy: Physical drift model strongly matches observed slick, but candidate vessel was 9.8 km away from release point at hypothesized release time.",179
4DH_0073,VC_0073,367157730,AESTIVAL,37.0,CS_0035,2019-09-08T03:25:31.797740+00:00,31.094595,-81.427598,31.15824,-81.4993,9831.84,176.0,bracketed_interpolation,22.42,122.14,0.99,0.0567,0.4405,0.14,0.7458,0.7312,0.6,0.5143,MODERATE_SUPPORT,True,"Physical drift model strongly matches observed slick, but candidate vessel was 9.8 km away from release point at hypothesized release time.","Temporal Compatibility (moderate, 0.75)","Spatial Compatibility (poor, 0.14)","AESTIVAL: Physical drift is moderate (0.73), spatial compatibility is poor (0.14), source plausibility is weak (0.44), temporal alignment is moderate (0.75), and AIS track quality is moderate (0.60). Notable discrepancy: Physical drift model strongly matches observed slick, but candidate vessel was 9.8 km away from release point at hypothesized release time.",180
4DH_0070,VC_0070,339759000,REGALEC,37.0,CS_0035,2019-09-08T03:25:31.797740+00:00,31.094595,-81.427598,31.157164,-81.499727,9774.6,181.0,bracketed_interpolation,22.42,122.14,0.99,0.0567,0.4405,0.1416,0.7396,0.7312,0.6,0.5138,MODERATE_SUPPORT,True,"Physical drift model strongly matches observed slick, but candidate vessel was 9.8 km away from release point at hypothesized release time.","Temporal Compatibility (moderate, 0.74)","Spatial Compatibility (poor, 0.14)","REGALEC: Physical drift is moderate (0.73), spatial compatibility is poor (0.14), source plausibility is weak (0.44), temporal alignment is moderate (0.74), and AIS track quality is moderate (0.60). Notable discrepancy: Physical drift model strongly matches observed slick, but candidate vessel was 9.8 km away from release point at hypothesized release time.",181
4DH_0206,VC_0206,367762440,SILVER GIRL II,37.0,CS_0092,2019-09-08T07:25:31.797740+00:00,31.079111,-81.455612,31.154121,-81.499528,9329.81,357.0,bracketed_interpolation,15.46,75.07,1.0,0.0803,0.5118,0.1547,0.5516,0.7651,0.6,0.5133,MODERATE_SUPPORT,True,"Physical drift model strongly matches observed slick, but candidate vessel was 9.3 km away from release point at hypothesized release time.","Physical Drift Consistency (strong, 0.77)","Spatial Compatibility (poor, 0.15)","SILVER GIRL II: Physical drift is strong (0.77), spatial compatibility is poor (0.15), source plausibility is moderate (0.51), temporal alignment is moderate (0.55), and AIS track quality is moderate (0.60). Notable discrepancy: Physical drift model strongly matches observed slick, but candidate vessel was 9.3 km away from release point at hypothesized release time.",182
4DH_0040,VC_0040,367762440,SILVER GIRL II,37.0,CS_0035,2019-09-08T07:25:31.797740+00:00,31.110186,-81.421491,31.154121,-81.499528,8890.2,357.0,bracketed_interpolation,25.69,72.35,1.0,0.0867,0.4967,0.169,0.5516,0.7619,0.6,0.5129,MODERATE_SUPPORT,True,"Physical drift model strongly matches observed slick, but candidate vessel was 8.9 km away from release point at hypothesized release time.","Physical Drift Consistency (strong, 0.76)","Spatial Compatibility (poor, 0.17)","SILVER GIRL II: Physical drift is strong (0.76), spatial compatibility is poor (0.17), source plausibility is weak (0.50), temporal alignment is moderate (0.55), and AIS track quality is moderate (0.60). Notable discrepancy: Physical drift model strongly matches observed slick, but candidate vessel was 8.9 km away from release point at hypothesized release time.",183
4DH_0199,VC_0199,367094180,CHICORY,37.0,CS_0092,2019-09-08T07:25:31.797740+00:00,31.079111,-81.455612,31.15501,-81.499418,9413.64,359.0,bracketed_interpolation,15.46,75.07,1.0,0.0803,0.5118,0.1522,0.5497,0.7651,0.6,0.5124,MODERATE_SUPPORT,True,"Physical drift model strongly matches observed slick, but candidate vessel was 9.4 km away from release point at hypothesized release time.","Physical Drift Consistency (strong, 0.77)","Spatial Compatibility (poor, 0.15)","CHICORY: Physical drift is strong (0.77), spatial compatibility is poor (0.15), source plausibility is moderate (0.51), temporal alignment is moderate (0.55), and AIS track quality is moderate (0.60). Notable discrepancy: Physical drift model strongly matches observed slick, but candidate vessel was 9.4 km away from release point at hypothesized release time.",184
4DH_0067,VC_0067,338143506,MORNING SUN II,37.0,CS_0035,2019-09-08T03:25:31.797740+00:00,31.094595,-81.427598,31.159675,-81.4997,9973.43,181.0,bracketed_interpolation,22.42,122.14,0.99,0.0567,0.4405,0.1361,0.7396,0.7312,0.6,0.5124,MODERATE_SUPPORT,True,"Physical drift model strongly matches observed slick, but candidate vessel was 10.0 km away from release point at hypothesized release time.","Temporal Compatibility (moderate, 0.74)","Spatial Compatibility (poor, 0.14)","MORNING SUN II: Physical drift is moderate (0.73), spatial compatibility is poor (0.14), source plausibility is weak (0.44), temporal alignment is moderate (0.74), and AIS track quality is moderate (0.60). Notable discrepancy: Physical drift model strongly matches observed slick, but candidate vessel was 10.0 km away from release point at hypothesized release time.",185
4DH_0083,VC_0083,369273000,ESCAPE PLAN,36.0,CS_0035,2019-09-08T03:25:31.797740+00:00,31.094595,-81.427598,31.160405,-81.499968,10049.94,179.0,bracketed_interpolation,22.42,122.14,0.99,0.0567,0.4405,0.134,0.7421,0.7312,0.6,0.5123,MODERATE_SUPPORT,True,"Physical drift model strongly matches observed slick, but candidate vessel was 10.0 km away from release point at hypothesized release time.","Temporal Compatibility (moderate, 0.74)","Spatial Compatibility (poor, 0.13)","ESCAPE PLAN: Physical drift is moderate (0.73), spatial compatibility is poor (0.13), source plausibility is weak (0.44), temporal alignment is moderate (0.74), and AIS track quality is moderate (0.60). Notable discrepancy: Physical drift model strongly matches observed slick, but candidate vessel was 10.0 km away from release point at hypothesized release time.",186
4DH_0032,VC_0032,367094180,CHICORY,37.0,CS_0035,2019-09-08T07:25:31.797740+00:00,31.110186,-81.421491,31.15501,-81.499418,8936.18,359.0,bracketed_interpolation,25.69,72.35,1.0,0.0867,0.4967,0.1674,0.5497,0.7619,0.6,0.5122,MODERATE_SUPPORT,True,"Physical drift model strongly matches observed slick, but candidate vessel was 8.9 km away from release point at hypothesized release time.","Physical Drift Consistency (strong, 0.76)","Spatial Compatibility (poor, 0.17)","CHICORY: Physical drift is strong (0.76), spatial compatibility is poor (0.17), source plausibility is weak (0.50), temporal alignment is moderate (0.55), and AIS track quality is moderate (0.60). Notable discrepancy: Physical drift model strongly matches observed slick, but candidate vessel was 8.9 km away from release point at hypothesized release time.",187
4DH_0230,VC_0230,367762440,SILVER GIRL II,37.0,CS_0092,2019-09-08T03:25:31.797740+00:00,31.068032,-81.460067,31.154102,-81.499515,10281.01,179.0,bracketed_interpolation,12.33,139.8,0.982,0.0522,0.4539,0.1279,0.7421,0.7263,0.6,0.512,MODERATE_SUPPORT,True,"Physical drift model strongly matches observed slick, but candidate vessel was 10.3 km away from release point at hypothesized release time.","Temporal Compatibility (moderate, 0.74)","Spatial Compatibility (poor, 0.13)","SILVER GIRL II: Physical drift is moderate (0.73), spatial compatibility is poor (0.13), source plausibility is weak (0.45), temporal alignment is moderate (0.74), and AIS track quality is moderate (0.60). Notable discrepancy: Physical drift model strongly matches observed slick, but candidate vessel was 10.3 km away from release point at hypothesized release time.",188
4DH_0176,VC_0176,339759000,REGALEC,37.0,CS_0092,2019-09-08T09:25:31.797740+00:00,31.08257,-81.452775,31.157144,-81.499742,9420.75,540.0,bracketed_interpolation,8.45,30.72,1.0,0.1384,0.5434,0.152,0.4066,0.8048,0.6,0.5091,MODERATE_SUPPORT,True,"Physical drift model strongly matches observed slick, but candidate vessel was 9.4 km away from release point at hypothesized release time.","Physical Drift Consistency (strong, 0.80)","Spatial Compatibility (poor, 0.15)","REGALEC: Physical drift is strong (0.80), spatial compatibility is poor (0.15), source plausibility is moderate (0.54), temporal alignment is weak (0.41), and AIS track quality is moderate (0.60). Notable discrepancy: Physical drift model strongly matches observed slick, but candidate vessel was 9.4 km away from release point at hypothesized release time.",189
4DH_0135,VC_0135,368004680,TAKE IT EASY,36.0,CS_0065,2019-09-08T07:25:31.797740+00:00,31.089295,-81.43682,31.16683,-81.41569,8852.99,181.0,bracketed_interpolation,100.1,185.74,0.99,0.0036,0.5011,0.1702,0.7396,0.6512,0.6,0.5091,MODERATE_SUPPORT,True,"Physical drift model strongly matches observed slick, but candidate vessel was 8.9 km away from release point at hypothesized release time.","Temporal Compatibility (moderate, 0.74)","Spatial Compatibility (poor, 0.17)","TAKE IT EASY: Physical drift is moderate (0.65), spatial compatibility is poor (0.17), source plausibility is moderate (0.50), temporal alignment is moderate (0.74), and AIS track quality is moderate (0.60). Notable discrepancy: Physical drift model strongly matches observed slick, but candidate vessel was 8.9 km away from release point at hypothesized release time.",190
4DH_0138,VC_0138,538004697,EMERALD ACE,70.0,CS_0065,2019-09-08T07:25:31.797740+00:00,31.089295,-81.43682,31.128683,-81.518343,8911.77,180.0,bracketed_interpolation,100.1,185.74,0.99,0.0036,0.5011,0.1682,0.7408,0.6512,0.6,0.5088,MODERATE_SUPPORT,True,"Physical drift model strongly matches observed slick, but candidate vessel was 8.9 km away from release point at hypothesized release time.","Temporal Compatibility (moderate, 0.74)","Spatial Compatibility (poor, 0.17)","EMERALD ACE: Physical drift is moderate (0.65), spatial compatibility is poor (0.17), source plausibility is moderate (0.50), temporal alignment is moderate (0.74), and AIS track quality is moderate (0.60). Notable discrepancy: Physical drift model strongly matches observed slick, but candidate vessel was 8.9 km away from release point at hypothesized release time.",191
4DH_0131,VC_0131,367569620,PURA VIDA,37.0,CS_0065,2019-09-08T07:25:31.797740+00:00,31.089295,-81.43682,31.167209,-81.414471,8920.98,182.0,bracketed_interpolation,100.1,185.74,0.99,0.0036,0.5011,0.1679,0.7384,0.6512,0.6,0.5083,MODERATE_SUPPORT,True,"Physical drift model strongly matches observed slick, but candidate vessel was 8.9 km away from release point at hypothesized release time.","Temporal Compatibility (moderate, 0.74)","Spatial Compatibility (poor, 0.17)","PURA VIDA: Physical drift is moderate (0.65), spatial compatibility is poor (0.17), source plausibility is moderate (0.50), temporal alignment is moderate (0.74), and AIS track quality is moderate (0.60). Notable discrepancy: Physical drift model strongly matches observed slick, but candidate vessel was 8.9 km away from release point at hypothesized release time.",192
4DH_0123,VC_0123,338335542,STILL WATERS,37.0,CS_0065,2019-09-08T07:25:31.797740+00:00,31.089295,-81.43682,31.167432,-81.41489,8935.67,182.0,bracketed_interpolation,100.1,185.74,0.99,0.0036,0.5011,0.1674,0.7384,0.6512,0.6,0.5082,MODERATE_SUPPORT,True,"Physical drift model strongly matches observed slick, but candidate vessel was 8.9 km away from release point at hypothesized release time.","Temporal Compatibility (moderate, 0.74)","Spatial Compatibility (poor, 0.17)","STILL WATERS: Physical drift is moderate (0.65), spatial compatibility is poor (0.17), source plausibility is moderate (0.50), temporal alignment is moderate (0.74), and AIS track quality is moderate (0.60). Notable discrepancy: Physical drift model strongly matches observed slick, but candidate vessel was 8.9 km away from release point at hypothesized release time.",193
4DH_0255,VC_0255,338182224,SEA SALT,37.0,CS_0114,2019-09-07T17:25:31.797740+00:00,30.987785,-81.39459,31.057772,-81.42471,8294.59,90.0,bracketed_interpolation,16.12,237.93,0.886,0.0489,0.3578,0.1903,0.8607,0.6639,0.6,0.5074,MODERATE_SUPPORT,True,"Physical drift model strongly matches observed slick, but candidate vessel was 8.3 km away from release point at hypothesized release time.","Temporal Compatibility (strong, 0.86)","Spatial Compatibility (poor, 0.19)","SEA SALT: Physical drift is moderate (0.66), spatial compatibility is poor (0.19), source plausibility is weak (0.36), temporal alignment is strong (0.86), and AIS track quality is moderate (0.60). Notable discrepancy: Physical drift model strongly matches observed slick, but candidate vessel was 8.3 km away from release point at hypothesized release time.",194
4DH_0152,VC_0152,367691290,MISS LEXY,30.0,CS_0065,2019-09-08T05:25:31.797740+00:00,31.083282,-81.440175,31.142129,-81.496411,8454.52,120.0,bracketed_interpolation,127.71,239.09,0.968,0.0028,0.4719,0.1844,0.8187,0.6125,0.6,0.507,MODERATE_SUPPORT,True,"Physical drift model strongly matches observed slick, but candidate vessel was 8.5 km away from release point at hypothesized release time.","Temporal Compatibility (strong, 0.82)","Spatial Compatibility (poor, 0.18)","MISS LEXY: Physical drift is moderate (0.61), spatial compatibility is poor (0.18), source plausibility is weak (0.47), temporal alignment is strong (0.82), and AIS track quality is moderate (0.60). Notable discrepancy: Physical drift model strongly matches observed slick, but candidate vessel was 8.5 km away from release point at hypothesized release time.",195
4DH_0008,VC_0008,339759000,REGALEC,37.0,CS_0035,2019-09-08T09:25:31.797740+00:00,31.115912,-81.41812,31.157144,-81.499742,9020.48,540.0,bracketed_interpolation,19.01,38.46,1.0,0.1507,0.5274,0.1646,0.4066,0.7968,0.6,0.5066,MODERATE_SUPPORT,True,"Physical drift model strongly matches observed slick, but candidate vessel was 9.0 km away from release point at hypothesized release time.","Physical Drift Consistency (strong, 0.80)","Spatial Compatibility (poor, 0.16)","REGALEC: Physical drift is strong (0.80), spatial compatibility is poor (0.16), source plausibility is moderate (0.53), temporal alignment is weak (0.41), and AIS track quality is moderate (0.60). Notable discrepancy: Physical drift model strongly matches observed slick, but candidate vessel was 9.0 km away from release point at hypothesized release time.",196
4DH_0140,VC_0140,311828000,KUJAWY,70.0,CS_0065,2019-09-08T05:25:31.797740+00:00,31.083282,-81.440175,31.13155,-81.49311,7362.39,180.0,bracketed_interpolation,127.71,239.09,0.968,0.0028,0.4719,0.2294,0.7408,0.6125,0.6,0.5066,MODERATE_SUPPORT,True,"Physical drift model strongly matches observed slick, but candidate vessel was 7.4 km away from release point at hypothesized release time.","Temporal Compatibility (moderate, 0.74)","Spatial Compatibility (poor, 0.23)","KUJAWY: Physical drift is moderate (0.61), spatial compatibility is poor (0.23), source plausibility is weak (0.47), temporal alignment is moderate (0.74), and AIS track quality is moderate (0.60). Notable discrepancy: Physical drift model strongly matches observed slick, but candidate vessel was 7.4 km away from release point at hypothesized release time.",197
4DH_0087,VC_0087,367305420,DOROTHY MORAN,31.0,CS_0035,2019-09-07T23:25:31.797740+00:00,31.075746,-81.427038,31.14346,-81.49678,10038.8,111.0,bracketed_interpolation,32.14,174.99,0.97,0.0451,0.3907,0.1343,0.8311,0.6957,0.6,0.5051,MODERATE_SUPPORT,True,"Physical drift model strongly matches observed slick, but candidate vessel was 10.0 km away from release point at hypothesized release time.","Temporal Compatibility (strong, 0.83)","Spatial Compatibility (poor, 0.13)","DOROTHY MORAN: Physical drift is moderate (0.70), spatial compatibility is poor (0.13), source plausibility is weak (0.39), temporal alignment is strong (0.83), and AIS track quality is moderate (0.60). Notable discrepancy: Physical drift model strongly matches observed slick, but candidate vessel was 10.0 km away from release point at hypothesized release time.",198
4DH_0121,VC_0121,338184094,DULCINEA,37.0,CS_0065,2019-09-08T07:25:31.797740+00:00,31.089295,-81.43682,31.155,-81.49958,9437.64,180.0,bracketed_interpolation,100.1,185.74,0.99,0.0036,0.5011,0.1514,0.7408,0.6512,0.6,0.5046,MODERATE_SUPPORT,True,"Physical drift model strongly matches observed slick, but candidate vessel was 9.4 km away from release point at hypothesized release time.","Temporal Compatibility (moderate, 0.74)","Spatial Compatibility (poor, 0.15)","DULCINEA: Physical drift is moderate (0.65), spatial compatibility is poor (0.15), source plausibility is moderate (0.50), temporal alignment is moderate (0.74), and AIS track quality is moderate (0.60). Notable discrepancy: Physical drift model strongly matches observed slick, but candidate vessel was 9.4 km away from release point at hypothesized release time.",199
4DH_0133,VC_0133,367753660,AQUAMARINE,37.0,CS_0065,2019-09-08T07:25:31.797740+00:00,31.089295,-81.43682,31.156103,-81.499217,9511.26,180.0,bracketed_interpolation,100.1,185.74,0.99,0.0036,0.5011,0.1492,0.7408,0.6512,0.6,0.504,MODERATE_SUPPORT,True,"Physical drift model strongly matches observed slick, but candidate vessel was 9.5 km away from release point at hypothesized release time.","Temporal Compatibility (moderate, 0.74)","Spatial Compatibility (poor, 0.15)","AQUAMARINE: Physical drift is moderate (0.65), spatial compatibility is poor (0.15), source plausibility is moderate (0.50), temporal alignment is moderate (0.74), and AIS track quality is moderate (0.60). Notable discrepancy: Physical drift model strongly matches observed slick, but candidate vessel was 9.5 km away from release point at hypothesized release time.",200
4DH_0088,VC_0088,367369550,ANN MORAN,31.0,CS_0035,2019-09-07T23:25:31.797740+00:00,31.075746,-81.427038,31.143125,-81.49664,10002.06,119.0,bracketed_interpolation,32.14,174.99,0.97,0.0451,0.3907,0.1353,0.8201,0.6957,0.6,0.5037,MODERATE_SUPPORT,True,"Physical drift model strongly matches observed slick, but candidate vessel was 10.0 km away from release point at hypothesized release time.","Temporal Compatibility (strong, 0.82)","Spatial Compatibility (poor, 0.14)","ANN MORAN: Physical drift is moderate (0.70), spatial compatibility is poor (0.14), source plausibility is weak (0.39), temporal alignment is strong (0.82), and AIS track quality is moderate (0.60). Notable discrepancy: Physical drift model strongly matches observed slick, but candidate vessel was 10.0 km away from release point at hypothesized release time.",201
4DH_0136,VC_0136,369201000,SALTY VIXEN,37.0,CS_0065,2019-09-08T07:25:31.797740+00:00,31.089295,-81.43682,31.156715,-81.49922,9564.67,180.0,bracketed_interpolation,100.1,185.74,0.99,0.0036,0.5011,0.1476,0.7408,0.6512,0.6,0.5036,MODERATE_SUPPORT,True,"Physical drift model strongly matches observed slick, but candidate vessel was 9.6 km away from release point at hypothesized release time.","Temporal Compatibility (moderate, 0.74)","Spatial Compatibility (poor, 0.15)","SALTY VIXEN: Physical drift is moderate (0.65), spatial compatibility is poor (0.15), source plausibility is moderate (0.50), temporal alignment is moderate (0.74), and AIS track quality is moderate (0.60). Notable discrepancy: Physical drift model strongly matches observed slick, but candidate vessel was 9.6 km away from release point at hypothesized release time.",202
4DH_0251,VC_0251,367063030,EMERALD PRINCESS II,60.0,CS_0114,2019-09-08T05:25:31.797740+00:00,31.05069,-81.410975,31.1141,-81.4884,10201.9,361.0,bracketed_interpolation,19.58,98.28,0.998,0.0973,0.5129,0.13,0.5479,0.754,0.6,0.5035,MODERATE_SUPPORT,True,"Physical drift model strongly matches observed slick, but candidate vessel was 10.2 km away from release point at hypothesized release time.","Physical Drift Consistency (strong, 0.75)","Spatial Compatibility (poor, 0.13)","EMERALD PRINCESS II: Physical drift is strong (0.75), spatial compatibility is poor (0.13), source plausibility is moderate (0.51), temporal alignment is moderate (0.55), and AIS track quality is moderate (0.60). Notable discrepancy: Physical drift model strongly matches observed slick, but candidate vessel was 10.2 km away from release point at hypothesized release time.",203
4DH_0127,VC_0127,367157730,AESTIVAL,37.0,CS_0065,2019-09-08T07:25:31.797740+00:00,31.089295,-81.43682,31.15825,-81.499309,9704.19,181.0,bracketed_interpolation,100.1,185.74,0.99,0.0036,0.5011,0.1436,0.7396,0.6512,0.6,0.5024,MODERATE_SUPPORT,True,"Physical drift model strongly matches observed slick, but candidate vessel was 9.7 km away from release point at hypothesized release time.","Temporal Compatibility (moderate, 0.74)","Spatial Compatibility (poor, 0.14)","AESTIVAL: Physical drift is moderate (0.65), spatial compatibility is poor (0.14), source plausibility is moderate (0.50), temporal alignment is moderate (0.74), and AIS track quality is moderate (0.60). Notable discrepancy: Physical drift model strongly matches observed slick, but candidate vessel was 9.7 km away from release point at hypothesized release time.",204
4DH_0137,VC_0137,369273000,ESCAPE PLAN,36.0,CS_0065,2019-09-08T07:25:31.797740+00:00,31.089295,-81.43682,31.160398,-81.499975,9932.19,177.0,bracketed_interpolation,100.1,185.74,0.99,0.0036,0.5011,0.1372,0.7445,0.6512,0.6,0.5016,MODERATE_SUPPORT,True,"Physical drift model strongly matches observed slick, but candidate vessel was 9.9 km away from release point at hypothesized release time.","Temporal Compatibility (moderate, 0.74)","Spatial Compatibility (poor, 0.14)","ESCAPE PLAN: Physical drift is moderate (0.65), spatial compatibility is poor (0.14), source plausibility is moderate (0.50), temporal alignment is moderate (0.74), and AIS track quality is moderate (0.60). Notable discrepancy: Physical drift model strongly matches observed slick, but candidate vessel was 9.9 km away from release point at hypothesized release time.",205
4DH_0162,VC_0162,367691290,MISS LEXY,30.0,CS_0065,2019-09-08T03:25:31.797740+00:00,31.075945,-81.442111,31.142091,-81.496449,8992.17,62.0,bracketed_interpolation,87.13,303.85,0.852,0.0021,0.4444,0.1656,0.9018,0.5862,0.6,0.5014,MODERATE_SUPPORT,True,Substantial divergence across evidence dimensions (Temporal Compatibility: 0.90 vs Spatial Compatibility: 0.17).,"Temporal Compatibility (strong, 0.90)","Spatial Compatibility (poor, 0.17)","MISS LEXY: Physical drift is moderate (0.59), spatial compatibility is poor (0.17), source plausibility is weak (0.44), temporal alignment is strong (0.90), and AIS track quality is moderate (0.60). Notable discrepancy: Substantial divergence across evidence dimensions (Temporal Compatibility: 0.90 vs Spatial Compatibility: 0.17).",206
4DH_0060,VC_0060,367762440,SILVER GIRL II,37.0,CS_0035,2019-09-08T05:25:31.797740+00:00,31.103675,-81.425044,31.154138,-81.4995,9039.43,361.0,bracketed_interpolation,24.28,98.94,1.0,0.072,0.4678,0.164,0.5479,0.7463,0.6,0.5006,MODERATE_SUPPORT,True,"Physical drift model strongly matches observed slick, but candidate vessel was 9.0 km away from release point at hypothesized release time.","Physical Drift Consistency (moderate, 0.75)","Spatial Compatibility (poor, 0.16)","SILVER GIRL II: Physical drift is moderate (0.75), spatial compatibility is poor (0.16), source plausibility is weak (0.47), temporal alignment is moderate (0.55), and AIS track quality is moderate (0.60). Notable discrepancy: Physical drift model strongly matches observed slick, but candidate vessel was 9.0 km away from release point at hypothesized release time.",207
4DH_0084,VC_0084,311828000,KUJAWY,70.0,CS_0035,2019-09-07T23:25:31.797740+00:00,31.075746,-81.427038,31.13155,-81.49312,8836.72,181.0,bracketed_interpolation,32.14,174.99,0.97,0.0451,0.3907,0.1708,0.7396,0.6957,0.6,0.5005,MODERATE_SUPPORT,True,"Physical drift model strongly matches observed slick, but candidate vessel was 8.8 km away from release point at hypothesized release time.","Temporal Compatibility (moderate, 0.74)","Spatial Compatibility (poor, 0.17)","KUJAWY: Physical drift is moderate (0.70), spatial compatibility is poor (0.17), source plausibility is weak (0.39), temporal alignment is moderate (0.74), and AIS track quality is moderate (0.60). Notable discrepancy: Physical drift model strongly matches observed slick, but candidate vessel was 8.8 km away from release point at hypothesized release time.",208
4DH_0090,VC_0090,367691290,MISS LEXY,30.0,CS_0035,2019-09-07T23:25:31.797740+00:00,31.075746,-81.427038,31.142126,-81.496454,9907.33,139.0,bracketed_interpolation,32.14,174.99,0.97,0.0451,0.3907,0.1379,0.7932,0.6957,0.6,0.5003,MODERATE_SUPPORT,True,"Physical drift model strongly matches observed slick, but candidate vessel was 9.9 km away from release point at hypothesized release time.","Temporal Compatibility (strong, 0.79)","Spatial Compatibility (poor, 0.14)","MISS LEXY: Physical drift is moderate (0.70), spatial compatibility is poor (0.14), source plausibility is weak (0.39), temporal alignment is strong (0.79), and AIS track quality is moderate (0.60). Notable discrepancy: Physical drift model strongly matches observed slick, but candidate vessel was 9.9 km away from release point at hypothesized release time.",209
4DH_0145,VC_0145,367063030,EMERALD PRINCESS II,60.0,CS_0065,2019-09-08T05:25:31.797740+00:00,31.083282,-81.440175,31.1141,-81.4884,5729.45,361.0,bracketed_interpolation,127.71,239.09,0.968,0.0028,0.4719,0.3179,0.5479,0.6125,0.6,0.4998,LOW_SUPPORT,False,None,"Physical Drift Consistency (moderate, 0.61)","Spatial Compatibility (weak, 0.32)","EMERALD PRINCESS II: Physical drift is moderate (0.61), spatial compatibility is weak (0.32), source plausibility is weak (0.47), temporal alignment is moderate (0.55), and AIS track quality is moderate (0.60).",210
4DH_0223,VC_0223,367762440,SILVER GIRL II,37.0,CS_0092,2019-09-08T05:25:31.797740+00:00,31.074782,-81.458345,31.154138,-81.4995,9654.66,361.0,bracketed_interpolation,9.58,111.15,0.996,0.0635,0.482,0.145,0.5479,0.7464,0.6,0.4988,LOW_SUPPORT,True,"Physical drift model strongly matches observed slick, but candidate vessel was 9.7 km away from release point at hypothesized release time.","Physical Drift Consistency (moderate, 0.75)","Spatial Compatibility (poor, 0.15)","SILVER GIRL II: Physical drift is moderate (0.75), spatial compatibility is poor (0.15), source plausibility is weak (0.48), temporal alignment is moderate (0.55), and AIS track quality is moderate (0.60). Notable discrepancy: Physical drift model strongly matches observed slick, but candidate vessel was 9.7 km away from release point at hypothesized release time.",211
4DH_0160,VC_0160,367305420,DOROTHY MORAN,31.0,CS_0065,2019-09-08T03:25:31.797740+00:00,31.075945,-81.442111,31.14346,-81.496775,9134.73,69.0,bracketed_interpolation,87.13,303.85,0.852,0.0021,0.4444,0.1609,0.8914,0.5862,0.6,0.4987,LOW_SUPPORT,True,Substantial divergence across evidence dimensions (Temporal Compatibility: 0.89 vs Spatial Compatibility: 0.16).,"Temporal Compatibility (strong, 0.89)","Spatial Compatibility (poor, 0.16)","DOROTHY MORAN: Physical drift is moderate (0.59), spatial compatibility is poor (0.16), source plausibility is weak (0.44), temporal alignment is strong (0.89), and AIS track quality is moderate (0.60). Notable discrepancy: Substantial divergence across evidence dimensions (Temporal Compatibility: 0.89 vs Spatial Compatibility: 0.16).",212
4DH_0047,VC_0047,338143506,MORNING SUN II,37.0,CS_0035,2019-09-08T05:25:31.797740+00:00,31.103675,-81.425044,31.15969,-81.49972,9450.66,359.0,bracketed_interpolation,24.28,98.94,1.0,0.072,0.4678,0.1511,0.5497,0.7463,0.6,0.4977,LOW_SUPPORT,True,"Physical drift model strongly matches observed slick, but candidate vessel was 9.5 km away from release point at hypothesized release time.","Physical Drift Consistency (moderate, 0.75)","Spatial Compatibility (poor, 0.15)","MORNING SUN II: Physical drift is moderate (0.75), spatial compatibility is poor (0.15), source plausibility is weak (0.47), temporal alignment is moderate (0.55), and AIS track quality is moderate (0.60). Notable discrepancy: Physical drift model strongly matches observed slick, but candidate vessel was 9.5 km away from release point at hypothesized release time.",213
4DH_0212,VC_0212,338143506,MORNING SUN II,37.0,CS_0092,2019-09-08T05:25:31.797740+00:00,31.074782,-81.458345,31.15969,-81.49972,10229.97,359.0,bracketed_interpolation,9.58,111.15,0.996,0.0635,0.482,0.1293,0.5497,0.7464,0.6,0.4951,LOW_SUPPORT,True,"Physical drift model strongly matches observed slick, but candidate vessel was 10.2 km away from release point at hypothesized release time.","Physical Drift Consistency (moderate, 0.75)","Spatial Compatibility (poor, 0.13)","MORNING SUN II: Physical drift is moderate (0.75), spatial compatibility is poor (0.13), source plausibility is weak (0.48), temporal alignment is moderate (0.55), and AIS track quality is moderate (0.60). Notable discrepancy: Physical drift model strongly matches observed slick, but candidate vessel was 10.2 km away from release point at hypothesized release time.",214
4DH_0232,VC_0232,311828000,KUJAWY,70.0,CS_0092,2019-09-07T23:25:31.797740+00:00,31.054937,-81.458279,31.13155,-81.49312,9142.16,181.0,bracketed_interpolation,28.25,205.18,0.938,0.0405,0.4026,0.1607,0.7396,0.6783,0.6,0.4951,LOW_SUPPORT,True,"Physical drift model strongly matches observed slick, but candidate vessel was 9.1 km away from release point at hypothesized release time.","Temporal Compatibility (moderate, 0.74)","Spatial Compatibility (poor, 0.16)","KUJAWY: Physical drift is moderate (0.68), spatial compatibility is poor (0.16), source plausibility is weak (0.40), temporal alignment is moderate (0.74), and AIS track quality is moderate (0.60). Notable discrepancy: Physical drift model strongly matches observed slick, but candidate vessel was 9.1 km away from release point at hypothesized release time.",215
4DH_0234,VC_0234,367691290,MISS LEXY,30.0,CS_0092,2019-09-07T23:25:31.797740+00:00,31.054937,-81.458279,31.142126,-81.496454,10353.95,139.0,bracketed_interpolation,28.25,205.18,0.938,0.0405,0.4026,0.1261,0.7932,0.6783,0.6,0.4945,LOW_SUPPORT,True,"Physical drift model strongly matches observed slick, but candidate vessel was 10.4 km away from release point at hypothesized release time.","Temporal Compatibility (strong, 0.79)","Spatial Compatibility (poor, 0.13)","MISS LEXY: Physical drift is moderate (0.68), spatial compatibility is poor (0.13), source plausibility is weak (0.40), temporal alignment is strong (0.79), and AIS track quality is moderate (0.60). Notable discrepancy: Physical drift model strongly matches observed slick, but candidate vessel was 10.4 km away from release point at hypothesized release time.",216
4DH_0085,VC_0085,338335542,STILL WATERS,37.0,CS_0035,2019-09-07T23:25:31.797740+00:00,31.075746,-81.427038,31.16744,-81.414875,10261.43,180.0,bracketed_interpolation,32.14,174.99,0.97,0.0451,0.3907,0.1284,0.7408,0.6957,0.6,0.4901,LOW_SUPPORT,True,"Physical drift model strongly matches observed slick, but candidate vessel was 10.3 km away from release point at hypothesized release time.","Temporal Compatibility (moderate, 0.74)","Spatial Compatibility (poor, 0.13)","STILL WATERS: Physical drift is moderate (0.70), spatial compatibility is poor (0.13), source plausibility is weak (0.39), temporal alignment is moderate (0.74), and AIS track quality is moderate (0.60). Notable discrepancy: Physical drift model strongly matches observed slick, but candidate vessel was 10.3 km away from release point at hypothesized release time.",217
4DH_0093,VC_0093,367063030,EMERALD PRINCESS II,60.0,CS_0035,2019-09-07T17:25:31.797740+00:00,31.047147,-81.40956,31.102151,-81.342301,8856.6,111.0,bracketed_interpolation,23.85,239.16,0.892,0.035,0.3263,0.1701,0.8311,0.6574,0.6,0.4897,LOW_SUPPORT,True,"Physical drift model strongly matches observed slick, but candidate vessel was 8.9 km away from release point at hypothesized release time.","Temporal Compatibility (strong, 0.83)","Spatial Compatibility (poor, 0.17)","EMERALD PRINCESS II: Physical drift is moderate (0.66), spatial compatibility is poor (0.17), source plausibility is weak (0.33), temporal alignment is strong (0.83), and AIS track quality is moderate (0.60). Notable discrepancy: Physical drift model strongly matches observed slick, but candidate vessel was 8.9 km away from release point at hypothesized release time.",218
4DH_0030,VC_0030,339759000,REGALEC,37.0,CS_0035,2019-09-08T07:25:31.797740+00:00,31.110186,-81.421491,31.157156,-81.499718,9094.73,540.0,bracketed_interpolation,25.69,72.35,1.0,0.0867,0.4967,0.1622,0.4066,0.7619,0.6,0.4894,LOW_SUPPORT,True,"Physical drift model strongly matches observed slick, but candidate vessel was 9.1 km away from release point at hypothesized release time.","Physical Drift Consistency (strong, 0.76)","Spatial Compatibility (poor, 0.16)","REGALEC: Physical drift is strong (0.76), spatial compatibility is poor (0.16), source plausibility is weak (0.50), temporal alignment is weak (0.41), and AIS track quality is moderate (0.60). Notable discrepancy: Physical drift model strongly matches observed slick, but candidate vessel was 9.1 km away from release point at hypothesized release time.",219
4DH_0089,VC_0089,367569620,PURA VIDA,37.0,CS_0035,2019-09-07T23:25:31.797740+00:00,31.075746,-81.427038,31.167201,-81.41449,10239.24,185.0,bracketed_interpolation,32.14,174.99,0.97,0.0451,0.3907,0.129,0.7347,0.6957,0.6,0.4893,LOW_SUPPORT,True,"Physical drift model strongly matches observed slick, but candidate vessel was 10.2 km away from release point at hypothesized release time.","Temporal Compatibility (moderate, 0.73)","Spatial Compatibility (poor, 0.13)","PURA VIDA: Physical drift is moderate (0.70), spatial compatibility is poor (0.13), source plausibility is weak (0.39), temporal alignment is moderate (0.73), and AIS track quality is moderate (0.60). Notable discrepancy: Physical drift model strongly matches observed slick, but candidate vessel was 10.2 km away from release point at hypothesized release time.",220
4DH_0197,VC_0197,339759000,REGALEC,37.0,CS_0092,2019-09-08T07:25:31.797740+00:00,31.079111,-81.455612,31.157156,-81.499718,9640.53,540.0,bracketed_interpolation,15.46,75.07,1.0,0.0803,0.5118,0.1454,0.4066,0.7651,0.6,0.4892,LOW_SUPPORT,True,"Physical drift model strongly matches observed slick, but candidate vessel was 9.6 km away from release point at hypothesized release time.","Physical Drift Consistency (strong, 0.77)","Spatial Compatibility (poor, 0.15)","REGALEC: Physical drift is strong (0.77), spatial compatibility is poor (0.15), source plausibility is moderate (0.51), temporal alignment is weak (0.41), and AIS track quality is moderate (0.60). Notable discrepancy: Physical drift model strongly matches observed slick, but candidate vessel was 9.6 km away from release point at hypothesized release time.",221
4DH_0026,VC_0026,338143506,MORNING SUN II,37.0,CS_0035,2019-09-08T07:25:31.797740+00:00,31.110186,-81.421491,31.15968,-81.49969,9256.53,540.0,bracketed_interpolation,25.69,72.35,1.0,0.0867,0.4967,0.157,0.4066,0.7619,0.6,0.4882,LOW_SUPPORT,True,"Physical drift model strongly matches observed slick, but candidate vessel was 9.3 km away from release point at hypothesized release time.","Physical Drift Consistency (strong, 0.76)","Spatial Compatibility (poor, 0.16)","MORNING SUN II: Physical drift is strong (0.76), spatial compatibility is poor (0.16), source plausibility is weak (0.50), temporal alignment is weak (0.41), and AIS track quality is moderate (0.60). Notable discrepancy: Physical drift model strongly matches observed slick, but candidate vessel was 9.3 km away from release point at hypothesized release time.",222
4DH_0158,VC_0158,311828000,KUJAWY,70.0,CS_0065,2019-09-08T03:25:31.797740+00:00,31.075945,-81.442111,31.13155,-81.49311,7861.67,180.0,bracketed_interpolation,87.13,303.85,0.852,0.0021,0.4444,0.2076,0.7408,0.5862,0.6,0.4878,LOW_SUPPORT,True,Substantial divergence across evidence dimensions (Temporal Compatibility: 0.74 vs Spatial Compatibility: 0.21).,"Temporal Compatibility (moderate, 0.74)","Spatial Compatibility (poor, 0.21)","KUJAWY: Physical drift is moderate (0.59), spatial compatibility is poor (0.21), source plausibility is weak (0.44), temporal alignment is moderate (0.74), and AIS track quality is moderate (0.60). Notable discrepancy: Substantial divergence across evidence dimensions (Temporal Compatibility: 0.74 vs Spatial Compatibility: 0.21).",223
4DH_0194,VC_0194,338143506,MORNING SUN II,37.0,CS_0092,2019-09-08T07:25:31.797740+00:00,31.079111,-81.455612,31.15968,-81.49969,9892.78,540.0,bracketed_interpolation,15.46,75.07,1.0,0.0803,0.5118,0.1383,0.4066,0.7651,0.6,0.4874,LOW_SUPPORT,True,"Physical drift model strongly matches observed slick, but candidate vessel was 9.9 km away from release point at hypothesized release time.","Physical Drift Consistency (strong, 0.77)","Spatial Compatibility (poor, 0.14)","MORNING SUN II: Physical drift is strong (0.77), spatial compatibility is poor (0.14), source plausibility is moderate (0.51), temporal alignment is weak (0.41), and AIS track quality is moderate (0.60). Notable discrepancy: Physical drift model strongly matches observed slick, but candidate vessel was 9.9 km away from release point at hypothesized release time.",224
4DH_0155,VC_0155,368004680,TAKE IT EASY,36.0,CS_0065,2019-09-08T05:25:31.797740+00:00,31.083282,-81.440175,31.16681,-81.41572,9575.15,181.0,bracketed_interpolation,127.71,239.09,0.968,0.0028,0.4719,0.1473,0.7396,0.6125,0.6,0.4859,LOW_SUPPORT,True,"Physical drift model strongly matches observed slick, but candidate vessel was 9.6 km away from release point at hypothesized release time.","Temporal Compatibility (moderate, 0.74)","Spatial Compatibility (poor, 0.15)","TAKE IT EASY: Physical drift is moderate (0.61), spatial compatibility is poor (0.15), source plausibility is weak (0.47), temporal alignment is moderate (0.74), and AIS track quality is moderate (0.60). Notable discrepancy: Physical drift model strongly matches observed slick, but candidate vessel was 9.6 km away from release point at hypothesized release time.",225
4DH_0094,VC_0094,369970979,S3005 NRT1,33.0,CS_0035,2019-09-07T17:25:31.797740+00:00,31.047147,-81.40956,31.103441,-81.450787,7389.11,209.0,bracketed_interpolation,23.85,239.16,0.892,0.035,0.3263,0.2281,0.7059,0.6574,0.6,0.4854,LOW_SUPPORT,True,"Physical drift model strongly matches observed slick, but candidate vessel was 7.4 km away from release point at hypothesized release time.","Temporal Compatibility (moderate, 0.71)","Spatial Compatibility (poor, 0.23)","S3005 NRT1: Physical drift is moderate (0.66), spatial compatibility is poor (0.23), source plausibility is weak (0.33), temporal alignment is moderate (0.71), and AIS track quality is moderate (0.60). Notable discrepancy: Physical drift model strongly matches observed slick, but candidate vessel was 7.4 km away from release point at hypothesized release time.",226
4DH_0151,VC_0151,367569620,PURA VIDA,37.0,CS_0065,2019-09-08T05:25:31.797740+00:00,31.083282,-81.440175,31.167209,-81.414481,9647.42,181.0,bracketed_interpolation,127.71,239.09,0.968,0.0028,0.4719,0.1452,0.7396,0.6125,0.6,0.4854,LOW_SUPPORT,True,"Physical drift model strongly matches observed slick, but candidate vessel was 9.6 km away from release point at hypothesized release time.","Temporal Compatibility (moderate, 0.74)","Spatial Compatibility (poor, 0.15)","PURA VIDA: Physical drift is moderate (0.61), spatial compatibility is poor (0.15), source plausibility is weak (0.47), temporal alignment is moderate (0.74), and AIS track quality is moderate (0.60). Notable discrepancy: Physical drift model strongly matches observed slick, but candidate vessel was 9.6 km away from release point at hypothesized release time.",227
4DH_0142,VC_0142,338184094,DULCINEA,37.0,CS_0065,2019-09-08T05:25:31.797740+00:00,31.083282,-81.440175,31.154998,-81.49958,9776.02,177.0,bracketed_interpolation,127.71,239.09,0.968,0.0028,0.4719,0.1415,0.7445,0.6125,0.6,0.4852,LOW_SUPPORT,True,"Physical drift model strongly matches observed slick, but candidate vessel was 9.8 km away from release point at hypothesized release time.","Temporal Compatibility (moderate, 0.74)","Spatial Compatibility (poor, 0.14)","DULCINEA: Physical drift is moderate (0.61), spatial compatibility is poor (0.14), source plausibility is weak (0.47), temporal alignment is moderate (0.74), and AIS track quality is moderate (0.60). Notable discrepancy: Physical drift model strongly matches observed slick, but candidate vessel was 9.8 km away from release point at hypothesized release time.",228
4DH_0146,VC_0146,367094180,CHICORY,37.0,CS_0065,2019-09-08T05:25:31.797740+00:00,31.083282,-81.440175,31.155018,-81.499413,9768.65,181.0,bracketed_interpolation,127.71,239.09,0.968,0.0028,0.4719,0.1417,0.7396,0.6125,0.6,0.4845,LOW_SUPPORT,True,"Physical drift model strongly matches observed slick, but candidate vessel was 9.8 km away from release point at hypothesized release time.","Temporal Compatibility (moderate, 0.74)","Spatial Compatibility (poor, 0.14)","CHICORY: Physical drift is moderate (0.61), spatial compatibility is poor (0.14), source plausibility is weak (0.47), temporal alignment is moderate (0.74), and AIS track quality is moderate (0.60). Notable discrepancy: Physical drift model strongly matches observed slick, but candidate vessel was 9.8 km away from release point at hypothesized release time.",229
4DH_0153,VC_0153,367753660,AQUAMARINE,37.0,CS_0065,2019-09-08T05:25:31.797740+00:00,31.083282,-81.440175,31.1561,-81.49924,9857.71,180.0,bracketed_interpolation,127.71,239.09,0.968,0.0028,0.4719,0.1392,0.7408,0.6125,0.6,0.4841,LOW_SUPPORT,True,"Physical drift model strongly matches observed slick, but candidate vessel was 9.9 km away from release point at hypothesized release time.","Temporal Compatibility (moderate, 0.74)","Spatial Compatibility (poor, 0.14)","AQUAMARINE: Physical drift is moderate (0.61), spatial compatibility is poor (0.14), source plausibility is weak (0.47), temporal alignment is moderate (0.74), and AIS track quality is moderate (0.60). Notable discrepancy: Physical drift model strongly matches observed slick, but candidate vessel was 9.9 km away from release point at hypothesized release time.",230
4DH_0156,VC_0156,369201000,SALTY VIXEN,37.0,CS_0065,2019-09-08T05:25:31.797740+00:00,31.083282,-81.440175,31.156702,-81.49923,9912.22,178.0,bracketed_interpolation,127.71,239.09,0.968,0.0028,0.4719,0.1377,0.7433,0.6125,0.6,0.4841,LOW_SUPPORT,True,"Physical drift model strongly matches observed slick, but candidate vessel was 9.9 km away from release point at hypothesized release time.","Temporal Compatibility (moderate, 0.74)","Spatial Compatibility (poor, 0.14)","SALTY VIXEN: Physical drift is moderate (0.61), spatial compatibility is poor (0.14), source plausibility is weak (0.47), temporal alignment is moderate (0.74), and AIS track quality is moderate (0.60). Notable discrepancy: Physical drift model strongly matches observed slick, but candidate vessel was 9.9 km away from release point at hypothesized release time.",231
4DH_0150,VC_0150,367458950,WYOMING WIND,36.0,CS_0065,2019-09-08T05:25:31.797740+00:00,31.083282,-81.440175,31.157041,-81.49959,9962.7,183.0,bracketed_interpolation,127.71,239.09,0.968,0.0028,0.4719,0.1363,0.7371,0.6125,0.6,0.4828,LOW_SUPPORT,True,"Physical drift model strongly matches observed slick, but candidate vessel was 10.0 km away from release point at hypothesized release time.","Temporal Compatibility (moderate, 0.74)","Spatial Compatibility (poor, 0.14)","WYOMING WIND: Physical drift is moderate (0.61), spatial compatibility is poor (0.14), source plausibility is weak (0.47), temporal alignment is moderate (0.74), and AIS track quality is moderate (0.60). Notable discrepancy: Physical drift model strongly matches observed slick, but candidate vessel was 10.0 km away from release point at hypothesized release time.",232
4DH_0147,VC_0147,367157730,AESTIVAL,37.0,CS_0065,2019-09-08T05:25:31.797740+00:00,31.083282,-81.440175,31.158241,-81.499299,10057.28,180.0,bracketed_interpolation,127.71,239.09,0.968,0.0028,0.4719,0.1338,0.7408,0.6125,0.6,0.4827,LOW_SUPPORT,True,"Physical drift model strongly matches observed slick, but candidate vessel was 10.1 km away from release point at hypothesized release time.","Temporal Compatibility (moderate, 0.74)","Spatial Compatibility (poor, 0.13)","AESTIVAL: Physical drift is moderate (0.61), spatial compatibility is poor (0.13), source plausibility is weak (0.47), temporal alignment is moderate (0.74), and AIS track quality is moderate (0.60). Notable discrepancy: Physical drift model strongly matches observed slick, but candidate vessel was 10.1 km away from release point at hypothesized release time.",233
4DH_0161,VC_0161,367369550,ANN MORAN,31.0,CS_0065,2019-09-08T03:25:31.797740+00:00,31.075945,-81.442111,31.143094,-81.496613,9092.51,150.0,bracketed_interpolation,87.13,303.85,0.852,0.0021,0.4444,0.1623,0.7788,0.5862,0.6,0.4821,LOW_SUPPORT,True,Substantial divergence across evidence dimensions (Temporal Compatibility: 0.78 vs Spatial Compatibility: 0.16).,"Temporal Compatibility (strong, 0.78)","Spatial Compatibility (poor, 0.16)","ANN MORAN: Physical drift is moderate (0.59), spatial compatibility is poor (0.16), source plausibility is weak (0.44), temporal alignment is strong (0.78), and AIS track quality is moderate (0.60). Notable discrepancy: Substantial divergence across evidence dimensions (Temporal Compatibility: 0.78 vs Spatial Compatibility: 0.16).",234
4DH_0159,VC_0159,367063030,EMERALD PRINCESS II,60.0,CS_0065,2019-09-08T03:25:31.797740+00:00,31.075945,-81.442111,31.100188,-81.343728,9748.59,140.0,bracketed_interpolation,87.13,303.85,0.852,0.0021,0.4444,0.1423,0.7919,0.5862,0.6,0.4791,LOW_SUPPORT,True,Substantial divergence across evidence dimensions (Temporal Compatibility: 0.79 vs Spatial Compatibility: 0.14).,"Temporal Compatibility (strong, 0.79)","Spatial Compatibility (poor, 0.14)","EMERALD PRINCESS II: Physical drift is moderate (0.59), spatial compatibility is poor (0.14), source plausibility is weak (0.44), temporal alignment is strong (0.79), and AIS track quality is moderate (0.60). Notable discrepancy: Substantial divergence across evidence dimensions (Temporal Compatibility: 0.79 vs Spatial Compatibility: 0.14).",235
4DH_0134,VC_0134,367762440,SILVER GIRL II,37.0,CS_0065,2019-09-08T07:25:31.797740+00:00,31.089295,-81.43682,31.154121,-81.499528,9359.03,357.0,bracketed_interpolation,100.1,185.74,0.99,0.0036,0.5011,0.1538,0.5516,0.6512,0.6,0.4768,LOW_SUPPORT,True,"Physical drift model strongly matches observed slick, but candidate vessel was 9.4 km away from release point at hypothesized release time.","Physical Drift Consistency (moderate, 0.65)","Spatial Compatibility (poor, 0.15)","SILVER GIRL II: Physical drift is moderate (0.65), spatial compatibility is poor (0.15), source plausibility is moderate (0.50), temporal alignment is moderate (0.55), and AIS track quality is moderate (0.60). Notable discrepancy: Physical drift model strongly matches observed slick, but candidate vessel was 9.4 km away from release point at hypothesized release time.",236
4DH_0126,VC_0126,367094180,CHICORY,37.0,CS_0065,2019-09-08T07:25:31.797740+00:00,31.089295,-81.43682,31.15501,-81.499418,9428.74,359.0,bracketed_interpolation,100.1,185.74,0.99,0.0036,0.5011,0.1517,0.5497,0.6512,0.6,0.476,LOW_SUPPORT,True,"Physical drift model strongly matches observed slick, but candidate vessel was 9.4 km away from release point at hypothesized release time.","Physical Drift Consistency (moderate, 0.65)","Spatial Compatibility (poor, 0.15)","CHICORY: Physical drift is moderate (0.65), spatial compatibility is poor (0.15), source plausibility is moderate (0.50), temporal alignment is moderate (0.55), and AIS track quality is moderate (0.60). Notable discrepancy: Physical drift model strongly matches observed slick, but candidate vessel was 9.4 km away from release point at hypothesized release time.",237
4DH_0236,VC_0236,369970979,S3005 NRT1,33.0,CS_0092,2019-09-07T17:25:31.797740+00:00,31.034819,-81.43823,31.103441,-81.450787,7723.58,209.0,bracketed_interpolation,14.52,284.89,0.818,0.0313,0.3362,0.2134,0.7059,0.631,0.6,0.4758,LOW_SUPPORT,True,"Physical drift model strongly matches observed slick, but candidate vessel was 7.7 km away from release point at hypothesized release time.","Temporal Compatibility (moderate, 0.71)","Spatial Compatibility (poor, 0.21)","S3005 NRT1: Physical drift is moderate (0.63), spatial compatibility is poor (0.21), source plausibility is weak (0.34), temporal alignment is moderate (0.71), and AIS track quality is moderate (0.60). Notable discrepancy: Physical drift model strongly matches observed slick, but candidate vessel was 7.7 km away from release point at hypothesized release time.",238
4DH_0102,VC_0102,339759000,REGALEC,37.0,CS_0065,2019-09-08T09:25:31.797740+00:00,31.095025,-81.43345,31.157144,-81.499742,9355.66,540.0,bracketed_interpolation,108.71,124.18,1.0,0.0063,0.5321,0.1539,0.4066,0.6767,0.6,0.4689,LOW_SUPPORT,True,"Physical drift model strongly matches observed slick, but candidate vessel was 9.4 km away from release point at hypothesized release time.","Physical Drift Consistency (moderate, 0.68)","Spatial Compatibility (poor, 0.15)","REGALEC: Physical drift is moderate (0.68), spatial compatibility is poor (0.15), source plausibility is moderate (0.53), temporal alignment is weak (0.41), and AIS track quality is moderate (0.60). Notable discrepancy: Physical drift model strongly matches observed slick, but candidate vessel was 9.4 km away from release point at hypothesized release time.",239
4DH_0163,VC_0163,367762440,SILVER GIRL II,37.0,CS_0065,2019-09-08T03:25:31.797740+00:00,31.075945,-81.442111,31.154102,-81.499515,10266.0,179.0,bracketed_interpolation,87.13,303.85,0.852,0.0021,0.4444,0.1283,0.7421,0.5862,0.6,0.4681,LOW_SUPPORT,True,Substantial divergence across evidence dimensions (Temporal Compatibility: 0.74 vs Spatial Compatibility: 0.13).,"Temporal Compatibility (moderate, 0.74)","Spatial Compatibility (poor, 0.13)","SILVER GIRL II: Physical drift is moderate (0.59), spatial compatibility is poor (0.13), source plausibility is weak (0.44), temporal alignment is moderate (0.74), and AIS track quality is moderate (0.60). Notable discrepancy: Substantial divergence across evidence dimensions (Temporal Compatibility: 0.74 vs Spatial Compatibility: 0.13).",240
4DH_0036,VC_0036,367458950,WYOMING WIND,36.0,CS_0035,2019-09-08T07:25:31.797740+00:00,31.110186,-81.421491,31.157057,-81.499549,9075.24,721.0,bracketed_interpolation,25.69,72.35,1.0,0.0867,0.4967,0.1628,0.3007,0.7619,0.54,0.4677,LOW_SUPPORT,True,"Physical drift model strongly matches observed slick, but candidate vessel was 9.1 km away from release point at hypothesized release time.","Physical Drift Consistency (strong, 0.76)","Spatial Compatibility (poor, 0.16)","WYOMING WIND: Physical drift is strong (0.76), spatial compatibility is poor (0.16), source plausibility is weak (0.50), temporal alignment is weak (0.30), and AIS track quality is moderate (0.54). Notable discrepancy: Physical drift model strongly matches observed slick, but candidate vessel was 9.1 km away from release point at hypothesized release time.",241
4DH_0203,VC_0203,367458950,WYOMING WIND,36.0,CS_0092,2019-09-08T07:25:31.797740+00:00,31.079111,-81.455612,31.157057,-81.499549,9623.62,721.0,bracketed_interpolation,15.46,75.07,1.0,0.0803,0.5118,0.1459,0.3007,0.7651,0.54,0.4675,LOW_SUPPORT,True,"Physical drift model strongly matches observed slick, but candidate vessel was 9.6 km away from release point at hypothesized release time.","Physical Drift Consistency (strong, 0.77)","Spatial Compatibility (poor, 0.15)","WYOMING WIND: Physical drift is strong (0.77), spatial compatibility is poor (0.15), source plausibility is moderate (0.51), temporal alignment is weak (0.30), and AIS track quality is moderate (0.54). Notable discrepancy: Physical drift model strongly matches observed slick, but candidate vessel was 9.6 km away from release point at hypothesized release time.",242
4DH_0091,VC_0091,368004680,TAKE IT EASY,36.0,CS_0035,2019-09-07T23:25:31.797740+00:00,31.075746,-81.427038,31.16684,-81.41573,10186.23,356.0,bracketed_interpolation,32.14,174.99,0.97,0.0451,0.3907,0.1304,0.5525,0.6957,0.6,0.4623,LOW_SUPPORT,True,"Physical drift model strongly matches observed slick, but candidate vessel was 10.2 km away from release point at hypothesized release time.","Physical Drift Consistency (moderate, 0.70)","Spatial Compatibility (poor, 0.13)","TAKE IT EASY: Physical drift is moderate (0.70), spatial compatibility is poor (0.13), source plausibility is weak (0.39), temporal alignment is moderate (0.55), and AIS track quality is moderate (0.60). Notable discrepancy: Physical drift model strongly matches observed slick, but candidate vessel was 10.2 km away from release point at hypothesized release time.",243
4DH_0165,VC_0165,367063030,EMERALD PRINCESS II,60.0,CS_0065,2019-09-07T23:25:31.797740+00:00,31.061615,-81.440565,31.113826,-81.486967,7295.83,120.0,bracketed_interpolation,164.47,456.59,0.608,0.0015,0.3942,0.2324,0.8187,0.4582,0.6,0.4572,LOW_SUPPORT,True,Substantial divergence across evidence dimensions (Temporal Compatibility: 0.82 vs Spatial Compatibility: 0.23).,"Temporal Compatibility (strong, 0.82)","Spatial Compatibility (poor, 0.23)","EMERALD PRINCESS II: Physical drift is weak (0.46), spatial compatibility is poor (0.23), source plausibility is weak (0.39), temporal alignment is strong (0.82), and AIS track quality is moderate (0.60). Notable discrepancy: Substantial divergence across evidence dimensions (Temporal Compatibility: 0.82 vs Spatial Compatibility: 0.23).",244
4DH_0143,VC_0143,338335542,STILL WATERS,37.0,CS_0065,2019-09-08T05:25:31.797740+00:00,31.083282,-81.440175,31.167434,-81.41487,9662.32,362.0,bracketed_interpolation,127.71,239.09,0.968,0.0028,0.4719,0.1448,0.547,0.6125,0.6,0.4564,LOW_SUPPORT,True,"Physical drift model strongly matches observed slick, but candidate vessel was 9.7 km away from release point at hypothesized release time.","Physical Drift Consistency (moderate, 0.61)","Spatial Compatibility (poor, 0.14)","STILL WATERS: Physical drift is moderate (0.61), spatial compatibility is poor (0.14), source plausibility is weak (0.47), temporal alignment is moderate (0.55), and AIS track quality is moderate (0.60). Notable discrepancy: Physical drift model strongly matches observed slick, but candidate vessel was 9.7 km away from release point at hypothesized release time.",245
4DH_0154,VC_0154,367762440,SILVER GIRL II,37.0,CS_0065,2019-09-08T05:25:31.797740+00:00,31.083282,-81.440175,31.154138,-81.4995,9693.75,361.0,bracketed_interpolation,127.71,239.09,0.968,0.0028,0.4719,0.1439,0.5479,0.6125,0.6,0.4563,LOW_SUPPORT,True,"Physical drift model strongly matches observed slick, but candidate vessel was 9.7 km away from release point at hypothesized release time.","Physical Drift Consistency (moderate, 0.61)","Spatial Compatibility (poor, 0.14)","SILVER GIRL II: Physical drift is moderate (0.61), spatial compatibility is poor (0.14), source plausibility is weak (0.47), temporal alignment is moderate (0.55), and AIS track quality is moderate (0.60). Notable discrepancy: Physical drift model strongly matches observed slick, but candidate vessel was 9.7 km away from release point at hypothesized release time.",246
4DH_0050,VC_0050,339759000,REGALEC,37.0,CS_0035,2019-09-08T05:25:31.797740+00:00,31.103675,-81.425044,31.157169,-81.49974,9269.84,720.0,bracketed_interpolation,24.28,98.94,1.0,0.072,0.4678,0.1566,0.3012,0.7463,0.54,0.4558,LOW_SUPPORT,True,"Physical drift model strongly matches observed slick, but candidate vessel was 9.3 km away from release point at hypothesized release time.","Physical Drift Consistency (moderate, 0.75)","Spatial Compatibility (poor, 0.16)","REGALEC: Physical drift is moderate (0.75), spatial compatibility is poor (0.16), source plausibility is weak (0.47), temporal alignment is weak (0.30), and AIS track quality is moderate (0.54). Notable discrepancy: Physical drift model strongly matches observed slick, but candidate vessel was 9.3 km away from release point at hypothesized release time.",247
4DH_0214,VC_0214,339759000,REGALEC,37.0,CS_0092,2019-09-08T05:25:31.797740+00:00,31.074782,-81.458345,31.157169,-81.49974,9972.61,720.0,bracketed_interpolation,9.58,111.15,0.996,0.0635,0.482,0.1361,0.3012,0.7464,0.54,0.4535,LOW_SUPPORT,True,"Physical drift model strongly matches observed slick, but candidate vessel was 10.0 km away from release point at hypothesized release time.","Physical Drift Consistency (moderate, 0.75)","Spatial Compatibility (poor, 0.14)","REGALEC: Physical drift is moderate (0.75), spatial compatibility is poor (0.14), source plausibility is weak (0.48), temporal alignment is weak (0.30), and AIS track quality is moderate (0.54). Notable discrepancy: Physical drift model strongly matches observed slick, but candidate vessel was 10.0 km away from release point at hypothesized release time.",248
4DH_0124,VC_0124,339759000,REGALEC,37.0,CS_0065,2019-09-08T07:25:31.797740+00:00,31.089295,-81.43682,31.157156,-81.499718,9632.54,540.0,bracketed_interpolation,100.1,185.74,0.99,0.0036,0.5011,0.1457,0.4066,0.6512,0.6,0.453,LOW_SUPPORT,True,"Physical drift model strongly matches observed slick, but candidate vessel was 9.6 km away from release point at hypothesized release time.","Physical Drift Consistency (moderate, 0.65)","Spatial Compatibility (poor, 0.15)","REGALEC: Physical drift is moderate (0.65), spatial compatibility is poor (0.15), source plausibility is moderate (0.50), temporal alignment is weak (0.41), and AIS track quality is moderate (0.60). Notable discrepancy: Physical drift model strongly matches observed slick, but candidate vessel was 9.6 km away from release point at hypothesized release time.",249
4DH_0141,VC_0141,338143506,MORNING SUN II,37.0,CS_0065,2019-09-08T05:25:31.797740+00:00,31.083282,-81.440175,31.15969,-81.49972,10213.37,359.0,bracketed_interpolation,127.71,239.09,0.968,0.0028,0.4719,0.1297,0.5497,0.6125,0.6,0.453,LOW_SUPPORT,True,"Physical drift model strongly matches observed slick, but candidate vessel was 10.2 km away from release point at hypothesized release time.","Physical Drift Consistency (moderate, 0.61)","Spatial Compatibility (poor, 0.13)","MORNING SUN II: Physical drift is moderate (0.61), spatial compatibility is poor (0.13), source plausibility is weak (0.47), temporal alignment is moderate (0.55), and AIS track quality is moderate (0.60). Notable discrepancy: Physical drift model strongly matches observed slick, but candidate vessel was 10.2 km away from release point at hypothesized release time.",250
4DH_0120,VC_0120,338143506,MORNING SUN II,37.0,CS_0065,2019-09-08T07:25:31.797740+00:00,31.089295,-81.43682,31.15968,-81.49969,9852.27,540.0,bracketed_interpolation,100.1,185.74,0.99,0.0036,0.5011,0.1394,0.4066,0.6512,0.6,0.4514,LOW_SUPPORT,True,"Physical drift model strongly matches observed slick, but candidate vessel was 9.9 km away from release point at hypothesized release time.","Physical Drift Consistency (moderate, 0.65)","Spatial Compatibility (poor, 0.14)","MORNING SUN II: Physical drift is moderate (0.65), spatial compatibility is poor (0.14), source plausibility is moderate (0.50), temporal alignment is weak (0.41), and AIS track quality is moderate (0.60). Notable discrepancy: Physical drift model strongly matches observed slick, but candidate vessel was 9.9 km away from release point at hypothesized release time.",251
4DH_0130,VC_0130,367458950,WYOMING WIND,36.0,CS_0065,2019-09-08T07:25:31.797740+00:00,31.089295,-81.43682,31.157057,-81.499549,9613.92,721.0,bracketed_interpolation,100.1,185.74,0.99,0.0036,0.5011,0.1462,0.3007,0.6512,0.54,0.4312,LOW_SUPPORT,True,"Physical drift model strongly matches observed slick, but candidate vessel was 9.6 km away from release point at hypothesized release time.","Physical Drift Consistency (moderate, 0.65)","Spatial Compatibility (poor, 0.15)","WYOMING WIND: Physical drift is moderate (0.65), spatial compatibility is poor (0.15), source plausibility is moderate (0.50), temporal alignment is weak (0.30), and AIS track quality is moderate (0.54). Notable discrepancy: Physical drift model strongly matches observed slick, but candidate vessel was 9.6 km away from release point at hypothesized release time.",252
4DH_0164,VC_0164,311828000,KUJAWY,70.0,CS_0065,2019-09-07T23:25:31.797740+00:00,31.061615,-81.440565,31.13155,-81.49312,9247.35,181.0,bracketed_interpolation,164.47,456.59,0.608,0.0015,0.3942,0.1573,0.7396,0.4582,0.6,0.4266,LOW_SUPPORT,True,Substantial divergence across evidence dimensions (Temporal Compatibility: 0.74 vs Spatial Compatibility: 0.16).,"Temporal Compatibility (moderate, 0.74)","Spatial Compatibility (poor, 0.16)","KUJAWY: Physical drift is weak (0.46), spatial compatibility is poor (0.16), source plausibility is weak (0.39), temporal alignment is moderate (0.74), and AIS track quality is moderate (0.60). Notable discrepancy: Substantial divergence across evidence dimensions (Temporal Compatibility: 0.74 vs Spatial Compatibility: 0.16).",253
4DH_0166,VC_0166,367691290,MISS LEXY,30.0,CS_0065,2019-09-07T23:25:31.797740+00:00,31.061615,-81.440565,31.142126,-81.496454,10414.47,139.0,bracketed_interpolation,164.47,456.59,0.608,0.0015,0.3942,0.1246,0.7932,0.4582,0.6,0.4264,LOW_SUPPORT,True,Substantial divergence across evidence dimensions (Temporal Compatibility: 0.79 vs Spatial Compatibility: 0.12).,"Temporal Compatibility (strong, 0.79)","Spatial Compatibility (poor, 0.12)","MISS LEXY: Physical drift is weak (0.46), spatial compatibility is poor (0.12), source plausibility is weak (0.39), temporal alignment is strong (0.79), and AIS track quality is moderate (0.60). Notable discrepancy: Substantial divergence across evidence dimensions (Temporal Compatibility: 0.79 vs Spatial Compatibility: 0.12).",254
4DH_0144,VC_0144,339759000,REGALEC,37.0,CS_0065,2019-09-08T05:25:31.797740+00:00,31.083282,-81.440175,31.157169,-81.49974,9982.52,720.0,bracketed_interpolation,127.71,239.09,0.968,0.0028,0.4719,0.1358,0.3012,0.6125,0.54,0.4113,LOW_SUPPORT,True,"Physical drift model strongly matches observed slick, but candidate vessel was 10.0 km away from release point at hypothesized release time.","Physical Drift Consistency (moderate, 0.61)","Spatial Compatibility (poor, 0.14)","REGALEC: Physical drift is moderate (0.61), spatial compatibility is poor (0.14), source plausibility is weak (0.47), temporal alignment is weak (0.30), and AIS track quality is moderate (0.54). Notable discrepancy: Physical drift model strongly matches observed slick, but candidate vessel was 10.0 km away from release point at hypothesized release time.",255
4DH_0168,VC_0168,369970979,S3005 NRT1,33.0,CS_0065,2019-09-07T17:25:31.797740+00:00,31.033816,-81.422837,31.103441,-81.450787,8186.84,209.0,bracketed_interpolation,98.86,676.02,0.378,0.0011,0.3293,0.1945,0.7059,0.3996,0.6,0.4002,LOW_SUPPORT,True,Substantial divergence across evidence dimensions (Temporal Compatibility: 0.71 vs Spatial Compatibility: 0.19).,"Temporal Compatibility (moderate, 0.71)","Spatial Compatibility (poor, 0.19)","S3005 NRT1: Physical drift is weak (0.40), spatial compatibility is poor (0.19), source plausibility is weak (0.33), temporal alignment is moderate (0.71), and AIS track quality is moderate (0.60). Notable discrepancy: Substantial divergence across evidence dimensions (Temporal Compatibility: 0.71 vs Spatial Compatibility: 0.19).",256
