hypothesis_id,mmsi,vessel_name,time_offset_seconds,time_offset_minutes,simulated_gap_seconds,s_time,attribution_score
4DH_0001,311828000,KUJAWY,-10800,-180.0,0.0,1.0,0.612
4DH_0001,311828000,KUJAWY,-7200,-120.0,0.0,1.0,0.612
4DH_0001,311828000,KUJAWY,-3600,-60.0,0.0,1.0,0.612
4DH_0001,311828000,KUJAWY,-1800,-30.0,0.0,1.0,0.612
4DH_0001,311828000,KUJAWY,-900,-15.0,0.0,1.0,0.612
4DH_0001,311828000,KUJAWY,0,0.0,180.0,0.7408,0.5731
4DH_0001,311828000,KUJAWY,900,15.0,1080.0,0.1653,0.4808
4DH_0001,311828000,KUJAWY,1800,30.0,1980.0,0.0369,0.4526
4DH_0001,311828000,KUJAWY,3600,60.0,3780.0,0.0018,0.4473
4DH_0001,311828000,KUJAWY,7200,120.0,7380.0,0.0,0.447
4DH_0001,311828000,KUJAWY,10800,180.0,10980.0,0.0,0.447
4DH_0002,338102856,RESPONDER,-10800,-180.0,0.0,1.0,0.7271
4DH_0002,338102856,RESPONDER,-7200,-120.0,0.0,1.0,0.7271
4DH_0002,338102856,RESPONDER,-3600,-60.0,0.0,1.0,0.7271
4DH_0002,338102856,RESPONDER,-1800,-30.0,0.0,1.0,0.7271
4DH_0002,338102856,RESPONDER,-900,-15.0,0.0,1.0,0.7271
4DH_0002,338102856,RESPONDER,0,0.0,111.0,0.8311,0.7018
4DH_0002,338102856,RESPONDER,900,15.0,1011.0,0.1854,0.5989
4DH_0002,338102856,RESPONDER,1800,30.0,1911.0,0.0414,0.5683
4DH_0002,338102856,RESPONDER,3600,60.0,3711.0,0.0021,0.5624
4DH_0002,338102856,RESPONDER,7200,120.0,7311.0,0.0,0.5621
4DH_0002,338102856,RESPONDER,10800,180.0,10911.0,0.0,0.5621
4DH_0003,338102861,RECOVERY,-10800,-180.0,0.0,1.0,0.7197
4DH_0003,338102861,RECOVERY,-7200,-120.0,0.0,1.0,0.7197
4DH_0003,338102861,RECOVERY,-3600,-60.0,0.0,1.0,0.7197
4DH_0003,338102861,RECOVERY,-1800,-30.0,0.0,1.0,0.7197
4DH_0003,338102861,RECOVERY,-900,-15.0,0.0,1.0,0.7197
4DH_0003,338102861,RECOVERY,0,0.0,72.0,0.8869,0.7027
4DH_0003,338102861,RECOVERY,900,15.0,972.0,0.1979,0.5934
4DH_0003,338102861,RECOVERY,1800,30.0,1872.0,0.0442,0.5613
4DH_0003,338102861,RECOVERY,3600,60.0,3672.0,0.0022,0.555
4DH_0003,338102861,RECOVERY,7200,120.0,7272.0,0.0,0.5547
4DH_0003,338102861,RECOVERY,10800,180.0,10872.0,0.0,0.5547
4DH_0004,338143506,MORNING SUN II,-10800,-180.0,0.0,1.0,0.5945
4DH_0004,338143506,MORNING SUN II,-7200,-120.0,0.0,1.0,0.5945
4DH_0004,338143506,MORNING SUN II,-3600,-60.0,0.0,1.0,0.5945
4DH_0004,338143506,MORNING SUN II,-1800,-30.0,0.0,1.0,0.5945
4DH_0004,338143506,MORNING SUN II,-900,-15.0,0.0,1.0,0.5945
4DH_0004,338143506,MORNING SUN II,0,0.0,180.0,0.7408,0.5556
4DH_0004,338143506,MORNING SUN II,900,15.0,1080.0,0.1653,0.4633
4DH_0004,338143506,MORNING SUN II,1800,30.0,1980.0,0.0369,0.435
4DH_0004,338143506,MORNING SUN II,3600,60.0,3780.0,0.0018,0.4298
4DH_0004,338143506,MORNING SUN II,7200,120.0,7380.0,0.0,0.4295
4DH_0004,338143506,MORNING SUN II,10800,180.0,10980.0,0.0,0.4295
4DH_0005,338184094,DULCINEA,-10800,-180.0,0.0,1.0,0.5968
4DH_0005,338184094,DULCINEA,-7200,-120.0,0.0,1.0,0.5968
4DH_0005,338184094,DULCINEA,-3600,-60.0,0.0,1.0,0.5968
4DH_0005,338184094,DULCINEA,-1800,-30.0,0.0,1.0,0.5968
4DH_0005,338184094,DULCINEA,-900,-15.0,0.0,1.0,0.5968
4DH_0005,338184094,DULCINEA,0,0.0,180.0,0.7408,0.5579
4DH_0005,338184094,DULCINEA,900,15.0,1080.0,0.1653,0.4656
4DH_0005,338184094,DULCINEA,1800,30.0,1980.0,0.0369,0.4373
4DH_0005,338184094,DULCINEA,3600,60.0,3780.0,0.0018,0.432
4DH_0005,338184094,DULCINEA,7200,120.0,7380.0,0.0,0.4318
4DH_0005,338184094,DULCINEA,10800,180.0,10980.0,0.0,0.4318
4DH_0006,338235704,BRUNSWICK,-10800,-180.0,0.0,1.0,0.7223
4DH_0006,338235704,BRUNSWICK,-7200,-120.0,0.0,1.0,0.7223
4DH_0006,338235704,BRUNSWICK,-3600,-60.0,0.0,1.0,0.7223
4DH_0006,338235704,BRUNSWICK,-1800,-30.0,0.0,1.0,0.7223
4DH_0006,338235704,BRUNSWICK,-900,-15.0,0.0,1.0,0.7223
4DH_0006,338235704,BRUNSWICK,0,0.0,149.0,0.7801,0.6893
4DH_0006,338235704,BRUNSWICK,900,15.0,1049.0,0.1741,0.5924
4DH_0006,338235704,BRUNSWICK,1800,30.0,1949.0,0.0388,0.5631
4DH_0006,338235704,BRUNSWICK,3600,60.0,3749.0,0.0019,0.5576
4DH_0006,338235704,BRUNSWICK,7200,120.0,7349.0,0.0,0.5573
4DH_0006,338235704,BRUNSWICK,10800,180.0,10949.0,0.0,0.5573
4DH_0007,338335542,STILL WATERS,-10800,-180.0,0.0,1.0,0.6339
4DH_0007,338335542,STILL WATERS,-7200,-120.0,0.0,1.0,0.6339
4DH_0007,338335542,STILL WATERS,-3600,-60.0,0.0,1.0,0.6339
4DH_0007,338335542,STILL WATERS,-1800,-30.0,0.0,1.0,0.6339
4DH_0007,338335542,STILL WATERS,-900,-15.0,0.0,1.0,0.6339
4DH_0007,338335542,STILL WATERS,0,0.0,180.0,0.7408,0.595
4DH_0007,338335542,STILL WATERS,900,15.0,1080.0,0.1653,0.5027
4DH_0007,338335542,STILL WATERS,1800,30.0,1980.0,0.0369,0.4744
4DH_0007,338335542,STILL WATERS,3600,60.0,3780.0,0.0018,0.4691
4DH_0007,338335542,STILL WATERS,7200,120.0,7380.0,0.0,0.4689
4DH_0007,338335542,STILL WATERS,10800,180.0,10980.0,0.0,0.4689
4DH_0008,339759000,REGALEC,-10800,-180.0,0.0,1.0,0.5957
4DH_0008,339759000,REGALEC,-7200,-120.0,0.0,1.0,0.5957
4DH_0008,339759000,REGALEC,-3600,-60.0,0.0,1.0,0.5957
4DH_0008,339759000,REGALEC,-1800,-30.0,0.0,1.0,0.5957
4DH_0008,339759000,REGALEC,-900,-15.0,0.0,1.0,0.5957
4DH_0008,339759000,REGALEC,0,0.0,540.0,0.4066,0.5066
4DH_0008,339759000,REGALEC,900,15.0,1440.0,0.0907,0.4443
4DH_0008,339759000,REGALEC,1800,30.0,2340.0,0.0202,0.4337
4DH_0008,339759000,REGALEC,3600,60.0,4140.0,0.001,0.4308
4DH_0008,339759000,REGALEC,7200,120.0,7740.0,0.0,0.4307
4DH_0008,339759000,REGALEC,10800,180.0,11340.0,0.0,0.4307
4DH_0009,367063030,EMERALD PRINCESS II,-10800,-180.0,0.0,1.0,0.62
4DH_0009,367063030,EMERALD PRINCESS II,-7200,-120.0,0.0,1.0,0.62
4DH_0009,367063030,EMERALD PRINCESS II,-3600,-60.0,0.0,1.0,0.62
4DH_0009,367063030,EMERALD PRINCESS II,-1800,-30.0,0.0,1.0,0.62
4DH_0009,367063030,EMERALD PRINCESS II,-900,-15.0,0.0,1.0,0.62
4DH_0009,367063030,EMERALD PRINCESS II,0,0.0,359.0,0.5497,0.5525
4DH_0009,367063030,EMERALD PRINCESS II,900,15.0,1259.0,0.1227,0.4734
4DH_0009,367063030,EMERALD PRINCESS II,1800,30.0,2159.0,0.0274,0.4591
4DH_0009,367063030,EMERALD PRINCESS II,3600,60.0,3959.0,0.0014,0.4552
4DH_0009,367063030,EMERALD PRINCESS II,7200,120.0,7559.0,0.0,0.455
4DH_0009,367063030,EMERALD PRINCESS II,10800,180.0,11159.0,0.0,0.455
4DH_0010,367094180,CHICORY,-10800,-180.0,0.0,1.0,0.5969
4DH_0010,367094180,CHICORY,-7200,-120.0,0.0,1.0,0.5969
4DH_0010,367094180,CHICORY,-3600,-60.0,0.0,1.0,0.5969
4DH_0010,367094180,CHICORY,-1800,-30.0,0.0,1.0,0.5969
4DH_0010,367094180,CHICORY,-900,-15.0,0.0,1.0,0.5969
4DH_0010,367094180,CHICORY,0,0.0,179.0,0.7421,0.5582
4DH_0010,367094180,CHICORY,900,15.0,1079.0,0.1656,0.4657
4DH_0010,367094180,CHICORY,1800,30.0,1979.0,0.0369,0.4374
4DH_0010,367094180,CHICORY,3600,60.0,3779.0,0.0018,0.4321
4DH_0010,367094180,CHICORY,7200,120.0,7379.0,0.0,0.4319
4DH_0010,367094180,CHICORY,10800,180.0,10979.0,0.0,0.4319
4DH_0011,367157730,AESTIVAL,-10800,-180.0,0.0,1.0,0.5954
4DH_0011,367157730,AESTIVAL,-7200,-120.0,0.0,1.0,0.5954
4DH_0011,367157730,AESTIVAL,-3600,-60.0,0.0,1.0,0.5954
4DH_0011,367157730,AESTIVAL,-1800,-30.0,0.0,1.0,0.5954
4DH_0011,367157730,AESTIVAL,-900,-15.0,0.0,1.0,0.5954
4DH_0011,367157730,AESTIVAL,0,0.0,180.0,0.7408,0.5566
4DH_0011,367157730,AESTIVAL,900,15.0,1080.0,0.1653,0.4642
4DH_0011,367157730,AESTIVAL,1800,30.0,1980.0,0.0369,0.436
4DH_0011,367157730,AESTIVAL,3600,60.0,3780.0,0.0018,0.4307
4DH_0011,367157730,AESTIVAL,7200,120.0,7380.0,0.0,0.4304
4DH_0011,367157730,AESTIVAL,10800,180.0,10980.0,0.0,0.4304
4DH_0012,367305420,DOROTHY MORAN,-10800,-180.0,0.0,1.0,0.7239
4DH_0012,367305420,DOROTHY MORAN,-7200,-120.0,0.0,1.0,0.7239
4DH_0012,367305420,DOROTHY MORAN,-3600,-60.0,0.0,1.0,0.7239
4DH_0012,367305420,DOROTHY MORAN,-1800,-30.0,0.0,1.0,0.7239
4DH_0012,367305420,DOROTHY MORAN,-900,-15.0,0.0,1.0,0.7239
4DH_0012,367305420,DOROTHY MORAN,0,0.0,72.0,0.8869,0.7069
4DH_0012,367305420,DOROTHY MORAN,900,15.0,972.0,0.1979,0.5976
4DH_0012,367305420,DOROTHY MORAN,1800,30.0,1872.0,0.0442,0.5655
4DH_0012,367305420,DOROTHY MORAN,3600,60.0,3672.0,0.0022,0.5592
4DH_0012,367305420,DOROTHY MORAN,7200,120.0,7272.0,0.0,0.5589
4DH_0012,367305420,DOROTHY MORAN,10800,180.0,10872.0,0.0,0.5589
4DH_0013,367369550,ANN MORAN,-10800,-180.0,0.0,1.0,0.7241
4DH_0013,367369550,ANN MORAN,-7200,-120.0,0.0,1.0,0.7241
4DH_0013,367369550,ANN MORAN,-3600,-60.0,0.0,1.0,0.7241
4DH_0013,367369550,ANN MORAN,-1800,-30.0,0.0,1.0,0.7241
4DH_0013,367369550,ANN MORAN,-900,-15.0,0.0,1.0,0.7241
4DH_0013,367369550,ANN MORAN,0,0.0,70.0,0.8899,0.7076
4DH_0013,367369550,ANN MORAN,900,15.0,970.0,0.1986,0.5979
4DH_0013,367369550,ANN MORAN,1800,30.0,1870.0,0.0443,0.5657
4DH_0013,367369550,ANN MORAN,3600,60.0,3670.0,0.0022,0.5594
4DH_0013,367369550,ANN MORAN,7200,120.0,7270.0,0.0,0.5591
4DH_0013,367369550,ANN MORAN,10800,180.0,10870.0,0.0,0.5591
4DH_0014,367569620,PURA VIDA,-10800,-180.0,0.0,1.0,0.6342
4DH_0014,367569620,PURA VIDA,-7200,-120.0,0.0,1.0,0.6342
4DH_0014,367569620,PURA VIDA,-3600,-60.0,0.0,1.0,0.6342
4DH_0014,367569620,PURA VIDA,-1800,-30.0,0.0,1.0,0.6342
4DH_0014,367569620,PURA VIDA,-900,-15.0,0.0,1.0,0.6342
4DH_0014,367569620,PURA VIDA,0,0.0,181.0,0.7396,0.5952
4DH_0014,367569620,PURA VIDA,900,15.0,1081.0,0.165,0.503
4DH_0014,367569620,PURA VIDA,1800,30.0,1981.0,0.0368,0.4748
4DH_0014,367569620,PURA VIDA,3600,60.0,3781.0,0.0018,0.4695
4DH_0014,367569620,PURA VIDA,7200,120.0,7381.0,0.0,0.4692
4DH_0014,367569620,PURA VIDA,10800,180.0,10981.0,0.0,0.4692
4DH_0015,367691290,MISS LEXY,-10800,-180.0,0.0,1.0,0.6049
4DH_0015,367691290,MISS LEXY,-7200,-120.0,0.0,1.0,0.6049
4DH_0015,367691290,MISS LEXY,-3600,-60.0,0.0,1.0,0.6049
4DH_0015,367691290,MISS LEXY,-1800,-30.0,0.0,1.0,0.6049
4DH_0015,367691290,MISS LEXY,-900,-15.0,0.0,1.0,0.6049
4DH_0015,367691290,MISS LEXY,0,0.0,120.0,0.8187,0.5777
4DH_0015,367691290,MISS LEXY,900,15.0,1020.0,0.1827,0.4763
4DH_0015,367691290,MISS LEXY,1800,30.0,1920.0,0.0408,0.446
4DH_0015,367691290,MISS LEXY,3600,60.0,3720.0,0.002,0.4402
4DH_0015,367691290,MISS LEXY,7200,120.0,7320.0,0.0,0.4399
4DH_0015,367691290,MISS LEXY,10800,180.0,10920.0,0.0,0.4399
4DH_0016,367753660,AQUAMARINE,-10800,-180.0,0.0,1.0,0.5965
4DH_0016,367753660,AQUAMARINE,-7200,-120.0,0.0,1.0,0.5965
4DH_0016,367753660,AQUAMARINE,-3600,-60.0,0.0,1.0,0.5965
4DH_0016,367753660,AQUAMARINE,-1800,-30.0,0.0,1.0,0.5965
4DH_0016,367753660,AQUAMARINE,-900,-15.0,0.0,1.0,0.5965
4DH_0016,367753660,AQUAMARINE,0,0.0,181.0,0.7396,0.5574
4DH_0016,367753660,AQUAMARINE,900,15.0,1081.0,0.165,0.4652
4DH_0016,367753660,AQUAMARINE,1800,30.0,1981.0,0.0368,0.437
4DH_0016,367753660,AQUAMARINE,3600,60.0,3781.0,0.0018,0.4318
4DH_0016,367753660,AQUAMARINE,7200,120.0,7381.0,0.0,0.4315
4DH_0016,367753660,AQUAMARINE,10800,180.0,10981.0,0.0,0.4315
4DH_0017,367762440,SILVER GIRL II,-10800,-180.0,0.0,1.0,0.5972
4DH_0017,367762440,SILVER GIRL II,-7200,-120.0,0.0,1.0,0.5972
4DH_0017,367762440,SILVER GIRL II,-3600,-60.0,0.0,1.0,0.5972
4DH_0017,367762440,SILVER GIRL II,-1800,-30.0,0.0,1.0,0.5972
4DH_0017,367762440,SILVER GIRL II,-900,-15.0,0.0,1.0,0.5972
4DH_0017,367762440,SILVER GIRL II,0,0.0,180.0,0.7408,0.5583
4DH_0017,367762440,SILVER GIRL II,900,15.0,1080.0,0.1653,0.466
4DH_0017,367762440,SILVER GIRL II,1800,30.0,1980.0,0.0369,0.4377
4DH_0017,367762440,SILVER GIRL II,3600,60.0,3780.0,0.0018,0.4325
4DH_0017,367762440,SILVER GIRL II,7200,120.0,7380.0,0.0,0.4322
4DH_0017,367762440,SILVER GIRL II,10800,180.0,10980.0,0.0,0.4322
4DH_0018,368004680,TAKE IT EASY,-10800,-180.0,0.0,1.0,0.635
4DH_0018,368004680,TAKE IT EASY,-7200,-120.0,0.0,1.0,0.635
4DH_0018,368004680,TAKE IT EASY,-3600,-60.0,0.0,1.0,0.635
4DH_0018,368004680,TAKE IT EASY,-1800,-30.0,0.0,1.0,0.635
4DH_0018,368004680,TAKE IT EASY,-900,-15.0,0.0,1.0,0.635
4DH_0018,368004680,TAKE IT EASY,0,0.0,180.0,0.7408,0.5962
4DH_0018,368004680,TAKE IT EASY,900,15.0,1080.0,0.1653,0.5038
4DH_0018,368004680,TAKE IT EASY,1800,30.0,1980.0,0.0369,0.4756
4DH_0018,368004680,TAKE IT EASY,3600,60.0,3780.0,0.0018,0.4703
4DH_0018,368004680,TAKE IT EASY,7200,120.0,7380.0,0.0,0.47
4DH_0018,368004680,TAKE IT EASY,10800,180.0,10980.0,0.0,0.47
4DH_0019,369201000,SALTY VIXEN,-10800,-180.0,0.0,1.0,0.5962
4DH_0019,369201000,SALTY VIXEN,-7200,-120.0,0.0,1.0,0.5962
4DH_0019,369201000,SALTY VIXEN,-3600,-60.0,0.0,1.0,0.5962
4DH_0019,369201000,SALTY VIXEN,-1800,-30.0,0.0,1.0,0.5962
4DH_0019,369201000,SALTY VIXEN,-900,-15.0,0.0,1.0,0.5962
4DH_0019,369201000,SALTY VIXEN,0,0.0,181.0,0.7396,0.5572
4DH_0019,369201000,SALTY VIXEN,900,15.0,1081.0,0.165,0.465
4DH_0019,369201000,SALTY VIXEN,1800,30.0,1981.0,0.0368,0.4367
4DH_0019,369201000,SALTY VIXEN,3600,60.0,3781.0,0.0018,0.4315
4DH_0019,369201000,SALTY VIXEN,7200,120.0,7381.0,0.0,0.4312
4DH_0019,369201000,SALTY VIXEN,10800,180.0,10981.0,0.0,0.4312
4DH_0020,369273000,ESCAPE PLAN,-10800,-180.0,0.0,1.0,0.594
4DH_0020,369273000,ESCAPE PLAN,-7200,-120.0,0.0,1.0,0.594
4DH_0020,369273000,ESCAPE PLAN,-3600,-60.0,0.0,1.0,0.594
4DH_0020,369273000,ESCAPE PLAN,-1800,-30.0,0.0,1.0,0.594
4DH_0020,369273000,ESCAPE PLAN,-900,-15.0,0.0,1.0,0.594
4DH_0020,369273000,ESCAPE PLAN,0,0.0,180.0,0.7408,0.5551
4DH_0020,369273000,ESCAPE PLAN,900,15.0,1080.0,0.1653,0.4628
4DH_0020,369273000,ESCAPE PLAN,1800,30.0,1980.0,0.0369,0.4345
4DH_0020,369273000,ESCAPE PLAN,3600,60.0,3780.0,0.0018,0.4293
4DH_0020,369273000,ESCAPE PLAN,7200,120.0,7380.0,0.0,0.429
4DH_0020,369273000,ESCAPE PLAN,10800,180.0,10980.0,0.0,0.429
4DH_0021,538004697,EMERALD ACE,-10800,-180.0,0.0,1.0,0.591
4DH_0021,538004697,EMERALD ACE,-7200,-120.0,0.0,1.0,0.591
4DH_0021,538004697,EMERALD ACE,-3600,-60.0,0.0,1.0,0.591
4DH_0021,538004697,EMERALD ACE,-1800,-30.0,0.0,1.0,0.591
4DH_0021,538004697,EMERALD ACE,-900,-15.0,0.0,1.0,0.591
4DH_0021,538004697,EMERALD ACE,0,0.0,180.0,0.7408,0.5521
4DH_0021,538004697,EMERALD ACE,900,15.0,1080.0,0.1653,0.4598
4DH_0021,538004697,EMERALD ACE,1800,30.0,1980.0,0.0369,0.4315
4DH_0021,538004697,EMERALD ACE,3600,60.0,3780.0,0.0018,0.4262
4DH_0021,538004697,EMERALD ACE,7200,120.0,7380.0,0.0,0.426
4DH_0021,538004697,EMERALD ACE,10800,180.0,10980.0,0.0,0.426
4DH_0022,538007762,UNKNOWN,-10800,-180.0,0.0,1.0,0.7245
4DH_0022,538007762,UNKNOWN,-7200,-120.0,0.0,1.0,0.7245
4DH_0022,538007762,UNKNOWN,-3600,-60.0,0.0,1.0,0.7245
4DH_0022,538007762,UNKNOWN,-1800,-30.0,0.0,1.0,0.7245
4DH_0022,538007762,UNKNOWN,-900,-15.0,0.0,1.0,0.7245
4DH_0022,538007762,UNKNOWN,0,0.0,91.0,0.8593,0.7034
4DH_0022,538007762,UNKNOWN,900,15.0,991.0,0.1917,0.5972
4DH_0022,538007762,UNKNOWN,1800,30.0,1891.0,0.0428,0.5659
4DH_0022,538007762,UNKNOWN,3600,60.0,3691.0,0.0021,0.5598
4DH_0022,538007762,UNKNOWN,7200,120.0,7291.0,0.0,0.5595
4DH_0022,538007762,UNKNOWN,10800,180.0,10891.0,0.0,0.5595
4DH_0023,311828000,KUJAWY,-10800,-180.0,0.0,1.0,0.5969
4DH_0023,311828000,KUJAWY,-7200,-120.0,0.0,1.0,0.5969
4DH_0023,311828000,KUJAWY,-3600,-60.0,0.0,1.0,0.5969
4DH_0023,311828000,KUJAWY,-1800,-30.0,0.0,1.0,0.5969
4DH_0023,311828000,KUJAWY,-900,-15.0,0.0,1.0,0.5969
4DH_0023,311828000,KUJAWY,0,0.0,180.0,0.7408,0.558
4DH_0023,311828000,KUJAWY,900,15.0,1080.0,0.1653,0.4657
4DH_0023,311828000,KUJAWY,1800,30.0,1980.0,0.0369,0.4374
4DH_0023,311828000,KUJAWY,3600,60.0,3780.0,0.0018,0.4322
4DH_0023,311828000,KUJAWY,7200,120.0,7380.0,0.0,0.4319
4DH_0023,311828000,KUJAWY,10800,180.0,10980.0,0.0,0.4319
4DH_0024,338102856,RESPONDER,-10800,-180.0,0.0,1.0,0.6852
4DH_0024,338102856,RESPONDER,-7200,-120.0,0.0,1.0,0.6852
4DH_0024,338102856,RESPONDER,-3600,-60.0,0.0,1.0,0.6852
4DH_0024,338102856,RESPONDER,-1800,-30.0,0.0,1.0,0.6852
4DH_0024,338102856,RESPONDER,-900,-15.0,0.0,1.0,0.6852
4DH_0024,338102856,RESPONDER,0,0.0,70.0,0.8899,0.6687
4DH_0024,338102856,RESPONDER,900,15.0,970.0,0.1986,0.559
4DH_0024,338102856,RESPONDER,1800,30.0,1870.0,0.0443,0.5268
4DH_0024,338102856,RESPONDER,3600,60.0,3670.0,0.0022,0.5205
4DH_0024,338102856,RESPONDER,7200,120.0,7270.0,0.0,0.5202
4DH_0024,338102856,RESPONDER,10800,180.0,10870.0,0.0,0.5202
4DH_0025,338102861,RECOVERY,-10800,-180.0,0.0,1.0,0.6843
4DH_0025,338102861,RECOVERY,-7200,-120.0,0.0,1.0,0.6843
4DH_0025,338102861,RECOVERY,-3600,-60.0,0.0,1.0,0.6843
4DH_0025,338102861,RECOVERY,-1800,-30.0,0.0,1.0,0.6843
4DH_0025,338102861,RECOVERY,-900,-15.0,0.0,1.0,0.6843
4DH_0025,338102861,RECOVERY,0,0.0,62.0,0.9018,0.6695
4DH_0025,338102861,RECOVERY,900,15.0,962.0,0.2012,0.5584
4DH_0025,338102861,RECOVERY,1800,30.0,1862.0,0.0449,0.526
4DH_0025,338102861,RECOVERY,3600,60.0,3662.0,0.0022,0.5196
4DH_0025,338102861,RECOVERY,7200,120.0,7262.0,0.0,0.5193
4DH_0025,338102861,RECOVERY,10800,180.0,10862.0,0.0,0.5193
4DH_0026,338143506,MORNING SUN II,-10800,-180.0,0.0,1.0,0.5772
4DH_0026,338143506,MORNING SUN II,-7200,-120.0,0.0,1.0,0.5772
4DH_0026,338143506,MORNING SUN II,-3600,-60.0,0.0,1.0,0.5772
4DH_0026,338143506,MORNING SUN II,-1800,-30.0,0.0,1.0,0.5772
4DH_0026,338143506,MORNING SUN II,-900,-15.0,0.0,1.0,0.5772
4DH_0026,338143506,MORNING SUN II,0,0.0,540.0,0.4066,0.4882
4DH_0026,338143506,MORNING SUN II,900,15.0,1440.0,0.0907,0.4258
4DH_0026,338143506,MORNING SUN II,1800,30.0,2340.0,0.0202,0.4152
4DH_0026,338143506,MORNING SUN II,3600,60.0,4140.0,0.001,0.4123
4DH_0026,338143506,MORNING SUN II,7200,120.0,7740.0,0.0,0.4122
4DH_0026,338143506,MORNING SUN II,10800,180.0,11340.0,0.0,0.4122
4DH_0027,338184094,DULCINEA,-10800,-180.0,0.0,1.0,0.5797
4DH_0027,338184094,DULCINEA,-7200,-120.0,0.0,1.0,0.5797
4DH_0027,338184094,DULCINEA,-3600,-60.0,0.0,1.0,0.5797
4DH_0027,338184094,DULCINEA,-1800,-30.0,0.0,1.0,0.5797
4DH_0027,338184094,DULCINEA,-900,-15.0,0.0,1.0,0.5797
4DH_0027,338184094,DULCINEA,0,0.0,180.0,0.7408,0.5408
4DH_0027,338184094,DULCINEA,900,15.0,1080.0,0.1653,0.4485
4DH_0027,338184094,DULCINEA,1800,30.0,1980.0,0.0369,0.4202
4DH_0027,338184094,DULCINEA,3600,60.0,3780.0,0.0018,0.4149
4DH_0027,338184094,DULCINEA,7200,120.0,7380.0,0.0,0.4147
4DH_0027,338184094,DULCINEA,10800,180.0,10980.0,0.0,0.4147
4DH_0028,338235704,BRUNSWICK,-10800,-180.0,0.0,1.0,0.687
4DH_0028,338235704,BRUNSWICK,-7200,-120.0,0.0,1.0,0.687
4DH_0028,338235704,BRUNSWICK,-3600,-60.0,0.0,1.0,0.687
4DH_0028,338235704,BRUNSWICK,-1800,-30.0,0.0,1.0,0.687
4DH_0028,338235704,BRUNSWICK,-900,-15.0,0.0,1.0,0.687
4DH_0028,338235704,BRUNSWICK,0,0.0,89.0,0.8621,0.6663
4DH_0028,338235704,BRUNSWICK,900,15.0,989.0,0.1924,0.5599
4DH_0028,338235704,BRUNSWICK,1800,30.0,1889.0,0.0429,0.5285
4DH_0028,338235704,BRUNSWICK,3600,60.0,3689.0,0.0021,0.5223
4DH_0028,338235704,BRUNSWICK,7200,120.0,7289.0,0.0,0.522
4DH_0028,338235704,BRUNSWICK,10800,180.0,10889.0,0.0,0.522
4DH_0029,338335542,STILL WATERS,-10800,-180.0,0.0,1.0,0.6075
4DH_0029,338335542,STILL WATERS,-7200,-120.0,0.0,1.0,0.6075
4DH_0029,338335542,STILL WATERS,-3600,-60.0,0.0,1.0,0.6075
4DH_0029,338335542,STILL WATERS,-1800,-30.0,0.0,1.0,0.6075
4DH_0029,338335542,STILL WATERS,-900,-15.0,0.0,1.0,0.6075
4DH_0029,338335542,STILL WATERS,0,0.0,182.0,0.7384,0.5682
4DH_0029,338335542,STILL WATERS,900,15.0,1082.0,0.1647,0.4762
4DH_0029,338335542,STILL WATERS,1800,30.0,1982.0,0.0368,0.448
4DH_0029,338335542,STILL WATERS,3600,60.0,3782.0,0.0018,0.4427
4DH_0029,338335542,STILL WATERS,7200,120.0,7382.0,0.0,0.4425
4DH_0029,338335542,STILL WATERS,10800,180.0,10982.0,0.0,0.4425
4DH_0030,339759000,REGALEC,-10800,-180.0,0.0,1.0,0.5785
4DH_0030,339759000,REGALEC,-7200,-120.0,0.0,1.0,0.5785
4DH_0030,339759000,REGALEC,-3600,-60.0,0.0,1.0,0.5785
4DH_0030,339759000,REGALEC,-1800,-30.0,0.0,1.0,0.5785
4DH_0030,339759000,REGALEC,-900,-15.0,0.0,1.0,0.5785
4DH_0030,339759000,REGALEC,0,0.0,540.0,0.4066,0.4894
4DH_0030,339759000,REGALEC,900,15.0,1440.0,0.0907,0.4271
4DH_0030,339759000,REGALEC,1800,30.0,2340.0,0.0202,0.4165
4DH_0030,339759000,REGALEC,3600,60.0,4140.0,0.001,0.4136
4DH_0030,339759000,REGALEC,7200,120.0,7740.0,0.0,0.4135
4DH_0030,339759000,REGALEC,10800,180.0,11340.0,0.0,0.4135
4DH_0031,367063030,EMERALD PRINCESS II,-10800,-180.0,0.0,1.0,0.6076
4DH_0031,367063030,EMERALD PRINCESS II,-7200,-120.0,0.0,1.0,0.6076
4DH_0031,367063030,EMERALD PRINCESS II,-3600,-60.0,0.0,1.0,0.6076
4DH_0031,367063030,EMERALD PRINCESS II,-1800,-30.0,0.0,1.0,0.6076
4DH_0031,367063030,EMERALD PRINCESS II,-900,-15.0,0.0,1.0,0.6076
4DH_0031,367063030,EMERALD PRINCESS II,0,0.0,179.0,0.7421,0.5689
4DH_0031,367063030,EMERALD PRINCESS II,900,15.0,1079.0,0.1656,0.4765
4DH_0031,367063030,EMERALD PRINCESS II,1800,30.0,1979.0,0.0369,0.4482
4DH_0031,367063030,EMERALD PRINCESS II,3600,60.0,3779.0,0.0018,0.4429
4DH_0031,367063030,EMERALD PRINCESS II,7200,120.0,7379.0,0.0,0.4426
4DH_0031,367063030,EMERALD PRINCESS II,10800,180.0,10979.0,0.0,0.4426
4DH_0032,367094180,CHICORY,-10800,-180.0,0.0,1.0,0.5798
4DH_0032,367094180,CHICORY,-7200,-120.0,0.0,1.0,0.5798
4DH_0032,367094180,CHICORY,-3600,-60.0,0.0,1.0,0.5798
4DH_0032,367094180,CHICORY,-1800,-30.0,0.0,1.0,0.5798
4DH_0032,367094180,CHICORY,-900,-15.0,0.0,1.0,0.5798
4DH_0032,367094180,CHICORY,0,0.0,359.0,0.5497,0.5122
4DH_0032,367094180,CHICORY,900,15.0,1259.0,0.1227,0.4332
4DH_0032,367094180,CHICORY,1800,30.0,2159.0,0.0274,0.4189
4DH_0032,367094180,CHICORY,3600,60.0,3959.0,0.0014,0.415
4DH_0032,367094180,CHICORY,7200,120.0,7559.0,0.0,0.4148
4DH_0032,367094180,CHICORY,10800,180.0,11159.0,0.0,0.4148
4DH_0033,367157730,AESTIVAL,-10800,-180.0,0.0,1.0,0.5781
4DH_0033,367157730,AESTIVAL,-7200,-120.0,0.0,1.0,0.5781
4DH_0033,367157730,AESTIVAL,-3600,-60.0,0.0,1.0,0.5781
4DH_0033,367157730,AESTIVAL,-1800,-30.0,0.0,1.0,0.5781
4DH_0033,367157730,AESTIVAL,-900,-15.0,0.0,1.0,0.5781
4DH_0033,367157730,AESTIVAL,0,0.0,181.0,0.7396,0.5391
4DH_0033,367157730,AESTIVAL,900,15.0,1081.0,0.165,0.4469
4DH_0033,367157730,AESTIVAL,1800,30.0,1981.0,0.0368,0.4187
4DH_0033,367157730,AESTIVAL,3600,60.0,3781.0,0.0018,0.4134
4DH_0033,367157730,AESTIVAL,7200,120.0,7381.0,0.0,0.4131
4DH_0033,367157730,AESTIVAL,10800,180.0,10981.0,0.0,0.4131
4DH_0034,367305420,DOROTHY MORAN,-10800,-180.0,0.0,1.0,0.6856
4DH_0034,367305420,DOROTHY MORAN,-7200,-120.0,0.0,1.0,0.6856
4DH_0034,367305420,DOROTHY MORAN,-3600,-60.0,0.0,1.0,0.6856
4DH_0034,367305420,DOROTHY MORAN,-1800,-30.0,0.0,1.0,0.6856
4DH_0034,367305420,DOROTHY MORAN,-900,-15.0,0.0,1.0,0.6856
4DH_0034,367305420,DOROTHY MORAN,0,0.0,89.0,0.8621,0.6649
4DH_0034,367305420,DOROTHY MORAN,900,15.0,989.0,0.1924,0.5584
4DH_0034,367305420,DOROTHY MORAN,1800,30.0,1889.0,0.0429,0.527
4DH_0034,367305420,DOROTHY MORAN,3600,60.0,3689.0,0.0021,0.5209
4DH_0034,367305420,DOROTHY MORAN,7200,120.0,7289.0,0.0,0.5206
4DH_0034,367305420,DOROTHY MORAN,10800,180.0,10889.0,0.0,0.5206
4DH_0035,367369550,ANN MORAN,-10800,-180.0,0.0,1.0,0.6856
4DH_0035,367369550,ANN MORAN,-7200,-120.0,0.0,1.0,0.6856
4DH_0035,367369550,ANN MORAN,-3600,-60.0,0.0,1.0,0.6856
4DH_0035,367369550,ANN MORAN,-1800,-30.0,0.0,1.0,0.6856
4DH_0035,367369550,ANN MORAN,-900,-15.0,0.0,1.0,0.6856
4DH_0035,367369550,ANN MORAN,0,0.0,129.0,0.8065,0.6566
4DH_0035,367369550,ANN MORAN,900,15.0,1029.0,0.18,0.5566
4DH_0035,367369550,ANN MORAN,1800,30.0,1929.0,0.0402,0.5267
4DH_0035,367369550,ANN MORAN,3600,60.0,3729.0,0.002,0.5209
4DH_0035,367369550,ANN MORAN,7200,120.0,7329.0,0.0,0.5206
4DH_0035,367369550,ANN MORAN,10800,180.0,10929.0,0.0,0.5206
4DH_0036,367458950,WYOMING WIND,-10800,-180.0,0.0,1.0,0.5786
4DH_0036,367458950,WYOMING WIND,-7200,-120.0,0.0,1.0,0.5786
4DH_0036,367458950,WYOMING WIND,-3600,-60.0,0.0,1.0,0.5786
4DH_0036,367458950,WYOMING WIND,-1800,-30.0,0.0,1.0,0.5786
4DH_0036,367458950,WYOMING WIND,-900,-15.0,0.0,1.0,0.5786
4DH_0036,367458950,WYOMING WIND,0,0.0,721.0,0.3007,0.4677
4DH_0036,367458950,WYOMING WIND,900,15.0,1621.0,0.0671,0.4237
4DH_0036,367458950,WYOMING WIND,1800,30.0,2521.0,0.015,0.4159
4DH_0036,367458950,WYOMING WIND,3600,60.0,4321.0,0.0007,0.4137
4DH_0036,367458950,WYOMING WIND,7200,120.0,7921.0,0.0,0.4136
4DH_0036,367458950,WYOMING WIND,10800,180.0,11521.0,0.0,0.4136
4DH_0037,367569620,PURA VIDA,-10800,-180.0,0.0,1.0,0.6078
4DH_0037,367569620,PURA VIDA,-7200,-120.0,0.0,1.0,0.6078
4DH_0037,367569620,PURA VIDA,-3600,-60.0,0.0,1.0,0.6078
4DH_0037,367569620,PURA VIDA,-1800,-30.0,0.0,1.0,0.6078
4DH_0037,367569620,PURA VIDA,-900,-15.0,0.0,1.0,0.6078
4DH_0037,367569620,PURA VIDA,0,0.0,182.0,0.7384,0.5685
4DH_0037,367569620,PURA VIDA,900,15.0,1082.0,0.1647,0.4765
4DH_0037,367569620,PURA VIDA,1800,30.0,1982.0,0.0368,0.4483
4DH_0037,367569620,PURA VIDA,3600,60.0,3782.0,0.0018,0.443
4DH_0037,367569620,PURA VIDA,7200,120.0,7382.0,0.0,0.4428
4DH_0037,367569620,PURA VIDA,10800,180.0,10982.0,0.0,0.4428
4DH_0038,367691290,MISS LEXY,-10800,-180.0,0.0,1.0,0.5887
4DH_0038,367691290,MISS LEXY,-7200,-120.0,0.0,1.0,0.5887
4DH_0038,367691290,MISS LEXY,-3600,-60.0,0.0,1.0,0.5887
4DH_0038,367691290,MISS LEXY,-1800,-30.0,0.0,1.0,0.5887
4DH_0038,367691290,MISS LEXY,-900,-15.0,0.0,1.0,0.5887
4DH_0038,367691290,MISS LEXY,0,0.0,69.0,0.8914,0.5724
4DH_0038,367691290,MISS LEXY,900,15.0,969.0,0.1989,0.4625
4DH_0038,367691290,MISS LEXY,1800,30.0,1869.0,0.0444,0.4303
4DH_0038,367691290,MISS LEXY,3600,60.0,3669.0,0.0022,0.424
4DH_0038,367691290,MISS LEXY,7200,120.0,7269.0,0.0,0.4237
4DH_0038,367691290,MISS LEXY,10800,180.0,10869.0,0.0,0.4237
4DH_0039,367753660,AQUAMARINE,-10800,-180.0,0.0,1.0,0.5793
4DH_0039,367753660,AQUAMARINE,-7200,-120.0,0.0,1.0,0.5793
4DH_0039,367753660,AQUAMARINE,-3600,-60.0,0.0,1.0,0.5793
4DH_0039,367753660,AQUAMARINE,-1800,-30.0,0.0,1.0,0.5793
4DH_0039,367753660,AQUAMARINE,-900,-15.0,0.0,1.0,0.5793
4DH_0039,367753660,AQUAMARINE,0,0.0,180.0,0.7408,0.5405
4DH_0039,367753660,AQUAMARINE,900,15.0,1080.0,0.1653,0.4481
4DH_0039,367753660,AQUAMARINE,1800,30.0,1980.0,0.0369,0.4199
4DH_0039,367753660,AQUAMARINE,3600,60.0,3780.0,0.0018,0.4146
4DH_0039,367753660,AQUAMARINE,7200,120.0,7380.0,0.0,0.4143
4DH_0039,367753660,AQUAMARINE,10800,180.0,10980.0,0.0,0.4143
4DH_0040,367762440,SILVER GIRL II,-10800,-180.0,0.0,1.0,0.5802
4DH_0040,367762440,SILVER GIRL II,-7200,-120.0,0.0,1.0,0.5802
4DH_0040,367762440,SILVER GIRL II,-3600,-60.0,0.0,1.0,0.5802
4DH_0040,367762440,SILVER GIRL II,-1800,-30.0,0.0,1.0,0.5802
4DH_0040,367762440,SILVER GIRL II,-900,-15.0,0.0,1.0,0.5802
4DH_0040,367762440,SILVER GIRL II,0,0.0,357.0,0.5516,0.5129
4DH_0040,367762440,SILVER GIRL II,900,15.0,1257.0,0.1231,0.4336
4DH_0040,367762440,SILVER GIRL II,1800,30.0,2157.0,0.0275,0.4193
4DH_0040,367762440,SILVER GIRL II,3600,60.0,3957.0,0.0014,0.4154
4DH_0040,367762440,SILVER GIRL II,7200,120.0,7557.0,0.0,0.4152
4DH_0040,367762440,SILVER GIRL II,10800,180.0,11157.0,0.0,0.4152
4DH_0041,368004680,TAKE IT EASY,-10800,-180.0,0.0,1.0,0.6085
4DH_0041,368004680,TAKE IT EASY,-7200,-120.0,0.0,1.0,0.6085
4DH_0041,368004680,TAKE IT EASY,-3600,-60.0,0.0,1.0,0.6085
4DH_0041,368004680,TAKE IT EASY,-1800,-30.0,0.0,1.0,0.6085
4DH_0041,368004680,TAKE IT EASY,-900,-15.0,0.0,1.0,0.6085
4DH_0041,368004680,TAKE IT EASY,0,0.0,181.0,0.7396,0.5694
4DH_0041,368004680,TAKE IT EASY,900,15.0,1081.0,0.165,0.4773
4DH_0041,368004680,TAKE IT EASY,1800,30.0,1981.0,0.0368,0.449
4DH_0041,368004680,TAKE IT EASY,3600,60.0,3781.0,0.0018,0.4438
4DH_0041,368004680,TAKE IT EASY,7200,120.0,7381.0,0.0,0.4435
4DH_0041,368004680,TAKE IT EASY,10800,180.0,10981.0,0.0,0.4435
4DH_0042,369201000,SALTY VIXEN,-10800,-180.0,0.0,1.0,0.579
4DH_0042,369201000,SALTY VIXEN,-7200,-120.0,0.0,1.0,0.579
4DH_0042,369201000,SALTY VIXEN,-3600,-60.0,0.0,1.0,0.579
4DH_0042,369201000,SALTY VIXEN,-1800,-30.0,0.0,1.0,0.579
4DH_0042,369201000,SALTY VIXEN,-900,-15.0,0.0,1.0,0.579
4DH_0042,369201000,SALTY VIXEN,0,0.0,180.0,0.7408,0.5401
4DH_0042,369201000,SALTY VIXEN,900,15.0,1080.0,0.1653,0.4478
4DH_0042,369201000,SALTY VIXEN,1800,30.0,1980.0,0.0369,0.4195
4DH_0042,369201000,SALTY VIXEN,3600,60.0,3780.0,0.0018,0.4143
4DH_0042,369201000,SALTY VIXEN,7200,120.0,7380.0,0.0,0.414
4DH_0042,369201000,SALTY VIXEN,10800,180.0,10980.0,0.0,0.414
4DH_0043,369273000,ESCAPE PLAN,-10800,-180.0,0.0,1.0,0.5766
4DH_0043,369273000,ESCAPE PLAN,-7200,-120.0,0.0,1.0,0.5766
4DH_0043,369273000,ESCAPE PLAN,-3600,-60.0,0.0,1.0,0.5766
4DH_0043,369273000,ESCAPE PLAN,-1800,-30.0,0.0,1.0,0.5766
4DH_0043,369273000,ESCAPE PLAN,-900,-15.0,0.0,1.0,0.5766
4DH_0043,369273000,ESCAPE PLAN,0,0.0,177.0,0.7445,0.5383
4DH_0043,369273000,ESCAPE PLAN,900,15.0,1077.0,0.1661,0.4455
4DH_0043,369273000,ESCAPE PLAN,1800,30.0,1977.0,0.0371,0.4172
4DH_0043,369273000,ESCAPE PLAN,3600,60.0,3777.0,0.0018,0.4119
4DH_0043,369273000,ESCAPE PLAN,7200,120.0,7377.0,0.0,0.4116
4DH_0043,369273000,ESCAPE PLAN,10800,180.0,10977.0,0.0,0.4116
4DH_0044,538004697,EMERALD ACE,-10800,-180.0,0.0,1.0,0.5757
4DH_0044,538004697,EMERALD ACE,-7200,-120.0,0.0,1.0,0.5757
4DH_0044,538004697,EMERALD ACE,-3600,-60.0,0.0,1.0,0.5757
4DH_0044,538004697,EMERALD ACE,-1800,-30.0,0.0,1.0,0.5757
4DH_0044,538004697,EMERALD ACE,-900,-15.0,0.0,1.0,0.5757
4DH_0044,538004697,EMERALD ACE,0,0.0,180.0,0.7408,0.5368
4DH_0044,538004697,EMERALD ACE,900,15.0,1080.0,0.1653,0.4445
4DH_0044,538004697,EMERALD ACE,1800,30.0,1980.0,0.0369,0.4162
4DH_0044,538004697,EMERALD ACE,3600,60.0,3780.0,0.0018,0.411
4DH_0044,538004697,EMERALD ACE,7200,120.0,7380.0,0.0,0.4107
4DH_0044,538004697,EMERALD ACE,10800,180.0,10980.0,0.0,0.4107
4DH_0045,538007762,UNKNOWN,-10800,-180.0,0.0,1.0,0.6865
4DH_0045,538007762,UNKNOWN,-7200,-120.0,0.0,1.0,0.6865
4DH_0045,538007762,UNKNOWN,-3600,-60.0,0.0,1.0,0.6865
4DH_0045,538007762,UNKNOWN,-1800,-30.0,0.0,1.0,0.6865
4DH_0045,538007762,UNKNOWN,-900,-15.0,0.0,1.0,0.6865
4DH_0045,538007762,UNKNOWN,0,0.0,90.0,0.8607,0.6656
4DH_0045,538007762,UNKNOWN,900,15.0,990.0,0.192,0.5593
4DH_0045,538007762,UNKNOWN,1800,30.0,1890.0,0.0429,0.5279
4DH_0045,538007762,UNKNOWN,3600,60.0,3690.0,0.0021,0.5218
4DH_0045,538007762,UNKNOWN,7200,120.0,7290.0,0.0,0.5215
4DH_0045,538007762,UNKNOWN,10800,180.0,10890.0,0.0,0.5215
4DH_0046,311828000,KUJAWY,-10800,-180.0,0.0,1.0,0.5869
4DH_0046,311828000,KUJAWY,-7200,-120.0,0.0,1.0,0.5869
4DH_0046,311828000,KUJAWY,-3600,-60.0,0.0,1.0,0.5869
4DH_0046,311828000,KUJAWY,-1800,-30.0,0.0,1.0,0.5869
4DH_0046,311828000,KUJAWY,-900,-15.0,0.0,1.0,0.5869
4DH_0046,311828000,KUJAWY,0,0.0,180.0,0.7408,0.548
4DH_0046,311828000,KUJAWY,900,15.0,1080.0,0.1653,0.4557
4DH_0046,311828000,KUJAWY,1800,30.0,1980.0,0.0369,0.4274
4DH_0046,311828000,KUJAWY,3600,60.0,3780.0,0.0018,0.4222
4DH_0046,311828000,KUJAWY,7200,120.0,7380.0,0.0,0.4219
4DH_0046,311828000,KUJAWY,10800,180.0,10980.0,0.0,0.4219
4DH_0047,338143506,MORNING SUN II,-10800,-180.0,0.0,1.0,0.5652
4DH_0047,338143506,MORNING SUN II,-7200,-120.0,0.0,1.0,0.5652
4DH_0047,338143506,MORNING SUN II,-3600,-60.0,0.0,1.0,0.5652
4DH_0047,338143506,MORNING SUN II,-1800,-30.0,0.0,1.0,0.5652
4DH_0047,338143506,MORNING SUN II,-900,-15.0,0.0,1.0,0.5652
4DH_0047,338143506,MORNING SUN II,0,0.0,359.0,0.5497,0.4977
4DH_0047,338143506,MORNING SUN II,900,15.0,1259.0,0.1227,0.4186
4DH_0047,338143506,MORNING SUN II,1800,30.0,2159.0,0.0274,0.4043
4DH_0047,338143506,MORNING SUN II,3600,60.0,3959.0,0.0014,0.4004
4DH_0047,338143506,MORNING SUN II,7200,120.0,7559.0,0.0,0.4002
4DH_0047,338143506,MORNING SUN II,10800,180.0,11159.0,0.0,0.4002
4DH_0048,338184094,DULCINEA,-10800,-180.0,0.0,1.0,0.5679
4DH_0048,338184094,DULCINEA,-7200,-120.0,0.0,1.0,0.5679
4DH_0048,338184094,DULCINEA,-3600,-60.0,0.0,1.0,0.5679
4DH_0048,338184094,DULCINEA,-1800,-30.0,0.0,1.0,0.5679
4DH_0048,338184094,DULCINEA,-900,-15.0,0.0,1.0,0.5679
4DH_0048,338184094,DULCINEA,0,0.0,177.0,0.7445,0.5296
4DH_0048,338184094,DULCINEA,900,15.0,1077.0,0.1661,0.4368
4DH_0048,338184094,DULCINEA,1800,30.0,1977.0,0.0371,0.4085
4DH_0048,338184094,DULCINEA,3600,60.0,3777.0,0.0018,0.4032
4DH_0048,338184094,DULCINEA,7200,120.0,7377.0,0.0,0.4029
4DH_0048,338184094,DULCINEA,10800,180.0,10977.0,0.0,0.4029
4DH_0049,338335542,STILL WATERS,-10800,-180.0,0.0,1.0,0.5872
4DH_0049,338335542,STILL WATERS,-7200,-120.0,0.0,1.0,0.5872
4DH_0049,338335542,STILL WATERS,-3600,-60.0,0.0,1.0,0.5872
4DH_0049,338335542,STILL WATERS,-1800,-30.0,0.0,1.0,0.5872
4DH_0049,338335542,STILL WATERS,-900,-15.0,0.0,1.0,0.5872
4DH_0049,338335542,STILL WATERS,0,0.0,362.0,0.547,0.5193
4DH_0049,338335542,STILL WATERS,900,15.0,1262.0,0.122,0.4405
4DH_0049,338335542,STILL WATERS,1800,30.0,2162.0,0.0272,0.4263
4DH_0049,338335542,STILL WATERS,3600,60.0,3962.0,0.0014,0.4224
4DH_0049,338335542,STILL WATERS,7200,120.0,7562.0,0.0,0.4222
4DH_0049,338335542,STILL WATERS,10800,180.0,11162.0,0.0,0.4222
4DH_0050,339759000,REGALEC,-10800,-180.0,0.0,1.0,0.5666
4DH_0050,339759000,REGALEC,-7200,-120.0,0.0,1.0,0.5666
4DH_0050,339759000,REGALEC,-3600,-60.0,0.0,1.0,0.5666
4DH_0050,339759000,REGALEC,-1800,-30.0,0.0,1.0,0.5666
4DH_0050,339759000,REGALEC,-900,-15.0,0.0,1.0,0.5666
4DH_0050,339759000,REGALEC,0,0.0,720.0,0.3012,0.4558
4DH_0050,339759000,REGALEC,900,15.0,1620.0,0.0672,0.4117
4DH_0050,339759000,REGALEC,1800,30.0,2520.0,0.015,0.4039
4DH_0050,339759000,REGALEC,3600,60.0,4320.0,0.0007,0.4017
4DH_0050,339759000,REGALEC,7200,120.0,7920.0,0.0,0.4016
4DH_0050,339759000,REGALEC,10800,180.0,11520.0,0.0,0.4016
4DH_0051,367063030,EMERALD PRINCESS II,-10800,-180.0,0.0,1.0,0.6006
4DH_0051,367063030,EMERALD PRINCESS II,-7200,-120.0,0.0,1.0,0.6006
4DH_0051,367063030,EMERALD PRINCESS II,-3600,-60.0,0.0,1.0,0.6006
4DH_0051,367063030,EMERALD PRINCESS II,-1800,-30.0,0.0,1.0,0.6006
4DH_0051,367063030,EMERALD PRINCESS II,-900,-15.0,0.0,1.0,0.6006
4DH_0051,367063030,EMERALD PRINCESS II,0,0.0,361.0,0.5479,0.5328
4DH_0051,367063030,EMERALD PRINCESS II,900,15.0,1261.0,0.1223,0.454
4DH_0051,367063030,EMERALD PRINCESS II,1800,30.0,2161.0,0.0273,0.4397
4DH_0051,367063030,EMERALD PRINCESS II,3600,60.0,3961.0,0.0014,0.4359
4DH_0051,367063030,EMERALD PRINCESS II,7200,120.0,7561.0,0.0,0.4356
4DH_0051,367063030,EMERALD PRINCESS II,10800,180.0,11161.0,0.0,0.4356
4DH_0052,367094180,CHICORY,-10800,-180.0,0.0,1.0,0.568
4DH_0052,367094180,CHICORY,-7200,-120.0,0.0,1.0,0.568
4DH_0052,367094180,CHICORY,-3600,-60.0,0.0,1.0,0.568
4DH_0052,367094180,CHICORY,-1800,-30.0,0.0,1.0,0.568
4DH_0052,367094180,CHICORY,-900,-15.0,0.0,1.0,0.568
4DH_0052,367094180,CHICORY,0,0.0,181.0,0.7396,0.529
4DH_0052,367094180,CHICORY,900,15.0,1081.0,0.165,0.4368
4DH_0052,367094180,CHICORY,1800,30.0,1981.0,0.0368,0.4085
4DH_0052,367094180,CHICORY,3600,60.0,3781.0,0.0018,0.4033
4DH_0052,367094180,CHICORY,7200,120.0,7381.0,0.0,0.403
4DH_0052,367094180,CHICORY,10800,180.0,10981.0,0.0,0.403
4DH_0053,367157730,AESTIVAL,-10800,-180.0,0.0,1.0,0.5663
4DH_0053,367157730,AESTIVAL,-7200,-120.0,0.0,1.0,0.5663
4DH_0053,367157730,AESTIVAL,-3600,-60.0,0.0,1.0,0.5663
4DH_0053,367157730,AESTIVAL,-1800,-30.0,0.0,1.0,0.5663
4DH_0053,367157730,AESTIVAL,-900,-15.0,0.0,1.0,0.5663
4DH_0053,367157730,AESTIVAL,0,0.0,180.0,0.7408,0.5274
4DH_0053,367157730,AESTIVAL,900,15.0,1080.0,0.1653,0.4351
4DH_0053,367157730,AESTIVAL,1800,30.0,1980.0,0.0369,0.4068
4DH_0053,367157730,AESTIVAL,3600,60.0,3780.0,0.0018,0.4015
4DH_0053,367157730,AESTIVAL,7200,120.0,7380.0,0.0,0.4013
4DH_0053,367157730,AESTIVAL,10800,180.0,10980.0,0.0,0.4013
4DH_0054,367305420,DOROTHY MORAN,-10800,-180.0,0.0,1.0,0.5756
4DH_0054,367305420,DOROTHY MORAN,-7200,-120.0,0.0,1.0,0.5756
4DH_0054,367305420,DOROTHY MORAN,-3600,-60.0,0.0,1.0,0.5756
4DH_0054,367305420,DOROTHY MORAN,-1800,-30.0,0.0,1.0,0.5756
4DH_0054,367305420,DOROTHY MORAN,-900,-15.0,0.0,1.0,0.5756
4DH_0054,367305420,DOROTHY MORAN,0,0.0,80.0,0.8752,0.5569
4DH_0054,367305420,DOROTHY MORAN,900,15.0,980.0,0.1953,0.4489
4DH_0054,367305420,DOROTHY MORAN,1800,30.0,1880.0,0.0436,0.4172
4DH_0054,367305420,DOROTHY MORAN,3600,60.0,3680.0,0.0022,0.411
4DH_0054,367305420,DOROTHY MORAN,7200,120.0,7280.0,0.0,0.4106
4DH_0054,367305420,DOROTHY MORAN,10800,180.0,10880.0,0.0,0.4106
4DH_0055,367369550,ANN MORAN,-10800,-180.0,0.0,1.0,0.5769
4DH_0055,367369550,ANN MORAN,-7200,-120.0,0.0,1.0,0.5769
4DH_0055,367369550,ANN MORAN,-3600,-60.0,0.0,1.0,0.5769
4DH_0055,367369550,ANN MORAN,-1800,-30.0,0.0,1.0,0.5769
4DH_0055,367369550,ANN MORAN,-900,-15.0,0.0,1.0,0.5769
4DH_0055,367369550,ANN MORAN,0,0.0,70.0,0.8899,0.5604
4DH_0055,367369550,ANN MORAN,900,15.0,970.0,0.1986,0.4507
4DH_0055,367369550,ANN MORAN,1800,30.0,1870.0,0.0443,0.4186
4DH_0055,367369550,ANN MORAN,3600,60.0,3670.0,0.0022,0.4122
4DH_0055,367369550,ANN MORAN,7200,120.0,7270.0,0.0,0.4119
4DH_0055,367369550,ANN MORAN,10800,180.0,10870.0,0.0,0.4119
4DH_0056,367458950,WYOMING WIND,-10800,-180.0,0.0,1.0,0.5668
4DH_0056,367458950,WYOMING WIND,-7200,-120.0,0.0,1.0,0.5668
4DH_0056,367458950,WYOMING WIND,-3600,-60.0,0.0,1.0,0.5668
4DH_0056,367458950,WYOMING WIND,-1800,-30.0,0.0,1.0,0.5668
4DH_0056,367458950,WYOMING WIND,-900,-15.0,0.0,1.0,0.5668
4DH_0056,367458950,WYOMING WIND,0,0.0,183.0,0.7371,0.5273
4DH_0056,367458950,WYOMING WIND,900,15.0,1083.0,0.1645,0.4354
4DH_0056,367458950,WYOMING WIND,1800,30.0,1983.0,0.0367,0.4073
4DH_0056,367458950,WYOMING WIND,3600,60.0,3783.0,0.0018,0.402
4DH_0056,367458950,WYOMING WIND,7200,120.0,7383.0,0.0,0.4018
4DH_0056,367458950,WYOMING WIND,10800,180.0,10983.0,0.0,0.4018
4DH_0057,367569620,PURA VIDA,-10800,-180.0,0.0,1.0,0.5875
4DH_0057,367569620,PURA VIDA,-7200,-120.0,0.0,1.0,0.5875
4DH_0057,367569620,PURA VIDA,-3600,-60.0,0.0,1.0,0.5875
4DH_0057,367569620,PURA VIDA,-1800,-30.0,0.0,1.0,0.5875
4DH_0057,367569620,PURA VIDA,-900,-15.0,0.0,1.0,0.5875
4DH_0057,367569620,PURA VIDA,0,0.0,181.0,0.7396,0.5484
4DH_0057,367569620,PURA VIDA,900,15.0,1081.0,0.165,0.4562
4DH_0057,367569620,PURA VIDA,1800,30.0,1981.0,0.0368,0.428
4DH_0057,367569620,PURA VIDA,3600,60.0,3781.0,0.0018,0.4227
4DH_0057,367569620,PURA VIDA,7200,120.0,7381.0,0.0,0.4225
4DH_0057,367569620,PURA VIDA,10800,180.0,10981.0,0.0,0.4225
4DH_0058,367691290,MISS LEXY,-10800,-180.0,0.0,1.0,0.5777
4DH_0058,367691290,MISS LEXY,-7200,-120.0,0.0,1.0,0.5777
4DH_0058,367691290,MISS LEXY,-3600,-60.0,0.0,1.0,0.5777
4DH_0058,367691290,MISS LEXY,-1800,-30.0,0.0,1.0,0.5777
4DH_0058,367691290,MISS LEXY,-900,-15.0,0.0,1.0,0.5777
4DH_0058,367691290,MISS LEXY,0,0.0,120.0,0.8187,0.5505
4DH_0058,367691290,MISS LEXY,900,15.0,1020.0,0.1827,0.4491
4DH_0058,367691290,MISS LEXY,1800,30.0,1920.0,0.0408,0.4188
4DH_0058,367691290,MISS LEXY,3600,60.0,3720.0,0.002,0.413
4DH_0058,367691290,MISS LEXY,7200,120.0,7320.0,0.0,0.4127
4DH_0058,367691290,MISS LEXY,10800,180.0,10920.0,0.0,0.4127
4DH_0059,367753660,AQUAMARINE,-10800,-180.0,0.0,1.0,0.5675
4DH_0059,367753660,AQUAMARINE,-7200,-120.0,0.0,1.0,0.5675
4DH_0059,367753660,AQUAMARINE,-3600,-60.0,0.0,1.0,0.5675
4DH_0059,367753660,AQUAMARINE,-1800,-30.0,0.0,1.0,0.5675
4DH_0059,367753660,AQUAMARINE,-900,-15.0,0.0,1.0,0.5675
4DH_0059,367753660,AQUAMARINE,0,0.0,180.0,0.7408,0.5286
4DH_0059,367753660,AQUAMARINE,900,15.0,1080.0,0.1653,0.4363
4DH_0059,367753660,AQUAMARINE,1800,30.0,1980.0,0.0369,0.408
4DH_0059,367753660,AQUAMARINE,3600,60.0,3780.0,0.0018,0.4028
4DH_0059,367753660,AQUAMARINE,7200,120.0,7380.0,0.0,0.4025
4DH_0059,367753660,AQUAMARINE,10800,180.0,10980.0,0.0,0.4025
4DH_0060,367762440,SILVER GIRL II,-10800,-180.0,0.0,1.0,0.5685
4DH_0060,367762440,SILVER GIRL II,-7200,-120.0,0.0,1.0,0.5685
4DH_0060,367762440,SILVER GIRL II,-3600,-60.0,0.0,1.0,0.5685
4DH_0060,367762440,SILVER GIRL II,-1800,-30.0,0.0,1.0,0.5685
4DH_0060,367762440,SILVER GIRL II,-900,-15.0,0.0,1.0,0.5685
4DH_0060,367762440,SILVER GIRL II,0,0.0,361.0,0.5479,0.5006
4DH_0060,367762440,SILVER GIRL II,900,15.0,1261.0,0.1223,0.4218
4DH_0060,367762440,SILVER GIRL II,1800,30.0,2161.0,0.0273,0.4076
4DH_0060,367762440,SILVER GIRL II,3600,60.0,3961.0,0.0014,0.4037
4DH_0060,367762440,SILVER GIRL II,7200,120.0,7561.0,0.0,0.4035
4DH_0060,367762440,SILVER GIRL II,10800,180.0,11161.0,0.0,0.4035
4DH_0061,368004680,TAKE IT EASY,-10800,-180.0,0.0,1.0,0.5882
4DH_0061,368004680,TAKE IT EASY,-7200,-120.0,0.0,1.0,0.5882
4DH_0061,368004680,TAKE IT EASY,-3600,-60.0,0.0,1.0,0.5882
4DH_0061,368004680,TAKE IT EASY,-1800,-30.0,0.0,1.0,0.5882
4DH_0061,368004680,TAKE IT EASY,-900,-15.0,0.0,1.0,0.5882
4DH_0061,368004680,TAKE IT EASY,0,0.0,181.0,0.7396,0.5491
4DH_0061,368004680,TAKE IT EASY,900,15.0,1081.0,0.165,0.4569
4DH_0061,368004680,TAKE IT EASY,1800,30.0,1981.0,0.0368,0.4287
4DH_0061,368004680,TAKE IT EASY,3600,60.0,3781.0,0.0018,0.4235
4DH_0061,368004680,TAKE IT EASY,7200,120.0,7381.0,0.0,0.4232
4DH_0061,368004680,TAKE IT EASY,10800,180.0,10981.0,0.0,0.4232
4DH_0062,369201000,SALTY VIXEN,-10800,-180.0,0.0,1.0,0.5672
4DH_0062,369201000,SALTY VIXEN,-7200,-120.0,0.0,1.0,0.5672
4DH_0062,369201000,SALTY VIXEN,-3600,-60.0,0.0,1.0,0.5672
4DH_0062,369201000,SALTY VIXEN,-1800,-30.0,0.0,1.0,0.5672
4DH_0062,369201000,SALTY VIXEN,-900,-15.0,0.0,1.0,0.5672
4DH_0062,369201000,SALTY VIXEN,0,0.0,178.0,0.7433,0.5287
4DH_0062,369201000,SALTY VIXEN,900,15.0,1078.0,0.1659,0.436
4DH_0062,369201000,SALTY VIXEN,1800,30.0,1978.0,0.037,0.4077
4DH_0062,369201000,SALTY VIXEN,3600,60.0,3778.0,0.0018,0.4024
4DH_0062,369201000,SALTY VIXEN,7200,120.0,7378.0,0.0,0.4022
4DH_0062,369201000,SALTY VIXEN,10800,180.0,10978.0,0.0,0.4022
4DH_0063,369273000,ESCAPE PLAN,-10800,-180.0,0.0,1.0,0.5647
4DH_0063,369273000,ESCAPE PLAN,-7200,-120.0,0.0,1.0,0.5647
4DH_0063,369273000,ESCAPE PLAN,-3600,-60.0,0.0,1.0,0.5647
4DH_0063,369273000,ESCAPE PLAN,-1800,-30.0,0.0,1.0,0.5647
4DH_0063,369273000,ESCAPE PLAN,-900,-15.0,0.0,1.0,0.5647
4DH_0063,369273000,ESCAPE PLAN,0,0.0,181.0,0.7396,0.5256
4DH_0063,369273000,ESCAPE PLAN,900,15.0,1081.0,0.165,0.4335
4DH_0063,369273000,ESCAPE PLAN,1800,30.0,1981.0,0.0368,0.4052
4DH_0063,369273000,ESCAPE PLAN,3600,60.0,3781.0,0.0018,0.4
4DH_0063,369273000,ESCAPE PLAN,7200,120.0,7381.0,0.0,0.3997
4DH_0063,369273000,ESCAPE PLAN,10800,180.0,10981.0,0.0,0.3997
4DH_0064,538004697,EMERALD ACE,-10800,-180.0,0.0,1.0,0.5695
4DH_0064,538004697,EMERALD ACE,-7200,-120.0,0.0,1.0,0.5695
4DH_0064,538004697,EMERALD ACE,-3600,-60.0,0.0,1.0,0.5695
4DH_0064,538004697,EMERALD ACE,-1800,-30.0,0.0,1.0,0.5695
4DH_0064,538004697,EMERALD ACE,-900,-15.0,0.0,1.0,0.5695
4DH_0064,538004697,EMERALD ACE,0,0.0,110.0,0.8325,0.5444
4DH_0064,538004697,EMERALD ACE,900,15.0,1010.0,0.1858,0.4413
4DH_0064,538004697,EMERALD ACE,1800,30.0,1910.0,0.0414,0.4107
4DH_0064,538004697,EMERALD ACE,3600,60.0,3710.0,0.0021,0.4048
4DH_0064,538004697,EMERALD ACE,7200,120.0,7310.0,0.0,0.4045
4DH_0064,538004697,EMERALD ACE,10800,180.0,10910.0,0.0,0.4045
4DH_0065,538007762,UNKNOWN,-10800,-180.0,0.0,1.0,0.7053
4DH_0065,538007762,UNKNOWN,-7200,-120.0,0.0,1.0,0.7053
4DH_0065,538007762,UNKNOWN,-3600,-60.0,0.0,1.0,0.7053
4DH_0065,538007762,UNKNOWN,-1800,-30.0,0.0,1.0,0.7053
4DH_0065,538007762,UNKNOWN,-900,-15.0,0.0,1.0,0.7053
4DH_0065,538007762,UNKNOWN,0,0.0,69.0,0.8914,0.6891
4DH_0065,538007762,UNKNOWN,900,15.0,969.0,0.1989,0.5792
4DH_0065,538007762,UNKNOWN,1800,30.0,1869.0,0.0444,0.547
4DH_0065,538007762,UNKNOWN,3600,60.0,3669.0,0.0022,0.5407
4DH_0065,538007762,UNKNOWN,7200,120.0,7269.0,0.0,0.5403
4DH_0065,538007762,UNKNOWN,10800,180.0,10869.0,0.0,0.5403
4DH_0066,311828000,KUJAWY,-10800,-180.0,0.0,1.0,0.5736
4DH_0066,311828000,KUJAWY,-7200,-120.0,0.0,1.0,0.5736
4DH_0066,311828000,KUJAWY,-3600,-60.0,0.0,1.0,0.5736
4DH_0066,311828000,KUJAWY,-1800,-30.0,0.0,1.0,0.5736
4DH_0066,311828000,KUJAWY,-900,-15.0,0.0,1.0,0.5736
4DH_0066,311828000,KUJAWY,0,0.0,180.0,0.7408,0.5347
4DH_0066,311828000,KUJAWY,900,15.0,1080.0,0.1653,0.4424
4DH_0066,311828000,KUJAWY,1800,30.0,1980.0,0.0369,0.4141
4DH_0066,311828000,KUJAWY,3600,60.0,3780.0,0.0018,0.4089
4DH_0066,311828000,KUJAWY,7200,120.0,7380.0,0.0,0.4086
4DH_0066,311828000,KUJAWY,10800,180.0,10980.0,0.0,0.4086
4DH_0067,338143506,MORNING SUN II,-10800,-180.0,0.0,1.0,0.5515
4DH_0067,338143506,MORNING SUN II,-7200,-120.0,0.0,1.0,0.5515
4DH_0067,338143506,MORNING SUN II,-3600,-60.0,0.0,1.0,0.5515
4DH_0067,338143506,MORNING SUN II,-1800,-30.0,0.0,1.0,0.5515
4DH_0067,338143506,MORNING SUN II,-900,-15.0,0.0,1.0,0.5515
4DH_0067,338143506,MORNING SUN II,0,0.0,181.0,0.7396,0.5124
4DH_0067,338143506,MORNING SUN II,900,15.0,1081.0,0.165,0.4202
4DH_0067,338143506,MORNING SUN II,1800,30.0,1981.0,0.0368,0.392
4DH_0067,338143506,MORNING SUN II,3600,60.0,3781.0,0.0018,0.3867
4DH_0067,338143506,MORNING SUN II,7200,120.0,7381.0,0.0,0.3865
4DH_0067,338143506,MORNING SUN II,10800,180.0,10981.0,0.0,0.3865
4DH_0068,338184094,DULCINEA,-10800,-180.0,0.0,1.0,0.5542
4DH_0068,338184094,DULCINEA,-7200,-120.0,0.0,1.0,0.5542
4DH_0068,338184094,DULCINEA,-3600,-60.0,0.0,1.0,0.5542
4DH_0068,338184094,DULCINEA,-1800,-30.0,0.0,1.0,0.5542
4DH_0068,338184094,DULCINEA,-900,-15.0,0.0,1.0,0.5542
4DH_0068,338184094,DULCINEA,0,0.0,181.0,0.7396,0.5151
4DH_0068,338184094,DULCINEA,900,15.0,1081.0,0.165,0.4229
4DH_0068,338184094,DULCINEA,1800,30.0,1981.0,0.0368,0.3947
4DH_0068,338184094,DULCINEA,3600,60.0,3781.0,0.0018,0.3894
4DH_0068,338184094,DULCINEA,7200,120.0,7381.0,0.0,0.3892
4DH_0068,338184094,DULCINEA,10800,180.0,10981.0,0.0,0.3892
4DH_0069,338335542,STILL WATERS,-10800,-180.0,0.0,1.0,0.5661
4DH_0069,338335542,STILL WATERS,-7200,-120.0,0.0,1.0,0.5661
4DH_0069,338335542,STILL WATERS,-3600,-60.0,0.0,1.0,0.5661
4DH_0069,338335542,STILL WATERS,-1800,-30.0,0.0,1.0,0.5661
4DH_0069,338335542,STILL WATERS,-900,-15.0,0.0,1.0,0.5661
4DH_0069,338335542,STILL WATERS,0,0.0,180.0,0.7408,0.5272
4DH_0069,338335542,STILL WATERS,900,15.0,1080.0,0.1653,0.4349
4DH_0069,338335542,STILL WATERS,1800,30.0,1980.0,0.0369,0.4066
4DH_0069,338335542,STILL WATERS,3600,60.0,3780.0,0.0018,0.4013
4DH_0069,338335542,STILL WATERS,7200,120.0,7380.0,0.0,0.4011
4DH_0069,338335542,STILL WATERS,10800,180.0,10980.0,0.0,0.4011
4DH_0070,339759000,REGALEC,-10800,-180.0,0.0,1.0,0.5529
4DH_0070,339759000,REGALEC,-7200,-120.0,0.0,1.0,0.5529
4DH_0070,339759000,REGALEC,-3600,-60.0,0.0,1.0,0.5529
4DH_0070,339759000,REGALEC,-1800,-30.0,0.0,1.0,0.5529
4DH_0070,339759000,REGALEC,-900,-15.0,0.0,1.0,0.5529
4DH_0070,339759000,REGALEC,0,0.0,181.0,0.7396,0.5138
4DH_0070,339759000,REGALEC,900,15.0,1081.0,0.165,0.4216
4DH_0070,339759000,REGALEC,1800,30.0,1981.0,0.0368,0.3934
4DH_0070,339759000,REGALEC,3600,60.0,3781.0,0.0018,0.3881
4DH_0070,339759000,REGALEC,7200,120.0,7381.0,0.0,0.3879
4DH_0070,339759000,REGALEC,10800,180.0,10981.0,0.0,0.3879
4DH_0071,367063030,EMERALD PRINCESS II,-10800,-180.0,0.0,1.0,0.5678
4DH_0071,367063030,EMERALD PRINCESS II,-7200,-120.0,0.0,1.0,0.5678
4DH_0071,367063030,EMERALD PRINCESS II,-3600,-60.0,0.0,1.0,0.5678
4DH_0071,367063030,EMERALD PRINCESS II,-1800,-30.0,0.0,1.0,0.5678
4DH_0071,367063030,EMERALD PRINCESS II,-900,-15.0,0.0,1.0,0.5678
4DH_0071,367063030,EMERALD PRINCESS II,0,0.0,140.0,0.7919,0.5366
4DH_0071,367063030,EMERALD PRINCESS II,900,15.0,1040.0,0.1767,0.4383
4DH_0071,367063030,EMERALD PRINCESS II,1800,30.0,1940.0,0.0394,0.4087
4DH_0071,367063030,EMERALD PRINCESS II,3600,60.0,3740.0,0.002,0.4031
4DH_0071,367063030,EMERALD PRINCESS II,7200,120.0,7340.0,0.0,0.4028
4DH_0071,367063030,EMERALD PRINCESS II,10800,180.0,10940.0,0.0,0.4028
4DH_0072,367094180,CHICORY,-10800,-180.0,0.0,1.0,0.5542
4DH_0072,367094180,CHICORY,-7200,-120.0,0.0,1.0,0.5542
4DH_0072,367094180,CHICORY,-3600,-60.0,0.0,1.0,0.5542
4DH_0072,367094180,CHICORY,-1800,-30.0,0.0,1.0,0.5542
4DH_0072,367094180,CHICORY,-900,-15.0,0.0,1.0,0.5542
4DH_0072,367094180,CHICORY,0,0.0,181.0,0.7396,0.5152
4DH_0072,367094180,CHICORY,900,15.0,1081.0,0.165,0.423
4DH_0072,367094180,CHICORY,1800,30.0,1981.0,0.0368,0.3947
4DH_0072,367094180,CHICORY,3600,60.0,3781.0,0.0018,0.3895
4DH_0072,367094180,CHICORY,7200,120.0,7381.0,0.0,0.3892
4DH_0072,367094180,CHICORY,10800,180.0,10981.0,0.0,0.3892
4DH_0073,367157730,AESTIVAL,-10800,-180.0,0.0,1.0,0.5524
4DH_0073,367157730,AESTIVAL,-7200,-120.0,0.0,1.0,0.5524
4DH_0073,367157730,AESTIVAL,-3600,-60.0,0.0,1.0,0.5524
4DH_0073,367157730,AESTIVAL,-1800,-30.0,0.0,1.0,0.5524
4DH_0073,367157730,AESTIVAL,-900,-15.0,0.0,1.0,0.5524
4DH_0073,367157730,AESTIVAL,0,0.0,176.0,0.7458,0.5143
4DH_0073,367157730,AESTIVAL,900,15.0,1076.0,0.1664,0.4214
4DH_0073,367157730,AESTIVAL,1800,30.0,1976.0,0.0371,0.393
4DH_0073,367157730,AESTIVAL,3600,60.0,3776.0,0.0018,0.3877
4DH_0073,367157730,AESTIVAL,7200,120.0,7376.0,0.0,0.3874
4DH_0073,367157730,AESTIVAL,10800,180.0,10976.0,0.0,0.3874
4DH_0074,367305420,DOROTHY MORAN,-10800,-180.0,0.0,1.0,0.5628
4DH_0074,367305420,DOROTHY MORAN,-7200,-120.0,0.0,1.0,0.5628
4DH_0074,367305420,DOROTHY MORAN,-3600,-60.0,0.0,1.0,0.5628
4DH_0074,367305420,DOROTHY MORAN,-1800,-30.0,0.0,1.0,0.5628
4DH_0074,367305420,DOROTHY MORAN,-900,-15.0,0.0,1.0,0.5628
4DH_0074,367305420,DOROTHY MORAN,0,0.0,69.0,0.8914,0.5465
4DH_0074,367305420,DOROTHY MORAN,900,15.0,969.0,0.1989,0.4366
4DH_0074,367305420,DOROTHY MORAN,1800,30.0,1869.0,0.0444,0.4044
4DH_0074,367305420,DOROTHY MORAN,3600,60.0,3669.0,0.0022,0.3981
4DH_0074,367305420,DOROTHY MORAN,7200,120.0,7269.0,0.0,0.3978
4DH_0074,367305420,DOROTHY MORAN,10800,180.0,10869.0,0.0,0.3978
4DH_0075,367369550,ANN MORAN,-10800,-180.0,0.0,1.0,0.5631
4DH_0075,367369550,ANN MORAN,-7200,-120.0,0.0,1.0,0.5631
4DH_0075,367369550,ANN MORAN,-3600,-60.0,0.0,1.0,0.5631
4DH_0075,367369550,ANN MORAN,-1800,-30.0,0.0,1.0,0.5631
4DH_0075,367369550,ANN MORAN,-900,-15.0,0.0,1.0,0.5631
4DH_0075,367369550,ANN MORAN,0,0.0,150.0,0.7788,0.53
4DH_0075,367369550,ANN MORAN,900,15.0,1050.0,0.1738,0.4332
4DH_0075,367369550,ANN MORAN,1800,30.0,1950.0,0.0388,0.4039
4DH_0075,367369550,ANN MORAN,3600,60.0,3750.0,0.0019,0.3984
4DH_0075,367369550,ANN MORAN,7200,120.0,7350.0,0.0,0.3981
4DH_0075,367369550,ANN MORAN,10800,180.0,10950.0,0.0,0.3981
4DH_0076,367458950,WYOMING WIND,-10800,-180.0,0.0,1.0,0.553
4DH_0076,367458950,WYOMING WIND,-7200,-120.0,0.0,1.0,0.553
4DH_0076,367458950,WYOMING WIND,-3600,-60.0,0.0,1.0,0.553
4DH_0076,367458950,WYOMING WIND,-1800,-30.0,0.0,1.0,0.553
4DH_0076,367458950,WYOMING WIND,-900,-15.0,0.0,1.0,0.553
4DH_0076,367458950,WYOMING WIND,0,0.0,179.0,0.7421,0.5143
4DH_0076,367458950,WYOMING WIND,900,15.0,1079.0,0.1656,0.4218
4DH_0076,367458950,WYOMING WIND,1800,30.0,1979.0,0.0369,0.3935
4DH_0076,367458950,WYOMING WIND,3600,60.0,3779.0,0.0018,0.3883
4DH_0076,367458950,WYOMING WIND,7200,120.0,7379.0,0.0,0.388
4DH_0076,367458950,WYOMING WIND,10800,180.0,10979.0,0.0,0.388
4DH_0077,367569620,PURA VIDA,-10800,-180.0,0.0,1.0,0.5662
4DH_0077,367569620,PURA VIDA,-7200,-120.0,0.0,1.0,0.5662
4DH_0077,367569620,PURA VIDA,-3600,-60.0,0.0,1.0,0.5662
4DH_0077,367569620,PURA VIDA,-1800,-30.0,0.0,1.0,0.5662
4DH_0077,367569620,PURA VIDA,-900,-15.0,0.0,1.0,0.5662
4DH_0077,367569620,PURA VIDA,0,0.0,179.0,0.7421,0.5276
4DH_0077,367569620,PURA VIDA,900,15.0,1079.0,0.1656,0.4351
4DH_0077,367569620,PURA VIDA,1800,30.0,1979.0,0.0369,0.4068
4DH_0077,367569620,PURA VIDA,3600,60.0,3779.0,0.0018,0.4015
4DH_0077,367569620,PURA VIDA,7200,120.0,7379.0,0.0,0.4013
4DH_0077,367569620,PURA VIDA,10800,180.0,10979.0,0.0,0.4012
4DH_0078,367691290,MISS LEXY,-10800,-180.0,0.0,1.0,0.5639
4DH_0078,367691290,MISS LEXY,-7200,-120.0,0.0,1.0,0.5639
4DH_0078,367691290,MISS LEXY,-3600,-60.0,0.0,1.0,0.5639
4DH_0078,367691290,MISS LEXY,-1800,-30.0,0.0,1.0,0.5639
4DH_0078,367691290,MISS LEXY,-900,-15.0,0.0,1.0,0.5639
4DH_0078,367691290,MISS LEXY,0,0.0,62.0,0.9018,0.5492
4DH_0078,367691290,MISS LEXY,900,15.0,962.0,0.2012,0.4381
4DH_0078,367691290,MISS LEXY,1800,30.0,1862.0,0.0449,0.4056
4DH_0078,367691290,MISS LEXY,3600,60.0,3662.0,0.0022,0.3992
4DH_0078,367691290,MISS LEXY,7200,120.0,7262.0,0.0,0.3989
4DH_0078,367691290,MISS LEXY,10800,180.0,10862.0,0.0,0.3989
4DH_0079,367753660,AQUAMARINE,-10800,-180.0,0.0,1.0,0.5537
4DH_0079,367753660,AQUAMARINE,-7200,-120.0,0.0,1.0,0.5537
4DH_0079,367753660,AQUAMARINE,-3600,-60.0,0.0,1.0,0.5537
4DH_0079,367753660,AQUAMARINE,-1800,-30.0,0.0,1.0,0.5537
4DH_0079,367753660,AQUAMARINE,-900,-15.0,0.0,1.0,0.5537
4DH_0079,367753660,AQUAMARINE,0,0.0,180.0,0.7408,0.5148
4DH_0079,367753660,AQUAMARINE,900,15.0,1080.0,0.1653,0.4225
4DH_0079,367753660,AQUAMARINE,1800,30.0,1980.0,0.0369,0.3942
4DH_0079,367753660,AQUAMARINE,3600,60.0,3780.0,0.0018,0.389
4DH_0079,367753660,AQUAMARINE,7200,120.0,7380.0,0.0,0.3887
4DH_0079,367753660,AQUAMARINE,10800,180.0,10980.0,0.0,0.3887
4DH_0080,367762440,SILVER GIRL II,-10800,-180.0,0.0,1.0,0.5547
4DH_0080,367762440,SILVER GIRL II,-7200,-120.0,0.0,1.0,0.5547
4DH_0080,367762440,SILVER GIRL II,-3600,-60.0,0.0,1.0,0.5547
4DH_0080,367762440,SILVER GIRL II,-1800,-30.0,0.0,1.0,0.5547
4DH_0080,367762440,SILVER GIRL II,-900,-15.0,0.0,1.0,0.5547
4DH_0080,367762440,SILVER GIRL II,0,0.0,179.0,0.7421,0.516
4DH_0080,367762440,SILVER GIRL II,900,15.0,1079.0,0.1656,0.4235
4DH_0080,367762440,SILVER GIRL II,1800,30.0,1979.0,0.0369,0.3952
4DH_0080,367762440,SILVER GIRL II,3600,60.0,3779.0,0.0018,0.39
4DH_0080,367762440,SILVER GIRL II,7200,120.0,7379.0,0.0,0.3897
4DH_0080,367762440,SILVER GIRL II,10800,180.0,10979.0,0.0,0.3897
4DH_0081,368004680,TAKE IT EASY,-10800,-180.0,0.0,1.0,0.5668
4DH_0081,368004680,TAKE IT EASY,-7200,-120.0,0.0,1.0,0.5668
4DH_0081,368004680,TAKE IT EASY,-3600,-60.0,0.0,1.0,0.5668
4DH_0081,368004680,TAKE IT EASY,-1800,-30.0,0.0,1.0,0.5668
4DH_0081,368004680,TAKE IT EASY,-900,-15.0,0.0,1.0,0.5668
4DH_0081,368004680,TAKE IT EASY,0,0.0,180.0,0.7408,0.528
4DH_0081,368004680,TAKE IT EASY,900,15.0,1080.0,0.1653,0.4356
4DH_0081,368004680,TAKE IT EASY,1800,30.0,1980.0,0.0369,0.4074
4DH_0081,368004680,TAKE IT EASY,3600,60.0,3780.0,0.0018,0.4021
4DH_0081,368004680,TAKE IT EASY,7200,120.0,7380.0,0.0,0.4018
4DH_0081,368004680,TAKE IT EASY,10800,180.0,10980.0,0.0,0.4018
4DH_0082,369201000,SALTY VIXEN,-10800,-180.0,0.0,1.0,0.5533
4DH_0082,369201000,SALTY VIXEN,-7200,-120.0,0.0,1.0,0.5533
4DH_0082,369201000,SALTY VIXEN,-3600,-60.0,0.0,1.0,0.5533
4DH_0082,369201000,SALTY VIXEN,-1800,-30.0,0.0,1.0,0.5533
4DH_0082,369201000,SALTY VIXEN,-900,-15.0,0.0,1.0,0.5533
4DH_0082,369201000,SALTY VIXEN,0,0.0,178.0,0.7433,0.5148
4DH_0082,369201000,SALTY VIXEN,900,15.0,1078.0,0.1659,0.4222
4DH_0082,369201000,SALTY VIXEN,1800,30.0,1978.0,0.037,0.3939
4DH_0082,369201000,SALTY VIXEN,3600,60.0,3778.0,0.0018,0.3886
4DH_0082,369201000,SALTY VIXEN,7200,120.0,7378.0,0.0,0.3883
4DH_0082,369201000,SALTY VIXEN,10800,180.0,10978.0,0.0,0.3883
4DH_0083,369273000,ESCAPE PLAN,-10800,-180.0,0.0,1.0,0.551
4DH_0083,369273000,ESCAPE PLAN,-7200,-120.0,0.0,1.0,0.551
4DH_0083,369273000,ESCAPE PLAN,-3600,-60.0,0.0,1.0,0.551
4DH_0083,369273000,ESCAPE PLAN,-1800,-30.0,0.0,1.0,0.551
4DH_0083,369273000,ESCAPE PLAN,-900,-15.0,0.0,1.0,0.551
4DH_0083,369273000,ESCAPE PLAN,0,0.0,179.0,0.7421,0.5123
4DH_0083,369273000,ESCAPE PLAN,900,15.0,1079.0,0.1656,0.4198
4DH_0083,369273000,ESCAPE PLAN,1800,30.0,1979.0,0.0369,0.3915
4DH_0083,369273000,ESCAPE PLAN,3600,60.0,3779.0,0.0018,0.3862
4DH_0083,369273000,ESCAPE PLAN,7200,120.0,7379.0,0.0,0.386
4DH_0083,369273000,ESCAPE PLAN,10800,180.0,10979.0,0.0,0.386
4DH_0084,311828000,KUJAWY,-10800,-180.0,0.0,1.0,0.5396
4DH_0084,311828000,KUJAWY,-7200,-120.0,0.0,1.0,0.5396
4DH_0084,311828000,KUJAWY,-3600,-60.0,0.0,1.0,0.5396
4DH_0084,311828000,KUJAWY,-1800,-30.0,0.0,1.0,0.5396
4DH_0084,311828000,KUJAWY,-900,-15.0,0.0,1.0,0.5396
4DH_0084,311828000,KUJAWY,0,0.0,181.0,0.7396,0.5005
4DH_0084,311828000,KUJAWY,900,15.0,1081.0,0.165,0.4083
4DH_0084,311828000,KUJAWY,1800,30.0,1981.0,0.0368,0.3801
4DH_0084,311828000,KUJAWY,3600,60.0,3781.0,0.0018,0.3748
4DH_0084,311828000,KUJAWY,7200,120.0,7381.0,0.0,0.3746
4DH_0084,311828000,KUJAWY,10800,180.0,10981.0,0.0,0.3746
4DH_0085,338335542,STILL WATERS,-10800,-180.0,0.0,1.0,0.529
4DH_0085,338335542,STILL WATERS,-7200,-120.0,0.0,1.0,0.529
4DH_0085,338335542,STILL WATERS,-3600,-60.0,0.0,1.0,0.529
4DH_0085,338335542,STILL WATERS,-1800,-30.0,0.0,1.0,0.529
4DH_0085,338335542,STILL WATERS,-900,-15.0,0.0,1.0,0.529
4DH_0085,338335542,STILL WATERS,0,0.0,180.0,0.7408,0.4901
4DH_0085,338335542,STILL WATERS,900,15.0,1080.0,0.1653,0.3978
4DH_0085,338335542,STILL WATERS,1800,30.0,1980.0,0.0369,0.3695
4DH_0085,338335542,STILL WATERS,3600,60.0,3780.0,0.0018,0.3642
4DH_0085,338335542,STILL WATERS,7200,120.0,7380.0,0.0,0.364
4DH_0085,338335542,STILL WATERS,10800,180.0,10980.0,0.0,0.364
4DH_0086,367063030,EMERALD PRINCESS II,-10800,-180.0,0.0,1.0,0.5572
4DH_0086,367063030,EMERALD PRINCESS II,-7200,-120.0,0.0,1.0,0.5572
4DH_0086,367063030,EMERALD PRINCESS II,-3600,-60.0,0.0,1.0,0.5572
4DH_0086,367063030,EMERALD PRINCESS II,-1800,-30.0,0.0,1.0,0.5572
4DH_0086,367063030,EMERALD PRINCESS II,-900,-15.0,0.0,1.0,0.5572
4DH_0086,367063030,EMERALD PRINCESS II,0,0.0,120.0,0.8187,0.53
4DH_0086,367063030,EMERALD PRINCESS II,900,15.0,1020.0,0.1827,0.4286
4DH_0086,367063030,EMERALD PRINCESS II,1800,30.0,1920.0,0.0408,0.3983
4DH_0086,367063030,EMERALD PRINCESS II,3600,60.0,3720.0,0.002,0.3925
4DH_0086,367063030,EMERALD PRINCESS II,7200,120.0,7320.0,0.0,0.3922
4DH_0086,367063030,EMERALD PRINCESS II,10800,180.0,10920.0,0.0,0.3922
4DH_0087,367305420,DOROTHY MORAN,-10800,-180.0,0.0,1.0,0.5304
4DH_0087,367305420,DOROTHY MORAN,-7200,-120.0,0.0,1.0,0.5304
4DH_0087,367305420,DOROTHY MORAN,-3600,-60.0,0.0,1.0,0.5304
4DH_0087,367305420,DOROTHY MORAN,-1800,-30.0,0.0,1.0,0.5304
4DH_0087,367305420,DOROTHY MORAN,-900,-15.0,0.0,1.0,0.5304
4DH_0087,367305420,DOROTHY MORAN,0,0.0,111.0,0.8311,0.5051
4DH_0087,367305420,DOROTHY MORAN,900,15.0,1011.0,0.1854,0.4023
4DH_0087,367305420,DOROTHY MORAN,1800,30.0,1911.0,0.0414,0.3716
4DH_0087,367305420,DOROTHY MORAN,3600,60.0,3711.0,0.0021,0.3657
4DH_0087,367305420,DOROTHY MORAN,7200,120.0,7311.0,0.0,0.3654
4DH_0087,367305420,DOROTHY MORAN,10800,180.0,10911.0,0.0,0.3654
4DH_0088,367369550,ANN MORAN,-10800,-180.0,0.0,1.0,0.5307
4DH_0088,367369550,ANN MORAN,-7200,-120.0,0.0,1.0,0.5307
4DH_0088,367369550,ANN MORAN,-3600,-60.0,0.0,1.0,0.5307
4DH_0088,367369550,ANN MORAN,-1800,-30.0,0.0,1.0,0.5307
4DH_0088,367369550,ANN MORAN,-900,-15.0,0.0,1.0,0.5307
4DH_0088,367369550,ANN MORAN,0,0.0,119.0,0.8201,0.5037
4DH_0088,367369550,ANN MORAN,900,15.0,1019.0,0.183,0.4021
4DH_0088,367369550,ANN MORAN,1800,30.0,1919.0,0.0408,0.3718
4DH_0088,367369550,ANN MORAN,3600,60.0,3719.0,0.002,0.366
4DH_0088,367369550,ANN MORAN,7200,120.0,7319.0,0.0,0.3657
4DH_0088,367369550,ANN MORAN,10800,180.0,10919.0,0.0,0.3657
4DH_0089,367569620,PURA VIDA,-10800,-180.0,0.0,1.0,0.5291
4DH_0089,367569620,PURA VIDA,-7200,-120.0,0.0,1.0,0.5291
4DH_0089,367569620,PURA VIDA,-3600,-60.0,0.0,1.0,0.5291
4DH_0089,367569620,PURA VIDA,-1800,-30.0,0.0,1.0,0.5291
4DH_0089,367569620,PURA VIDA,-900,-15.0,0.0,1.0,0.5291
4DH_0089,367569620,PURA VIDA,0,0.0,185.0,0.7347,0.4893
4DH_0089,367569620,PURA VIDA,900,15.0,1085.0,0.1639,0.3977
4DH_0089,367569620,PURA VIDA,1800,30.0,1985.0,0.0366,0.3696
4DH_0089,367569620,PURA VIDA,3600,60.0,3785.0,0.0018,0.3644
4DH_0089,367569620,PURA VIDA,7200,120.0,7385.0,0.0,0.3641
4DH_0089,367569620,PURA VIDA,10800,180.0,10985.0,0.0,0.3641
4DH_0090,367691290,MISS LEXY,-10800,-180.0,0.0,1.0,0.5313
4DH_0090,367691290,MISS LEXY,-7200,-120.0,0.0,1.0,0.5313
4DH_0090,367691290,MISS LEXY,-3600,-60.0,0.0,1.0,0.5313
4DH_0090,367691290,MISS LEXY,-1800,-30.0,0.0,1.0,0.5313
4DH_0090,367691290,MISS LEXY,-900,-15.0,0.0,1.0,0.5313
4DH_0090,367691290,MISS LEXY,0,0.0,139.0,0.7932,0.5003
4DH_0090,367691290,MISS LEXY,900,15.0,1039.0,0.177,0.4019
4DH_0090,367691290,MISS LEXY,1800,30.0,1939.0,0.0395,0.3723
4DH_0090,367691290,MISS LEXY,3600,60.0,3739.0,0.002,0.3666
4DH_0090,367691290,MISS LEXY,7200,120.0,7339.0,0.0,0.3663
4DH_0090,367691290,MISS LEXY,10800,180.0,10939.0,0.0,0.3663
4DH_0091,368004680,TAKE IT EASY,-10800,-180.0,0.0,1.0,0.5295
4DH_0091,368004680,TAKE IT EASY,-7200,-120.0,0.0,1.0,0.5295
4DH_0091,368004680,TAKE IT EASY,-3600,-60.0,0.0,1.0,0.5295
4DH_0091,368004680,TAKE IT EASY,-1800,-30.0,0.0,1.0,0.5295
4DH_0091,368004680,TAKE IT EASY,-900,-15.0,0.0,1.0,0.5295
4DH_0091,368004680,TAKE IT EASY,0,0.0,356.0,0.5525,0.4623
4DH_0091,368004680,TAKE IT EASY,900,15.0,1256.0,0.1233,0.383
4DH_0091,368004680,TAKE IT EASY,1800,30.0,2156.0,0.0275,0.3686
4DH_0091,368004680,TAKE IT EASY,3600,60.0,3956.0,0.0014,0.3647
4DH_0091,368004680,TAKE IT EASY,7200,120.0,7556.0,0.0,0.3645
4DH_0091,368004680,TAKE IT EASY,10800,180.0,11156.0,0.0,0.3645
4DH_0092,338182224,SEA SALT,-10800,-180.0,0.0,1.0,0.6446
4DH_0092,338182224,SEA SALT,-7200,-120.0,0.0,1.0,0.6446
4DH_0092,338182224,SEA SALT,-3600,-60.0,0.0,1.0,0.6446
4DH_0092,338182224,SEA SALT,-1800,-30.0,0.0,1.0,0.6446
4DH_0092,338182224,SEA SALT,-900,-15.0,0.0,1.0,0.6446
4DH_0092,338182224,SEA SALT,0,0.0,90.0,0.8607,0.6237
4DH_0092,338182224,SEA SALT,900,15.0,990.0,0.192,0.5174
4DH_0092,338182224,SEA SALT,1800,30.0,1890.0,0.0429,0.4861
4DH_0092,338182224,SEA SALT,3600,60.0,3690.0,0.0021,0.48
4DH_0092,338182224,SEA SALT,7200,120.0,7290.0,0.0,0.4796
4DH_0092,338182224,SEA SALT,10800,180.0,10890.0,0.0,0.4796
4DH_0093,367063030,EMERALD PRINCESS II,-10800,-180.0,0.0,1.0,0.515
4DH_0093,367063030,EMERALD PRINCESS II,-7200,-120.0,0.0,1.0,0.515
4DH_0093,367063030,EMERALD PRINCESS II,-3600,-60.0,0.0,1.0,0.515
4DH_0093,367063030,EMERALD PRINCESS II,-1800,-30.0,0.0,1.0,0.515
4DH_0093,367063030,EMERALD PRINCESS II,-900,-15.0,0.0,1.0,0.515
4DH_0093,367063030,EMERALD PRINCESS II,0,0.0,111.0,0.8311,0.4897
4DH_0093,367063030,EMERALD PRINCESS II,900,15.0,1011.0,0.1854,0.3868
4DH_0093,367063030,EMERALD PRINCESS II,1800,30.0,1911.0,0.0414,0.3562
4DH_0093,367063030,EMERALD PRINCESS II,3600,60.0,3711.0,0.0021,0.3503
4DH_0093,367063030,EMERALD PRINCESS II,7200,120.0,7311.0,0.0,0.35
4DH_0093,367063030,EMERALD PRINCESS II,10800,180.0,10911.0,0.0,0.35
4DH_0094,369970979,S3005 NRT1,-10800,-180.0,0.0,1.0,0.5295
4DH_0094,369970979,S3005 NRT1,-7200,-120.0,0.0,1.0,0.5295
4DH_0094,369970979,S3005 NRT1,-3600,-60.0,0.0,1.0,0.5295
4DH_0094,369970979,S3005 NRT1,-1800,-30.0,0.0,1.0,0.5295
4DH_0094,369970979,S3005 NRT1,-900,-15.0,0.0,1.0,0.5295
4DH_0094,369970979,S3005 NRT1,0,0.0,209.0,0.7059,0.4854
4DH_0094,369970979,S3005 NRT1,900,15.0,1109.0,0.1575,0.3971
4DH_0094,369970979,S3005 NRT1,1800,30.0,2009.0,0.0351,0.3698
4DH_0094,369970979,S3005 NRT1,3600,60.0,3809.0,0.0017,0.3648
4DH_0094,369970979,S3005 NRT1,7200,120.0,7409.0,0.0,0.3645
4DH_0094,369970979,S3005 NRT1,10800,180.0,11009.0,0.0,0.3645
4DH_0095,311828000,KUJAWY,-10800,-180.0,0.0,1.0,0.5813
4DH_0095,311828000,KUJAWY,-7200,-120.0,0.0,1.0,0.5813
4DH_0095,311828000,KUJAWY,-3600,-60.0,0.0,1.0,0.5813
4DH_0095,311828000,KUJAWY,-1800,-30.0,0.0,1.0,0.5813
4DH_0095,311828000,KUJAWY,-900,-15.0,0.0,1.0,0.5813
4DH_0095,311828000,KUJAWY,0,0.0,180.0,0.7408,0.5424
4DH_0095,311828000,KUJAWY,900,15.0,1080.0,0.1653,0.4501
4DH_0095,311828000,KUJAWY,1800,30.0,1980.0,0.0369,0.4218
4DH_0095,311828000,KUJAWY,3600,60.0,3780.0,0.0018,0.4166
4DH_0095,311828000,KUJAWY,7200,120.0,7380.0,0.0,0.4163
4DH_0095,311828000,KUJAWY,10800,180.0,10980.0,0.0,0.4163
4DH_0096,338102856,RESPONDER,-10800,-180.0,0.0,1.0,0.62
4DH_0096,338102856,RESPONDER,-7200,-120.0,0.0,1.0,0.62
4DH_0096,338102856,RESPONDER,-3600,-60.0,0.0,1.0,0.62
4DH_0096,338102856,RESPONDER,-1800,-30.0,0.0,1.0,0.62
4DH_0096,338102856,RESPONDER,-900,-15.0,0.0,1.0,0.62
4DH_0096,338102856,RESPONDER,0,0.0,111.0,0.8311,0.5947
4DH_0096,338102856,RESPONDER,900,15.0,1011.0,0.1854,0.4918
4DH_0096,338102856,RESPONDER,1800,30.0,1911.0,0.0414,0.4612
4DH_0096,338102856,RESPONDER,3600,60.0,3711.0,0.0021,0.4553
4DH_0096,338102856,RESPONDER,7200,120.0,7311.0,0.0,0.455
4DH_0096,338102856,RESPONDER,10800,180.0,10911.0,0.0,0.455
4DH_0097,338102861,RECOVERY,-10800,-180.0,0.0,1.0,0.6157
4DH_0097,338102861,RECOVERY,-7200,-120.0,0.0,1.0,0.6157
4DH_0097,338102861,RECOVERY,-3600,-60.0,0.0,1.0,0.6157
4DH_0097,338102861,RECOVERY,-1800,-30.0,0.0,1.0,0.6157
4DH_0097,338102861,RECOVERY,-900,-15.0,0.0,1.0,0.6157
4DH_0097,338102861,RECOVERY,0,0.0,72.0,0.8869,0.5988
4DH_0097,338102861,RECOVERY,900,15.0,972.0,0.1979,0.4894
4DH_0097,338102861,RECOVERY,1800,30.0,1872.0,0.0442,0.4573
4DH_0097,338102861,RECOVERY,3600,60.0,3672.0,0.0022,0.451
4DH_0097,338102861,RECOVERY,7200,120.0,7272.0,0.0,0.4507
4DH_0097,338102861,RECOVERY,10800,180.0,10872.0,0.0,0.4507
4DH_0098,338143506,MORNING SUN II,-10800,-180.0,0.0,1.0,0.5563
4DH_0098,338143506,MORNING SUN II,-7200,-120.0,0.0,1.0,0.5563
4DH_0098,338143506,MORNING SUN II,-3600,-60.0,0.0,1.0,0.5563
4DH_0098,338143506,MORNING SUN II,-1800,-30.0,0.0,1.0,0.5563
4DH_0098,338143506,MORNING SUN II,-900,-15.0,0.0,1.0,0.5563
4DH_0098,338143506,MORNING SUN II,0,0.0,180.0,0.7408,0.5175
4DH_0098,338143506,MORNING SUN II,900,15.0,1080.0,0.1653,0.4251
4DH_0098,338143506,MORNING SUN II,1800,30.0,1980.0,0.0369,0.3969
4DH_0098,338143506,MORNING SUN II,3600,60.0,3780.0,0.0018,0.3916
4DH_0098,338143506,MORNING SUN II,7200,120.0,7380.0,0.0,0.3913
4DH_0098,338143506,MORNING SUN II,10800,180.0,10980.0,0.0,0.3913
4DH_0099,338184094,DULCINEA,-10800,-180.0,0.0,1.0,0.5594
4DH_0099,338184094,DULCINEA,-7200,-120.0,0.0,1.0,0.5594
4DH_0099,338184094,DULCINEA,-3600,-60.0,0.0,1.0,0.5594
4DH_0099,338184094,DULCINEA,-1800,-30.0,0.0,1.0,0.5594
4DH_0099,338184094,DULCINEA,-900,-15.0,0.0,1.0,0.5594
4DH_0099,338184094,DULCINEA,0,0.0,180.0,0.7408,0.5205
4DH_0099,338184094,DULCINEA,900,15.0,1080.0,0.1653,0.4282
4DH_0099,338184094,DULCINEA,1800,30.0,1980.0,0.0369,0.3999
4DH_0099,338184094,DULCINEA,3600,60.0,3780.0,0.0018,0.3946
4DH_0099,338184094,DULCINEA,7200,120.0,7380.0,0.0,0.3944
4DH_0099,338184094,DULCINEA,10800,180.0,10980.0,0.0,0.3944
4DH_0100,338235704,BRUNSWICK,-10800,-180.0,0.0,1.0,0.6175
4DH_0100,338235704,BRUNSWICK,-7200,-120.0,0.0,1.0,0.6175
4DH_0100,338235704,BRUNSWICK,-3600,-60.0,0.0,1.0,0.6175
4DH_0100,338235704,BRUNSWICK,-1800,-30.0,0.0,1.0,0.6175
4DH_0100,338235704,BRUNSWICK,-900,-15.0,0.0,1.0,0.6175
4DH_0100,338235704,BRUNSWICK,0,0.0,149.0,0.7801,0.5845
4DH_0100,338235704,BRUNSWICK,900,15.0,1049.0,0.1741,0.4876
4DH_0100,338235704,BRUNSWICK,1800,30.0,1949.0,0.0388,0.4583
4DH_0100,338235704,BRUNSWICK,3600,60.0,3749.0,0.0019,0.4527
4DH_0100,338235704,BRUNSWICK,7200,120.0,7349.0,0.0,0.4525
4DH_0100,338235704,BRUNSWICK,10800,180.0,10949.0,0.0,0.4525
4DH_0101,338335542,STILL WATERS,-10800,-180.0,0.0,1.0,0.5675
4DH_0101,338335542,STILL WATERS,-7200,-120.0,0.0,1.0,0.5675
4DH_0101,338335542,STILL WATERS,-3600,-60.0,0.0,1.0,0.5675
4DH_0101,338335542,STILL WATERS,-1800,-30.0,0.0,1.0,0.5675
4DH_0101,338335542,STILL WATERS,-900,-15.0,0.0,1.0,0.5675
4DH_0101,338335542,STILL WATERS,0,0.0,180.0,0.7408,0.5286
4DH_0101,338335542,STILL WATERS,900,15.0,1080.0,0.1653,0.4363
4DH_0101,338335542,STILL WATERS,1800,30.0,1980.0,0.0369,0.408
4DH_0101,338335542,STILL WATERS,3600,60.0,3780.0,0.0018,0.4028
4DH_0101,338335542,STILL WATERS,7200,120.0,7380.0,0.0,0.4025
4DH_0101,338335542,STILL WATERS,10800,180.0,10980.0,0.0,0.4025
4DH_0102,339759000,REGALEC,-10800,-180.0,0.0,1.0,0.5579
4DH_0102,339759000,REGALEC,-7200,-120.0,0.0,1.0,0.5579
4DH_0102,339759000,REGALEC,-3600,-60.0,0.0,1.0,0.5579
4DH_0102,339759000,REGALEC,-1800,-30.0,0.0,1.0,0.5579
4DH_0102,339759000,REGALEC,-900,-15.0,0.0,1.0,0.5579
4DH_0102,339759000,REGALEC,0,0.0,540.0,0.4066,0.4689
4DH_0102,339759000,REGALEC,900,15.0,1440.0,0.0907,0.4065
4DH_0102,339759000,REGALEC,1800,30.0,2340.0,0.0202,0.3959
4DH_0102,339759000,REGALEC,3600,60.0,4140.0,0.001,0.3931
4DH_0102,339759000,REGALEC,7200,120.0,7740.0,0.0,0.3929
4DH_0102,339759000,REGALEC,10800,180.0,11340.0,0.0,0.3929
4DH_0103,367063030,EMERALD PRINCESS II,-10800,-180.0,0.0,1.0,0.6002
4DH_0103,367063030,EMERALD PRINCESS II,-7200,-120.0,0.0,1.0,0.6002
4DH_0103,367063030,EMERALD PRINCESS II,-3600,-60.0,0.0,1.0,0.6002
4DH_0103,367063030,EMERALD PRINCESS II,-1800,-30.0,0.0,1.0,0.6002
4DH_0103,367063030,EMERALD PRINCESS II,-900,-15.0,0.0,1.0,0.6002
4DH_0103,367063030,EMERALD PRINCESS II,0,0.0,359.0,0.5497,0.5327
4DH_0103,367063030,EMERALD PRINCESS II,900,15.0,1259.0,0.1227,0.4536
4DH_0103,367063030,EMERALD PRINCESS II,1800,30.0,2159.0,0.0274,0.4393
4DH_0103,367063030,EMERALD PRINCESS II,3600,60.0,3959.0,0.0014,0.4354
4DH_0103,367063030,EMERALD PRINCESS II,7200,120.0,7559.0,0.0,0.4352
4DH_0103,367063030,EMERALD PRINCESS II,10800,180.0,11159.0,0.0,0.4352
4DH_0104,367094180,CHICORY,-10800,-180.0,0.0,1.0,0.5594
4DH_0104,367094180,CHICORY,-7200,-120.0,0.0,1.0,0.5594
4DH_0104,367094180,CHICORY,-3600,-60.0,0.0,1.0,0.5594
4DH_0104,367094180,CHICORY,-1800,-30.0,0.0,1.0,0.5594
4DH_0104,367094180,CHICORY,-900,-15.0,0.0,1.0,0.5594
4DH_0104,367094180,CHICORY,0,0.0,179.0,0.7421,0.5207
4DH_0104,367094180,CHICORY,900,15.0,1079.0,0.1656,0.4283
4DH_0104,367094180,CHICORY,1800,30.0,1979.0,0.0369,0.4
4DH_0104,367094180,CHICORY,3600,60.0,3779.0,0.0018,0.3947
4DH_0104,367094180,CHICORY,7200,120.0,7379.0,0.0,0.3944
4DH_0104,367094180,CHICORY,10800,180.0,10979.0,0.0,0.3944
4DH_0105,367157730,AESTIVAL,-10800,-180.0,0.0,1.0,0.5574
4DH_0105,367157730,AESTIVAL,-7200,-120.0,0.0,1.0,0.5574
4DH_0105,367157730,AESTIVAL,-3600,-60.0,0.0,1.0,0.5574
4DH_0105,367157730,AESTIVAL,-1800,-30.0,0.0,1.0,0.5574
4DH_0105,367157730,AESTIVAL,-900,-15.0,0.0,1.0,0.5574
4DH_0105,367157730,AESTIVAL,0,0.0,180.0,0.7408,0.5185
4DH_0105,367157730,AESTIVAL,900,15.0,1080.0,0.1653,0.4262
4DH_0105,367157730,AESTIVAL,1800,30.0,1980.0,0.0369,0.398
4DH_0105,367157730,AESTIVAL,3600,60.0,3780.0,0.0018,0.3927
4DH_0105,367157730,AESTIVAL,7200,120.0,7380.0,0.0,0.3924
4DH_0105,367157730,AESTIVAL,10800,180.0,10980.0,0.0,0.3924
4DH_0106,367305420,DOROTHY MORAN,-10800,-180.0,0.0,1.0,0.6178
4DH_0106,367305420,DOROTHY MORAN,-7200,-120.0,0.0,1.0,0.6178
4DH_0106,367305420,DOROTHY MORAN,-3600,-60.0,0.0,1.0,0.6178
4DH_0106,367305420,DOROTHY MORAN,-1800,-30.0,0.0,1.0,0.6178
4DH_0106,367305420,DOROTHY MORAN,-900,-15.0,0.0,1.0,0.6178
4DH_0106,367305420,DOROTHY MORAN,0,0.0,72.0,0.8869,0.6009
4DH_0106,367305420,DOROTHY MORAN,900,15.0,972.0,0.1979,0.4915
4DH_0106,367305420,DOROTHY MORAN,1800,30.0,1872.0,0.0442,0.4594
4DH_0106,367305420,DOROTHY MORAN,3600,60.0,3672.0,0.0022,0.4532
4DH_0106,367305420,DOROTHY MORAN,7200,120.0,7272.0,0.0,0.4528
4DH_0106,367305420,DOROTHY MORAN,10800,180.0,10872.0,0.0,0.4528
4DH_0107,367369550,ANN MORAN,-10800,-180.0,0.0,1.0,0.6178
4DH_0107,367369550,ANN MORAN,-7200,-120.0,0.0,1.0,0.6178
4DH_0107,367369550,ANN MORAN,-3600,-60.0,0.0,1.0,0.6178
4DH_0107,367369550,ANN MORAN,-1800,-30.0,0.0,1.0,0.6178
4DH_0107,367369550,ANN MORAN,-900,-15.0,0.0,1.0,0.6178
4DH_0107,367369550,ANN MORAN,0,0.0,70.0,0.8899,0.6013
4DH_0107,367369550,ANN MORAN,900,15.0,970.0,0.1986,0.4916
4DH_0107,367369550,ANN MORAN,1800,30.0,1870.0,0.0443,0.4594
4DH_0107,367369550,ANN MORAN,3600,60.0,3670.0,0.0022,0.4531
4DH_0107,367369550,ANN MORAN,7200,120.0,7270.0,0.0,0.4528
4DH_0107,367369550,ANN MORAN,10800,180.0,10870.0,0.0,0.4528
4DH_0108,367569620,PURA VIDA,-10800,-180.0,0.0,1.0,0.5677
4DH_0108,367569620,PURA VIDA,-7200,-120.0,0.0,1.0,0.5677
4DH_0108,367569620,PURA VIDA,-3600,-60.0,0.0,1.0,0.5677
4DH_0108,367569620,PURA VIDA,-1800,-30.0,0.0,1.0,0.5677
4DH_0108,367569620,PURA VIDA,-900,-15.0,0.0,1.0,0.5677
4DH_0108,367569620,PURA VIDA,0,0.0,181.0,0.7396,0.5286
4DH_0108,367569620,PURA VIDA,900,15.0,1081.0,0.165,0.4364
4DH_0108,367569620,PURA VIDA,1800,30.0,1981.0,0.0368,0.4082
4DH_0108,367569620,PURA VIDA,3600,60.0,3781.0,0.0018,0.4029
4DH_0108,367569620,PURA VIDA,7200,120.0,7381.0,0.0,0.4027
4DH_0108,367569620,PURA VIDA,10800,180.0,10981.0,0.0,0.4027
4DH_0109,367691290,MISS LEXY,-10800,-180.0,0.0,1.0,0.5703
4DH_0109,367691290,MISS LEXY,-7200,-120.0,0.0,1.0,0.5703
4DH_0109,367691290,MISS LEXY,-3600,-60.0,0.0,1.0,0.5703
4DH_0109,367691290,MISS LEXY,-1800,-30.0,0.0,1.0,0.5703
4DH_0109,367691290,MISS LEXY,-900,-15.0,0.0,1.0,0.5703
4DH_0109,367691290,MISS LEXY,0,0.0,120.0,0.8187,0.5431
4DH_0109,367691290,MISS LEXY,900,15.0,1020.0,0.1827,0.4417
4DH_0109,367691290,MISS LEXY,1800,30.0,1920.0,0.0408,0.4114
4DH_0109,367691290,MISS LEXY,3600,60.0,3720.0,0.002,0.4056
4DH_0109,367691290,MISS LEXY,7200,120.0,7320.0,0.0,0.4053
4DH_0109,367691290,MISS LEXY,10800,180.0,10920.0,0.0,0.4053
4DH_0110,367753660,AQUAMARINE,-10800,-180.0,0.0,1.0,0.5588
4DH_0110,367753660,AQUAMARINE,-7200,-120.0,0.0,1.0,0.5588
4DH_0110,367753660,AQUAMARINE,-3600,-60.0,0.0,1.0,0.5588
4DH_0110,367753660,AQUAMARINE,-1800,-30.0,0.0,1.0,0.5588
4DH_0110,367753660,AQUAMARINE,-900,-15.0,0.0,1.0,0.5588
4DH_0110,367753660,AQUAMARINE,0,0.0,181.0,0.7396,0.5198
4DH_0110,367753660,AQUAMARINE,900,15.0,1081.0,0.165,0.4276
4DH_0110,367753660,AQUAMARINE,1800,30.0,1981.0,0.0368,0.3993
4DH_0110,367753660,AQUAMARINE,3600,60.0,3781.0,0.0018,0.3941
4DH_0110,367753660,AQUAMARINE,7200,120.0,7381.0,0.0,0.3938
4DH_0110,367753660,AQUAMARINE,10800,180.0,10981.0,0.0,0.3938
4DH_0111,367762440,SILVER GIRL II,-10800,-180.0,0.0,1.0,0.56
4DH_0111,367762440,SILVER GIRL II,-7200,-120.0,0.0,1.0,0.56
4DH_0111,367762440,SILVER GIRL II,-3600,-60.0,0.0,1.0,0.56
4DH_0111,367762440,SILVER GIRL II,-1800,-30.0,0.0,1.0,0.56
4DH_0111,367762440,SILVER GIRL II,-900,-15.0,0.0,1.0,0.56
4DH_0111,367762440,SILVER GIRL II,0,0.0,180.0,0.7408,0.5211
4DH_0111,367762440,SILVER GIRL II,900,15.0,1080.0,0.1653,0.4287
4DH_0111,367762440,SILVER GIRL II,1800,30.0,1980.0,0.0369,0.4005
4DH_0111,367762440,SILVER GIRL II,3600,60.0,3780.0,0.0018,0.3952
4DH_0111,367762440,SILVER GIRL II,7200,120.0,7380.0,0.0,0.395
4DH_0111,367762440,SILVER GIRL II,10800,180.0,10980.0,0.0,0.395
4DH_0112,368004680,TAKE IT EASY,-10800,-180.0,0.0,1.0,0.5683
4DH_0112,368004680,TAKE IT EASY,-7200,-120.0,0.0,1.0,0.5683
4DH_0112,368004680,TAKE IT EASY,-3600,-60.0,0.0,1.0,0.5683
4DH_0112,368004680,TAKE IT EASY,-1800,-30.0,0.0,1.0,0.5683
4DH_0112,368004680,TAKE IT EASY,-900,-15.0,0.0,1.0,0.5683
4DH_0112,368004680,TAKE IT EASY,0,0.0,180.0,0.7408,0.5294
4DH_0112,368004680,TAKE IT EASY,900,15.0,1080.0,0.1653,0.4371
4DH_0112,368004680,TAKE IT EASY,1800,30.0,1980.0,0.0369,0.4088
4DH_0112,368004680,TAKE IT EASY,3600,60.0,3780.0,0.0018,0.4036
4DH_0112,368004680,TAKE IT EASY,7200,120.0,7380.0,0.0,0.4033
4DH_0112,368004680,TAKE IT EASY,10800,180.0,10980.0,0.0,0.4033
4DH_0113,369201000,SALTY VIXEN,-10800,-180.0,0.0,1.0,0.5584
4DH_0113,369201000,SALTY VIXEN,-7200,-120.0,0.0,1.0,0.5584
4DH_0113,369201000,SALTY VIXEN,-3600,-60.0,0.0,1.0,0.5584
4DH_0113,369201000,SALTY VIXEN,-1800,-30.0,0.0,1.0,0.5584
4DH_0113,369201000,SALTY VIXEN,-900,-15.0,0.0,1.0,0.5584
4DH_0113,369201000,SALTY VIXEN,0,0.0,181.0,0.7396,0.5194
4DH_0113,369201000,SALTY VIXEN,900,15.0,1081.0,0.165,0.4272
4DH_0113,369201000,SALTY VIXEN,1800,30.0,1981.0,0.0368,0.399
4DH_0113,369201000,SALTY VIXEN,3600,60.0,3781.0,0.0018,0.3937
4DH_0113,369201000,SALTY VIXEN,7200,120.0,7381.0,0.0,0.3934
4DH_0113,369201000,SALTY VIXEN,10800,180.0,10981.0,0.0,0.3934
4DH_0114,369273000,ESCAPE PLAN,-10800,-180.0,0.0,1.0,0.5558
4DH_0114,369273000,ESCAPE PLAN,-7200,-120.0,0.0,1.0,0.5558
4DH_0114,369273000,ESCAPE PLAN,-3600,-60.0,0.0,1.0,0.5558
4DH_0114,369273000,ESCAPE PLAN,-1800,-30.0,0.0,1.0,0.5558
4DH_0114,369273000,ESCAPE PLAN,-900,-15.0,0.0,1.0,0.5558
4DH_0114,369273000,ESCAPE PLAN,0,0.0,180.0,0.7408,0.5169
4DH_0114,369273000,ESCAPE PLAN,900,15.0,1080.0,0.1653,0.4246
4DH_0114,369273000,ESCAPE PLAN,1800,30.0,1980.0,0.0369,0.3963
4DH_0114,369273000,ESCAPE PLAN,3600,60.0,3780.0,0.0018,0.3911
4DH_0114,369273000,ESCAPE PLAN,7200,120.0,7380.0,0.0,0.3908
4DH_0114,369273000,ESCAPE PLAN,10800,180.0,10980.0,0.0,0.3908
4DH_0115,538004697,EMERALD ACE,-10800,-180.0,0.0,1.0,0.5616
4DH_0115,538004697,EMERALD ACE,-7200,-120.0,0.0,1.0,0.5616
4DH_0115,538004697,EMERALD ACE,-3600,-60.0,0.0,1.0,0.5616
4DH_0115,538004697,EMERALD ACE,-1800,-30.0,0.0,1.0,0.5616
4DH_0115,538004697,EMERALD ACE,-900,-15.0,0.0,1.0,0.5616
4DH_0115,538004697,EMERALD ACE,0,0.0,180.0,0.7408,0.5228
4DH_0115,538004697,EMERALD ACE,900,15.0,1080.0,0.1653,0.4304
4DH_0115,538004697,EMERALD ACE,1800,30.0,1980.0,0.0369,0.4022
4DH_0115,538004697,EMERALD ACE,3600,60.0,3780.0,0.0018,0.3969
4DH_0115,538004697,EMERALD ACE,7200,120.0,7380.0,0.0,0.3966
4DH_0115,538004697,EMERALD ACE,10800,180.0,10980.0,0.0,0.3966
4DH_0116,538007762,UNKNOWN,-10800,-180.0,0.0,1.0,0.6185
4DH_0116,538007762,UNKNOWN,-7200,-120.0,0.0,1.0,0.6185
4DH_0116,538007762,UNKNOWN,-3600,-60.0,0.0,1.0,0.6185
4DH_0116,538007762,UNKNOWN,-1800,-30.0,0.0,1.0,0.6185
4DH_0116,538007762,UNKNOWN,-900,-15.0,0.0,1.0,0.6185
4DH_0116,538007762,UNKNOWN,0,0.0,91.0,0.8593,0.5974
4DH_0116,538007762,UNKNOWN,900,15.0,991.0,0.1917,0.4912
4DH_0116,538007762,UNKNOWN,1800,30.0,1891.0,0.0428,0.4599
4DH_0116,538007762,UNKNOWN,3600,60.0,3691.0,0.0021,0.4538
4DH_0116,538007762,UNKNOWN,7200,120.0,7291.0,0.0,0.4535
4DH_0116,538007762,UNKNOWN,10800,180.0,10891.0,0.0,0.4535
4DH_0117,311828000,KUJAWY,-10800,-180.0,0.0,1.0,0.5657
4DH_0117,311828000,KUJAWY,-7200,-120.0,0.0,1.0,0.5657
4DH_0117,311828000,KUJAWY,-3600,-60.0,0.0,1.0,0.5657
4DH_0117,311828000,KUJAWY,-1800,-30.0,0.0,1.0,0.5657
4DH_0117,311828000,KUJAWY,-900,-15.0,0.0,1.0,0.5657
4DH_0117,311828000,KUJAWY,0,0.0,180.0,0.7408,0.5268
4DH_0117,311828000,KUJAWY,900,15.0,1080.0,0.1653,0.4345
4DH_0117,311828000,KUJAWY,1800,30.0,1980.0,0.0369,0.4062
4DH_0117,311828000,KUJAWY,3600,60.0,3780.0,0.0018,0.401
4DH_0117,311828000,KUJAWY,7200,120.0,7380.0,0.0,0.4007
4DH_0117,311828000,KUJAWY,10800,180.0,10980.0,0.0,0.4007
4DH_0118,338102856,RESPONDER,-10800,-180.0,0.0,1.0,0.5909
4DH_0118,338102856,RESPONDER,-7200,-120.0,0.0,1.0,0.5909
4DH_0118,338102856,RESPONDER,-3600,-60.0,0.0,1.0,0.5909
4DH_0118,338102856,RESPONDER,-1800,-30.0,0.0,1.0,0.5909
4DH_0118,338102856,RESPONDER,-900,-15.0,0.0,1.0,0.5909
4DH_0118,338102856,RESPONDER,0,0.0,70.0,0.8899,0.5744
4DH_0118,338102856,RESPONDER,900,15.0,970.0,0.1986,0.4647
4DH_0118,338102856,RESPONDER,1800,30.0,1870.0,0.0443,0.4325
4DH_0118,338102856,RESPONDER,3600,60.0,3670.0,0.0022,0.4262
4DH_0118,338102856,RESPONDER,7200,120.0,7270.0,0.0,0.4259
4DH_0118,338102856,RESPONDER,10800,180.0,10870.0,0.0,0.4259
4DH_0119,338102861,RECOVERY,-10800,-180.0,0.0,1.0,0.5906
4DH_0119,338102861,RECOVERY,-7200,-120.0,0.0,1.0,0.5906
4DH_0119,338102861,RECOVERY,-3600,-60.0,0.0,1.0,0.5906
4DH_0119,338102861,RECOVERY,-1800,-30.0,0.0,1.0,0.5906
4DH_0119,338102861,RECOVERY,-900,-15.0,0.0,1.0,0.5906
4DH_0119,338102861,RECOVERY,0,0.0,62.0,0.9018,0.5759
4DH_0119,338102861,RECOVERY,900,15.0,962.0,0.2012,0.4648
4DH_0119,338102861,RECOVERY,1800,30.0,1862.0,0.0449,0.4323
4DH_0119,338102861,RECOVERY,3600,60.0,3662.0,0.0022,0.4259
4DH_0119,338102861,RECOVERY,7200,120.0,7262.0,0.0,0.4256
4DH_0119,338102861,RECOVERY,10800,180.0,10862.0,0.0,0.4256
4DH_0120,338143506,MORNING SUN II,-10800,-180.0,0.0,1.0,0.5404
4DH_0120,338143506,MORNING SUN II,-7200,-120.0,0.0,1.0,0.5404
4DH_0120,338143506,MORNING SUN II,-3600,-60.0,0.0,1.0,0.5404
4DH_0120,338143506,MORNING SUN II,-1800,-30.0,0.0,1.0,0.5404
4DH_0120,338143506,MORNING SUN II,-900,-15.0,0.0,1.0,0.5404
4DH_0120,338143506,MORNING SUN II,0,0.0,540.0,0.4066,0.4514
4DH_0120,338143506,MORNING SUN II,900,15.0,1440.0,0.0907,0.389
4DH_0120,338143506,MORNING SUN II,1800,30.0,2340.0,0.0202,0.3785
4DH_0120,338143506,MORNING SUN II,3600,60.0,4140.0,0.001,0.3756
4DH_0120,338143506,MORNING SUN II,7200,120.0,7740.0,0.0,0.3754
4DH_0120,338143506,MORNING SUN II,10800,180.0,11340.0,0.0,0.3754
4DH_0121,338184094,DULCINEA,-10800,-180.0,0.0,1.0,0.5434
4DH_0121,338184094,DULCINEA,-7200,-120.0,0.0,1.0,0.5434
4DH_0121,338184094,DULCINEA,-3600,-60.0,0.0,1.0,0.5434
4DH_0121,338184094,DULCINEA,-1800,-30.0,0.0,1.0,0.5434
4DH_0121,338184094,DULCINEA,-900,-15.0,0.0,1.0,0.5434
4DH_0121,338184094,DULCINEA,0,0.0,180.0,0.7408,0.5046
4DH_0121,338184094,DULCINEA,900,15.0,1080.0,0.1653,0.4122
4DH_0121,338184094,DULCINEA,1800,30.0,1980.0,0.0369,0.384
4DH_0121,338184094,DULCINEA,3600,60.0,3780.0,0.0018,0.3787
4DH_0121,338184094,DULCINEA,7200,120.0,7380.0,0.0,0.3784
4DH_0121,338184094,DULCINEA,10800,180.0,10980.0,0.0,0.3784
4DH_0122,338235704,BRUNSWICK,-10800,-180.0,0.0,1.0,0.5918
4DH_0122,338235704,BRUNSWICK,-7200,-120.0,0.0,1.0,0.5918
4DH_0122,338235704,BRUNSWICK,-3600,-60.0,0.0,1.0,0.5918
4DH_0122,338235704,BRUNSWICK,-1800,-30.0,0.0,1.0,0.5918
4DH_0122,338235704,BRUNSWICK,-900,-15.0,0.0,1.0,0.5918
4DH_0122,338235704,BRUNSWICK,0,0.0,89.0,0.8621,0.5711
4DH_0122,338235704,BRUNSWICK,900,15.0,989.0,0.1924,0.4647
4DH_0122,338235704,BRUNSWICK,1800,30.0,1889.0,0.0429,0.4333
4DH_0122,338235704,BRUNSWICK,3600,60.0,3689.0,0.0021,0.4271
4DH_0122,338235704,BRUNSWICK,7200,120.0,7289.0,0.0,0.4268
4DH_0122,338235704,BRUNSWICK,10800,180.0,10889.0,0.0,0.4268
4DH_0123,338335542,STILL WATERS,-10800,-180.0,0.0,1.0,0.5474
4DH_0123,338335542,STILL WATERS,-7200,-120.0,0.0,1.0,0.5474
4DH_0123,338335542,STILL WATERS,-3600,-60.0,0.0,1.0,0.5474
4DH_0123,338335542,STILL WATERS,-1800,-30.0,0.0,1.0,0.5474
4DH_0123,338335542,STILL WATERS,-900,-15.0,0.0,1.0,0.5474
4DH_0123,338335542,STILL WATERS,0,0.0,182.0,0.7384,0.5082
4DH_0123,338335542,STILL WATERS,900,15.0,1082.0,0.1647,0.4162
4DH_0123,338335542,STILL WATERS,1800,30.0,1982.0,0.0368,0.388
4DH_0123,338335542,STILL WATERS,3600,60.0,3782.0,0.0018,0.3827
4DH_0123,338335542,STILL WATERS,7200,120.0,7382.0,0.0,0.3824
4DH_0123,338335542,STILL WATERS,10800,180.0,10982.0,0.0,0.3824
4DH_0124,339759000,REGALEC,-10800,-180.0,0.0,1.0,0.542
4DH_0124,339759000,REGALEC,-7200,-120.0,0.0,1.0,0.542
4DH_0124,339759000,REGALEC,-3600,-60.0,0.0,1.0,0.542
4DH_0124,339759000,REGALEC,-1800,-30.0,0.0,1.0,0.542
4DH_0124,339759000,REGALEC,-900,-15.0,0.0,1.0,0.542
4DH_0124,339759000,REGALEC,0,0.0,540.0,0.4066,0.453
4DH_0124,339759000,REGALEC,900,15.0,1440.0,0.0907,0.3906
4DH_0124,339759000,REGALEC,1800,30.0,2340.0,0.0202,0.38
4DH_0124,339759000,REGALEC,3600,60.0,4140.0,0.001,0.3771
4DH_0124,339759000,REGALEC,7200,120.0,7740.0,0.0,0.377
4DH_0124,339759000,REGALEC,10800,180.0,11340.0,0.0,0.377
4DH_0125,367063030,EMERALD PRINCESS II,-10800,-180.0,0.0,1.0,0.5866
4DH_0125,367063030,EMERALD PRINCESS II,-7200,-120.0,0.0,1.0,0.5866
4DH_0125,367063030,EMERALD PRINCESS II,-3600,-60.0,0.0,1.0,0.5866
4DH_0125,367063030,EMERALD PRINCESS II,-1800,-30.0,0.0,1.0,0.5866
4DH_0125,367063030,EMERALD PRINCESS II,-900,-15.0,0.0,1.0,0.5866
4DH_0125,367063030,EMERALD PRINCESS II,0,0.0,179.0,0.7421,0.5479
4DH_0125,367063030,EMERALD PRINCESS II,900,15.0,1079.0,0.1656,0.4555
4DH_0125,367063030,EMERALD PRINCESS II,1800,30.0,1979.0,0.0369,0.4272
4DH_0125,367063030,EMERALD PRINCESS II,3600,60.0,3779.0,0.0018,0.4219
4DH_0125,367063030,EMERALD PRINCESS II,7200,120.0,7379.0,0.0,0.4216
4DH_0125,367063030,EMERALD PRINCESS II,10800,180.0,10979.0,0.0,0.4216
4DH_0126,367094180,CHICORY,-10800,-180.0,0.0,1.0,0.5435
4DH_0126,367094180,CHICORY,-7200,-120.0,0.0,1.0,0.5435
4DH_0126,367094180,CHICORY,-3600,-60.0,0.0,1.0,0.5435
4DH_0126,367094180,CHICORY,-1800,-30.0,0.0,1.0,0.5435
4DH_0126,367094180,CHICORY,-900,-15.0,0.0,1.0,0.5435
4DH_0126,367094180,CHICORY,0,0.0,359.0,0.5497,0.476
4DH_0126,367094180,CHICORY,900,15.0,1259.0,0.1227,0.3969
4DH_0126,367094180,CHICORY,1800,30.0,2159.0,0.0274,0.3826
4DH_0126,367094180,CHICORY,3600,60.0,3959.0,0.0014,0.3787
4DH_0126,367094180,CHICORY,7200,120.0,7559.0,0.0,0.3785
4DH_0126,367094180,CHICORY,10800,180.0,11159.0,0.0,0.3785
4DH_0127,367157730,AESTIVAL,-10800,-180.0,0.0,1.0,0.5415
4DH_0127,367157730,AESTIVAL,-7200,-120.0,0.0,1.0,0.5415
4DH_0127,367157730,AESTIVAL,-3600,-60.0,0.0,1.0,0.5415
4DH_0127,367157730,AESTIVAL,-1800,-30.0,0.0,1.0,0.5415
4DH_0127,367157730,AESTIVAL,-900,-15.0,0.0,1.0,0.5415
4DH_0127,367157730,AESTIVAL,0,0.0,181.0,0.7396,0.5024
4DH_0127,367157730,AESTIVAL,900,15.0,1081.0,0.165,0.4102
4DH_0127,367157730,AESTIVAL,1800,30.0,1981.0,0.0368,0.382
4DH_0127,367157730,AESTIVAL,3600,60.0,3781.0,0.0018,0.3768
4DH_0127,367157730,AESTIVAL,7200,120.0,7381.0,0.0,0.3765
4DH_0127,367157730,AESTIVAL,10800,180.0,10981.0,0.0,0.3765
4DH_0128,367305420,DOROTHY MORAN,-10800,-180.0,0.0,1.0,0.5911
4DH_0128,367305420,DOROTHY MORAN,-7200,-120.0,0.0,1.0,0.5911
4DH_0128,367305420,DOROTHY MORAN,-3600,-60.0,0.0,1.0,0.5911
4DH_0128,367305420,DOROTHY MORAN,-1800,-30.0,0.0,1.0,0.5911
4DH_0128,367305420,DOROTHY MORAN,-900,-15.0,0.0,1.0,0.5911
4DH_0128,367305420,DOROTHY MORAN,0,0.0,89.0,0.8621,0.5704
4DH_0128,367305420,DOROTHY MORAN,900,15.0,989.0,0.1924,0.464
4DH_0128,367305420,DOROTHY MORAN,1800,30.0,1889.0,0.0429,0.4325
4DH_0128,367305420,DOROTHY MORAN,3600,60.0,3689.0,0.0021,0.4264
4DH_0128,367305420,DOROTHY MORAN,7200,120.0,7289.0,0.0,0.4261
4DH_0128,367305420,DOROTHY MORAN,10800,180.0,10889.0,0.0,0.4261
4DH_0129,367369550,ANN MORAN,-10800,-180.0,0.0,1.0,0.5911
4DH_0129,367369550,ANN MORAN,-7200,-120.0,0.0,1.0,0.5911
4DH_0129,367369550,ANN MORAN,-3600,-60.0,0.0,1.0,0.5911
4DH_0129,367369550,ANN MORAN,-1800,-30.0,0.0,1.0,0.5911
4DH_0129,367369550,ANN MORAN,-900,-15.0,0.0,1.0,0.5911
4DH_0129,367369550,ANN MORAN,0,0.0,129.0,0.8065,0.562
4DH_0129,367369550,ANN MORAN,900,15.0,1029.0,0.18,0.4621
4DH_0129,367369550,ANN MORAN,1800,30.0,1929.0,0.0402,0.4321
4DH_0129,367369550,ANN MORAN,3600,60.0,3729.0,0.002,0.4264
4DH_0129,367369550,ANN MORAN,7200,120.0,7329.0,0.0,0.4261
4DH_0129,367369550,ANN MORAN,10800,180.0,10929.0,0.0,0.4261
4DH_0130,367458950,WYOMING WIND,-10800,-180.0,0.0,1.0,0.5421
4DH_0130,367458950,WYOMING WIND,-7200,-120.0,0.0,1.0,0.5421
4DH_0130,367458950,WYOMING WIND,-3600,-60.0,0.0,1.0,0.5421
4DH_0130,367458950,WYOMING WIND,-1800,-30.0,0.0,1.0,0.5421
4DH_0130,367458950,WYOMING WIND,-900,-15.0,0.0,1.0,0.5421
4DH_0130,367458950,WYOMING WIND,0,0.0,721.0,0.3007,0.4312
4DH_0130,367458950,WYOMING WIND,900,15.0,1621.0,0.0671,0.3872
4DH_0130,367458950,WYOMING WIND,1800,30.0,2521.0,0.015,0.3794
4DH_0130,367458950,WYOMING WIND,3600,60.0,4321.0,0.0007,0.3772
4DH_0130,367458950,WYOMING WIND,7200,120.0,7921.0,0.0,0.3771
4DH_0130,367458950,WYOMING WIND,10800,180.0,11521.0,0.0,0.3771
4DH_0131,367569620,PURA VIDA,-10800,-180.0,0.0,1.0,0.5476
4DH_0131,367569620,PURA VIDA,-7200,-120.0,0.0,1.0,0.5476
4DH_0131,367569620,PURA VIDA,-3600,-60.0,0.0,1.0,0.5476
4DH_0131,367569620,PURA VIDA,-1800,-30.0,0.0,1.0,0.5476
4DH_0131,367569620,PURA VIDA,-900,-15.0,0.0,1.0,0.5476
4DH_0131,367569620,PURA VIDA,0,0.0,182.0,0.7384,0.5083
4DH_0131,367569620,PURA VIDA,900,15.0,1082.0,0.1647,0.4163
4DH_0131,367569620,PURA VIDA,1800,30.0,1982.0,0.0368,0.3881
4DH_0131,367569620,PURA VIDA,3600,60.0,3782.0,0.0018,0.3828
4DH_0131,367569620,PURA VIDA,7200,120.0,7382.0,0.0,0.3826
4DH_0131,367569620,PURA VIDA,10800,180.0,10982.0,0.0,0.3826
4DH_0132,367691290,MISS LEXY,-10800,-180.0,0.0,1.0,0.5544
4DH_0132,367691290,MISS LEXY,-7200,-120.0,0.0,1.0,0.5544
4DH_0132,367691290,MISS LEXY,-3600,-60.0,0.0,1.0,0.5544
4DH_0132,367691290,MISS LEXY,-1800,-30.0,0.0,1.0,0.5544
4DH_0132,367691290,MISS LEXY,-900,-15.0,0.0,1.0,0.5544
4DH_0132,367691290,MISS LEXY,0,0.0,69.0,0.8914,0.5381
4DH_0132,367691290,MISS LEXY,900,15.0,969.0,0.1989,0.4282
4DH_0132,367691290,MISS LEXY,1800,30.0,1869.0,0.0444,0.396
4DH_0132,367691290,MISS LEXY,3600,60.0,3669.0,0.0022,0.3897
4DH_0132,367691290,MISS LEXY,7200,120.0,7269.0,0.0,0.3894
4DH_0132,367691290,MISS LEXY,10800,180.0,10869.0,0.0,0.3894
4DH_0133,367753660,AQUAMARINE,-10800,-180.0,0.0,1.0,0.5429
4DH_0133,367753660,AQUAMARINE,-7200,-120.0,0.0,1.0,0.5429
4DH_0133,367753660,AQUAMARINE,-3600,-60.0,0.0,1.0,0.5429
4DH_0133,367753660,AQUAMARINE,-1800,-30.0,0.0,1.0,0.5429
4DH_0133,367753660,AQUAMARINE,-900,-15.0,0.0,1.0,0.5429
4DH_0133,367753660,AQUAMARINE,0,0.0,180.0,0.7408,0.504
4DH_0133,367753660,AQUAMARINE,900,15.0,1080.0,0.1653,0.4117
4DH_0133,367753660,AQUAMARINE,1800,30.0,1980.0,0.0369,0.3834
4DH_0133,367753660,AQUAMARINE,3600,60.0,3780.0,0.0018,0.3782
4DH_0133,367753660,AQUAMARINE,7200,120.0,7380.0,0.0,0.3779
4DH_0133,367753660,AQUAMARINE,10800,180.0,10980.0,0.0,0.3779
4DH_0134,367762440,SILVER GIRL II,-10800,-180.0,0.0,1.0,0.544
4DH_0134,367762440,SILVER GIRL II,-7200,-120.0,0.0,1.0,0.544
4DH_0134,367762440,SILVER GIRL II,-3600,-60.0,0.0,1.0,0.544
4DH_0134,367762440,SILVER GIRL II,-1800,-30.0,0.0,1.0,0.544
4DH_0134,367762440,SILVER GIRL II,-900,-15.0,0.0,1.0,0.544
4DH_0134,367762440,SILVER GIRL II,0,0.0,357.0,0.5516,0.4768
4DH_0134,367762440,SILVER GIRL II,900,15.0,1257.0,0.1231,0.3975
4DH_0134,367762440,SILVER GIRL II,1800,30.0,2157.0,0.0275,0.3832
4DH_0134,367762440,SILVER GIRL II,3600,60.0,3957.0,0.0014,0.3792
4DH_0134,367762440,SILVER GIRL II,7200,120.0,7557.0,0.0,0.379
4DH_0134,367762440,SILVER GIRL II,10800,180.0,11157.0,0.0,0.379
4DH_0135,368004680,TAKE IT EASY,-10800,-180.0,0.0,1.0,0.5481
4DH_0135,368004680,TAKE IT EASY,-7200,-120.0,0.0,1.0,0.5481
4DH_0135,368004680,TAKE IT EASY,-3600,-60.0,0.0,1.0,0.5481
4DH_0135,368004680,TAKE IT EASY,-1800,-30.0,0.0,1.0,0.5481
4DH_0135,368004680,TAKE IT EASY,-900,-15.0,0.0,1.0,0.5481
4DH_0135,368004680,TAKE IT EASY,0,0.0,181.0,0.7396,0.5091
4DH_0135,368004680,TAKE IT EASY,900,15.0,1081.0,0.165,0.4169
4DH_0135,368004680,TAKE IT EASY,1800,30.0,1981.0,0.0368,0.3887
4DH_0135,368004680,TAKE IT EASY,3600,60.0,3781.0,0.0018,0.3834
4DH_0135,368004680,TAKE IT EASY,7200,120.0,7381.0,0.0,0.3831
4DH_0135,368004680,TAKE IT EASY,10800,180.0,10981.0,0.0,0.3831
4DH_0136,369201000,SALTY VIXEN,-10800,-180.0,0.0,1.0,0.5425
4DH_0136,369201000,SALTY VIXEN,-7200,-120.0,0.0,1.0,0.5425
4DH_0136,369201000,SALTY VIXEN,-3600,-60.0,0.0,1.0,0.5425
4DH_0136,369201000,SALTY VIXEN,-1800,-30.0,0.0,1.0,0.5425
4DH_0136,369201000,SALTY VIXEN,-900,-15.0,0.0,1.0,0.5425
4DH_0136,369201000,SALTY VIXEN,0,0.0,180.0,0.7408,0.5036
4DH_0136,369201000,SALTY VIXEN,900,15.0,1080.0,0.1653,0.4113
4DH_0136,369201000,SALTY VIXEN,1800,30.0,1980.0,0.0369,0.383
4DH_0136,369201000,SALTY VIXEN,3600,60.0,3780.0,0.0018,0.3778
4DH_0136,369201000,SALTY VIXEN,7200,120.0,7380.0,0.0,0.3775
4DH_0136,369201000,SALTY VIXEN,10800,180.0,10980.0,0.0,0.3775
4DH_0137,369273000,ESCAPE PLAN,-10800,-180.0,0.0,1.0,0.5399
4DH_0137,369273000,ESCAPE PLAN,-7200,-120.0,0.0,1.0,0.5399
4DH_0137,369273000,ESCAPE PLAN,-3600,-60.0,0.0,1.0,0.5399
4DH_0137,369273000,ESCAPE PLAN,-1800,-30.0,0.0,1.0,0.5399
4DH_0137,369273000,ESCAPE PLAN,-900,-15.0,0.0,1.0,0.5399
4DH_0137,369273000,ESCAPE PLAN,0,0.0,177.0,0.7445,0.5016
4DH_0137,369273000,ESCAPE PLAN,900,15.0,1077.0,0.1661,0.4088
4DH_0137,369273000,ESCAPE PLAN,1800,30.0,1977.0,0.0371,0.3804
4DH_0137,369273000,ESCAPE PLAN,3600,60.0,3777.0,0.0018,0.3752
4DH_0137,369273000,ESCAPE PLAN,7200,120.0,7377.0,0.0,0.3749
4DH_0137,369273000,ESCAPE PLAN,10800,180.0,10977.0,0.0,0.3749
4DH_0138,538004697,EMERALD ACE,-10800,-180.0,0.0,1.0,0.5476
4DH_0138,538004697,EMERALD ACE,-7200,-120.0,0.0,1.0,0.5476
4DH_0138,538004697,EMERALD ACE,-3600,-60.0,0.0,1.0,0.5476
4DH_0138,538004697,EMERALD ACE,-1800,-30.0,0.0,1.0,0.5476
4DH_0138,538004697,EMERALD ACE,-900,-15.0,0.0,1.0,0.5476
4DH_0138,538004697,EMERALD ACE,0,0.0,180.0,0.7408,0.5088
4DH_0138,538004697,EMERALD ACE,900,15.0,1080.0,0.1653,0.4164
4DH_0138,538004697,EMERALD ACE,1800,30.0,1980.0,0.0369,0.3882
4DH_0138,538004697,EMERALD ACE,3600,60.0,3780.0,0.0018,0.3829
4DH_0138,538004697,EMERALD ACE,7200,120.0,7380.0,0.0,0.3826
4DH_0138,538004697,EMERALD ACE,10800,180.0,10980.0,0.0,0.3826
4DH_0139,538007762,UNKNOWN,-10800,-180.0,0.0,1.0,0.5918
4DH_0139,538007762,UNKNOWN,-7200,-120.0,0.0,1.0,0.5918
4DH_0139,538007762,UNKNOWN,-3600,-60.0,0.0,1.0,0.5918
4DH_0139,538007762,UNKNOWN,-1800,-30.0,0.0,1.0,0.5918
4DH_0139,538007762,UNKNOWN,-900,-15.0,0.0,1.0,0.5918
4DH_0139,538007762,UNKNOWN,0,0.0,90.0,0.8607,0.5709
4DH_0139,538007762,UNKNOWN,900,15.0,990.0,0.192,0.4646
4DH_0139,538007762,UNKNOWN,1800,30.0,1890.0,0.0429,0.4332
4DH_0139,538007762,UNKNOWN,3600,60.0,3690.0,0.0021,0.4271
4DH_0139,538007762,UNKNOWN,7200,120.0,7290.0,0.0,0.4268
4DH_0139,538007762,UNKNOWN,10800,180.0,10890.0,0.0,0.4268
4DH_0140,311828000,KUJAWY,-10800,-180.0,0.0,1.0,0.5455
4DH_0140,311828000,KUJAWY,-7200,-120.0,0.0,1.0,0.5455
4DH_0140,311828000,KUJAWY,-3600,-60.0,0.0,1.0,0.5455
4DH_0140,311828000,KUJAWY,-1800,-30.0,0.0,1.0,0.5455
4DH_0140,311828000,KUJAWY,-900,-15.0,0.0,1.0,0.5455
4DH_0140,311828000,KUJAWY,0,0.0,180.0,0.7408,0.5066
4DH_0140,311828000,KUJAWY,900,15.0,1080.0,0.1653,0.4143
4DH_0140,311828000,KUJAWY,1800,30.0,1980.0,0.0369,0.386
4DH_0140,311828000,KUJAWY,3600,60.0,3780.0,0.0018,0.3807
4DH_0140,311828000,KUJAWY,7200,120.0,7380.0,0.0,0.3805
4DH_0140,311828000,KUJAWY,10800,180.0,10980.0,0.0,0.3805
4DH_0141,338143506,MORNING SUN II,-10800,-180.0,0.0,1.0,0.5206
4DH_0141,338143506,MORNING SUN II,-7200,-120.0,0.0,1.0,0.5206
4DH_0141,338143506,MORNING SUN II,-3600,-60.0,0.0,1.0,0.5206
4DH_0141,338143506,MORNING SUN II,-1800,-30.0,0.0,1.0,0.5206
4DH_0141,338143506,MORNING SUN II,-900,-15.0,0.0,1.0,0.5206
4DH_0141,338143506,MORNING SUN II,0,0.0,359.0,0.5497,0.453
4DH_0141,338143506,MORNING SUN II,900,15.0,1259.0,0.1227,0.374
4DH_0141,338143506,MORNING SUN II,1800,30.0,2159.0,0.0274,0.3597
4DH_0141,338143506,MORNING SUN II,3600,60.0,3959.0,0.0014,0.3558
4DH_0141,338143506,MORNING SUN II,7200,120.0,7559.0,0.0,0.3556
4DH_0141,338143506,MORNING SUN II,10800,180.0,11159.0,0.0,0.3556
4DH_0142,338184094,DULCINEA,-10800,-180.0,0.0,1.0,0.5235
4DH_0142,338184094,DULCINEA,-7200,-120.0,0.0,1.0,0.5235
4DH_0142,338184094,DULCINEA,-3600,-60.0,0.0,1.0,0.5235
4DH_0142,338184094,DULCINEA,-1800,-30.0,0.0,1.0,0.5235
4DH_0142,338184094,DULCINEA,-900,-15.0,0.0,1.0,0.5235
4DH_0142,338184094,DULCINEA,0,0.0,177.0,0.7445,0.4852
4DH_0142,338184094,DULCINEA,900,15.0,1077.0,0.1661,0.3924
4DH_0142,338184094,DULCINEA,1800,30.0,1977.0,0.0371,0.3641
4DH_0142,338184094,DULCINEA,3600,60.0,3777.0,0.0018,0.3588
4DH_0142,338184094,DULCINEA,7200,120.0,7377.0,0.0,0.3585
4DH_0142,338184094,DULCINEA,10800,180.0,10977.0,0.0,0.3585
4DH_0143,338335542,STILL WATERS,-10800,-180.0,0.0,1.0,0.5243
4DH_0143,338335542,STILL WATERS,-7200,-120.0,0.0,1.0,0.5243
4DH_0143,338335542,STILL WATERS,-3600,-60.0,0.0,1.0,0.5243
4DH_0143,338335542,STILL WATERS,-1800,-30.0,0.0,1.0,0.5243
4DH_0143,338335542,STILL WATERS,-900,-15.0,0.0,1.0,0.5243
4DH_0143,338335542,STILL WATERS,0,0.0,362.0,0.547,0.4564
4DH_0143,338335542,STILL WATERS,900,15.0,1262.0,0.122,0.3776
4DH_0143,338335542,STILL WATERS,1800,30.0,2162.0,0.0272,0.3634
4DH_0143,338335542,STILL WATERS,3600,60.0,3962.0,0.0014,0.3595
4DH_0143,338335542,STILL WATERS,7200,120.0,7562.0,0.0,0.3593
4DH_0143,338335542,STILL WATERS,10800,180.0,11162.0,0.0,0.3593
4DH_0144,339759000,REGALEC,-10800,-180.0,0.0,1.0,0.5221
4DH_0144,339759000,REGALEC,-7200,-120.0,0.0,1.0,0.5221
4DH_0144,339759000,REGALEC,-3600,-60.0,0.0,1.0,0.5221
4DH_0144,339759000,REGALEC,-1800,-30.0,0.0,1.0,0.5221
4DH_0144,339759000,REGALEC,-900,-15.0,0.0,1.0,0.5221
4DH_0144,339759000,REGALEC,0,0.0,720.0,0.3012,0.4113
4DH_0144,339759000,REGALEC,900,15.0,1620.0,0.0672,0.3672
4DH_0144,339759000,REGALEC,1800,30.0,2520.0,0.015,0.3593
4DH_0144,339759000,REGALEC,3600,60.0,4320.0,0.0007,0.3572
4DH_0144,339759000,REGALEC,7200,120.0,7920.0,0.0,0.3571
4DH_0144,339759000,REGALEC,10800,180.0,11520.0,0.0,0.3571
4DH_0145,367063030,EMERALD PRINCESS II,-10800,-180.0,0.0,1.0,0.5676
4DH_0145,367063030,EMERALD PRINCESS II,-7200,-120.0,0.0,1.0,0.5676
4DH_0145,367063030,EMERALD PRINCESS II,-3600,-60.0,0.0,1.0,0.5676
4DH_0145,367063030,EMERALD PRINCESS II,-1800,-30.0,0.0,1.0,0.5676
4DH_0145,367063030,EMERALD PRINCESS II,-900,-15.0,0.0,1.0,0.5676
4DH_0145,367063030,EMERALD PRINCESS II,0,0.0,361.0,0.5479,0.4998
4DH_0145,367063030,EMERALD PRINCESS II,900,15.0,1261.0,0.1223,0.421
4DH_0145,367063030,EMERALD PRINCESS II,1800,30.0,2161.0,0.0273,0.4067
4DH_0145,367063030,EMERALD PRINCESS II,3600,60.0,3961.0,0.0014,0.4028
4DH_0145,367063030,EMERALD PRINCESS II,7200,120.0,7561.0,0.0,0.4026
4DH_0145,367063030,EMERALD PRINCESS II,10800,180.0,11161.0,0.0,0.4026
4DH_0146,367094180,CHICORY,-10800,-180.0,0.0,1.0,0.5236
4DH_0146,367094180,CHICORY,-7200,-120.0,0.0,1.0,0.5236
4DH_0146,367094180,CHICORY,-3600,-60.0,0.0,1.0,0.5236
4DH_0146,367094180,CHICORY,-1800,-30.0,0.0,1.0,0.5236
4DH_0146,367094180,CHICORY,-900,-15.0,0.0,1.0,0.5236
4DH_0146,367094180,CHICORY,0,0.0,181.0,0.7396,0.4845
4DH_0146,367094180,CHICORY,900,15.0,1081.0,0.165,0.3923
4DH_0146,367094180,CHICORY,1800,30.0,1981.0,0.0368,0.3641
4DH_0146,367094180,CHICORY,3600,60.0,3781.0,0.0018,0.3588
4DH_0146,367094180,CHICORY,7200,120.0,7381.0,0.0,0.3586
4DH_0146,367094180,CHICORY,10800,180.0,10981.0,0.0,0.3586
4DH_0147,367157730,AESTIVAL,-10800,-180.0,0.0,1.0,0.5216
4DH_0147,367157730,AESTIVAL,-7200,-120.0,0.0,1.0,0.5216
4DH_0147,367157730,AESTIVAL,-3600,-60.0,0.0,1.0,0.5216
4DH_0147,367157730,AESTIVAL,-1800,-30.0,0.0,1.0,0.5216
4DH_0147,367157730,AESTIVAL,-900,-15.0,0.0,1.0,0.5216
4DH_0147,367157730,AESTIVAL,0,0.0,180.0,0.7408,0.4827
4DH_0147,367157730,AESTIVAL,900,15.0,1080.0,0.1653,0.3904
4DH_0147,367157730,AESTIVAL,1800,30.0,1980.0,0.0369,0.3621
4DH_0147,367157730,AESTIVAL,3600,60.0,3780.0,0.0018,0.3569
4DH_0147,367157730,AESTIVAL,7200,120.0,7380.0,0.0,0.3566
4DH_0147,367157730,AESTIVAL,10800,180.0,10980.0,0.0,0.3566
4DH_0148,367305420,DOROTHY MORAN,-10800,-180.0,0.0,1.0,0.5394
4DH_0148,367305420,DOROTHY MORAN,-7200,-120.0,0.0,1.0,0.5394
4DH_0148,367305420,DOROTHY MORAN,-3600,-60.0,0.0,1.0,0.5394
4DH_0148,367305420,DOROTHY MORAN,-1800,-30.0,0.0,1.0,0.5394
4DH_0148,367305420,DOROTHY MORAN,-900,-15.0,0.0,1.0,0.5394
4DH_0148,367305420,DOROTHY MORAN,0,0.0,80.0,0.8752,0.5207
4DH_0148,367305420,DOROTHY MORAN,900,15.0,980.0,0.1953,0.4127
4DH_0148,367305420,DOROTHY MORAN,1800,30.0,1880.0,0.0436,0.381
4DH_0148,367305420,DOROTHY MORAN,3600,60.0,3680.0,0.0022,0.3747
4DH_0148,367305420,DOROTHY MORAN,7200,120.0,7280.0,0.0,0.3744
4DH_0148,367305420,DOROTHY MORAN,10800,180.0,10880.0,0.0,0.3744
4DH_0149,367369550,ANN MORAN,-10800,-180.0,0.0,1.0,0.5333
4DH_0149,367369550,ANN MORAN,-7200,-120.0,0.0,1.0,0.5333
4DH_0149,367369550,ANN MORAN,-3600,-60.0,0.0,1.0,0.5333
4DH_0149,367369550,ANN MORAN,-1800,-30.0,0.0,1.0,0.5333
4DH_0149,367369550,ANN MORAN,-900,-15.0,0.0,1.0,0.5333
4DH_0149,367369550,ANN MORAN,0,0.0,70.0,0.8899,0.5168
4DH_0149,367369550,ANN MORAN,900,15.0,970.0,0.1986,0.4071
4DH_0149,367369550,ANN MORAN,1800,30.0,1870.0,0.0443,0.375
4DH_0149,367369550,ANN MORAN,3600,60.0,3670.0,0.0022,0.3687
4DH_0149,367369550,ANN MORAN,7200,120.0,7270.0,0.0,0.3683
4DH_0149,367369550,ANN MORAN,10800,180.0,10870.0,0.0,0.3683
4DH_0150,367458950,WYOMING WIND,-10800,-180.0,0.0,1.0,0.5222
4DH_0150,367458950,WYOMING WIND,-7200,-120.0,0.0,1.0,0.5222
4DH_0150,367458950,WYOMING WIND,-3600,-60.0,0.0,1.0,0.5222
4DH_0150,367458950,WYOMING WIND,-1800,-30.0,0.0,1.0,0.5222
4DH_0150,367458950,WYOMING WIND,-900,-15.0,0.0,1.0,0.5222
4DH_0150,367458950,WYOMING WIND,0,0.0,183.0,0.7371,0.4828
4DH_0150,367458950,WYOMING WIND,900,15.0,1083.0,0.1645,0.3909
4DH_0150,367458950,WYOMING WIND,1800,30.0,1983.0,0.0367,0.3627
4DH_0150,367458950,WYOMING WIND,3600,60.0,3783.0,0.0018,0.3575
4DH_0150,367458950,WYOMING WIND,7200,120.0,7383.0,0.0,0.3572
4DH_0150,367458950,WYOMING WIND,10800,180.0,10983.0,0.0,0.3572
4DH_0151,367569620,PURA VIDA,-10800,-180.0,0.0,1.0,0.5244
4DH_0151,367569620,PURA VIDA,-7200,-120.0,0.0,1.0,0.5244
4DH_0151,367569620,PURA VIDA,-3600,-60.0,0.0,1.0,0.5244
4DH_0151,367569620,PURA VIDA,-1800,-30.0,0.0,1.0,0.5244
4DH_0151,367569620,PURA VIDA,-900,-15.0,0.0,1.0,0.5244
4DH_0151,367569620,PURA VIDA,0,0.0,181.0,0.7396,0.4854
4DH_0151,367569620,PURA VIDA,900,15.0,1081.0,0.165,0.3932
4DH_0151,367569620,PURA VIDA,1800,30.0,1981.0,0.0368,0.365
4DH_0151,367569620,PURA VIDA,3600,60.0,3781.0,0.0018,0.3597
4DH_0151,367569620,PURA VIDA,7200,120.0,7381.0,0.0,0.3594
4DH_0151,367569620,PURA VIDA,10800,180.0,10981.0,0.0,0.3594
4DH_0152,367691290,MISS LEXY,-10800,-180.0,0.0,1.0,0.5342
4DH_0152,367691290,MISS LEXY,-7200,-120.0,0.0,1.0,0.5342
4DH_0152,367691290,MISS LEXY,-3600,-60.0,0.0,1.0,0.5342
4DH_0152,367691290,MISS LEXY,-1800,-30.0,0.0,1.0,0.5342
4DH_0152,367691290,MISS LEXY,-900,-15.0,0.0,1.0,0.5342
4DH_0152,367691290,MISS LEXY,0,0.0,120.0,0.8187,0.507
4DH_0152,367691290,MISS LEXY,900,15.0,1020.0,0.1827,0.4056
4DH_0152,367691290,MISS LEXY,1800,30.0,1920.0,0.0408,0.3753
4DH_0152,367691290,MISS LEXY,3600,60.0,3720.0,0.002,0.3695
4DH_0152,367691290,MISS LEXY,7200,120.0,7320.0,0.0,0.3692
4DH_0152,367691290,MISS LEXY,10800,180.0,10920.0,0.0,0.3692
4DH_0153,367753660,AQUAMARINE,-10800,-180.0,0.0,1.0,0.5229
4DH_0153,367753660,AQUAMARINE,-7200,-120.0,0.0,1.0,0.5229
4DH_0153,367753660,AQUAMARINE,-3600,-60.0,0.0,1.0,0.5229
4DH_0153,367753660,AQUAMARINE,-1800,-30.0,0.0,1.0,0.5229
4DH_0153,367753660,AQUAMARINE,-900,-15.0,0.0,1.0,0.5229
4DH_0153,367753660,AQUAMARINE,0,0.0,180.0,0.7408,0.4841
4DH_0153,367753660,AQUAMARINE,900,15.0,1080.0,0.1653,0.3917
4DH_0153,367753660,AQUAMARINE,1800,30.0,1980.0,0.0369,0.3635
4DH_0153,367753660,AQUAMARINE,3600,60.0,3780.0,0.0018,0.3582
4DH_0153,367753660,AQUAMARINE,7200,120.0,7380.0,0.0,0.3579
4DH_0153,367753660,AQUAMARINE,10800,180.0,10980.0,0.0,0.3579
4DH_0154,367762440,SILVER GIRL II,-10800,-180.0,0.0,1.0,0.5241
4DH_0154,367762440,SILVER GIRL II,-7200,-120.0,0.0,1.0,0.5241
4DH_0154,367762440,SILVER GIRL II,-3600,-60.0,0.0,1.0,0.5241
4DH_0154,367762440,SILVER GIRL II,-1800,-30.0,0.0,1.0,0.5241
4DH_0154,367762440,SILVER GIRL II,-900,-15.0,0.0,1.0,0.5241
4DH_0154,367762440,SILVER GIRL II,0,0.0,361.0,0.5479,0.4563
4DH_0154,367762440,SILVER GIRL II,900,15.0,1261.0,0.1223,0.3774
4DH_0154,367762440,SILVER GIRL II,1800,30.0,2161.0,0.0273,0.3632
4DH_0154,367762440,SILVER GIRL II,3600,60.0,3961.0,0.0014,0.3593
4DH_0154,367762440,SILVER GIRL II,7200,120.0,7561.0,0.0,0.3591
4DH_0154,367762440,SILVER GIRL II,10800,180.0,11161.0,0.0,0.3591
4DH_0155,368004680,TAKE IT EASY,-10800,-180.0,0.0,1.0,0.525
4DH_0155,368004680,TAKE IT EASY,-7200,-120.0,0.0,1.0,0.525
4DH_0155,368004680,TAKE IT EASY,-3600,-60.0,0.0,1.0,0.525
4DH_0155,368004680,TAKE IT EASY,-1800,-30.0,0.0,1.0,0.525
4DH_0155,368004680,TAKE IT EASY,-900,-15.0,0.0,1.0,0.525
4DH_0155,368004680,TAKE IT EASY,0,0.0,181.0,0.7396,0.4859
4DH_0155,368004680,TAKE IT EASY,900,15.0,1081.0,0.165,0.3937
4DH_0155,368004680,TAKE IT EASY,1800,30.0,1981.0,0.0368,0.3655
4DH_0155,368004680,TAKE IT EASY,3600,60.0,3781.0,0.0018,0.3602
4DH_0155,368004680,TAKE IT EASY,7200,120.0,7381.0,0.0,0.36
4DH_0155,368004680,TAKE IT EASY,10800,180.0,10981.0,0.0,0.36
4DH_0156,369201000,SALTY VIXEN,-10800,-180.0,0.0,1.0,0.5226
4DH_0156,369201000,SALTY VIXEN,-7200,-120.0,0.0,1.0,0.5226
4DH_0156,369201000,SALTY VIXEN,-3600,-60.0,0.0,1.0,0.5226
4DH_0156,369201000,SALTY VIXEN,-1800,-30.0,0.0,1.0,0.5226
4DH_0156,369201000,SALTY VIXEN,-900,-15.0,0.0,1.0,0.5226
4DH_0156,369201000,SALTY VIXEN,0,0.0,178.0,0.7433,0.4841
4DH_0156,369201000,SALTY VIXEN,900,15.0,1078.0,0.1659,0.3914
4DH_0156,369201000,SALTY VIXEN,1800,30.0,1978.0,0.037,0.3631
4DH_0156,369201000,SALTY VIXEN,3600,60.0,3778.0,0.0018,0.3578
4DH_0156,369201000,SALTY VIXEN,7200,120.0,7378.0,0.0,0.3576
4DH_0156,369201000,SALTY VIXEN,10800,180.0,10978.0,0.0,0.3576
4DH_0157,538007762,UNKNOWN,-10800,-180.0,0.0,1.0,0.6382
4DH_0157,538007762,UNKNOWN,-7200,-120.0,0.0,1.0,0.6382
4DH_0157,538007762,UNKNOWN,-3600,-60.0,0.0,1.0,0.6382
4DH_0157,538007762,UNKNOWN,-1800,-30.0,0.0,1.0,0.6382
4DH_0157,538007762,UNKNOWN,-900,-15.0,0.0,1.0,0.6382
4DH_0157,538007762,UNKNOWN,0,0.0,69.0,0.8914,0.6219
4DH_0157,538007762,UNKNOWN,900,15.0,969.0,0.1989,0.5121
4DH_0157,538007762,UNKNOWN,1800,30.0,1869.0,0.0444,0.4799
4DH_0157,538007762,UNKNOWN,3600,60.0,3669.0,0.0022,0.4736
4DH_0157,538007762,UNKNOWN,7200,120.0,7269.0,0.0,0.4732
4DH_0157,538007762,UNKNOWN,10800,180.0,10869.0,0.0,0.4732
4DH_0158,311828000,KUJAWY,-10800,-180.0,0.0,1.0,0.5266
4DH_0158,311828000,KUJAWY,-7200,-120.0,0.0,1.0,0.5266
4DH_0158,311828000,KUJAWY,-3600,-60.0,0.0,1.0,0.5266
4DH_0158,311828000,KUJAWY,-1800,-30.0,0.0,1.0,0.5266
4DH_0158,311828000,KUJAWY,-900,-15.0,0.0,1.0,0.5266
4DH_0158,311828000,KUJAWY,0,0.0,180.0,0.7408,0.4878
4DH_0158,311828000,KUJAWY,900,15.0,1080.0,0.1653,0.3954
4DH_0158,311828000,KUJAWY,1800,30.0,1980.0,0.0369,0.3672
4DH_0158,311828000,KUJAWY,3600,60.0,3780.0,0.0018,0.3619
4DH_0158,311828000,KUJAWY,7200,120.0,7380.0,0.0,0.3616
4DH_0158,311828000,KUJAWY,10800,180.0,10980.0,0.0,0.3616
4DH_0159,367063030,EMERALD PRINCESS II,-10800,-180.0,0.0,1.0,0.5103
4DH_0159,367063030,EMERALD PRINCESS II,-7200,-120.0,0.0,1.0,0.5103
4DH_0159,367063030,EMERALD PRINCESS II,-3600,-60.0,0.0,1.0,0.5103
4DH_0159,367063030,EMERALD PRINCESS II,-1800,-30.0,0.0,1.0,0.5103
4DH_0159,367063030,EMERALD PRINCESS II,-900,-15.0,0.0,1.0,0.5103
4DH_0159,367063030,EMERALD PRINCESS II,0,0.0,140.0,0.7919,0.4791
4DH_0159,367063030,EMERALD PRINCESS II,900,15.0,1040.0,0.1767,0.3808
4DH_0159,367063030,EMERALD PRINCESS II,1800,30.0,1940.0,0.0394,0.3512
4DH_0159,367063030,EMERALD PRINCESS II,3600,60.0,3740.0,0.002,0.3456
4DH_0159,367063030,EMERALD PRINCESS II,7200,120.0,7340.0,0.0,0.3453
4DH_0159,367063030,EMERALD PRINCESS II,10800,180.0,10940.0,0.0,0.3453
4DH_0160,367305420,DOROTHY MORAN,-10800,-180.0,0.0,1.0,0.515
4DH_0160,367305420,DOROTHY MORAN,-7200,-120.0,0.0,1.0,0.515
4DH_0160,367305420,DOROTHY MORAN,-3600,-60.0,0.0,1.0,0.515
4DH_0160,367305420,DOROTHY MORAN,-1800,-30.0,0.0,1.0,0.515
4DH_0160,367305420,DOROTHY MORAN,-900,-15.0,0.0,1.0,0.515
4DH_0160,367305420,DOROTHY MORAN,0,0.0,69.0,0.8914,0.4987
4DH_0160,367305420,DOROTHY MORAN,900,15.0,969.0,0.1989,0.3888
4DH_0160,367305420,DOROTHY MORAN,1800,30.0,1869.0,0.0444,0.3566
4DH_0160,367305420,DOROTHY MORAN,3600,60.0,3669.0,0.0022,0.3503
4DH_0160,367305420,DOROTHY MORAN,7200,120.0,7269.0,0.0,0.35
4DH_0160,367305420,DOROTHY MORAN,10800,180.0,10869.0,0.0,0.35
4DH_0161,367369550,ANN MORAN,-10800,-180.0,0.0,1.0,0.5153
4DH_0161,367369550,ANN MORAN,-7200,-120.0,0.0,1.0,0.5153
4DH_0161,367369550,ANN MORAN,-3600,-60.0,0.0,1.0,0.5153
4DH_0161,367369550,ANN MORAN,-1800,-30.0,0.0,1.0,0.5153
4DH_0161,367369550,ANN MORAN,-900,-15.0,0.0,1.0,0.5153
4DH_0161,367369550,ANN MORAN,0,0.0,150.0,0.7788,0.4821
4DH_0161,367369550,ANN MORAN,900,15.0,1050.0,0.1738,0.3854
4DH_0161,367369550,ANN MORAN,1800,30.0,1950.0,0.0388,0.3561
4DH_0161,367369550,ANN MORAN,3600,60.0,3750.0,0.0019,0.3506
4DH_0161,367369550,ANN MORAN,7200,120.0,7350.0,0.0,0.3503
4DH_0161,367369550,ANN MORAN,10800,180.0,10950.0,0.0,0.3503
4DH_0162,367691290,MISS LEXY,-10800,-180.0,0.0,1.0,0.5161
4DH_0162,367691290,MISS LEXY,-7200,-120.0,0.0,1.0,0.5161
4DH_0162,367691290,MISS LEXY,-3600,-60.0,0.0,1.0,0.5161
4DH_0162,367691290,MISS LEXY,-1800,-30.0,0.0,1.0,0.5161
4DH_0162,367691290,MISS LEXY,-900,-15.0,0.0,1.0,0.5161
4DH_0162,367691290,MISS LEXY,0,0.0,62.0,0.9018,0.5014
4DH_0162,367691290,MISS LEXY,900,15.0,962.0,0.2012,0.3903
4DH_0162,367691290,MISS LEXY,1800,30.0,1862.0,0.0449,0.3579
4DH_0162,367691290,MISS LEXY,3600,60.0,3662.0,0.0022,0.3515
4DH_0162,367691290,MISS LEXY,7200,120.0,7262.0,0.0,0.3511
4DH_0162,367691290,MISS LEXY,10800,180.0,10862.0,0.0,0.3511
4DH_0163,367762440,SILVER GIRL II,-10800,-180.0,0.0,1.0,0.5068
4DH_0163,367762440,SILVER GIRL II,-7200,-120.0,0.0,1.0,0.5068
4DH_0163,367762440,SILVER GIRL II,-3600,-60.0,0.0,1.0,0.5068
4DH_0163,367762440,SILVER GIRL II,-1800,-30.0,0.0,1.0,0.5068
4DH_0163,367762440,SILVER GIRL II,-900,-15.0,0.0,1.0,0.5068
4DH_0163,367762440,SILVER GIRL II,0,0.0,179.0,0.7421,0.4681
4DH_0163,367762440,SILVER GIRL II,900,15.0,1079.0,0.1656,0.3757
4DH_0163,367762440,SILVER GIRL II,1800,30.0,1979.0,0.0369,0.3474
4DH_0163,367762440,SILVER GIRL II,3600,60.0,3779.0,0.0018,0.3421
4DH_0163,367762440,SILVER GIRL II,7200,120.0,7379.0,0.0,0.3418
4DH_0163,367762440,SILVER GIRL II,10800,180.0,10979.0,0.0,0.3418
4DH_0164,311828000,KUJAWY,-10800,-180.0,0.0,1.0,0.4656
4DH_0164,311828000,KUJAWY,-7200,-120.0,0.0,1.0,0.4656
4DH_0164,311828000,KUJAWY,-3600,-60.0,0.0,1.0,0.4656
4DH_0164,311828000,KUJAWY,-1800,-30.0,0.0,1.0,0.4656
4DH_0164,311828000,KUJAWY,-900,-15.0,0.0,1.0,0.4656
4DH_0164,311828000,KUJAWY,0,0.0,181.0,0.7396,0.4266
4DH_0164,311828000,KUJAWY,900,15.0,1081.0,0.165,0.3344
4DH_0164,311828000,KUJAWY,1800,30.0,1981.0,0.0368,0.3061
4DH_0164,311828000,KUJAWY,3600,60.0,3781.0,0.0018,0.3009
4DH_0164,311828000,KUJAWY,7200,120.0,7381.0,0.0,0.3006
4DH_0164,311828000,KUJAWY,10800,180.0,10981.0,0.0,0.3006
4DH_0165,367063030,EMERALD PRINCESS II,-10800,-180.0,0.0,1.0,0.4844
4DH_0165,367063030,EMERALD PRINCESS II,-7200,-120.0,0.0,1.0,0.4844
4DH_0165,367063030,EMERALD PRINCESS II,-3600,-60.0,0.0,1.0,0.4844
4DH_0165,367063030,EMERALD PRINCESS II,-1800,-30.0,0.0,1.0,0.4844
4DH_0165,367063030,EMERALD PRINCESS II,-900,-15.0,0.0,1.0,0.4844
4DH_0165,367063030,EMERALD PRINCESS II,0,0.0,120.0,0.8187,0.4572
4DH_0165,367063030,EMERALD PRINCESS II,900,15.0,1020.0,0.1827,0.3558
4DH_0165,367063030,EMERALD PRINCESS II,1800,30.0,1920.0,0.0408,0.3255
4DH_0165,367063030,EMERALD PRINCESS II,3600,60.0,3720.0,0.002,0.3197
4DH_0165,367063030,EMERALD PRINCESS II,7200,120.0,7320.0,0.0,0.3194
4DH_0165,367063030,EMERALD PRINCESS II,10800,180.0,10920.0,0.0,0.3194
4DH_0166,367691290,MISS LEXY,-10800,-180.0,0.0,1.0,0.4574
4DH_0166,367691290,MISS LEXY,-7200,-120.0,0.0,1.0,0.4574
4DH_0166,367691290,MISS LEXY,-3600,-60.0,0.0,1.0,0.4574
4DH_0166,367691290,MISS LEXY,-1800,-30.0,0.0,1.0,0.4574
4DH_0166,367691290,MISS LEXY,-900,-15.0,0.0,1.0,0.4574
4DH_0166,367691290,MISS LEXY,0,0.0,139.0,0.7932,0.4264
4DH_0166,367691290,MISS LEXY,900,15.0,1039.0,0.177,0.328
4DH_0166,367691290,MISS LEXY,1800,30.0,1939.0,0.0395,0.2984
4DH_0166,367691290,MISS LEXY,3600,60.0,3739.0,0.002,0.2927
4DH_0166,367691290,MISS LEXY,7200,120.0,7339.0,0.0,0.2924
4DH_0166,367691290,MISS LEXY,10800,180.0,10939.0,0.0,0.2924
4DH_0167,338182224,SEA SALT,-10800,-180.0,0.0,1.0,0.5423
4DH_0167,338182224,SEA SALT,-7200,-120.0,0.0,1.0,0.5423
4DH_0167,338182224,SEA SALT,-3600,-60.0,0.0,1.0,0.5423
4DH_0167,338182224,SEA SALT,-1800,-30.0,0.0,1.0,0.5423
4DH_0167,338182224,SEA SALT,-900,-15.0,0.0,1.0,0.5423
4DH_0167,338182224,SEA SALT,0,0.0,90.0,0.8607,0.5214
4DH_0167,338182224,SEA SALT,900,15.0,990.0,0.192,0.4151
4DH_0167,338182224,SEA SALT,1800,30.0,1890.0,0.0429,0.3837
4DH_0167,338182224,SEA SALT,3600,60.0,3690.0,0.0021,0.3776
4DH_0167,338182224,SEA SALT,7200,120.0,7290.0,0.0,0.3773
4DH_0167,338182224,SEA SALT,10800,180.0,10890.0,0.0,0.3773
4DH_0168,369970979,S3005 NRT1,-10800,-180.0,0.0,1.0,0.4444
4DH_0168,369970979,S3005 NRT1,-7200,-120.0,0.0,1.0,0.4444
4DH_0168,369970979,S3005 NRT1,-3600,-60.0,0.0,1.0,0.4444
4DH_0168,369970979,S3005 NRT1,-1800,-30.0,0.0,1.0,0.4444
4DH_0168,369970979,S3005 NRT1,-900,-15.0,0.0,1.0,0.4444
4DH_0168,369970979,S3005 NRT1,0,0.0,209.0,0.7059,0.4002
4DH_0168,369970979,S3005 NRT1,900,15.0,1109.0,0.1575,0.312
4DH_0168,369970979,S3005 NRT1,1800,30.0,2009.0,0.0351,0.2846
4DH_0168,369970979,S3005 NRT1,3600,60.0,3809.0,0.0017,0.2796
4DH_0168,369970979,S3005 NRT1,7200,120.0,7409.0,0.0,0.2794
4DH_0168,369970979,S3005 NRT1,10800,180.0,11009.0,0.0,0.2794
4DH_0169,311828000,KUJAWY,-10800,-180.0,0.0,1.0,0.626
4DH_0169,311828000,KUJAWY,-7200,-120.0,0.0,1.0,0.626
4DH_0169,311828000,KUJAWY,-3600,-60.0,0.0,1.0,0.626
4DH_0169,311828000,KUJAWY,-1800,-30.0,0.0,1.0,0.626
4DH_0169,311828000,KUJAWY,-900,-15.0,0.0,1.0,0.626
4DH_0169,311828000,KUJAWY,0,0.0,180.0,0.7408,0.5872
4DH_0169,311828000,KUJAWY,900,15.0,1080.0,0.1653,0.4948
4DH_0169,311828000,KUJAWY,1800,30.0,1980.0,0.0369,0.4666
4DH_0169,311828000,KUJAWY,3600,60.0,3780.0,0.0018,0.4613
4DH_0169,311828000,KUJAWY,7200,120.0,7380.0,0.0,0.461
4DH_0169,311828000,KUJAWY,10800,180.0,10980.0,0.0,0.461
4DH_0170,338102856,RESPONDER,-10800,-180.0,0.0,1.0,0.6242
4DH_0170,338102856,RESPONDER,-7200,-120.0,0.0,1.0,0.6242
4DH_0170,338102856,RESPONDER,-3600,-60.0,0.0,1.0,0.6242
4DH_0170,338102856,RESPONDER,-1800,-30.0,0.0,1.0,0.6242
4DH_0170,338102856,RESPONDER,-900,-15.0,0.0,1.0,0.6242
4DH_0170,338102856,RESPONDER,0,0.0,111.0,0.8311,0.5989
4DH_0170,338102856,RESPONDER,900,15.0,1011.0,0.1854,0.496
4DH_0170,338102856,RESPONDER,1800,30.0,1911.0,0.0414,0.4654
4DH_0170,338102856,RESPONDER,3600,60.0,3711.0,0.0021,0.4595
4DH_0170,338102856,RESPONDER,7200,120.0,7311.0,0.0,0.4592
4DH_0170,338102856,RESPONDER,10800,180.0,10911.0,0.0,0.4592
4DH_0171,338102861,RECOVERY,-10800,-180.0,0.0,1.0,0.6214
4DH_0171,338102861,RECOVERY,-7200,-120.0,0.0,1.0,0.6214
4DH_0171,338102861,RECOVERY,-3600,-60.0,0.0,1.0,0.6214
4DH_0171,338102861,RECOVERY,-1800,-30.0,0.0,1.0,0.6214
4DH_0171,338102861,RECOVERY,-900,-15.0,0.0,1.0,0.6214
4DH_0171,338102861,RECOVERY,0,0.0,72.0,0.8869,0.6045
4DH_0171,338102861,RECOVERY,900,15.0,972.0,0.1979,0.4951
4DH_0171,338102861,RECOVERY,1800,30.0,1872.0,0.0442,0.4631
4DH_0171,338102861,RECOVERY,3600,60.0,3672.0,0.0022,0.4568
4DH_0171,338102861,RECOVERY,7200,120.0,7272.0,0.0,0.4564
4DH_0171,338102861,RECOVERY,10800,180.0,10872.0,0.0,0.4564
4DH_0172,338143506,MORNING SUN II,-10800,-180.0,0.0,1.0,0.5963
4DH_0172,338143506,MORNING SUN II,-7200,-120.0,0.0,1.0,0.5963
4DH_0172,338143506,MORNING SUN II,-3600,-60.0,0.0,1.0,0.5963
4DH_0172,338143506,MORNING SUN II,-1800,-30.0,0.0,1.0,0.5963
4DH_0172,338143506,MORNING SUN II,-900,-15.0,0.0,1.0,0.5963
4DH_0172,338143506,MORNING SUN II,0,0.0,180.0,0.7408,0.5574
4DH_0172,338143506,MORNING SUN II,900,15.0,1080.0,0.1653,0.4651
4DH_0172,338143506,MORNING SUN II,1800,30.0,1980.0,0.0369,0.4368
4DH_0172,338143506,MORNING SUN II,3600,60.0,3780.0,0.0018,0.4315
4DH_0172,338143506,MORNING SUN II,7200,120.0,7380.0,0.0,0.4313
4DH_0172,338143506,MORNING SUN II,10800,180.0,10980.0,0.0,0.4313
4DH_0173,338184094,DULCINEA,-10800,-180.0,0.0,1.0,0.5998
4DH_0173,338184094,DULCINEA,-7200,-120.0,0.0,1.0,0.5998
4DH_0173,338184094,DULCINEA,-3600,-60.0,0.0,1.0,0.5998
4DH_0173,338184094,DULCINEA,-1800,-30.0,0.0,1.0,0.5998
4DH_0173,338184094,DULCINEA,-900,-15.0,0.0,1.0,0.5998
4DH_0173,338184094,DULCINEA,0,0.0,180.0,0.7408,0.5609
4DH_0173,338184094,DULCINEA,900,15.0,1080.0,0.1653,0.4686
4DH_0173,338184094,DULCINEA,1800,30.0,1980.0,0.0369,0.4403
4DH_0173,338184094,DULCINEA,3600,60.0,3780.0,0.0018,0.4351
4DH_0173,338184094,DULCINEA,7200,120.0,7380.0,0.0,0.4348
4DH_0173,338184094,DULCINEA,10800,180.0,10980.0,0.0,0.4348
4DH_0174,338235704,BRUNSWICK,-10800,-180.0,0.0,1.0,0.6225
4DH_0174,338235704,BRUNSWICK,-7200,-120.0,0.0,1.0,0.6225
4DH_0174,338235704,BRUNSWICK,-3600,-60.0,0.0,1.0,0.6225
4DH_0174,338235704,BRUNSWICK,-1800,-30.0,0.0,1.0,0.6225
4DH_0174,338235704,BRUNSWICK,-900,-15.0,0.0,1.0,0.6225
4DH_0174,338235704,BRUNSWICK,0,0.0,149.0,0.7801,0.5895
4DH_0174,338235704,BRUNSWICK,900,15.0,1049.0,0.1741,0.4926
4DH_0174,338235704,BRUNSWICK,1800,30.0,1949.0,0.0388,0.4633
4DH_0174,338235704,BRUNSWICK,3600,60.0,3749.0,0.0019,0.4578
4DH_0174,338235704,BRUNSWICK,7200,120.0,7349.0,0.0,0.4575
4DH_0174,338235704,BRUNSWICK,10800,180.0,10949.0,0.0,0.4575
4DH_0175,338335542,STILL WATERS,-10800,-180.0,0.0,1.0,0.5933
4DH_0175,338335542,STILL WATERS,-7200,-120.0,0.0,1.0,0.5933
4DH_0175,338335542,STILL WATERS,-3600,-60.0,0.0,1.0,0.5933
4DH_0175,338335542,STILL WATERS,-1800,-30.0,0.0,1.0,0.5933
4DH_0175,338335542,STILL WATERS,-900,-15.0,0.0,1.0,0.5933
4DH_0175,338335542,STILL WATERS,0,0.0,180.0,0.7408,0.5544
4DH_0175,338335542,STILL WATERS,900,15.0,1080.0,0.1653,0.4621
4DH_0175,338335542,STILL WATERS,1800,30.0,1980.0,0.0369,0.4338
4DH_0175,338335542,STILL WATERS,3600,60.0,3780.0,0.0018,0.4285
4DH_0175,338335542,STILL WATERS,7200,120.0,7380.0,0.0,0.4283
4DH_0175,338335542,STILL WATERS,10800,180.0,10980.0,0.0,0.4283
4DH_0176,339759000,REGALEC,-10800,-180.0,0.0,1.0,0.5981
4DH_0176,339759000,REGALEC,-7200,-120.0,0.0,1.0,0.5981
4DH_0176,339759000,REGALEC,-3600,-60.0,0.0,1.0,0.5981
4DH_0176,339759000,REGALEC,-1800,-30.0,0.0,1.0,0.5981
4DH_0176,339759000,REGALEC,-900,-15.0,0.0,1.0,0.5981
4DH_0176,339759000,REGALEC,0,0.0,540.0,0.4066,0.5091
4DH_0176,339759000,REGALEC,900,15.0,1440.0,0.0907,0.4467
4DH_0176,339759000,REGALEC,1800,30.0,2340.0,0.0202,0.4361
4DH_0176,339759000,REGALEC,3600,60.0,4140.0,0.001,0.4332
4DH_0176,339759000,REGALEC,7200,120.0,7740.0,0.0,0.4331
4DH_0176,339759000,REGALEC,10800,180.0,11340.0,0.0,0.4331
4DH_0177,367063030,EMERALD PRINCESS II,-10800,-180.0,0.0,1.0,0.6543
4DH_0177,367063030,EMERALD PRINCESS II,-7200,-120.0,0.0,1.0,0.6543
4DH_0177,367063030,EMERALD PRINCESS II,-3600,-60.0,0.0,1.0,0.6543
4DH_0177,367063030,EMERALD PRINCESS II,-1800,-30.0,0.0,1.0,0.6543
4DH_0177,367063030,EMERALD PRINCESS II,-900,-15.0,0.0,1.0,0.6543
4DH_0177,367063030,EMERALD PRINCESS II,0,0.0,359.0,0.5497,0.5868
4DH_0177,367063030,EMERALD PRINCESS II,900,15.0,1259.0,0.1227,0.5077
4DH_0177,367063030,EMERALD PRINCESS II,1800,30.0,2159.0,0.0274,0.4934
4DH_0177,367063030,EMERALD PRINCESS II,3600,60.0,3959.0,0.0014,0.4895
4DH_0177,367063030,EMERALD PRINCESS II,7200,120.0,7559.0,0.0,0.4893
4DH_0177,367063030,EMERALD PRINCESS II,10800,180.0,11159.0,0.0,0.4893
4DH_0178,367094180,CHICORY,-10800,-180.0,0.0,1.0,0.5998
4DH_0178,367094180,CHICORY,-7200,-120.0,0.0,1.0,0.5998
4DH_0178,367094180,CHICORY,-3600,-60.0,0.0,1.0,0.5998
4DH_0178,367094180,CHICORY,-1800,-30.0,0.0,1.0,0.5998
4DH_0178,367094180,CHICORY,-900,-15.0,0.0,1.0,0.5998
4DH_0178,367094180,CHICORY,0,0.0,179.0,0.7421,0.5611
4DH_0178,367094180,CHICORY,900,15.0,1079.0,0.1656,0.4687
4DH_0178,367094180,CHICORY,1800,30.0,1979.0,0.0369,0.4404
4DH_0178,367094180,CHICORY,3600,60.0,3779.0,0.0018,0.4351
4DH_0178,367094180,CHICORY,7200,120.0,7379.0,0.0,0.4348
4DH_0178,367094180,CHICORY,10800,180.0,10979.0,0.0,0.4348
4DH_0179,367157730,AESTIVAL,-10800,-180.0,0.0,1.0,0.5974
4DH_0179,367157730,AESTIVAL,-7200,-120.0,0.0,1.0,0.5974
4DH_0179,367157730,AESTIVAL,-3600,-60.0,0.0,1.0,0.5974
4DH_0179,367157730,AESTIVAL,-1800,-30.0,0.0,1.0,0.5974
4DH_0179,367157730,AESTIVAL,-900,-15.0,0.0,1.0,0.5974
4DH_0179,367157730,AESTIVAL,0,0.0,180.0,0.7408,0.5586
4DH_0179,367157730,AESTIVAL,900,15.0,1080.0,0.1653,0.4662
4DH_0179,367157730,AESTIVAL,1800,30.0,1980.0,0.0369,0.438
4DH_0179,367157730,AESTIVAL,3600,60.0,3780.0,0.0018,0.4327
4DH_0179,367157730,AESTIVAL,7200,120.0,7380.0,0.0,0.4324
4DH_0179,367157730,AESTIVAL,10800,180.0,10980.0,0.0,0.4324
4DH_0180,367305420,DOROTHY MORAN,-10800,-180.0,0.0,1.0,0.6229
4DH_0180,367305420,DOROTHY MORAN,-7200,-120.0,0.0,1.0,0.6229
4DH_0180,367305420,DOROTHY MORAN,-3600,-60.0,0.0,1.0,0.6229
4DH_0180,367305420,DOROTHY MORAN,-1800,-30.0,0.0,1.0,0.6229
4DH_0180,367305420,DOROTHY MORAN,-900,-15.0,0.0,1.0,0.6229
4DH_0180,367305420,DOROTHY MORAN,0,0.0,72.0,0.8869,0.6059
4DH_0180,367305420,DOROTHY MORAN,900,15.0,972.0,0.1979,0.4966
4DH_0180,367305420,DOROTHY MORAN,1800,30.0,1872.0,0.0442,0.4645
4DH_0180,367305420,DOROTHY MORAN,3600,60.0,3672.0,0.0022,0.4582
4DH_0180,367305420,DOROTHY MORAN,7200,120.0,7272.0,0.0,0.4579
4DH_0180,367305420,DOROTHY MORAN,10800,180.0,10872.0,0.0,0.4579
4DH_0181,367369550,ANN MORAN,-10800,-180.0,0.0,1.0,0.623
4DH_0181,367369550,ANN MORAN,-7200,-120.0,0.0,1.0,0.623
4DH_0181,367369550,ANN MORAN,-3600,-60.0,0.0,1.0,0.623
4DH_0181,367369550,ANN MORAN,-1800,-30.0,0.0,1.0,0.623
4DH_0181,367369550,ANN MORAN,-900,-15.0,0.0,1.0,0.623
4DH_0181,367369550,ANN MORAN,0,0.0,70.0,0.8899,0.6064
4DH_0181,367369550,ANN MORAN,900,15.0,970.0,0.1986,0.4967
4DH_0181,367369550,ANN MORAN,1800,30.0,1870.0,0.0443,0.4646
4DH_0181,367369550,ANN MORAN,3600,60.0,3670.0,0.0022,0.4583
4DH_0181,367369550,ANN MORAN,7200,120.0,7270.0,0.0,0.458
4DH_0181,367369550,ANN MORAN,10800,180.0,10870.0,0.0,0.458
4DH_0182,367569620,PURA VIDA,-10800,-180.0,0.0,1.0,0.5933
4DH_0182,367569620,PURA VIDA,-7200,-120.0,0.0,1.0,0.5933
4DH_0182,367569620,PURA VIDA,-3600,-60.0,0.0,1.0,0.5933
4DH_0182,367569620,PURA VIDA,-1800,-30.0,0.0,1.0,0.5933
4DH_0182,367569620,PURA VIDA,-900,-15.0,0.0,1.0,0.5933
4DH_0182,367569620,PURA VIDA,0,0.0,181.0,0.7396,0.5543
4DH_0182,367569620,PURA VIDA,900,15.0,1081.0,0.165,0.4621
4DH_0182,367569620,PURA VIDA,1800,30.0,1981.0,0.0368,0.4338
4DH_0182,367569620,PURA VIDA,3600,60.0,3781.0,0.0018,0.4286
4DH_0182,367569620,PURA VIDA,7200,120.0,7381.0,0.0,0.4283
4DH_0182,367569620,PURA VIDA,10800,180.0,10981.0,0.0,0.4283
4DH_0183,367691290,MISS LEXY,-10800,-180.0,0.0,1.0,0.6124
4DH_0183,367691290,MISS LEXY,-7200,-120.0,0.0,1.0,0.6124
4DH_0183,367691290,MISS LEXY,-3600,-60.0,0.0,1.0,0.6124
4DH_0183,367691290,MISS LEXY,-1800,-30.0,0.0,1.0,0.6124
4DH_0183,367691290,MISS LEXY,-900,-15.0,0.0,1.0,0.6124
4DH_0183,367691290,MISS LEXY,0,0.0,120.0,0.8187,0.5852
4DH_0183,367691290,MISS LEXY,900,15.0,1020.0,0.1827,0.4838
4DH_0183,367691290,MISS LEXY,1800,30.0,1920.0,0.0408,0.4535
4DH_0183,367691290,MISS LEXY,3600,60.0,3720.0,0.002,0.4477
4DH_0183,367691290,MISS LEXY,7200,120.0,7320.0,0.0,0.4474
4DH_0183,367691290,MISS LEXY,10800,180.0,10920.0,0.0,0.4474
4DH_0184,367753660,AQUAMARINE,-10800,-180.0,0.0,1.0,0.5991
4DH_0184,367753660,AQUAMARINE,-7200,-120.0,0.0,1.0,0.5991
4DH_0184,367753660,AQUAMARINE,-3600,-60.0,0.0,1.0,0.5991
4DH_0184,367753660,AQUAMARINE,-1800,-30.0,0.0,1.0,0.5991
4DH_0184,367753660,AQUAMARINE,-900,-15.0,0.0,1.0,0.5991
4DH_0184,367753660,AQUAMARINE,0,0.0,181.0,0.7396,0.56
4DH_0184,367753660,AQUAMARINE,900,15.0,1081.0,0.165,0.4678
4DH_0184,367753660,AQUAMARINE,1800,30.0,1981.0,0.0368,0.4396
4DH_0184,367753660,AQUAMARINE,3600,60.0,3781.0,0.0018,0.4343
4DH_0184,367753660,AQUAMARINE,7200,120.0,7381.0,0.0,0.4341
4DH_0184,367753660,AQUAMARINE,10800,180.0,10981.0,0.0,0.4341
4DH_0185,367762440,SILVER GIRL II,-10800,-180.0,0.0,1.0,0.6005
4DH_0185,367762440,SILVER GIRL II,-7200,-120.0,0.0,1.0,0.6005
4DH_0185,367762440,SILVER GIRL II,-3600,-60.0,0.0,1.0,0.6005
4DH_0185,367762440,SILVER GIRL II,-1800,-30.0,0.0,1.0,0.6005
4DH_0185,367762440,SILVER GIRL II,-900,-15.0,0.0,1.0,0.6005
4DH_0185,367762440,SILVER GIRL II,0,0.0,180.0,0.7408,0.5616
4DH_0185,367762440,SILVER GIRL II,900,15.0,1080.0,0.1653,0.4693
4DH_0185,367762440,SILVER GIRL II,1800,30.0,1980.0,0.0369,0.441
4DH_0185,367762440,SILVER GIRL II,3600,60.0,3780.0,0.0018,0.4357
4DH_0185,367762440,SILVER GIRL II,7200,120.0,7380.0,0.0,0.4355
4DH_0185,367762440,SILVER GIRL II,10800,180.0,10980.0,0.0,0.4355
4DH_0186,368004680,TAKE IT EASY,-10800,-180.0,0.0,1.0,0.5939
4DH_0186,368004680,TAKE IT EASY,-7200,-120.0,0.0,1.0,0.5939
4DH_0186,368004680,TAKE IT EASY,-3600,-60.0,0.0,1.0,0.5939
4DH_0186,368004680,TAKE IT EASY,-1800,-30.0,0.0,1.0,0.5939
4DH_0186,368004680,TAKE IT EASY,-900,-15.0,0.0,1.0,0.5939
4DH_0186,368004680,TAKE IT EASY,0,0.0,180.0,0.7408,0.555
4DH_0186,368004680,TAKE IT EASY,900,15.0,1080.0,0.1653,0.4627
4DH_0186,368004680,TAKE IT EASY,1800,30.0,1980.0,0.0369,0.4344
4DH_0186,368004680,TAKE IT EASY,3600,60.0,3780.0,0.0018,0.4292
4DH_0186,368004680,TAKE IT EASY,7200,120.0,7380.0,0.0,0.4289
4DH_0186,368004680,TAKE IT EASY,10800,180.0,10980.0,0.0,0.4289
4DH_0187,369201000,SALTY VIXEN,-10800,-180.0,0.0,1.0,0.5986
4DH_0187,369201000,SALTY VIXEN,-7200,-120.0,0.0,1.0,0.5986
4DH_0187,369201000,SALTY VIXEN,-3600,-60.0,0.0,1.0,0.5986
4DH_0187,369201000,SALTY VIXEN,-1800,-30.0,0.0,1.0,0.5986
4DH_0187,369201000,SALTY VIXEN,-900,-15.0,0.0,1.0,0.5986
4DH_0187,369201000,SALTY VIXEN,0,0.0,181.0,0.7396,0.5595
4DH_0187,369201000,SALTY VIXEN,900,15.0,1081.0,0.165,0.4673
4DH_0187,369201000,SALTY VIXEN,1800,30.0,1981.0,0.0368,0.4391
4DH_0187,369201000,SALTY VIXEN,3600,60.0,3781.0,0.0018,0.4339
4DH_0187,369201000,SALTY VIXEN,7200,120.0,7381.0,0.0,0.4336
4DH_0187,369201000,SALTY VIXEN,10800,180.0,10981.0,0.0,0.4336
4DH_0188,369273000,ESCAPE PLAN,-10800,-180.0,0.0,1.0,0.5957
4DH_0188,369273000,ESCAPE PLAN,-7200,-120.0,0.0,1.0,0.5957
4DH_0188,369273000,ESCAPE PLAN,-3600,-60.0,0.0,1.0,0.5957
4DH_0188,369273000,ESCAPE PLAN,-1800,-30.0,0.0,1.0,0.5957
4DH_0188,369273000,ESCAPE PLAN,-900,-15.0,0.0,1.0,0.5957
4DH_0188,369273000,ESCAPE PLAN,0,0.0,180.0,0.7408,0.5568
4DH_0188,369273000,ESCAPE PLAN,900,15.0,1080.0,0.1653,0.4645
4DH_0188,369273000,ESCAPE PLAN,1800,30.0,1980.0,0.0369,0.4362
4DH_0188,369273000,ESCAPE PLAN,3600,60.0,3780.0,0.0018,0.4309
4DH_0188,369273000,ESCAPE PLAN,7200,120.0,7380.0,0.0,0.4307
4DH_0188,369273000,ESCAPE PLAN,10800,180.0,10980.0,0.0,0.4307
4DH_0189,538004697,EMERALD ACE,-10800,-180.0,0.0,1.0,0.6099
4DH_0189,538004697,EMERALD ACE,-7200,-120.0,0.0,1.0,0.6099
4DH_0189,538004697,EMERALD ACE,-3600,-60.0,0.0,1.0,0.6099
4DH_0189,538004697,EMERALD ACE,-1800,-30.0,0.0,1.0,0.6099
4DH_0189,538004697,EMERALD ACE,-900,-15.0,0.0,1.0,0.6099
4DH_0189,538004697,EMERALD ACE,0,0.0,180.0,0.7408,0.571
4DH_0189,538004697,EMERALD ACE,900,15.0,1080.0,0.1653,0.4787
4DH_0189,538004697,EMERALD ACE,1800,30.0,1980.0,0.0369,0.4504
4DH_0189,538004697,EMERALD ACE,3600,60.0,3780.0,0.0018,0.4452
4DH_0189,538004697,EMERALD ACE,7200,120.0,7380.0,0.0,0.4449
4DH_0189,538004697,EMERALD ACE,10800,180.0,10980.0,0.0,0.4449
4DH_0190,538007762,UNKNOWN,-10800,-180.0,0.0,1.0,0.6232
4DH_0190,538007762,UNKNOWN,-7200,-120.0,0.0,1.0,0.6232
4DH_0190,538007762,UNKNOWN,-3600,-60.0,0.0,1.0,0.6232
4DH_0190,538007762,UNKNOWN,-1800,-30.0,0.0,1.0,0.6232
4DH_0190,538007762,UNKNOWN,-900,-15.0,0.0,1.0,0.6232
4DH_0190,538007762,UNKNOWN,0,0.0,91.0,0.8593,0.6021
4DH_0190,538007762,UNKNOWN,900,15.0,991.0,0.1917,0.496
4DH_0190,538007762,UNKNOWN,1800,30.0,1891.0,0.0428,0.4646
4DH_0190,538007762,UNKNOWN,3600,60.0,3691.0,0.0021,0.4585
4DH_0190,538007762,UNKNOWN,7200,120.0,7291.0,0.0,0.4582
4DH_0190,538007762,UNKNOWN,10800,180.0,10891.0,0.0,0.4582
4DH_0191,311828000,KUJAWY,-10800,-180.0,0.0,1.0,0.6056
4DH_0191,311828000,KUJAWY,-7200,-120.0,0.0,1.0,0.6056
4DH_0191,311828000,KUJAWY,-3600,-60.0,0.0,1.0,0.6056
4DH_0191,311828000,KUJAWY,-1800,-30.0,0.0,1.0,0.6056
4DH_0191,311828000,KUJAWY,-900,-15.0,0.0,1.0,0.6056
4DH_0191,311828000,KUJAWY,0,0.0,180.0,0.7408,0.5667
4DH_0191,311828000,KUJAWY,900,15.0,1080.0,0.1653,0.4744
4DH_0191,311828000,KUJAWY,1800,30.0,1980.0,0.0369,0.4461
4DH_0191,311828000,KUJAWY,3600,60.0,3780.0,0.0018,0.4409
4DH_0191,311828000,KUJAWY,7200,120.0,7380.0,0.0,0.4406
4DH_0191,311828000,KUJAWY,10800,180.0,10980.0,0.0,0.4406
4DH_0192,338102856,RESPONDER,-10800,-180.0,0.0,1.0,0.5989
4DH_0192,338102856,RESPONDER,-7200,-120.0,0.0,1.0,0.5989
4DH_0192,338102856,RESPONDER,-3600,-60.0,0.0,1.0,0.5989
4DH_0192,338102856,RESPONDER,-1800,-30.0,0.0,1.0,0.5989
4DH_0192,338102856,RESPONDER,-900,-15.0,0.0,1.0,0.5989
4DH_0192,338102856,RESPONDER,0,0.0,70.0,0.8899,0.5824
4DH_0192,338102856,RESPONDER,900,15.0,970.0,0.1986,0.4727
4DH_0192,338102856,RESPONDER,1800,30.0,1870.0,0.0443,0.4406
4DH_0192,338102856,RESPONDER,3600,60.0,3670.0,0.0022,0.4343
4DH_0192,338102856,RESPONDER,7200,120.0,7270.0,0.0,0.434
4DH_0192,338102856,RESPONDER,10800,180.0,10870.0,0.0,0.4339
4DH_0193,338102861,RECOVERY,-10800,-180.0,0.0,1.0,0.5986
4DH_0193,338102861,RECOVERY,-7200,-120.0,0.0,1.0,0.5986
4DH_0193,338102861,RECOVERY,-3600,-60.0,0.0,1.0,0.5986
4DH_0193,338102861,RECOVERY,-1800,-30.0,0.0,1.0,0.5986
4DH_0193,338102861,RECOVERY,-900,-15.0,0.0,1.0,0.5986
4DH_0193,338102861,RECOVERY,0,0.0,62.0,0.9018,0.5838
4DH_0193,338102861,RECOVERY,900,15.0,962.0,0.2012,0.4728
4DH_0193,338102861,RECOVERY,1800,30.0,1862.0,0.0449,0.4403
4DH_0193,338102861,RECOVERY,3600,60.0,3662.0,0.0022,0.4339
4DH_0193,338102861,RECOVERY,7200,120.0,7262.0,0.0,0.4336
4DH_0193,338102861,RECOVERY,10800,180.0,10862.0,0.0,0.4336
4DH_0194,338143506,MORNING SUN II,-10800,-180.0,0.0,1.0,0.5765
4DH_0194,338143506,MORNING SUN II,-7200,-120.0,0.0,1.0,0.5765
4DH_0194,338143506,MORNING SUN II,-3600,-60.0,0.0,1.0,0.5765
4DH_0194,338143506,MORNING SUN II,-1800,-30.0,0.0,1.0,0.5765
4DH_0194,338143506,MORNING SUN II,-900,-15.0,0.0,1.0,0.5765
4DH_0194,338143506,MORNING SUN II,0,0.0,540.0,0.4066,0.4874
4DH_0194,338143506,MORNING SUN II,900,15.0,1440.0,0.0907,0.4251
4DH_0194,338143506,MORNING SUN II,1800,30.0,2340.0,0.0202,0.4145
4DH_0194,338143506,MORNING SUN II,3600,60.0,4140.0,0.001,0.4116
4DH_0194,338143506,MORNING SUN II,7200,120.0,7740.0,0.0,0.4115
4DH_0194,338143506,MORNING SUN II,10800,180.0,11340.0,0.0,0.4115
4DH_0195,338184094,DULCINEA,-10800,-180.0,0.0,1.0,0.5799
4DH_0195,338184094,DULCINEA,-7200,-120.0,0.0,1.0,0.5799
4DH_0195,338184094,DULCINEA,-3600,-60.0,0.0,1.0,0.5799
4DH_0195,338184094,DULCINEA,-1800,-30.0,0.0,1.0,0.5799
4DH_0195,338184094,DULCINEA,-900,-15.0,0.0,1.0,0.5799
4DH_0195,338184094,DULCINEA,0,0.0,180.0,0.7408,0.541
4DH_0195,338184094,DULCINEA,900,15.0,1080.0,0.1653,0.4487
4DH_0195,338184094,DULCINEA,1800,30.0,1980.0,0.0369,0.4204
4DH_0195,338184094,DULCINEA,3600,60.0,3780.0,0.0018,0.4152
4DH_0195,338184094,DULCINEA,7200,120.0,7380.0,0.0,0.4149
4DH_0195,338184094,DULCINEA,10800,180.0,10980.0,0.0,0.4149
4DH_0196,338235704,BRUNSWICK,-10800,-180.0,0.0,1.0,0.5997
4DH_0196,338235704,BRUNSWICK,-7200,-120.0,0.0,1.0,0.5997
4DH_0196,338235704,BRUNSWICK,-3600,-60.0,0.0,1.0,0.5997
4DH_0196,338235704,BRUNSWICK,-1800,-30.0,0.0,1.0,0.5997
4DH_0196,338235704,BRUNSWICK,-900,-15.0,0.0,1.0,0.5997
4DH_0196,338235704,BRUNSWICK,0,0.0,89.0,0.8621,0.5791
4DH_0196,338235704,BRUNSWICK,900,15.0,989.0,0.1924,0.4726
4DH_0196,338235704,BRUNSWICK,1800,30.0,1889.0,0.0429,0.4412
4DH_0196,338235704,BRUNSWICK,3600,60.0,3689.0,0.0021,0.4351
4DH_0196,338235704,BRUNSWICK,7200,120.0,7289.0,0.0,0.4347
4DH_0196,338235704,BRUNSWICK,10800,180.0,10889.0,0.0,0.4347
4DH_0197,339759000,REGALEC,-10800,-180.0,0.0,1.0,0.5783
4DH_0197,339759000,REGALEC,-7200,-120.0,0.0,1.0,0.5783
4DH_0197,339759000,REGALEC,-3600,-60.0,0.0,1.0,0.5783
4DH_0197,339759000,REGALEC,-1800,-30.0,0.0,1.0,0.5783
4DH_0197,339759000,REGALEC,-900,-15.0,0.0,1.0,0.5783
4DH_0197,339759000,REGALEC,0,0.0,540.0,0.4066,0.4892
4DH_0197,339759000,REGALEC,900,15.0,1440.0,0.0907,0.4269
4DH_0197,339759000,REGALEC,1800,30.0,2340.0,0.0202,0.4163
4DH_0197,339759000,REGALEC,3600,60.0,4140.0,0.001,0.4134
4DH_0197,339759000,REGALEC,7200,120.0,7740.0,0.0,0.4133
4DH_0197,339759000,REGALEC,10800,180.0,11340.0,0.0,0.4133
4DH_0198,367063030,EMERALD PRINCESS II,-10800,-180.0,0.0,1.0,0.6341
4DH_0198,367063030,EMERALD PRINCESS II,-7200,-120.0,0.0,1.0,0.6341
4DH_0198,367063030,EMERALD PRINCESS II,-3600,-60.0,0.0,1.0,0.6341
4DH_0198,367063030,EMERALD PRINCESS II,-1800,-30.0,0.0,1.0,0.6341
4DH_0198,367063030,EMERALD PRINCESS II,-900,-15.0,0.0,1.0,0.6341
4DH_0198,367063030,EMERALD PRINCESS II,0,0.0,179.0,0.7421,0.5954
4DH_0198,367063030,EMERALD PRINCESS II,900,15.0,1079.0,0.1656,0.5029
4DH_0198,367063030,EMERALD PRINCESS II,1800,30.0,1979.0,0.0369,0.4747
4DH_0198,367063030,EMERALD PRINCESS II,3600,60.0,3779.0,0.0018,0.4694
4DH_0198,367063030,EMERALD PRINCESS II,7200,120.0,7379.0,0.0,0.4691
4DH_0198,367063030,EMERALD PRINCESS II,10800,180.0,10979.0,0.0,0.4691
4DH_0199,367094180,CHICORY,-10800,-180.0,0.0,1.0,0.5799
4DH_0199,367094180,CHICORY,-7200,-120.0,0.0,1.0,0.5799
4DH_0199,367094180,CHICORY,-3600,-60.0,0.0,1.0,0.5799
4DH_0199,367094180,CHICORY,-1800,-30.0,0.0,1.0,0.5799
4DH_0199,367094180,CHICORY,-900,-15.0,0.0,1.0,0.5799
4DH_0199,367094180,CHICORY,0,0.0,359.0,0.5497,0.5124
4DH_0199,367094180,CHICORY,900,15.0,1259.0,0.1227,0.4333
4DH_0199,367094180,CHICORY,1800,30.0,2159.0,0.0274,0.419
4DH_0199,367094180,CHICORY,3600,60.0,3959.0,0.0014,0.4151
4DH_0199,367094180,CHICORY,7200,120.0,7559.0,0.0,0.4149
4DH_0199,367094180,CHICORY,10800,180.0,11159.0,0.0,0.4149
4DH_0200,367157730,AESTIVAL,-10800,-180.0,0.0,1.0,0.5776
4DH_0200,367157730,AESTIVAL,-7200,-120.0,0.0,1.0,0.5776
4DH_0200,367157730,AESTIVAL,-3600,-60.0,0.0,1.0,0.5776
4DH_0200,367157730,AESTIVAL,-1800,-30.0,0.0,1.0,0.5776
4DH_0200,367157730,AESTIVAL,-900,-15.0,0.0,1.0,0.5776
4DH_0200,367157730,AESTIVAL,0,0.0,181.0,0.7396,0.5385
4DH_0200,367157730,AESTIVAL,900,15.0,1081.0,0.165,0.4463
4DH_0200,367157730,AESTIVAL,1800,30.0,1981.0,0.0368,0.4181
4DH_0200,367157730,AESTIVAL,3600,60.0,3781.0,0.0018,0.4129
4DH_0200,367157730,AESTIVAL,7200,120.0,7381.0,0.0,0.4126
4DH_0200,367157730,AESTIVAL,10800,180.0,10981.0,0.0,0.4126
4DH_0201,367305420,DOROTHY MORAN,-10800,-180.0,0.0,1.0,0.5991
4DH_0201,367305420,DOROTHY MORAN,-7200,-120.0,0.0,1.0,0.5991
4DH_0201,367305420,DOROTHY MORAN,-3600,-60.0,0.0,1.0,0.5991
4DH_0201,367305420,DOROTHY MORAN,-1800,-30.0,0.0,1.0,0.5991
4DH_0201,367305420,DOROTHY MORAN,-900,-15.0,0.0,1.0,0.5991
4DH_0201,367305420,DOROTHY MORAN,0,0.0,89.0,0.8621,0.5784
4DH_0201,367305420,DOROTHY MORAN,900,15.0,989.0,0.1924,0.472
4DH_0201,367305420,DOROTHY MORAN,1800,30.0,1889.0,0.0429,0.4405
4DH_0201,367305420,DOROTHY MORAN,3600,60.0,3689.0,0.0021,0.4344
4DH_0201,367305420,DOROTHY MORAN,7200,120.0,7289.0,0.0,0.4341
4DH_0201,367305420,DOROTHY MORAN,10800,180.0,10889.0,0.0,0.4341
4DH_0202,367369550,ANN MORAN,-10800,-180.0,0.0,1.0,0.5992
4DH_0202,367369550,ANN MORAN,-7200,-120.0,0.0,1.0,0.5992
4DH_0202,367369550,ANN MORAN,-3600,-60.0,0.0,1.0,0.5992
4DH_0202,367369550,ANN MORAN,-1800,-30.0,0.0,1.0,0.5992
4DH_0202,367369550,ANN MORAN,-900,-15.0,0.0,1.0,0.5992
4DH_0202,367369550,ANN MORAN,0,0.0,129.0,0.8065,0.5702
4DH_0202,367369550,ANN MORAN,900,15.0,1029.0,0.18,0.4702
4DH_0202,367369550,ANN MORAN,1800,30.0,1929.0,0.0402,0.4402
4DH_0202,367369550,ANN MORAN,3600,60.0,3729.0,0.002,0.4345
4DH_0202,367369550,ANN MORAN,7200,120.0,7329.0,0.0,0.4342
4DH_0202,367369550,ANN MORAN,10800,180.0,10929.0,0.0,0.4342
4DH_0203,367458950,WYOMING WIND,-10800,-180.0,0.0,1.0,0.5784
4DH_0203,367458950,WYOMING WIND,-7200,-120.0,0.0,1.0,0.5784
4DH_0203,367458950,WYOMING WIND,-3600,-60.0,0.0,1.0,0.5784
4DH_0203,367458950,WYOMING WIND,-1800,-30.0,0.0,1.0,0.5784
4DH_0203,367458950,WYOMING WIND,-900,-15.0,0.0,1.0,0.5784
4DH_0203,367458950,WYOMING WIND,0,0.0,721.0,0.3007,0.4675
4DH_0203,367458950,WYOMING WIND,900,15.0,1621.0,0.0671,0.4234
4DH_0203,367458950,WYOMING WIND,1800,30.0,2521.0,0.015,0.4156
4DH_0203,367458950,WYOMING WIND,3600,60.0,4321.0,0.0007,0.4135
4DH_0203,367458950,WYOMING WIND,7200,120.0,7921.0,0.0,0.4134
4DH_0203,367458950,WYOMING WIND,10800,180.0,11521.0,0.0,0.4134
4DH_0204,367691290,MISS LEXY,-10800,-180.0,0.0,1.0,0.5922
4DH_0204,367691290,MISS LEXY,-7200,-120.0,0.0,1.0,0.5922
4DH_0204,367691290,MISS LEXY,-3600,-60.0,0.0,1.0,0.5922
4DH_0204,367691290,MISS LEXY,-1800,-30.0,0.0,1.0,0.5922
4DH_0204,367691290,MISS LEXY,-900,-15.0,0.0,1.0,0.5922
4DH_0204,367691290,MISS LEXY,0,0.0,69.0,0.8914,0.5759
4DH_0204,367691290,MISS LEXY,900,15.0,969.0,0.1989,0.4661
4DH_0204,367691290,MISS LEXY,1800,30.0,1869.0,0.0444,0.4339
4DH_0204,367691290,MISS LEXY,3600,60.0,3669.0,0.0022,0.4276
4DH_0204,367691290,MISS LEXY,7200,120.0,7269.0,0.0,0.4272
4DH_0204,367691290,MISS LEXY,10800,180.0,10869.0,0.0,0.4272
4DH_0205,367753660,AQUAMARINE,-10800,-180.0,0.0,1.0,0.5792
4DH_0205,367753660,AQUAMARINE,-7200,-120.0,0.0,1.0,0.5792
4DH_0205,367753660,AQUAMARINE,-3600,-60.0,0.0,1.0,0.5792
4DH_0205,367753660,AQUAMARINE,-1800,-30.0,0.0,1.0,0.5792
4DH_0205,367753660,AQUAMARINE,-900,-15.0,0.0,1.0,0.5792
4DH_0205,367753660,AQUAMARINE,0,0.0,180.0,0.7408,0.5403
4DH_0205,367753660,AQUAMARINE,900,15.0,1080.0,0.1653,0.448
4DH_0205,367753660,AQUAMARINE,1800,30.0,1980.0,0.0369,0.4197
4DH_0205,367753660,AQUAMARINE,3600,60.0,3780.0,0.0018,0.4145
4DH_0205,367753660,AQUAMARINE,7200,120.0,7380.0,0.0,0.4142
4DH_0205,367753660,AQUAMARINE,10800,180.0,10980.0,0.0,0.4142
4DH_0206,367762440,SILVER GIRL II,-10800,-180.0,0.0,1.0,0.5806
4DH_0206,367762440,SILVER GIRL II,-7200,-120.0,0.0,1.0,0.5806
4DH_0206,367762440,SILVER GIRL II,-3600,-60.0,0.0,1.0,0.5806
4DH_0206,367762440,SILVER GIRL II,-1800,-30.0,0.0,1.0,0.5806
4DH_0206,367762440,SILVER GIRL II,-900,-15.0,0.0,1.0,0.5806
4DH_0206,367762440,SILVER GIRL II,0,0.0,357.0,0.5516,0.5133
4DH_0206,367762440,SILVER GIRL II,900,15.0,1257.0,0.1231,0.434
4DH_0206,367762440,SILVER GIRL II,1800,30.0,2157.0,0.0275,0.4197
4DH_0206,367762440,SILVER GIRL II,3600,60.0,3957.0,0.0014,0.4158
4DH_0206,367762440,SILVER GIRL II,7200,120.0,7557.0,0.0,0.4156
4DH_0206,367762440,SILVER GIRL II,10800,180.0,11157.0,0.0,0.4156
4DH_0207,369201000,SALTY VIXEN,-10800,-180.0,0.0,1.0,0.5787
4DH_0207,369201000,SALTY VIXEN,-7200,-120.0,0.0,1.0,0.5787
4DH_0207,369201000,SALTY VIXEN,-3600,-60.0,0.0,1.0,0.5787
4DH_0207,369201000,SALTY VIXEN,-1800,-30.0,0.0,1.0,0.5787
4DH_0207,369201000,SALTY VIXEN,-900,-15.0,0.0,1.0,0.5787
4DH_0207,369201000,SALTY VIXEN,0,0.0,180.0,0.7408,0.5398
4DH_0207,369201000,SALTY VIXEN,900,15.0,1080.0,0.1653,0.4475
4DH_0207,369201000,SALTY VIXEN,1800,30.0,1980.0,0.0369,0.4193
4DH_0207,369201000,SALTY VIXEN,3600,60.0,3780.0,0.0018,0.414
4DH_0207,369201000,SALTY VIXEN,7200,120.0,7380.0,0.0,0.4137
4DH_0207,369201000,SALTY VIXEN,10800,180.0,10980.0,0.0,0.4137
4DH_0208,369273000,ESCAPE PLAN,-10800,-180.0,0.0,1.0,0.5759
4DH_0208,369273000,ESCAPE PLAN,-7200,-120.0,0.0,1.0,0.5759
4DH_0208,369273000,ESCAPE PLAN,-3600,-60.0,0.0,1.0,0.5759
4DH_0208,369273000,ESCAPE PLAN,-1800,-30.0,0.0,1.0,0.5759
4DH_0208,369273000,ESCAPE PLAN,-900,-15.0,0.0,1.0,0.5759
4DH_0208,369273000,ESCAPE PLAN,0,0.0,177.0,0.7445,0.5376
4DH_0208,369273000,ESCAPE PLAN,900,15.0,1077.0,0.1661,0.4448
4DH_0208,369273000,ESCAPE PLAN,1800,30.0,1977.0,0.0371,0.4164
4DH_0208,369273000,ESCAPE PLAN,3600,60.0,3777.0,0.0018,0.4112
4DH_0208,369273000,ESCAPE PLAN,7200,120.0,7377.0,0.0,0.4109
4DH_0208,369273000,ESCAPE PLAN,10800,180.0,10977.0,0.0,0.4109
4DH_0209,538004697,EMERALD ACE,-10800,-180.0,0.0,1.0,0.5911
4DH_0209,538004697,EMERALD ACE,-7200,-120.0,0.0,1.0,0.5911
4DH_0209,538004697,EMERALD ACE,-3600,-60.0,0.0,1.0,0.5911
4DH_0209,538004697,EMERALD ACE,-1800,-30.0,0.0,1.0,0.5911
4DH_0209,538004697,EMERALD ACE,-900,-15.0,0.0,1.0,0.5911
4DH_0209,538004697,EMERALD ACE,0,0.0,180.0,0.7408,0.5522
4DH_0209,538004697,EMERALD ACE,900,15.0,1080.0,0.1653,0.4599
4DH_0209,538004697,EMERALD ACE,1800,30.0,1980.0,0.0369,0.4316
4DH_0209,538004697,EMERALD ACE,3600,60.0,3780.0,0.0018,0.4264
4DH_0209,538004697,EMERALD ACE,7200,120.0,7380.0,0.0,0.4261
4DH_0209,538004697,EMERALD ACE,10800,180.0,10980.0,0.0,0.4261
4DH_0210,538007762,UNKNOWN,-10800,-180.0,0.0,1.0,0.5994
4DH_0210,538007762,UNKNOWN,-7200,-120.0,0.0,1.0,0.5994
4DH_0210,538007762,UNKNOWN,-3600,-60.0,0.0,1.0,0.5994
4DH_0210,538007762,UNKNOWN,-1800,-30.0,0.0,1.0,0.5994
4DH_0210,538007762,UNKNOWN,-900,-15.0,0.0,1.0,0.5994
4DH_0210,538007762,UNKNOWN,0,0.0,90.0,0.8607,0.5786
4DH_0210,538007762,UNKNOWN,900,15.0,990.0,0.192,0.4723
4DH_0210,538007762,UNKNOWN,1800,30.0,1890.0,0.0429,0.4409
4DH_0210,538007762,UNKNOWN,3600,60.0,3690.0,0.0021,0.4348
4DH_0210,538007762,UNKNOWN,7200,120.0,7290.0,0.0,0.4344
4DH_0210,538007762,UNKNOWN,10800,180.0,10890.0,0.0,0.4344
4DH_0211,311828000,KUJAWY,-10800,-180.0,0.0,1.0,0.5904
4DH_0211,311828000,KUJAWY,-7200,-120.0,0.0,1.0,0.5904
4DH_0211,311828000,KUJAWY,-3600,-60.0,0.0,1.0,0.5904
4DH_0211,311828000,KUJAWY,-1800,-30.0,0.0,1.0,0.5904
4DH_0211,311828000,KUJAWY,-900,-15.0,0.0,1.0,0.5904
4DH_0211,311828000,KUJAWY,0,0.0,180.0,0.7408,0.5515
4DH_0211,311828000,KUJAWY,900,15.0,1080.0,0.1653,0.4592
4DH_0211,311828000,KUJAWY,1800,30.0,1980.0,0.0369,0.431
4DH_0211,311828000,KUJAWY,3600,60.0,3780.0,0.0018,0.4257
4DH_0211,311828000,KUJAWY,7200,120.0,7380.0,0.0,0.4254
4DH_0211,311828000,KUJAWY,10800,180.0,10980.0,0.0,0.4254
4DH_0212,338143506,MORNING SUN II,-10800,-180.0,0.0,1.0,0.5626
4DH_0212,338143506,MORNING SUN II,-7200,-120.0,0.0,1.0,0.5626
4DH_0212,338143506,MORNING SUN II,-3600,-60.0,0.0,1.0,0.5626
4DH_0212,338143506,MORNING SUN II,-1800,-30.0,0.0,1.0,0.5626
4DH_0212,338143506,MORNING SUN II,-900,-15.0,0.0,1.0,0.5626
4DH_0212,338143506,MORNING SUN II,0,0.0,359.0,0.5497,0.4951
4DH_0212,338143506,MORNING SUN II,900,15.0,1259.0,0.1227,0.416
4DH_0212,338143506,MORNING SUN II,1800,30.0,2159.0,0.0274,0.4017
4DH_0212,338143506,MORNING SUN II,3600,60.0,3959.0,0.0014,0.3978
4DH_0212,338143506,MORNING SUN II,7200,120.0,7559.0,0.0,0.3976
4DH_0212,338143506,MORNING SUN II,10800,180.0,11159.0,0.0,0.3976
4DH_0213,338184094,DULCINEA,-10800,-180.0,0.0,1.0,0.5659
4DH_0213,338184094,DULCINEA,-7200,-120.0,0.0,1.0,0.5659
4DH_0213,338184094,DULCINEA,-3600,-60.0,0.0,1.0,0.5659
4DH_0213,338184094,DULCINEA,-1800,-30.0,0.0,1.0,0.5659
4DH_0213,338184094,DULCINEA,-900,-15.0,0.0,1.0,0.5659
4DH_0213,338184094,DULCINEA,0,0.0,177.0,0.7445,0.5276
4DH_0213,338184094,DULCINEA,900,15.0,1077.0,0.1661,0.4348
4DH_0213,338184094,DULCINEA,1800,30.0,1977.0,0.0371,0.4065
4DH_0213,338184094,DULCINEA,3600,60.0,3777.0,0.0018,0.4012
4DH_0213,338184094,DULCINEA,7200,120.0,7377.0,0.0,0.4009
4DH_0213,338184094,DULCINEA,10800,180.0,10977.0,0.0,0.4009
4DH_0214,339759000,REGALEC,-10800,-180.0,0.0,1.0,0.5643
4DH_0214,339759000,REGALEC,-7200,-120.0,0.0,1.0,0.5643
4DH_0214,339759000,REGALEC,-3600,-60.0,0.0,1.0,0.5643
4DH_0214,339759000,REGALEC,-1800,-30.0,0.0,1.0,0.5643
4DH_0214,339759000,REGALEC,-900,-15.0,0.0,1.0,0.5643
4DH_0214,339759000,REGALEC,0,0.0,720.0,0.3012,0.4535
4DH_0214,339759000,REGALEC,900,15.0,1620.0,0.0672,0.4094
4DH_0214,339759000,REGALEC,1800,30.0,2520.0,0.015,0.4016
4DH_0214,339759000,REGALEC,3600,60.0,4320.0,0.0007,0.3995
4DH_0214,339759000,REGALEC,7200,120.0,7920.0,0.0,0.3993
4DH_0214,339759000,REGALEC,10800,180.0,11520.0,0.0,0.3993
4DH_0215,367063030,EMERALD PRINCESS II,-10800,-180.0,0.0,1.0,0.6182
4DH_0215,367063030,EMERALD PRINCESS II,-7200,-120.0,0.0,1.0,0.6182
4DH_0215,367063030,EMERALD PRINCESS II,-3600,-60.0,0.0,1.0,0.6182
4DH_0215,367063030,EMERALD PRINCESS II,-1800,-30.0,0.0,1.0,0.6182
4DH_0215,367063030,EMERALD PRINCESS II,-900,-15.0,0.0,1.0,0.6182
4DH_0215,367063030,EMERALD PRINCESS II,0,0.0,361.0,0.5479,0.5504
4DH_0215,367063030,EMERALD PRINCESS II,900,15.0,1261.0,0.1223,0.4716
4DH_0215,367063030,EMERALD PRINCESS II,1800,30.0,2161.0,0.0273,0.4573
4DH_0215,367063030,EMERALD PRINCESS II,3600,60.0,3961.0,0.0014,0.4534
4DH_0215,367063030,EMERALD PRINCESS II,7200,120.0,7561.0,0.0,0.4532
4DH_0215,367063030,EMERALD PRINCESS II,10800,180.0,11161.0,0.0,0.4532
4DH_0216,367094180,CHICORY,-10800,-180.0,0.0,1.0,0.566
4DH_0216,367094180,CHICORY,-7200,-120.0,0.0,1.0,0.566
4DH_0216,367094180,CHICORY,-3600,-60.0,0.0,1.0,0.566
4DH_0216,367094180,CHICORY,-1800,-30.0,0.0,1.0,0.566
4DH_0216,367094180,CHICORY,-900,-15.0,0.0,1.0,0.566
4DH_0216,367094180,CHICORY,0,0.0,181.0,0.7396,0.5269
4DH_0216,367094180,CHICORY,900,15.0,1081.0,0.165,0.4347
4DH_0216,367094180,CHICORY,1800,30.0,1981.0,0.0368,0.4065
4DH_0216,367094180,CHICORY,3600,60.0,3781.0,0.0018,0.4012
4DH_0216,367094180,CHICORY,7200,120.0,7381.0,0.0,0.401
4DH_0216,367094180,CHICORY,10800,180.0,10981.0,0.0,0.401
4DH_0217,367157730,AESTIVAL,-10800,-180.0,0.0,1.0,0.5637
4DH_0217,367157730,AESTIVAL,-7200,-120.0,0.0,1.0,0.5637
4DH_0217,367157730,AESTIVAL,-3600,-60.0,0.0,1.0,0.5637
4DH_0217,367157730,AESTIVAL,-1800,-30.0,0.0,1.0,0.5637
4DH_0217,367157730,AESTIVAL,-900,-15.0,0.0,1.0,0.5637
4DH_0217,367157730,AESTIVAL,0,0.0,180.0,0.7408,0.5248
4DH_0217,367157730,AESTIVAL,900,15.0,1080.0,0.1653,0.4325
4DH_0217,367157730,AESTIVAL,1800,30.0,1980.0,0.0369,0.4042
4DH_0217,367157730,AESTIVAL,3600,60.0,3780.0,0.0018,0.399
4DH_0217,367157730,AESTIVAL,7200,120.0,7380.0,0.0,0.3987
4DH_0217,367157730,AESTIVAL,10800,180.0,10980.0,0.0,0.3987
4DH_0218,367305420,DOROTHY MORAN,-10800,-180.0,0.0,1.0,0.5887
4DH_0218,367305420,DOROTHY MORAN,-7200,-120.0,0.0,1.0,0.5887
4DH_0218,367305420,DOROTHY MORAN,-3600,-60.0,0.0,1.0,0.5887
4DH_0218,367305420,DOROTHY MORAN,-1800,-30.0,0.0,1.0,0.5887
4DH_0218,367305420,DOROTHY MORAN,-900,-15.0,0.0,1.0,0.5887
4DH_0218,367305420,DOROTHY MORAN,0,0.0,80.0,0.8752,0.5699
4DH_0218,367305420,DOROTHY MORAN,900,15.0,980.0,0.1953,0.462
4DH_0218,367305420,DOROTHY MORAN,1800,30.0,1880.0,0.0436,0.4302
4DH_0218,367305420,DOROTHY MORAN,3600,60.0,3680.0,0.0022,0.424
4DH_0218,367305420,DOROTHY MORAN,7200,120.0,7280.0,0.0,0.4237
4DH_0218,367305420,DOROTHY MORAN,10800,180.0,10880.0,0.0,0.4237
4DH_0219,367369550,ANN MORAN,-10800,-180.0,0.0,1.0,0.5767
4DH_0219,367369550,ANN MORAN,-7200,-120.0,0.0,1.0,0.5767
4DH_0219,367369550,ANN MORAN,-3600,-60.0,0.0,1.0,0.5767
4DH_0219,367369550,ANN MORAN,-1800,-30.0,0.0,1.0,0.5767
4DH_0219,367369550,ANN MORAN,-900,-15.0,0.0,1.0,0.5767
4DH_0219,367369550,ANN MORAN,0,0.0,70.0,0.8899,0.5602
4DH_0219,367369550,ANN MORAN,900,15.0,970.0,0.1986,0.4505
4DH_0219,367369550,ANN MORAN,1800,30.0,1870.0,0.0443,0.4183
4DH_0219,367369550,ANN MORAN,3600,60.0,3670.0,0.0022,0.412
4DH_0219,367369550,ANN MORAN,7200,120.0,7270.0,0.0,0.4117
4DH_0219,367369550,ANN MORAN,10800,180.0,10870.0,0.0,0.4117
4DH_0220,367458950,WYOMING WIND,-10800,-180.0,0.0,1.0,0.5645
4DH_0220,367458950,WYOMING WIND,-7200,-120.0,0.0,1.0,0.5645
4DH_0220,367458950,WYOMING WIND,-3600,-60.0,0.0,1.0,0.5645
4DH_0220,367458950,WYOMING WIND,-1800,-30.0,0.0,1.0,0.5645
4DH_0220,367458950,WYOMING WIND,-900,-15.0,0.0,1.0,0.5645
4DH_0220,367458950,WYOMING WIND,0,0.0,183.0,0.7371,0.525
4DH_0220,367458950,WYOMING WIND,900,15.0,1083.0,0.1645,0.4331
4DH_0220,367458950,WYOMING WIND,1800,30.0,1983.0,0.0367,0.405
4DH_0220,367458950,WYOMING WIND,3600,60.0,3783.0,0.0018,0.3997
4DH_0220,367458950,WYOMING WIND,7200,120.0,7383.0,0.0,0.3995
4DH_0220,367458950,WYOMING WIND,10800,180.0,10983.0,0.0,0.3995
4DH_0221,367691290,MISS LEXY,-10800,-180.0,0.0,1.0,0.5777
4DH_0221,367691290,MISS LEXY,-7200,-120.0,0.0,1.0,0.5777
4DH_0221,367691290,MISS LEXY,-3600,-60.0,0.0,1.0,0.5777
4DH_0221,367691290,MISS LEXY,-1800,-30.0,0.0,1.0,0.5777
4DH_0221,367691290,MISS LEXY,-900,-15.0,0.0,1.0,0.5777
4DH_0221,367691290,MISS LEXY,0,0.0,120.0,0.8187,0.5505
4DH_0221,367691290,MISS LEXY,900,15.0,1020.0,0.1827,0.4491
4DH_0221,367691290,MISS LEXY,1800,30.0,1920.0,0.0408,0.4188
4DH_0221,367691290,MISS LEXY,3600,60.0,3720.0,0.002,0.413
4DH_0221,367691290,MISS LEXY,7200,120.0,7320.0,0.0,0.4127
4DH_0221,367691290,MISS LEXY,10800,180.0,10920.0,0.0,0.4127
4DH_0222,367753660,AQUAMARINE,-10800,-180.0,0.0,1.0,0.5652
4DH_0222,367753660,AQUAMARINE,-7200,-120.0,0.0,1.0,0.5652
4DH_0222,367753660,AQUAMARINE,-3600,-60.0,0.0,1.0,0.5652
4DH_0222,367753660,AQUAMARINE,-1800,-30.0,0.0,1.0,0.5652
4DH_0222,367753660,AQUAMARINE,-900,-15.0,0.0,1.0,0.5652
4DH_0222,367753660,AQUAMARINE,0,0.0,180.0,0.7408,0.5263
4DH_0222,367753660,AQUAMARINE,900,15.0,1080.0,0.1653,0.434
4DH_0222,367753660,AQUAMARINE,1800,30.0,1980.0,0.0369,0.4058
4DH_0222,367753660,AQUAMARINE,3600,60.0,3780.0,0.0018,0.4005
4DH_0222,367753660,AQUAMARINE,7200,120.0,7380.0,0.0,0.4002
4DH_0222,367753660,AQUAMARINE,10800,180.0,10980.0,0.0,0.4002
4DH_0223,367762440,SILVER GIRL II,-10800,-180.0,0.0,1.0,0.5666
4DH_0223,367762440,SILVER GIRL II,-7200,-120.0,0.0,1.0,0.5666
4DH_0223,367762440,SILVER GIRL II,-3600,-60.0,0.0,1.0,0.5666
4DH_0223,367762440,SILVER GIRL II,-1800,-30.0,0.0,1.0,0.5666
4DH_0223,367762440,SILVER GIRL II,-900,-15.0,0.0,1.0,0.5666
4DH_0223,367762440,SILVER GIRL II,0,0.0,361.0,0.5479,0.4988
4DH_0223,367762440,SILVER GIRL II,900,15.0,1261.0,0.1223,0.4199
4DH_0223,367762440,SILVER GIRL II,1800,30.0,2161.0,0.0273,0.4057
4DH_0223,367762440,SILVER GIRL II,3600,60.0,3961.0,0.0014,0.4018
4DH_0223,367762440,SILVER GIRL II,7200,120.0,7561.0,0.0,0.4016
4DH_0223,367762440,SILVER GIRL II,10800,180.0,11161.0,0.0,0.4016
4DH_0224,369201000,SALTY VIXEN,-10800,-180.0,0.0,1.0,0.5648
4DH_0224,369201000,SALTY VIXEN,-7200,-120.0,0.0,1.0,0.5648
4DH_0224,369201000,SALTY VIXEN,-3600,-60.0,0.0,1.0,0.5648
4DH_0224,369201000,SALTY VIXEN,-1800,-30.0,0.0,1.0,0.5648
4DH_0224,369201000,SALTY VIXEN,-900,-15.0,0.0,1.0,0.5648
4DH_0224,369201000,SALTY VIXEN,0,0.0,178.0,0.7433,0.5263
4DH_0224,369201000,SALTY VIXEN,900,15.0,1078.0,0.1659,0.4337
4DH_0224,369201000,SALTY VIXEN,1800,30.0,1978.0,0.037,0.4054
4DH_0224,369201000,SALTY VIXEN,3600,60.0,3778.0,0.0018,0.4001
4DH_0224,369201000,SALTY VIXEN,7200,120.0,7378.0,0.0,0.3998
4DH_0224,369201000,SALTY VIXEN,10800,180.0,10978.0,0.0,0.3998
4DH_0225,538007762,UNKNOWN,-10800,-180.0,0.0,1.0,0.6475
4DH_0225,538007762,UNKNOWN,-7200,-120.0,0.0,1.0,0.6475
4DH_0225,538007762,UNKNOWN,-3600,-60.0,0.0,1.0,0.6475
4DH_0225,538007762,UNKNOWN,-1800,-30.0,0.0,1.0,0.6475
4DH_0225,538007762,UNKNOWN,-900,-15.0,0.0,1.0,0.6475
4DH_0225,538007762,UNKNOWN,0,0.0,69.0,0.8914,0.6312
4DH_0225,538007762,UNKNOWN,900,15.0,969.0,0.1989,0.5213
4DH_0225,538007762,UNKNOWN,1800,30.0,1869.0,0.0444,0.4891
4DH_0225,538007762,UNKNOWN,3600,60.0,3669.0,0.0022,0.4828
4DH_0225,538007762,UNKNOWN,7200,120.0,7269.0,0.0,0.4825
4DH_0225,538007762,UNKNOWN,10800,180.0,10869.0,0.0,0.4825
4DH_0226,311828000,KUJAWY,-10800,-180.0,0.0,1.0,0.5719
4DH_0226,311828000,KUJAWY,-7200,-120.0,0.0,1.0,0.5719
4DH_0226,311828000,KUJAWY,-3600,-60.0,0.0,1.0,0.5719
4DH_0226,311828000,KUJAWY,-1800,-30.0,0.0,1.0,0.5719
4DH_0226,311828000,KUJAWY,-900,-15.0,0.0,1.0,0.5719
4DH_0226,311828000,KUJAWY,0,0.0,180.0,0.7408,0.5331
4DH_0226,311828000,KUJAWY,900,15.0,1080.0,0.1653,0.4407
4DH_0226,311828000,KUJAWY,1800,30.0,1980.0,0.0369,0.4125
4DH_0226,311828000,KUJAWY,3600,60.0,3780.0,0.0018,0.4072
4DH_0226,311828000,KUJAWY,7200,120.0,7380.0,0.0,0.4069
4DH_0226,311828000,KUJAWY,10800,180.0,10980.0,0.0,0.4069
4DH_0227,367305420,DOROTHY MORAN,-10800,-180.0,0.0,1.0,0.5593
4DH_0227,367305420,DOROTHY MORAN,-7200,-120.0,0.0,1.0,0.5593
4DH_0227,367305420,DOROTHY MORAN,-3600,-60.0,0.0,1.0,0.5593
4DH_0227,367305420,DOROTHY MORAN,-1800,-30.0,0.0,1.0,0.5593
4DH_0227,367305420,DOROTHY MORAN,-900,-15.0,0.0,1.0,0.5593
4DH_0227,367305420,DOROTHY MORAN,0,0.0,69.0,0.8914,0.543
4DH_0227,367305420,DOROTHY MORAN,900,15.0,969.0,0.1989,0.4331
4DH_0227,367305420,DOROTHY MORAN,1800,30.0,1869.0,0.0444,0.401
4DH_0227,367305420,DOROTHY MORAN,3600,60.0,3669.0,0.0022,0.3946
4DH_0227,367305420,DOROTHY MORAN,7200,120.0,7269.0,0.0,0.3943
4DH_0227,367305420,DOROTHY MORAN,10800,180.0,10869.0,0.0,0.3943
4DH_0228,367369550,ANN MORAN,-10800,-180.0,0.0,1.0,0.5597
4DH_0228,367369550,ANN MORAN,-7200,-120.0,0.0,1.0,0.5597
4DH_0228,367369550,ANN MORAN,-3600,-60.0,0.0,1.0,0.5597
4DH_0228,367369550,ANN MORAN,-1800,-30.0,0.0,1.0,0.5597
4DH_0228,367369550,ANN MORAN,-900,-15.0,0.0,1.0,0.5597
4DH_0228,367369550,ANN MORAN,0,0.0,150.0,0.7788,0.5265
4DH_0228,367369550,ANN MORAN,900,15.0,1050.0,0.1738,0.4297
4DH_0228,367369550,ANN MORAN,1800,30.0,1950.0,0.0388,0.4005
4DH_0228,367369550,ANN MORAN,3600,60.0,3750.0,0.0019,0.3949
4DH_0228,367369550,ANN MORAN,7200,120.0,7350.0,0.0,0.3947
4DH_0228,367369550,ANN MORAN,10800,180.0,10950.0,0.0,0.3947
4DH_0229,367691290,MISS LEXY,-10800,-180.0,0.0,1.0,0.5606
4DH_0229,367691290,MISS LEXY,-7200,-120.0,0.0,1.0,0.5606
4DH_0229,367691290,MISS LEXY,-3600,-60.0,0.0,1.0,0.5606
4DH_0229,367691290,MISS LEXY,-1800,-30.0,0.0,1.0,0.5606
4DH_0229,367691290,MISS LEXY,-900,-15.0,0.0,1.0,0.5606
4DH_0229,367691290,MISS LEXY,0,0.0,62.0,0.9018,0.5458
4DH_0229,367691290,MISS LEXY,900,15.0,962.0,0.2012,0.4347
4DH_0229,367691290,MISS LEXY,1800,30.0,1862.0,0.0449,0.4023
4DH_0229,367691290,MISS LEXY,3600,60.0,3662.0,0.0022,0.3959
4DH_0229,367691290,MISS LEXY,7200,120.0,7262.0,0.0,0.3956
4DH_0229,367691290,MISS LEXY,10800,180.0,10862.0,0.0,0.3956
4DH_0230,367762440,SILVER GIRL II,-10800,-180.0,0.0,1.0,0.5507
4DH_0230,367762440,SILVER GIRL II,-7200,-120.0,0.0,1.0,0.5507
4DH_0230,367762440,SILVER GIRL II,-3600,-60.0,0.0,1.0,0.5507
4DH_0230,367762440,SILVER GIRL II,-1800,-30.0,0.0,1.0,0.5507
4DH_0230,367762440,SILVER GIRL II,-900,-15.0,0.0,1.0,0.5507
4DH_0230,367762440,SILVER GIRL II,0,0.0,179.0,0.7421,0.512
4DH_0230,367762440,SILVER GIRL II,900,15.0,1079.0,0.1656,0.4195
4DH_0230,367762440,SILVER GIRL II,1800,30.0,1979.0,0.0369,0.3912
4DH_0230,367762440,SILVER GIRL II,3600,60.0,3779.0,0.0018,0.3859
4DH_0230,367762440,SILVER GIRL II,7200,120.0,7379.0,0.0,0.3857
4DH_0230,367762440,SILVER GIRL II,10800,180.0,10979.0,0.0,0.3857
4DH_0231,538007762,UNKNOWN,-10800,-180.0,0.0,1.0,0.5538
4DH_0231,538007762,UNKNOWN,-7200,-120.0,0.0,1.0,0.5538
4DH_0231,538007762,UNKNOWN,-3600,-60.0,0.0,1.0,0.5538
4DH_0231,538007762,UNKNOWN,-1800,-30.0,0.0,1.0,0.5538
4DH_0231,538007762,UNKNOWN,-900,-15.0,0.0,1.0,0.5538
4DH_0231,538007762,UNKNOWN,0,0.0,176.0,0.7458,0.5156
4DH_0231,538007762,UNKNOWN,900,15.0,1076.0,0.1664,0.4227
4DH_0231,538007762,UNKNOWN,1800,30.0,1976.0,0.0371,0.3943
4DH_0231,538007762,UNKNOWN,3600,60.0,3776.0,0.0018,0.389
4DH_0231,538007762,UNKNOWN,7200,120.0,7376.0,0.0,0.3888
4DH_0231,538007762,UNKNOWN,10800,180.0,10976.0,0.0,0.3888
4DH_0232,311828000,KUJAWY,-10800,-180.0,0.0,1.0,0.5342
4DH_0232,311828000,KUJAWY,-7200,-120.0,0.0,1.0,0.5342
4DH_0232,311828000,KUJAWY,-3600,-60.0,0.0,1.0,0.5342
4DH_0232,311828000,KUJAWY,-1800,-30.0,0.0,1.0,0.5342
4DH_0232,311828000,KUJAWY,-900,-15.0,0.0,1.0,0.5342
4DH_0232,311828000,KUJAWY,0,0.0,181.0,0.7396,0.4951
4DH_0232,311828000,KUJAWY,900,15.0,1081.0,0.165,0.4029
4DH_0232,311828000,KUJAWY,1800,30.0,1981.0,0.0368,0.3747
4DH_0232,311828000,KUJAWY,3600,60.0,3781.0,0.0018,0.3694
4DH_0232,311828000,KUJAWY,7200,120.0,7381.0,0.0,0.3692
4DH_0232,311828000,KUJAWY,10800,180.0,10981.0,0.0,0.3692
4DH_0233,367063030,EMERALD PRINCESS II,-10800,-180.0,0.0,1.0,0.5545
4DH_0233,367063030,EMERALD PRINCESS II,-7200,-120.0,0.0,1.0,0.5545
4DH_0233,367063030,EMERALD PRINCESS II,-3600,-60.0,0.0,1.0,0.5545
4DH_0233,367063030,EMERALD PRINCESS II,-1800,-30.0,0.0,1.0,0.5545
4DH_0233,367063030,EMERALD PRINCESS II,-900,-15.0,0.0,1.0,0.5545
4DH_0233,367063030,EMERALD PRINCESS II,0,0.0,120.0,0.8187,0.5273
4DH_0233,367063030,EMERALD PRINCESS II,900,15.0,1020.0,0.1827,0.4259
4DH_0233,367063030,EMERALD PRINCESS II,1800,30.0,1920.0,0.0408,0.3956
4DH_0233,367063030,EMERALD PRINCESS II,3600,60.0,3720.0,0.002,0.3898
4DH_0233,367063030,EMERALD PRINCESS II,7200,120.0,7320.0,0.0,0.3895
4DH_0233,367063030,EMERALD PRINCESS II,10800,180.0,10920.0,0.0,0.3895
4DH_0234,367691290,MISS LEXY,-10800,-180.0,0.0,1.0,0.5255
4DH_0234,367691290,MISS LEXY,-7200,-120.0,0.0,1.0,0.5255
4DH_0234,367691290,MISS LEXY,-3600,-60.0,0.0,1.0,0.5255
4DH_0234,367691290,MISS LEXY,-1800,-30.0,0.0,1.0,0.5255
4DH_0234,367691290,MISS LEXY,-900,-15.0,0.0,1.0,0.5255
4DH_0234,367691290,MISS LEXY,0,0.0,139.0,0.7932,0.4945
4DH_0234,367691290,MISS LEXY,900,15.0,1039.0,0.177,0.3961
4DH_0234,367691290,MISS LEXY,1800,30.0,1939.0,0.0395,0.3664
4DH_0234,367691290,MISS LEXY,3600,60.0,3739.0,0.002,0.3608
4DH_0234,367691290,MISS LEXY,7200,120.0,7339.0,0.0,0.3605
4DH_0234,367691290,MISS LEXY,10800,180.0,10939.0,0.0,0.3605
4DH_0235,338182224,SEA SALT,-10800,-180.0,0.0,1.0,0.6077
4DH_0235,338182224,SEA SALT,-7200,-120.0,0.0,1.0,0.6077
4DH_0235,338182224,SEA SALT,-3600,-60.0,0.0,1.0,0.6077
4DH_0235,338182224,SEA SALT,-1800,-30.0,0.0,1.0,0.6077
4DH_0235,338182224,SEA SALT,-900,-15.0,0.0,1.0,0.6077
4DH_0235,338182224,SEA SALT,0,0.0,90.0,0.8607,0.5868
4DH_0235,338182224,SEA SALT,900,15.0,990.0,0.192,0.4805
4DH_0235,338182224,SEA SALT,1800,30.0,1890.0,0.0429,0.4491
4DH_0235,338182224,SEA SALT,3600,60.0,3690.0,0.0021,0.443
4DH_0235,338182224,SEA SALT,7200,120.0,7290.0,0.0,0.4427
4DH_0235,338182224,SEA SALT,10800,180.0,10890.0,0.0,0.4427
4DH_0236,369970979,S3005 NRT1,-10800,-180.0,0.0,1.0,0.5199
4DH_0236,369970979,S3005 NRT1,-7200,-120.0,0.0,1.0,0.5199
4DH_0236,369970979,S3005 NRT1,-3600,-60.0,0.0,1.0,0.5199
4DH_0236,369970979,S3005 NRT1,-1800,-30.0,0.0,1.0,0.5199
4DH_0236,369970979,S3005 NRT1,-900,-15.0,0.0,1.0,0.5199
4DH_0236,369970979,S3005 NRT1,0,0.0,209.0,0.7059,0.4758
4DH_0236,369970979,S3005 NRT1,900,15.0,1109.0,0.1575,0.3875
4DH_0236,369970979,S3005 NRT1,1800,30.0,2009.0,0.0351,0.3601
4DH_0236,369970979,S3005 NRT1,3600,60.0,3809.0,0.0017,0.3551
4DH_0236,369970979,S3005 NRT1,7200,120.0,7409.0,0.0,0.3549
4DH_0236,369970979,S3005 NRT1,10800,180.0,11009.0,0.0,0.3549
4DH_0237,338102856,RESPONDER,-10800,-180.0,0.0,1.0,0.6314
4DH_0237,338102856,RESPONDER,-7200,-120.0,0.0,1.0,0.6314
4DH_0237,338102856,RESPONDER,-3600,-60.0,0.0,1.0,0.6314
4DH_0237,338102856,RESPONDER,-1800,-30.0,0.0,1.0,0.6314
4DH_0237,338102856,RESPONDER,-900,-15.0,0.0,1.0,0.6314
4DH_0237,338102856,RESPONDER,0,0.0,111.0,0.8311,0.6061
4DH_0237,338102856,RESPONDER,900,15.0,1011.0,0.1854,0.5032
4DH_0237,338102856,RESPONDER,1800,30.0,1911.0,0.0414,0.4726
4DH_0237,338102856,RESPONDER,3600,60.0,3711.0,0.0021,0.4667
4DH_0237,338102856,RESPONDER,7200,120.0,7311.0,0.0,0.4664
4DH_0237,338102856,RESPONDER,10800,180.0,10911.0,0.0,0.4664
4DH_0238,338102861,RECOVERY,-10800,-180.0,0.0,1.0,0.6295
4DH_0238,338102861,RECOVERY,-7200,-120.0,0.0,1.0,0.6295
4DH_0238,338102861,RECOVERY,-3600,-60.0,0.0,1.0,0.6295
4DH_0238,338102861,RECOVERY,-1800,-30.0,0.0,1.0,0.6295
4DH_0238,338102861,RECOVERY,-900,-15.0,0.0,1.0,0.6295
4DH_0238,338102861,RECOVERY,0,0.0,72.0,0.8869,0.6126
4DH_0238,338102861,RECOVERY,900,15.0,972.0,0.1979,0.5032
4DH_0238,338102861,RECOVERY,1800,30.0,1872.0,0.0442,0.4711
4DH_0238,338102861,RECOVERY,3600,60.0,3672.0,0.0022,0.4649
4DH_0238,338102861,RECOVERY,7200,120.0,7272.0,0.0,0.4645
4DH_0238,338102861,RECOVERY,10800,180.0,10872.0,0.0,0.4645
4DH_0239,338235704,BRUNSWICK,-10800,-180.0,0.0,1.0,0.6308
4DH_0239,338235704,BRUNSWICK,-7200,-120.0,0.0,1.0,0.6308
4DH_0239,338235704,BRUNSWICK,-3600,-60.0,0.0,1.0,0.6308
4DH_0239,338235704,BRUNSWICK,-1800,-30.0,0.0,1.0,0.6308
4DH_0239,338235704,BRUNSWICK,-900,-15.0,0.0,1.0,0.6308
4DH_0239,338235704,BRUNSWICK,0,0.0,149.0,0.7801,0.5978
4DH_0239,338235704,BRUNSWICK,900,15.0,1049.0,0.1741,0.5009
4DH_0239,338235704,BRUNSWICK,1800,30.0,1949.0,0.0388,0.4717
4DH_0239,338235704,BRUNSWICK,3600,60.0,3749.0,0.0019,0.4661
4DH_0239,338235704,BRUNSWICK,7200,120.0,7349.0,0.0,0.4658
4DH_0239,338235704,BRUNSWICK,10800,180.0,10949.0,0.0,0.4658
4DH_0240,367063030,EMERALD PRINCESS II,-10800,-180.0,0.0,1.0,0.6062
4DH_0240,367063030,EMERALD PRINCESS II,-7200,-120.0,0.0,1.0,0.6062
4DH_0240,367063030,EMERALD PRINCESS II,-3600,-60.0,0.0,1.0,0.6062
4DH_0240,367063030,EMERALD PRINCESS II,-1800,-30.0,0.0,1.0,0.6062
4DH_0240,367063030,EMERALD PRINCESS II,-900,-15.0,0.0,1.0,0.6062
4DH_0240,367063030,EMERALD PRINCESS II,0,0.0,359.0,0.5497,0.5386
4DH_0240,367063030,EMERALD PRINCESS II,900,15.0,1259.0,0.1227,0.4596
4DH_0240,367063030,EMERALD PRINCESS II,1800,30.0,2159.0,0.0274,0.4453
4DH_0240,367063030,EMERALD PRINCESS II,3600,60.0,3959.0,0.0014,0.4414
4DH_0240,367063030,EMERALD PRINCESS II,7200,120.0,7559.0,0.0,0.4412
4DH_0240,367063030,EMERALD PRINCESS II,10800,180.0,11159.0,0.0,0.4412
4DH_0241,367305420,DOROTHY MORAN,-10800,-180.0,0.0,1.0,0.6296
4DH_0241,367305420,DOROTHY MORAN,-7200,-120.0,0.0,1.0,0.6296
4DH_0241,367305420,DOROTHY MORAN,-3600,-60.0,0.0,1.0,0.6296
4DH_0241,367305420,DOROTHY MORAN,-1800,-30.0,0.0,1.0,0.6296
4DH_0241,367305420,DOROTHY MORAN,-900,-15.0,0.0,1.0,0.6296
4DH_0241,367305420,DOROTHY MORAN,0,0.0,72.0,0.8869,0.6127
4DH_0241,367305420,DOROTHY MORAN,900,15.0,972.0,0.1979,0.5033
4DH_0241,367305420,DOROTHY MORAN,1800,30.0,1872.0,0.0442,0.4713
4DH_0241,367305420,DOROTHY MORAN,3600,60.0,3672.0,0.0022,0.465
4DH_0241,367305420,DOROTHY MORAN,7200,120.0,7272.0,0.0,0.4646
4DH_0241,367305420,DOROTHY MORAN,10800,180.0,10872.0,0.0,0.4646
4DH_0242,367369550,ANN MORAN,-10800,-180.0,0.0,1.0,0.6291
4DH_0242,367369550,ANN MORAN,-7200,-120.0,0.0,1.0,0.6291
4DH_0242,367369550,ANN MORAN,-3600,-60.0,0.0,1.0,0.6291
4DH_0242,367369550,ANN MORAN,-1800,-30.0,0.0,1.0,0.6291
4DH_0242,367369550,ANN MORAN,-900,-15.0,0.0,1.0,0.6291
4DH_0242,367369550,ANN MORAN,0,0.0,70.0,0.8899,0.6126
4DH_0242,367369550,ANN MORAN,900,15.0,970.0,0.1986,0.5029
4DH_0242,367369550,ANN MORAN,1800,30.0,1870.0,0.0443,0.4708
4DH_0242,367369550,ANN MORAN,3600,60.0,3670.0,0.0022,0.4645
4DH_0242,367369550,ANN MORAN,7200,120.0,7270.0,0.0,0.4641
4DH_0242,367369550,ANN MORAN,10800,180.0,10870.0,0.0,0.4641
4DH_0243,538007762,UNKNOWN,-10800,-180.0,0.0,1.0,0.6307
4DH_0243,538007762,UNKNOWN,-7200,-120.0,0.0,1.0,0.6307
4DH_0243,538007762,UNKNOWN,-3600,-60.0,0.0,1.0,0.6307
4DH_0243,538007762,UNKNOWN,-1800,-30.0,0.0,1.0,0.6307
4DH_0243,538007762,UNKNOWN,-900,-15.0,0.0,1.0,0.6307
4DH_0243,538007762,UNKNOWN,0,0.0,91.0,0.8593,0.6096
4DH_0243,538007762,UNKNOWN,900,15.0,991.0,0.1917,0.5035
4DH_0243,538007762,UNKNOWN,1800,30.0,1891.0,0.0428,0.4721
4DH_0243,538007762,UNKNOWN,3600,60.0,3691.0,0.0021,0.466
4DH_0243,538007762,UNKNOWN,7200,120.0,7291.0,0.0,0.4657
4DH_0243,538007762,UNKNOWN,10800,180.0,10891.0,0.0,0.4657
4DH_0244,338102856,RESPONDER,-10800,-180.0,0.0,1.0,0.6033
4DH_0244,338102856,RESPONDER,-7200,-120.0,0.0,1.0,0.6033
4DH_0244,338102856,RESPONDER,-3600,-60.0,0.0,1.0,0.6033
4DH_0244,338102856,RESPONDER,-1800,-30.0,0.0,1.0,0.6033
4DH_0244,338102856,RESPONDER,-900,-15.0,0.0,1.0,0.6033
4DH_0244,338102856,RESPONDER,0,0.0,70.0,0.8899,0.5868
4DH_0244,338102856,RESPONDER,900,15.0,970.0,0.1986,0.4771
4DH_0244,338102856,RESPONDER,1800,30.0,1870.0,0.0443,0.445
4DH_0244,338102856,RESPONDER,3600,60.0,3670.0,0.0022,0.4387
4DH_0244,338102856,RESPONDER,7200,120.0,7270.0,0.0,0.4383
4DH_0244,338102856,RESPONDER,10800,180.0,10870.0,0.0,0.4383
4DH_0245,338102861,RECOVERY,-10800,-180.0,0.0,1.0,0.6041
4DH_0245,338102861,RECOVERY,-7200,-120.0,0.0,1.0,0.6041
4DH_0245,338102861,RECOVERY,-3600,-60.0,0.0,1.0,0.6041
4DH_0245,338102861,RECOVERY,-1800,-30.0,0.0,1.0,0.6041
4DH_0245,338102861,RECOVERY,-900,-15.0,0.0,1.0,0.6041
4DH_0245,338102861,RECOVERY,0,0.0,62.0,0.9018,0.5893
4DH_0245,338102861,RECOVERY,900,15.0,962.0,0.2012,0.4782
4DH_0245,338102861,RECOVERY,1800,30.0,1862.0,0.0449,0.4458
4DH_0245,338102861,RECOVERY,3600,60.0,3662.0,0.0022,0.4394
4DH_0245,338102861,RECOVERY,7200,120.0,7262.0,0.0,0.4391
4DH_0245,338102861,RECOVERY,10800,180.0,10862.0,0.0,0.4391
4DH_0246,338235704,BRUNSWICK,-10800,-180.0,0.0,1.0,0.603
4DH_0246,338235704,BRUNSWICK,-7200,-120.0,0.0,1.0,0.603
4DH_0246,338235704,BRUNSWICK,-3600,-60.0,0.0,1.0,0.603
4DH_0246,338235704,BRUNSWICK,-1800,-30.0,0.0,1.0,0.603
4DH_0246,338235704,BRUNSWICK,-900,-15.0,0.0,1.0,0.603
4DH_0246,338235704,BRUNSWICK,0,0.0,89.0,0.8621,0.5823
4DH_0246,338235704,BRUNSWICK,900,15.0,989.0,0.1924,0.4758
4DH_0246,338235704,BRUNSWICK,1800,30.0,1889.0,0.0429,0.4444
4DH_0246,338235704,BRUNSWICK,3600,60.0,3689.0,0.0021,0.4383
4DH_0246,338235704,BRUNSWICK,7200,120.0,7289.0,0.0,0.438
4DH_0246,338235704,BRUNSWICK,10800,180.0,10889.0,0.0,0.438
4DH_0247,367063030,EMERALD PRINCESS II,-10800,-180.0,0.0,1.0,0.586
4DH_0247,367063030,EMERALD PRINCESS II,-7200,-120.0,0.0,1.0,0.586
4DH_0247,367063030,EMERALD PRINCESS II,-3600,-60.0,0.0,1.0,0.586
4DH_0247,367063030,EMERALD PRINCESS II,-1800,-30.0,0.0,1.0,0.586
4DH_0247,367063030,EMERALD PRINCESS II,-900,-15.0,0.0,1.0,0.586
4DH_0247,367063030,EMERALD PRINCESS II,0,0.0,179.0,0.7421,0.5473
4DH_0247,367063030,EMERALD PRINCESS II,900,15.0,1079.0,0.1656,0.4548
4DH_0247,367063030,EMERALD PRINCESS II,1800,30.0,1979.0,0.0369,0.4265
4DH_0247,367063030,EMERALD PRINCESS II,3600,60.0,3779.0,0.0018,0.4213
4DH_0247,367063030,EMERALD PRINCESS II,7200,120.0,7379.0,0.0,0.421
4DH_0247,367063030,EMERALD PRINCESS II,10800,180.0,10979.0,0.0,0.421
4DH_0248,367305420,DOROTHY MORAN,-10800,-180.0,0.0,1.0,0.6033
4DH_0248,367305420,DOROTHY MORAN,-7200,-120.0,0.0,1.0,0.6033
4DH_0248,367305420,DOROTHY MORAN,-3600,-60.0,0.0,1.0,0.6033
4DH_0248,367305420,DOROTHY MORAN,-1800,-30.0,0.0,1.0,0.6033
4DH_0248,367305420,DOROTHY MORAN,-900,-15.0,0.0,1.0,0.6033
4DH_0248,367305420,DOROTHY MORAN,0,0.0,89.0,0.8621,0.5826
4DH_0248,367305420,DOROTHY MORAN,900,15.0,989.0,0.1924,0.4761
4DH_0248,367305420,DOROTHY MORAN,1800,30.0,1889.0,0.0429,0.4447
4DH_0248,367305420,DOROTHY MORAN,3600,60.0,3689.0,0.0021,0.4386
4DH_0248,367305420,DOROTHY MORAN,7200,120.0,7289.0,0.0,0.4383
4DH_0248,367305420,DOROTHY MORAN,10800,180.0,10889.0,0.0,0.4383
4DH_0249,367369550,ANN MORAN,-10800,-180.0,0.0,1.0,0.6029
4DH_0249,367369550,ANN MORAN,-7200,-120.0,0.0,1.0,0.6029
4DH_0249,367369550,ANN MORAN,-3600,-60.0,0.0,1.0,0.6029
4DH_0249,367369550,ANN MORAN,-1800,-30.0,0.0,1.0,0.6029
4DH_0249,367369550,ANN MORAN,-900,-15.0,0.0,1.0,0.6029
4DH_0249,367369550,ANN MORAN,0,0.0,129.0,0.8065,0.5739
4DH_0249,367369550,ANN MORAN,900,15.0,1029.0,0.18,0.4739
4DH_0249,367369550,ANN MORAN,1800,30.0,1929.0,0.0402,0.4439
4DH_0249,367369550,ANN MORAN,3600,60.0,3729.0,0.002,0.4382
4DH_0249,367369550,ANN MORAN,7200,120.0,7329.0,0.0,0.4379
4DH_0249,367369550,ANN MORAN,10800,180.0,10929.0,0.0,0.4379
4DH_0250,538007762,UNKNOWN,-10800,-180.0,0.0,1.0,0.6042
4DH_0250,538007762,UNKNOWN,-7200,-120.0,0.0,1.0,0.6042
4DH_0250,538007762,UNKNOWN,-3600,-60.0,0.0,1.0,0.6042
4DH_0250,538007762,UNKNOWN,-1800,-30.0,0.0,1.0,0.6042
4DH_0250,538007762,UNKNOWN,-900,-15.0,0.0,1.0,0.6042
4DH_0250,538007762,UNKNOWN,0,0.0,90.0,0.8607,0.5833
4DH_0250,538007762,UNKNOWN,900,15.0,990.0,0.192,0.477
4DH_0250,538007762,UNKNOWN,1800,30.0,1890.0,0.0429,0.4456
4DH_0250,538007762,UNKNOWN,3600,60.0,3690.0,0.0021,0.4395
4DH_0250,538007762,UNKNOWN,7200,120.0,7290.0,0.0,0.4392
4DH_0250,538007762,UNKNOWN,10800,180.0,10890.0,0.0,0.4392
4DH_0251,367063030,EMERALD PRINCESS II,-10800,-180.0,0.0,1.0,0.5713
4DH_0251,367063030,EMERALD PRINCESS II,-7200,-120.0,0.0,1.0,0.5713
4DH_0251,367063030,EMERALD PRINCESS II,-3600,-60.0,0.0,1.0,0.5713
4DH_0251,367063030,EMERALD PRINCESS II,-1800,-30.0,0.0,1.0,0.5713
4DH_0251,367063030,EMERALD PRINCESS II,-900,-15.0,0.0,1.0,0.5713
4DH_0251,367063030,EMERALD PRINCESS II,0,0.0,361.0,0.5479,0.5035
4DH_0251,367063030,EMERALD PRINCESS II,900,15.0,1261.0,0.1223,0.4246
4DH_0251,367063030,EMERALD PRINCESS II,1800,30.0,2161.0,0.0273,0.4104
4DH_0251,367063030,EMERALD PRINCESS II,3600,60.0,3961.0,0.0014,0.4065
4DH_0251,367063030,EMERALD PRINCESS II,7200,120.0,7561.0,0.0,0.4063
4DH_0251,367063030,EMERALD PRINCESS II,10800,180.0,11161.0,0.0,0.4063
4DH_0252,538004697,EMERALD ACE,-10800,-180.0,0.0,1.0,0.5779
4DH_0252,538004697,EMERALD ACE,-7200,-120.0,0.0,1.0,0.5779
4DH_0252,538004697,EMERALD ACE,-3600,-60.0,0.0,1.0,0.5779
4DH_0252,538004697,EMERALD ACE,-1800,-30.0,0.0,1.0,0.5779
4DH_0252,538004697,EMERALD ACE,-900,-15.0,0.0,1.0,0.5779
4DH_0252,538004697,EMERALD ACE,0,0.0,110.0,0.8325,0.5528
4DH_0252,538004697,EMERALD ACE,900,15.0,1010.0,0.1858,0.4497
4DH_0252,538004697,EMERALD ACE,1800,30.0,1910.0,0.0414,0.4191
4DH_0252,538004697,EMERALD ACE,3600,60.0,3710.0,0.0021,0.4132
4DH_0252,538004697,EMERALD ACE,7200,120.0,7310.0,0.0,0.4129
4DH_0252,538004697,EMERALD ACE,10800,180.0,10910.0,0.0,0.4129
4DH_0253,538007762,UNKNOWN,-10800,-180.0,0.0,1.0,0.6021
4DH_0253,538007762,UNKNOWN,-7200,-120.0,0.0,1.0,0.6021
4DH_0253,538007762,UNKNOWN,-3600,-60.0,0.0,1.0,0.6021
4DH_0253,538007762,UNKNOWN,-1800,-30.0,0.0,1.0,0.6021
4DH_0253,538007762,UNKNOWN,-900,-15.0,0.0,1.0,0.6021
4DH_0253,538007762,UNKNOWN,0,0.0,69.0,0.8914,0.5858
4DH_0253,538007762,UNKNOWN,900,15.0,969.0,0.1989,0.476
4DH_0253,538007762,UNKNOWN,1800,30.0,1869.0,0.0444,0.4438
4DH_0253,538007762,UNKNOWN,3600,60.0,3669.0,0.0022,0.4375
4DH_0253,538007762,UNKNOWN,7200,120.0,7269.0,0.0,0.4371
4DH_0253,538007762,UNKNOWN,10800,180.0,10869.0,0.0,0.4371
4DH_0254,367063030,EMERALD PRINCESS II,-10800,-180.0,0.0,1.0,0.5654
4DH_0254,367063030,EMERALD PRINCESS II,-7200,-120.0,0.0,1.0,0.5654
4DH_0254,367063030,EMERALD PRINCESS II,-3600,-60.0,0.0,1.0,0.5654
4DH_0254,367063030,EMERALD PRINCESS II,-1800,-30.0,0.0,1.0,0.5654
4DH_0254,367063030,EMERALD PRINCESS II,-900,-15.0,0.0,1.0,0.5654
4DH_0254,367063030,EMERALD PRINCESS II,0,0.0,140.0,0.7919,0.5341
4DH_0254,367063030,EMERALD PRINCESS II,900,15.0,1040.0,0.1767,0.4359
4DH_0254,367063030,EMERALD PRINCESS II,1800,30.0,1940.0,0.0394,0.4063
4DH_0254,367063030,EMERALD PRINCESS II,3600,60.0,3740.0,0.002,0.4007
4DH_0254,367063030,EMERALD PRINCESS II,7200,120.0,7340.0,0.0,0.4004
4DH_0254,367063030,EMERALD PRINCESS II,10800,180.0,10940.0,0.0,0.4004
4DH_0255,338182224,SEA SALT,-10800,-180.0,0.0,1.0,0.5283
4DH_0255,338182224,SEA SALT,-7200,-120.0,0.0,1.0,0.5283
4DH_0255,338182224,SEA SALT,-3600,-60.0,0.0,1.0,0.5283
4DH_0255,338182224,SEA SALT,-1800,-30.0,0.0,1.0,0.5283
4DH_0255,338182224,SEA SALT,-900,-15.0,0.0,1.0,0.5283
4DH_0255,338182224,SEA SALT,0,0.0,90.0,0.8607,0.5074
4DH_0255,338182224,SEA SALT,900,15.0,990.0,0.192,0.4011
4DH_0255,338182224,SEA SALT,1800,30.0,1890.0,0.0429,0.3697
4DH_0255,338182224,SEA SALT,3600,60.0,3690.0,0.0021,0.3636
4DH_0255,338182224,SEA SALT,7200,120.0,7290.0,0.0,0.3633
4DH_0255,338182224,SEA SALT,10800,180.0,10890.0,0.0,0.3633
4DH_0256,538007762,UNKNOWN,-10800,-180.0,0.0,1.0,0.5952
4DH_0256,538007762,UNKNOWN,-7200,-120.0,0.0,1.0,0.5952
4DH_0256,538007762,UNKNOWN,-3600,-60.0,0.0,1.0,0.5952
4DH_0256,538007762,UNKNOWN,-1800,-30.0,0.0,1.0,0.5952
4DH_0256,538007762,UNKNOWN,-900,-15.0,0.0,1.0,0.5952
4DH_0256,538007762,UNKNOWN,0,0.0,69.0,0.8914,0.5789
4DH_0256,538007762,UNKNOWN,900,15.0,969.0,0.1989,0.469
4DH_0256,538007762,UNKNOWN,1800,30.0,1869.0,0.0444,0.4368
4DH_0256,538007762,UNKNOWN,3600,60.0,3669.0,0.0022,0.4305
4DH_0256,538007762,UNKNOWN,7200,120.0,7269.0,0.0,0.4302
4DH_0256,538007762,UNKNOWN,10800,180.0,10869.0,0.0,0.4302
