hypothesis_id,candidate_id,mmsi,vessel_name,observed_slick_id,release_timestamp,release_lat,release_lon,observation_timestamp,simulation_duration_hours,particle_count,active_particle_count,active_particle_fraction,simulation_status,predicted_centroid_lat,predicted_centroid_lon,observed_centroid_lat,observed_centroid_lon,centroid_error_m,mean_particle_distance_m,median_particle_distance_m,p90_particle_distance_m,coverage,in_slick_fraction,intersection_area_m2,union_area_m2,iou,predicted_area_m2,observed_area_m2,predicted_length_m,predicted_width_m,predicted_aspect_ratio,predicted_orientation_deg,observed_length_m,observed_width_m,observed_aspect_ratio,observed_orientation_deg,delta_length_m,delta_width_m,delta_aspect_ratio,delta_orientation_deg,is_sparse,norm_centroid_score,norm_particle_score,norm_coverage_score,norm_iou_score
4DH_0001,VC_0001,311828000,KUJAWY,CS_0035,2019-09-08T09:25:31.797740+00:00,31.115912,-81.41812,2019-09-08T11:25:31.797740+00:00,2.0,500,500,1.0,completed,31.121031,-81.416019,31.12086,-81.41602,19.01,38.46,18.4,111.65,1.0,0.322,52578.83,348909.83,0.1507,348882.07,52606.59,835.12,680.15,1.228,21.9,520.05,219.56,2.369,40.15,315.07,460.59,1.141,18.25,False,0.9627,0.926,1.0,0.1507
4DH_0002,VC_0002,338102856,RESPONDER,CS_0035,2019-09-08T09:25:31.797740+00:00,31.115912,-81.41812,2019-09-08T11:25:31.797740+00:00,2.0,500,500,1.0,completed,31.121031,-81.416019,31.12086,-81.41602,19.01,38.46,18.4,111.65,1.0,0.322,52578.83,348909.83,0.1507,348882.07,52606.59,835.12,680.15,1.228,21.9,520.05,219.56,2.369,40.15,315.07,460.59,1.141,18.25,False,0.9627,0.926,1.0,0.1507
4DH_0003,VC_0003,338102861,RECOVERY,CS_0035,2019-09-08T09:25:31.797740+00:00,31.115912,-81.41812,2019-09-08T11:25:31.797740+00:00,2.0,500,500,1.0,completed,31.121031,-81.416019,31.12086,-81.41602,19.01,38.46,18.4,111.65,1.0,0.322,52578.83,348909.83,0.1507,348882.07,52606.59,835.12,680.15,1.228,21.9,520.05,219.56,2.369,40.15,315.07,460.59,1.141,18.25,False,0.9627,0.926,1.0,0.1507
4DH_0004,VC_0004,338143506,MORNING SUN II,CS_0035,2019-09-08T09:25:31.797740+00:00,31.115912,-81.41812,2019-09-08T11:25:31.797740+00:00,2.0,500,500,1.0,completed,31.121031,-81.416019,31.12086,-81.41602,19.01,38.46,18.4,111.65,1.0,0.322,52578.83,348909.83,0.1507,348882.07,52606.59,835.12,680.15,1.228,21.9,520.05,219.56,2.369,40.15,315.07,460.59,1.141,18.25,False,0.9627,0.926,1.0,0.1507
4DH_0005,VC_0005,338184094,DULCINEA,CS_0035,2019-09-08T09:25:31.797740+00:00,31.115912,-81.41812,2019-09-08T11:25:31.797740+00:00,2.0,500,500,1.0,completed,31.121031,-81.416019,31.12086,-81.41602,19.01,38.46,18.4,111.65,1.0,0.322,52578.83,348909.83,0.1507,348882.07,52606.59,835.12,680.15,1.228,21.9,520.05,219.56,2.369,40.15,315.07,460.59,1.141,18.25,False,0.9627,0.926,1.0,0.1507
4DH_0006,VC_0006,338235704,BRUNSWICK,CS_0035,2019-09-08T09:25:31.797740+00:00,31.115912,-81.41812,2019-09-08T11:25:31.797740+00:00,2.0,500,500,1.0,completed,31.121031,-81.416019,31.12086,-81.41602,19.01,38.46,18.4,111.65,1.0,0.322,52578.83,348909.83,0.1507,348882.07,52606.59,835.12,680.15,1.228,21.9,520.05,219.56,2.369,40.15,315.07,460.59,1.141,18.25,False,0.9627,0.926,1.0,0.1507
4DH_0007,VC_0007,338335542,STILL WATERS,CS_0035,2019-09-08T09:25:31.797740+00:00,31.115912,-81.41812,2019-09-08T11:25:31.797740+00:00,2.0,500,500,1.0,completed,31.121031,-81.416019,31.12086,-81.41602,19.01,38.46,18.4,111.65,1.0,0.322,52578.83,348909.83,0.1507,348882.07,52606.59,835.12,680.15,1.228,21.9,520.05,219.56,2.369,40.15,315.07,460.59,1.141,18.25,False,0.9627,0.926,1.0,0.1507
4DH_0008,VC_0008,339759000,REGALEC,CS_0035,2019-09-08T09:25:31.797740+00:00,31.115912,-81.41812,2019-09-08T11:25:31.797740+00:00,2.0,500,500,1.0,completed,31.121031,-81.416019,31.12086,-81.41602,19.01,38.46,18.4,111.65,1.0,0.322,52578.83,348909.83,0.1507,348882.07,52606.59,835.12,680.15,1.228,21.9,520.05,219.56,2.369,40.15,315.07,460.59,1.141,18.25,False,0.9627,0.926,1.0,0.1507
4DH_0009,VC_0009,367063030,EMERALD PRINCESS II,CS_0035,2019-09-08T09:25:31.797740+00:00,31.115912,-81.41812,2019-09-08T11:25:31.797740+00:00,2.0,500,500,1.0,completed,31.121031,-81.416019,31.12086,-81.41602,19.01,38.46,18.4,111.65,1.0,0.322,52578.83,348909.83,0.1507,348882.07,52606.59,835.12,680.15,1.228,21.9,520.05,219.56,2.369,40.15,315.07,460.59,1.141,18.25,False,0.9627,0.926,1.0,0.1507
4DH_0010,VC_0010,367094180,CHICORY,CS_0035,2019-09-08T09:25:31.797740+00:00,31.115912,-81.41812,2019-09-08T11:25:31.797740+00:00,2.0,500,500,1.0,completed,31.121031,-81.416019,31.12086,-81.41602,19.01,38.46,18.4,111.65,1.0,0.322,52578.83,348909.83,0.1507,348882.07,52606.59,835.12,680.15,1.228,21.9,520.05,219.56,2.369,40.15,315.07,460.59,1.141,18.25,False,0.9627,0.926,1.0,0.1507
4DH_0011,VC_0011,367157730,AESTIVAL,CS_0035,2019-09-08T09:25:31.797740+00:00,31.115912,-81.41812,2019-09-08T11:25:31.797740+00:00,2.0,500,500,1.0,completed,31.121031,-81.416019,31.12086,-81.41602,19.01,38.46,18.4,111.65,1.0,0.322,52578.83,348909.83,0.1507,348882.07,52606.59,835.12,680.15,1.228,21.9,520.05,219.56,2.369,40.15,315.07,460.59,1.141,18.25,False,0.9627,0.926,1.0,0.1507
4DH_0012,VC_0012,367305420,DOROTHY MORAN,CS_0035,2019-09-08T09:25:31.797740+00:00,31.115912,-81.41812,2019-09-08T11:25:31.797740+00:00,2.0,500,500,1.0,completed,31.121031,-81.416019,31.12086,-81.41602,19.01,38.46,18.4,111.65,1.0,0.322,52578.83,348909.83,0.1507,348882.07,52606.59,835.12,680.15,1.228,21.9,520.05,219.56,2.369,40.15,315.07,460.59,1.141,18.25,False,0.9627,0.926,1.0,0.1507
4DH_0013,VC_0013,367369550,ANN MORAN,CS_0035,2019-09-08T09:25:31.797740+00:00,31.115912,-81.41812,2019-09-08T11:25:31.797740+00:00,2.0,500,500,1.0,completed,31.121031,-81.416019,31.12086,-81.41602,19.01,38.46,18.4,111.65,1.0,0.322,52578.83,348909.83,0.1507,348882.07,52606.59,835.12,680.15,1.228,21.9,520.05,219.56,2.369,40.15,315.07,460.59,1.141,18.25,False,0.9627,0.926,1.0,0.1507
4DH_0014,VC_0014,367569620,PURA VIDA,CS_0035,2019-09-08T09:25:31.797740+00:00,31.115912,-81.41812,2019-09-08T11:25:31.797740+00:00,2.0,500,500,1.0,completed,31.121031,-81.416019,31.12086,-81.41602,19.01,38.46,18.4,111.65,1.0,0.322,52578.83,348909.83,0.1507,348882.07,52606.59,835.12,680.15,1.228,21.9,520.05,219.56,2.369,40.15,315.07,460.59,1.141,18.25,False,0.9627,0.926,1.0,0.1507
4DH_0015,VC_0015,367691290,MISS LEXY,CS_0035,2019-09-08T09:25:31.797740+00:00,31.115912,-81.41812,2019-09-08T11:25:31.797740+00:00,2.0,500,500,1.0,completed,31.121031,-81.416019,31.12086,-81.41602,19.01,38.46,18.4,111.65,1.0,0.322,52578.83,348909.83,0.1507,348882.07,52606.59,835.12,680.15,1.228,21.9,520.05,219.56,2.369,40.15,315.07,460.59,1.141,18.25,False,0.9627,0.926,1.0,0.1507
4DH_0016,VC_0016,367753660,AQUAMARINE,CS_0035,2019-09-08T09:25:31.797740+00:00,31.115912,-81.41812,2019-09-08T11:25:31.797740+00:00,2.0,500,500,1.0,completed,31.121031,-81.416019,31.12086,-81.41602,19.01,38.46,18.4,111.65,1.0,0.322,52578.83,348909.83,0.1507,348882.07,52606.59,835.12,680.15,1.228,21.9,520.05,219.56,2.369,40.15,315.07,460.59,1.141,18.25,False,0.9627,0.926,1.0,0.1507
4DH_0017,VC_0017,367762440,SILVER GIRL II,CS_0035,2019-09-08T09:25:31.797740+00:00,31.115912,-81.41812,2019-09-08T11:25:31.797740+00:00,2.0,500,500,1.0,completed,31.121031,-81.416019,31.12086,-81.41602,19.01,38.46,18.4,111.65,1.0,0.322,52578.83,348909.83,0.1507,348882.07,52606.59,835.12,680.15,1.228,21.9,520.05,219.56,2.369,40.15,315.07,460.59,1.141,18.25,False,0.9627,0.926,1.0,0.1507
4DH_0018,VC_0018,368004680,TAKE IT EASY,CS_0035,2019-09-08T09:25:31.797740+00:00,31.115912,-81.41812,2019-09-08T11:25:31.797740+00:00,2.0,500,500,1.0,completed,31.121031,-81.416019,31.12086,-81.41602,19.01,38.46,18.4,111.65,1.0,0.322,52578.83,348909.83,0.1507,348882.07,52606.59,835.12,680.15,1.228,21.9,520.05,219.56,2.369,40.15,315.07,460.59,1.141,18.25,False,0.9627,0.926,1.0,0.1507
4DH_0019,VC_0019,369201000,SALTY VIXEN,CS_0035,2019-09-08T09:25:31.797740+00:00,31.115912,-81.41812,2019-09-08T11:25:31.797740+00:00,2.0,500,500,1.0,completed,31.121031,-81.416019,31.12086,-81.41602,19.01,38.46,18.4,111.65,1.0,0.322,52578.83,348909.83,0.1507,348882.07,52606.59,835.12,680.15,1.228,21.9,520.05,219.56,2.369,40.15,315.07,460.59,1.141,18.25,False,0.9627,0.926,1.0,0.1507
4DH_0020,VC_0020,369273000,ESCAPE PLAN,CS_0035,2019-09-08T09:25:31.797740+00:00,31.115912,-81.41812,2019-09-08T11:25:31.797740+00:00,2.0,500,500,1.0,completed,31.121031,-81.416019,31.12086,-81.41602,19.01,38.46,18.4,111.65,1.0,0.322,52578.83,348909.83,0.1507,348882.07,52606.59,835.12,680.15,1.228,21.9,520.05,219.56,2.369,40.15,315.07,460.59,1.141,18.25,False,0.9627,0.926,1.0,0.1507
4DH_0021,VC_0021,538004697,EMERALD ACE,CS_0035,2019-09-08T09:25:31.797740+00:00,31.115912,-81.41812,2019-09-08T11:25:31.797740+00:00,2.0,500,500,1.0,completed,31.121031,-81.416019,31.12086,-81.41602,19.01,38.46,18.4,111.65,1.0,0.322,52578.83,348909.83,0.1507,348882.07,52606.59,835.12,680.15,1.228,21.9,520.05,219.56,2.369,40.15,315.07,460.59,1.141,18.25,False,0.9627,0.926,1.0,0.1507
4DH_0022,VC_0022,538007762,UNKNOWN,CS_0035,2019-09-08T09:25:31.797740+00:00,31.115912,-81.41812,2019-09-08T11:25:31.797740+00:00,2.0,500,500,1.0,completed,31.121031,-81.416019,31.12086,-81.41602,19.01,38.46,18.4,111.65,1.0,0.322,52578.83,348909.83,0.1507,348882.07,52606.59,835.12,680.15,1.228,21.9,520.05,219.56,2.369,40.15,315.07,460.59,1.141,18.25,False,0.9627,0.926,1.0,0.1507
4DH_0023,VC_0023,311828000,KUJAWY,CS_0035,2019-09-08T07:25:31.797740+00:00,31.110186,-81.421491,2019-09-08T11:25:31.797740+00:00,4.0,500,500,1.0,completed,31.121004,-81.415809,31.12086,-81.41602,25.69,72.35,41.75,187.71,1.0,0.222,52606.59,606793.25,0.0867,606793.25,52606.59,1178.26,875.72,1.345,18.55,520.05,219.56,2.369,40.15,658.21,656.16,1.024,21.6,False,0.9499,0.8653,1.0,0.0867
4DH_0024,VC_0024,338102856,RESPONDER,CS_0035,2019-09-08T07:25:31.797740+00:00,31.110186,-81.421491,2019-09-08T11:25:31.797740+00:00,4.0,500,500,1.0,completed,31.121004,-81.415809,31.12086,-81.41602,25.69,72.35,41.75,187.71,1.0,0.222,52606.59,606793.25,0.0867,606793.25,52606.59,1178.26,875.72,1.345,18.55,520.05,219.56,2.369,40.15,658.21,656.16,1.024,21.6,False,0.9499,0.8653,1.0,0.0867
4DH_0025,VC_0025,338102861,RECOVERY,CS_0035,2019-09-08T07:25:31.797740+00:00,31.110186,-81.421491,2019-09-08T11:25:31.797740+00:00,4.0,500,500,1.0,completed,31.121004,-81.415809,31.12086,-81.41602,25.69,72.35,41.75,187.71,1.0,0.222,52606.59,606793.25,0.0867,606793.25,52606.59,1178.26,875.72,1.345,18.55,520.05,219.56,2.369,40.15,658.21,656.16,1.024,21.6,False,0.9499,0.8653,1.0,0.0867
4DH_0026,VC_0026,338143506,MORNING SUN II,CS_0035,2019-09-08T07:25:31.797740+00:00,31.110186,-81.421491,2019-09-08T11:25:31.797740+00:00,4.0,500,500,1.0,completed,31.121004,-81.415809,31.12086,-81.41602,25.69,72.35,41.75,187.71,1.0,0.222,52606.59,606793.25,0.0867,606793.25,52606.59,1178.26,875.72,1.345,18.55,520.05,219.56,2.369,40.15,658.21,656.16,1.024,21.6,False,0.9499,0.8653,1.0,0.0867
4DH_0027,VC_0027,338184094,DULCINEA,CS_0035,2019-09-08T07:25:31.797740+00:00,31.110186,-81.421491,2019-09-08T11:25:31.797740+00:00,4.0,500,500,1.0,completed,31.121004,-81.415809,31.12086,-81.41602,25.69,72.35,41.75,187.71,1.0,0.222,52606.59,606793.25,0.0867,606793.25,52606.59,1178.26,875.72,1.345,18.55,520.05,219.56,2.369,40.15,658.21,656.16,1.024,21.6,False,0.9499,0.8653,1.0,0.0867
4DH_0028,VC_0028,338235704,BRUNSWICK,CS_0035,2019-09-08T07:25:31.797740+00:00,31.110186,-81.421491,2019-09-08T11:25:31.797740+00:00,4.0,500,500,1.0,completed,31.121004,-81.415809,31.12086,-81.41602,25.69,72.35,41.75,187.71,1.0,0.222,52606.59,606793.25,0.0867,606793.25,52606.59,1178.26,875.72,1.345,18.55,520.05,219.56,2.369,40.15,658.21,656.16,1.024,21.6,False,0.9499,0.8653,1.0,0.0867
4DH_0029,VC_0029,338335542,STILL WATERS,CS_0035,2019-09-08T07:25:31.797740+00:00,31.110186,-81.421491,2019-09-08T11:25:31.797740+00:00,4.0,500,500,1.0,completed,31.121004,-81.415809,31.12086,-81.41602,25.69,72.35,41.75,187.71,1.0,0.222,52606.59,606793.25,0.0867,606793.25,52606.59,1178.26,875.72,1.345,18.55,520.05,219.56,2.369,40.15,658.21,656.16,1.024,21.6,False,0.9499,0.8653,1.0,0.0867
4DH_0030,VC_0030,339759000,REGALEC,CS_0035,2019-09-08T07:25:31.797740+00:00,31.110186,-81.421491,2019-09-08T11:25:31.797740+00:00,4.0,500,500,1.0,completed,31.121004,-81.415809,31.12086,-81.41602,25.69,72.35,41.75,187.71,1.0,0.222,52606.59,606793.25,0.0867,606793.25,52606.59,1178.26,875.72,1.345,18.55,520.05,219.56,2.369,40.15,658.21,656.16,1.024,21.6,False,0.9499,0.8653,1.0,0.0867
4DH_0031,VC_0031,367063030,EMERALD PRINCESS II,CS_0035,2019-09-08T07:25:31.797740+00:00,31.110186,-81.421491,2019-09-08T11:25:31.797740+00:00,4.0,500,500,1.0,completed,31.121004,-81.415809,31.12086,-81.41602,25.69,72.35,41.75,187.71,1.0,0.222,52606.59,606793.25,0.0867,606793.25,52606.59,1178.26,875.72,1.345,18.55,520.05,219.56,2.369,40.15,658.21,656.16,1.024,21.6,False,0.9499,0.8653,1.0,0.0867
4DH_0032,VC_0032,367094180,CHICORY,CS_0035,2019-09-08T07:25:31.797740+00:00,31.110186,-81.421491,2019-09-08T11:25:31.797740+00:00,4.0,500,500,1.0,completed,31.121004,-81.415809,31.12086,-81.41602,25.69,72.35,41.75,187.71,1.0,0.222,52606.59,606793.25,0.0867,606793.25,52606.59,1178.26,875.72,1.345,18.55,520.05,219.56,2.369,40.15,658.21,656.16,1.024,21.6,False,0.9499,0.8653,1.0,0.0867
4DH_0033,VC_0033,367157730,AESTIVAL,CS_0035,2019-09-08T07:25:31.797740+00:00,31.110186,-81.421491,2019-09-08T11:25:31.797740+00:00,4.0,500,500,1.0,completed,31.121004,-81.415809,31.12086,-81.41602,25.69,72.35,41.75,187.71,1.0,0.222,52606.59,606793.25,0.0867,606793.25,52606.59,1178.26,875.72,1.345,18.55,520.05,219.56,2.369,40.15,658.21,656.16,1.024,21.6,False,0.9499,0.8653,1.0,0.0867
4DH_0034,VC_0034,367305420,DOROTHY MORAN,CS_0035,2019-09-08T07:25:31.797740+00:00,31.110186,-81.421491,2019-09-08T11:25:31.797740+00:00,4.0,500,500,1.0,completed,31.121004,-81.415809,31.12086,-81.41602,25.69,72.35,41.75,187.71,1.0,0.222,52606.59,606793.25,0.0867,606793.25,52606.59,1178.26,875.72,1.345,18.55,520.05,219.56,2.369,40.15,658.21,656.16,1.024,21.6,False,0.9499,0.8653,1.0,0.0867
4DH_0035,VC_0035,367369550,ANN MORAN,CS_0035,2019-09-08T07:25:31.797740+00:00,31.110186,-81.421491,2019-09-08T11:25:31.797740+00:00,4.0,500,500,1.0,completed,31.121004,-81.415809,31.12086,-81.41602,25.69,72.35,41.75,187.71,1.0,0.222,52606.59,606793.25,0.0867,606793.25,52606.59,1178.26,875.72,1.345,18.55,520.05,219.56,2.369,40.15,658.21,656.16,1.024,21.6,False,0.9499,0.8653,1.0,0.0867
4DH_0036,VC_0036,367458950,WYOMING WIND,CS_0035,2019-09-08T07:25:31.797740+00:00,31.110186,-81.421491,2019-09-08T11:25:31.797740+00:00,4.0,500,500,1.0,completed,31.121004,-81.415809,31.12086,-81.41602,25.69,72.35,41.75,187.71,1.0,0.222,52606.59,606793.25,0.0867,606793.25,52606.59,1178.26,875.72,1.345,18.55,520.05,219.56,2.369,40.15,658.21,656.16,1.024,21.6,False,0.9499,0.8653,1.0,0.0867
4DH_0037,VC_0037,367569620,PURA VIDA,CS_0035,2019-09-08T07:25:31.797740+00:00,31.110186,-81.421491,2019-09-08T11:25:31.797740+00:00,4.0,500,500,1.0,completed,31.121004,-81.415809,31.12086,-81.41602,25.69,72.35,41.75,187.71,1.0,0.222,52606.59,606793.25,0.0867,606793.25,52606.59,1178.26,875.72,1.345,18.55,520.05,219.56,2.369,40.15,658.21,656.16,1.024,21.6,False,0.9499,0.8653,1.0,0.0867
4DH_0038,VC_0038,367691290,MISS LEXY,CS_0035,2019-09-08T07:25:31.797740+00:00,31.110186,-81.421491,2019-09-08T11:25:31.797740+00:00,4.0,500,500,1.0,completed,31.121004,-81.415809,31.12086,-81.41602,25.69,72.35,41.75,187.71,1.0,0.222,52606.59,606793.25,0.0867,606793.25,52606.59,1178.26,875.72,1.345,18.55,520.05,219.56,2.369,40.15,658.21,656.16,1.024,21.6,False,0.9499,0.8653,1.0,0.0867
4DH_0039,VC_0039,367753660,AQUAMARINE,CS_0035,2019-09-08T07:25:31.797740+00:00,31.110186,-81.421491,2019-09-08T11:25:31.797740+00:00,4.0,500,500,1.0,completed,31.121004,-81.415809,31.12086,-81.41602,25.69,72.35,41.75,187.71,1.0,0.222,52606.59,606793.25,0.0867,606793.25,52606.59,1178.26,875.72,1.345,18.55,520.05,219.56,2.369,40.15,658.21,656.16,1.024,21.6,False,0.9499,0.8653,1.0,0.0867
4DH_0040,VC_0040,367762440,SILVER GIRL II,CS_0035,2019-09-08T07:25:31.797740+00:00,31.110186,-81.421491,2019-09-08T11:25:31.797740+00:00,4.0,500,500,1.0,completed,31.121004,-81.415809,31.12086,-81.41602,25.69,72.35,41.75,187.71,1.0,0.222,52606.59,606793.25,0.0867,606793.25,52606.59,1178.26,875.72,1.345,18.55,520.05,219.56,2.369,40.15,658.21,656.16,1.024,21.6,False,0.9499,0.8653,1.0,0.0867
4DH_0041,VC_0041,368004680,TAKE IT EASY,CS_0035,2019-09-08T07:25:31.797740+00:00,31.110186,-81.421491,2019-09-08T11:25:31.797740+00:00,4.0,500,500,1.0,completed,31.121004,-81.415809,31.12086,-81.41602,25.69,72.35,41.75,187.71,1.0,0.222,52606.59,606793.25,0.0867,606793.25,52606.59,1178.26,875.72,1.345,18.55,520.05,219.56,2.369,40.15,658.21,656.16,1.024,21.6,False,0.9499,0.8653,1.0,0.0867
4DH_0042,VC_0042,369201000,SALTY VIXEN,CS_0035,2019-09-08T07:25:31.797740+00:00,31.110186,-81.421491,2019-09-08T11:25:31.797740+00:00,4.0,500,500,1.0,completed,31.121004,-81.415809,31.12086,-81.41602,25.69,72.35,41.75,187.71,1.0,0.222,52606.59,606793.25,0.0867,606793.25,52606.59,1178.26,875.72,1.345,18.55,520.05,219.56,2.369,40.15,658.21,656.16,1.024,21.6,False,0.9499,0.8653,1.0,0.0867
4DH_0043,VC_0043,369273000,ESCAPE PLAN,CS_0035,2019-09-08T07:25:31.797740+00:00,31.110186,-81.421491,2019-09-08T11:25:31.797740+00:00,4.0,500,500,1.0,completed,31.121004,-81.415809,31.12086,-81.41602,25.69,72.35,41.75,187.71,1.0,0.222,52606.59,606793.25,0.0867,606793.25,52606.59,1178.26,875.72,1.345,18.55,520.05,219.56,2.369,40.15,658.21,656.16,1.024,21.6,False,0.9499,0.8653,1.0,0.0867
4DH_0044,VC_0044,538004697,EMERALD ACE,CS_0035,2019-09-08T07:25:31.797740+00:00,31.110186,-81.421491,2019-09-08T11:25:31.797740+00:00,4.0,500,500,1.0,completed,31.121004,-81.415809,31.12086,-81.41602,25.69,72.35,41.75,187.71,1.0,0.222,52606.59,606793.25,0.0867,606793.25,52606.59,1178.26,875.72,1.345,18.55,520.05,219.56,2.369,40.15,658.21,656.16,1.024,21.6,False,0.9499,0.8653,1.0,0.0867
4DH_0045,VC_0045,538007762,UNKNOWN,CS_0035,2019-09-08T07:25:31.797740+00:00,31.110186,-81.421491,2019-09-08T11:25:31.797740+00:00,4.0,500,500,1.0,completed,31.121004,-81.415809,31.12086,-81.41602,25.69,72.35,41.75,187.71,1.0,0.222,52606.59,606793.25,0.0867,606793.25,52606.59,1178.26,875.72,1.345,18.55,520.05,219.56,2.369,40.15,658.21,656.16,1.024,21.6,False,0.9499,0.8653,1.0,0.0867
4DH_0046,VC_0046,311828000,KUJAWY,CS_0035,2019-09-08T05:25:31.797740+00:00,31.103675,-81.425044,2019-09-08T11:25:31.797740+00:00,6.0,500,500,1.0,completed,31.121064,-81.415929,31.12086,-81.41602,24.28,98.94,69.7,249.17,1.0,0.172,52606.57,730296.91,0.072,730296.9,52606.59,1170.75,1110.41,1.054,55.45,520.05,219.56,2.369,40.15,650.7,890.85,1.315,15.3,False,0.9526,0.8205,1.0,0.072
4DH_0047,VC_0047,338143506,MORNING SUN II,CS_0035,2019-09-08T05:25:31.797740+00:00,31.103675,-81.425044,2019-09-08T11:25:31.797740+00:00,6.0,500,500,1.0,completed,31.121064,-81.415929,31.12086,-81.41602,24.28,98.94,69.7,249.17,1.0,0.172,52606.57,730296.91,0.072,730296.9,52606.59,1170.75,1110.41,1.054,55.45,520.05,219.56,2.369,40.15,650.7,890.85,1.315,15.3,False,0.9526,0.8205,1.0,0.072
4DH_0048,VC_0048,338184094,DULCINEA,CS_0035,2019-09-08T05:25:31.797740+00:00,31.103675,-81.425044,2019-09-08T11:25:31.797740+00:00,6.0,500,500,1.0,completed,31.121064,-81.415929,31.12086,-81.41602,24.28,98.94,69.7,249.17,1.0,0.172,52606.57,730296.91,0.072,730296.9,52606.59,1170.75,1110.41,1.054,55.45,520.05,219.56,2.369,40.15,650.7,890.85,1.315,15.3,False,0.9526,0.8205,1.0,0.072
4DH_0049,VC_0049,338335542,STILL WATERS,CS_0035,2019-09-08T05:25:31.797740+00:00,31.103675,-81.425044,2019-09-08T11:25:31.797740+00:00,6.0,500,500,1.0,completed,31.121064,-81.415929,31.12086,-81.41602,24.28,98.94,69.7,249.17,1.0,0.172,52606.57,730296.91,0.072,730296.9,52606.59,1170.75,1110.41,1.054,55.45,520.05,219.56,2.369,40.15,650.7,890.85,1.315,15.3,False,0.9526,0.8205,1.0,0.072
4DH_0050,VC_0050,339759000,REGALEC,CS_0035,2019-09-08T05:25:31.797740+00:00,31.103675,-81.425044,2019-09-08T11:25:31.797740+00:00,6.0,500,500,1.0,completed,31.121064,-81.415929,31.12086,-81.41602,24.28,98.94,69.7,249.17,1.0,0.172,52606.57,730296.91,0.072,730296.9,52606.59,1170.75,1110.41,1.054,55.45,520.05,219.56,2.369,40.15,650.7,890.85,1.315,15.3,False,0.9526,0.8205,1.0,0.072
4DH_0051,VC_0051,367063030,EMERALD PRINCESS II,CS_0035,2019-09-08T05:25:31.797740+00:00,31.103675,-81.425044,2019-09-08T11:25:31.797740+00:00,6.0,500,500,1.0,completed,31.121064,-81.415929,31.12086,-81.41602,24.28,98.94,69.7,249.17,1.0,0.172,52606.57,730296.91,0.072,730296.9,52606.59,1170.75,1110.41,1.054,55.45,520.05,219.56,2.369,40.15,650.7,890.85,1.315,15.3,False,0.9526,0.8205,1.0,0.072
4DH_0052,VC_0052,367094180,CHICORY,CS_0035,2019-09-08T05:25:31.797740+00:00,31.103675,-81.425044,2019-09-08T11:25:31.797740+00:00,6.0,500,500,1.0,completed,31.121064,-81.415929,31.12086,-81.41602,24.28,98.94,69.7,249.17,1.0,0.172,52606.57,730296.91,0.072,730296.9,52606.59,1170.75,1110.41,1.054,55.45,520.05,219.56,2.369,40.15,650.7,890.85,1.315,15.3,False,0.9526,0.8205,1.0,0.072
4DH_0053,VC_0053,367157730,AESTIVAL,CS_0035,2019-09-08T05:25:31.797740+00:00,31.103675,-81.425044,2019-09-08T11:25:31.797740+00:00,6.0,500,500,1.0,completed,31.121064,-81.415929,31.12086,-81.41602,24.28,98.94,69.7,249.17,1.0,0.172,52606.57,730296.91,0.072,730296.9,52606.59,1170.75,1110.41,1.054,55.45,520.05,219.56,2.369,40.15,650.7,890.85,1.315,15.3,False,0.9526,0.8205,1.0,0.072
4DH_0054,VC_0054,367305420,DOROTHY MORAN,CS_0035,2019-09-08T05:25:31.797740+00:00,31.103675,-81.425044,2019-09-08T11:25:31.797740+00:00,6.0,500,500,1.0,completed,31.121064,-81.415929,31.12086,-81.41602,24.28,98.94,69.7,249.17,1.0,0.172,52606.57,730296.91,0.072,730296.9,52606.59,1170.75,1110.41,1.054,55.45,520.05,219.56,2.369,40.15,650.7,890.85,1.315,15.3,False,0.9526,0.8205,1.0,0.072
4DH_0055,VC_0055,367369550,ANN MORAN,CS_0035,2019-09-08T05:25:31.797740+00:00,31.103675,-81.425044,2019-09-08T11:25:31.797740+00:00,6.0,500,500,1.0,completed,31.121064,-81.415929,31.12086,-81.41602,24.28,98.94,69.7,249.17,1.0,0.172,52606.57,730296.91,0.072,730296.9,52606.59,1170.75,1110.41,1.054,55.45,520.05,219.56,2.369,40.15,650.7,890.85,1.315,15.3,False,0.9526,0.8205,1.0,0.072
4DH_0056,VC_0056,367458950,WYOMING WIND,CS_0035,2019-09-08T05:25:31.797740+00:00,31.103675,-81.425044,2019-09-08T11:25:31.797740+00:00,6.0,500,500,1.0,completed,31.121064,-81.415929,31.12086,-81.41602,24.28,98.94,69.7,249.17,1.0,0.172,52606.57,730296.91,0.072,730296.9,52606.59,1170.75,1110.41,1.054,55.45,520.05,219.56,2.369,40.15,650.7,890.85,1.315,15.3,False,0.9526,0.8205,1.0,0.072
4DH_0057,VC_0057,367569620,PURA VIDA,CS_0035,2019-09-08T05:25:31.797740+00:00,31.103675,-81.425044,2019-09-08T11:25:31.797740+00:00,6.0,500,500,1.0,completed,31.121064,-81.415929,31.12086,-81.41602,24.28,98.94,69.7,249.17,1.0,0.172,52606.57,730296.91,0.072,730296.9,52606.59,1170.75,1110.41,1.054,55.45,520.05,219.56,2.369,40.15,650.7,890.85,1.315,15.3,False,0.9526,0.8205,1.0,0.072
4DH_0058,VC_0058,367691290,MISS LEXY,CS_0035,2019-09-08T05:25:31.797740+00:00,31.103675,-81.425044,2019-09-08T11:25:31.797740+00:00,6.0,500,500,1.0,completed,31.121064,-81.415929,31.12086,-81.41602,24.28,98.94,69.7,249.17,1.0,0.172,52606.57,730296.91,0.072,730296.9,52606.59,1170.75,1110.41,1.054,55.45,520.05,219.56,2.369,40.15,650.7,890.85,1.315,15.3,False,0.9526,0.8205,1.0,0.072
4DH_0059,VC_0059,367753660,AQUAMARINE,CS_0035,2019-09-08T05:25:31.797740+00:00,31.103675,-81.425044,2019-09-08T11:25:31.797740+00:00,6.0,500,500,1.0,completed,31.121064,-81.415929,31.12086,-81.41602,24.28,98.94,69.7,249.17,1.0,0.172,52606.57,730296.91,0.072,730296.9,52606.59,1170.75,1110.41,1.054,55.45,520.05,219.56,2.369,40.15,650.7,890.85,1.315,15.3,False,0.9526,0.8205,1.0,0.072
4DH_0060,VC_0060,367762440,SILVER GIRL II,CS_0035,2019-09-08T05:25:31.797740+00:00,31.103675,-81.425044,2019-09-08T11:25:31.797740+00:00,6.0,500,500,1.0,completed,31.121064,-81.415929,31.12086,-81.41602,24.28,98.94,69.7,249.17,1.0,0.172,52606.57,730296.91,0.072,730296.9,52606.59,1170.75,1110.41,1.054,55.45,520.05,219.56,2.369,40.15,650.7,890.85,1.315,15.3,False,0.9526,0.8205,1.0,0.072
4DH_0061,VC_0061,368004680,TAKE IT EASY,CS_0035,2019-09-08T05:25:31.797740+00:00,31.103675,-81.425044,2019-09-08T11:25:31.797740+00:00,6.0,500,500,1.0,completed,31.121064,-81.415929,31.12086,-81.41602,24.28,98.94,69.7,249.17,1.0,0.172,52606.57,730296.91,0.072,730296.9,52606.59,1170.75,1110.41,1.054,55.45,520.05,219.56,2.369,40.15,650.7,890.85,1.315,15.3,False,0.9526,0.8205,1.0,0.072
4DH_0062,VC_0062,369201000,SALTY VIXEN,CS_0035,2019-09-08T05:25:31.797740+00:00,31.103675,-81.425044,2019-09-08T11:25:31.797740+00:00,6.0,500,500,1.0,completed,31.121064,-81.415929,31.12086,-81.41602,24.28,98.94,69.7,249.17,1.0,0.172,52606.57,730296.91,0.072,730296.9,52606.59,1170.75,1110.41,1.054,55.45,520.05,219.56,2.369,40.15,650.7,890.85,1.315,15.3,False,0.9526,0.8205,1.0,0.072
4DH_0063,VC_0063,369273000,ESCAPE PLAN,CS_0035,2019-09-08T05:25:31.797740+00:00,31.103675,-81.425044,2019-09-08T11:25:31.797740+00:00,6.0,500,500,1.0,completed,31.121064,-81.415929,31.12086,-81.41602,24.28,98.94,69.7,249.17,1.0,0.172,52606.57,730296.91,0.072,730296.9,52606.59,1170.75,1110.41,1.054,55.45,520.05,219.56,2.369,40.15,650.7,890.85,1.315,15.3,False,0.9526,0.8205,1.0,0.072
4DH_0064,VC_0064,538004697,EMERALD ACE,CS_0035,2019-09-08T05:25:31.797740+00:00,31.103675,-81.425044,2019-09-08T11:25:31.797740+00:00,6.0,500,500,1.0,completed,31.121064,-81.415929,31.12086,-81.41602,24.28,98.94,69.7,249.17,1.0,0.172,52606.57,730296.91,0.072,730296.9,52606.59,1170.75,1110.41,1.054,55.45,520.05,219.56,2.369,40.15,650.7,890.85,1.315,15.3,False,0.9526,0.8205,1.0,0.072
4DH_0065,VC_0065,538007762,UNKNOWN,CS_0035,2019-09-08T05:25:31.797740+00:00,31.103675,-81.425044,2019-09-08T11:25:31.797740+00:00,6.0,500,500,1.0,completed,31.121064,-81.415929,31.12086,-81.41602,24.28,98.94,69.7,249.17,1.0,0.172,52606.57,730296.91,0.072,730296.9,52606.59,1170.75,1110.41,1.054,55.45,520.05,219.56,2.369,40.15,650.7,890.85,1.315,15.3,False,0.9526,0.8205,1.0,0.072
4DH_0066,VC_0066,311828000,KUJAWY,CS_0035,2019-09-08T03:25:31.797740+00:00,31.094595,-81.427598,2019-09-08T11:25:31.797740+00:00,8.0,500,500,1.0,completed,31.121061,-81.416002,31.12086,-81.41602,22.42,122.14,93.89,301.69,0.99,0.152,52606.59,927553.85,0.0567,927553.85,52606.59,1518.09,1306.43,1.162,-7.3,520.05,219.56,2.369,40.15,998.04,1086.87,1.207,47.45,False,0.9562,0.7833,0.99,0.0567
4DH_0067,VC_0067,338143506,MORNING SUN II,CS_0035,2019-09-08T03:25:31.797740+00:00,31.094595,-81.427598,2019-09-08T11:25:31.797740+00:00,8.0,500,500,1.0,completed,31.121061,-81.416002,31.12086,-81.41602,22.42,122.14,93.89,301.69,0.99,0.152,52606.59,927553.85,0.0567,927553.85,52606.59,1518.09,1306.43,1.162,-7.3,520.05,219.56,2.369,40.15,998.04,1086.87,1.207,47.45,False,0.9562,0.7833,0.99,0.0567
4DH_0068,VC_0068,338184094,DULCINEA,CS_0035,2019-09-08T03:25:31.797740+00:00,31.094595,-81.427598,2019-09-08T11:25:31.797740+00:00,8.0,500,500,1.0,completed,31.121061,-81.416002,31.12086,-81.41602,22.42,122.14,93.89,301.69,0.99,0.152,52606.59,927553.85,0.0567,927553.85,52606.59,1518.09,1306.43,1.162,-7.3,520.05,219.56,2.369,40.15,998.04,1086.87,1.207,47.45,False,0.9562,0.7833,0.99,0.0567
4DH_0069,VC_0069,338335542,STILL WATERS,CS_0035,2019-09-08T03:25:31.797740+00:00,31.094595,-81.427598,2019-09-08T11:25:31.797740+00:00,8.0,500,500,1.0,completed,31.121061,-81.416002,31.12086,-81.41602,22.42,122.14,93.89,301.69,0.99,0.152,52606.59,927553.85,0.0567,927553.85,52606.59,1518.09,1306.43,1.162,-7.3,520.05,219.56,2.369,40.15,998.04,1086.87,1.207,47.45,False,0.9562,0.7833,0.99,0.0567
4DH_0070,VC_0070,339759000,REGALEC,CS_0035,2019-09-08T03:25:31.797740+00:00,31.094595,-81.427598,2019-09-08T11:25:31.797740+00:00,8.0,500,500,1.0,completed,31.121061,-81.416002,31.12086,-81.41602,22.42,122.14,93.89,301.69,0.99,0.152,52606.59,927553.85,0.0567,927553.85,52606.59,1518.09,1306.43,1.162,-7.3,520.05,219.56,2.369,40.15,998.04,1086.87,1.207,47.45,False,0.9562,0.7833,0.99,0.0567
4DH_0071,VC_0071,367063030,EMERALD PRINCESS II,CS_0035,2019-09-08T03:25:31.797740+00:00,31.094595,-81.427598,2019-09-08T11:25:31.797740+00:00,8.0,500,500,1.0,completed,31.121061,-81.416002,31.12086,-81.41602,22.42,122.14,93.89,301.69,0.99,0.152,52606.59,927553.85,0.0567,927553.85,52606.59,1518.09,1306.43,1.162,-7.3,520.05,219.56,2.369,40.15,998.04,1086.87,1.207,47.45,False,0.9562,0.7833,0.99,0.0567
4DH_0072,VC_0072,367094180,CHICORY,CS_0035,2019-09-08T03:25:31.797740+00:00,31.094595,-81.427598,2019-09-08T11:25:31.797740+00:00,8.0,500,500,1.0,completed,31.121061,-81.416002,31.12086,-81.41602,22.42,122.14,93.89,301.69,0.99,0.152,52606.59,927553.85,0.0567,927553.85,52606.59,1518.09,1306.43,1.162,-7.3,520.05,219.56,2.369,40.15,998.04,1086.87,1.207,47.45,False,0.9562,0.7833,0.99,0.0567
4DH_0073,VC_0073,367157730,AESTIVAL,CS_0035,2019-09-08T03:25:31.797740+00:00,31.094595,-81.427598,2019-09-08T11:25:31.797740+00:00,8.0,500,500,1.0,completed,31.121061,-81.416002,31.12086,-81.41602,22.42,122.14,93.89,301.69,0.99,0.152,52606.59,927553.85,0.0567,927553.85,52606.59,1518.09,1306.43,1.162,-7.3,520.05,219.56,2.369,40.15,998.04,1086.87,1.207,47.45,False,0.9562,0.7833,0.99,0.0567
4DH_0074,VC_0074,367305420,DOROTHY MORAN,CS_0035,2019-09-08T03:25:31.797740+00:00,31.094595,-81.427598,2019-09-08T11:25:31.797740+00:00,8.0,500,500,1.0,completed,31.121061,-81.416002,31.12086,-81.41602,22.42,122.14,93.89,301.69,0.99,0.152,52606.59,927553.85,0.0567,927553.85,52606.59,1518.09,1306.43,1.162,-7.3,520.05,219.56,2.369,40.15,998.04,1086.87,1.207,47.45,False,0.9562,0.7833,0.99,0.0567
4DH_0075,VC_0075,367369550,ANN MORAN,CS_0035,2019-09-08T03:25:31.797740+00:00,31.094595,-81.427598,2019-09-08T11:25:31.797740+00:00,8.0,500,500,1.0,completed,31.121061,-81.416002,31.12086,-81.41602,22.42,122.14,93.89,301.69,0.99,0.152,52606.59,927553.85,0.0567,927553.85,52606.59,1518.09,1306.43,1.162,-7.3,520.05,219.56,2.369,40.15,998.04,1086.87,1.207,47.45,False,0.9562,0.7833,0.99,0.0567
4DH_0076,VC_0076,367458950,WYOMING WIND,CS_0035,2019-09-08T03:25:31.797740+00:00,31.094595,-81.427598,2019-09-08T11:25:31.797740+00:00,8.0,500,500,1.0,completed,31.121061,-81.416002,31.12086,-81.41602,22.42,122.14,93.89,301.69,0.99,0.152,52606.59,927553.85,0.0567,927553.85,52606.59,1518.09,1306.43,1.162,-7.3,520.05,219.56,2.369,40.15,998.04,1086.87,1.207,47.45,False,0.9562,0.7833,0.99,0.0567
4DH_0077,VC_0077,367569620,PURA VIDA,CS_0035,2019-09-08T03:25:31.797740+00:00,31.094595,-81.427598,2019-09-08T11:25:31.797740+00:00,8.0,500,500,1.0,completed,31.121061,-81.416002,31.12086,-81.41602,22.42,122.14,93.89,301.69,0.99,0.152,52606.59,927553.85,0.0567,927553.85,52606.59,1518.09,1306.43,1.162,-7.3,520.05,219.56,2.369,40.15,998.04,1086.87,1.207,47.45,False,0.9562,0.7833,0.99,0.0567
4DH_0078,VC_0078,367691290,MISS LEXY,CS_0035,2019-09-08T03:25:31.797740+00:00,31.094595,-81.427598,2019-09-08T11:25:31.797740+00:00,8.0,500,500,1.0,completed,31.121061,-81.416002,31.12086,-81.41602,22.42,122.14,93.89,301.69,0.99,0.152,52606.59,927553.85,0.0567,927553.85,52606.59,1518.09,1306.43,1.162,-7.3,520.05,219.56,2.369,40.15,998.04,1086.87,1.207,47.45,False,0.9562,0.7833,0.99,0.0567
4DH_0079,VC_0079,367753660,AQUAMARINE,CS_0035,2019-09-08T03:25:31.797740+00:00,31.094595,-81.427598,2019-09-08T11:25:31.797740+00:00,8.0,500,500,1.0,completed,31.121061,-81.416002,31.12086,-81.41602,22.42,122.14,93.89,301.69,0.99,0.152,52606.59,927553.85,0.0567,927553.85,52606.59,1518.09,1306.43,1.162,-7.3,520.05,219.56,2.369,40.15,998.04,1086.87,1.207,47.45,False,0.9562,0.7833,0.99,0.0567
4DH_0080,VC_0080,367762440,SILVER GIRL II,CS_0035,2019-09-08T03:25:31.797740+00:00,31.094595,-81.427598,2019-09-08T11:25:31.797740+00:00,8.0,500,500,1.0,completed,31.121061,-81.416002,31.12086,-81.41602,22.42,122.14,93.89,301.69,0.99,0.152,52606.59,927553.85,0.0567,927553.85,52606.59,1518.09,1306.43,1.162,-7.3,520.05,219.56,2.369,40.15,998.04,1086.87,1.207,47.45,False,0.9562,0.7833,0.99,0.0567
4DH_0081,VC_0081,368004680,TAKE IT EASY,CS_0035,2019-09-08T03:25:31.797740+00:00,31.094595,-81.427598,2019-09-08T11:25:31.797740+00:00,8.0,500,500,1.0,completed,31.121061,-81.416002,31.12086,-81.41602,22.42,122.14,93.89,301.69,0.99,0.152,52606.59,927553.85,0.0567,927553.85,52606.59,1518.09,1306.43,1.162,-7.3,520.05,219.56,2.369,40.15,998.04,1086.87,1.207,47.45,False,0.9562,0.7833,0.99,0.0567
4DH_0082,VC_0082,369201000,SALTY VIXEN,CS_0035,2019-09-08T03:25:31.797740+00:00,31.094595,-81.427598,2019-09-08T11:25:31.797740+00:00,8.0,500,500,1.0,completed,31.121061,-81.416002,31.12086,-81.41602,22.42,122.14,93.89,301.69,0.99,0.152,52606.59,927553.85,0.0567,927553.85,52606.59,1518.09,1306.43,1.162,-7.3,520.05,219.56,2.369,40.15,998.04,1086.87,1.207,47.45,False,0.9562,0.7833,0.99,0.0567
4DH_0083,VC_0083,369273000,ESCAPE PLAN,CS_0035,2019-09-08T03:25:31.797740+00:00,31.094595,-81.427598,2019-09-08T11:25:31.797740+00:00,8.0,500,500,1.0,completed,31.121061,-81.416002,31.12086,-81.41602,22.42,122.14,93.89,301.69,0.99,0.152,52606.59,927553.85,0.0567,927553.85,52606.59,1518.09,1306.43,1.162,-7.3,520.05,219.56,2.369,40.15,998.04,1086.87,1.207,47.45,False,0.9562,0.7833,0.99,0.0567
4DH_0084,VC_0084,311828000,KUJAWY,CS_0035,2019-09-07T23:25:31.797740+00:00,31.075746,-81.427038,2019-09-08T11:25:31.797740+00:00,12.0,500,500,1.0,completed,31.121087,-81.416229,31.12086,-81.41602,32.14,174.99,143.98,394.04,0.97,0.138,52598.28,1165846.02,0.0451,1165837.7,52606.59,1868.13,1361.43,1.372,-24.5,520.05,219.56,2.369,40.15,1348.08,1141.87,0.997,64.65,False,0.9377,0.7047,0.97,0.0451
4DH_0085,VC_0085,338335542,STILL WATERS,CS_0035,2019-09-07T23:25:31.797740+00:00,31.075746,-81.427038,2019-09-08T11:25:31.797740+00:00,12.0,500,500,1.0,completed,31.121087,-81.416229,31.12086,-81.41602,32.14,174.99,143.98,394.04,0.97,0.138,52598.28,1165846.02,0.0451,1165837.7,52606.59,1868.13,1361.43,1.372,-24.5,520.05,219.56,2.369,40.15,1348.08,1141.87,0.997,64.65,False,0.9377,0.7047,0.97,0.0451
4DH_0086,VC_0086,367063030,EMERALD PRINCESS II,CS_0035,2019-09-07T23:25:31.797740+00:00,31.075746,-81.427038,2019-09-08T11:25:31.797740+00:00,12.0,500,500,1.0,completed,31.121087,-81.416229,31.12086,-81.41602,32.14,174.99,143.98,394.04,0.97,0.138,52598.28,1165846.02,0.0451,1165837.7,52606.59,1868.13,1361.43,1.372,-24.5,520.05,219.56,2.369,40.15,1348.08,1141.87,0.997,64.65,False,0.9377,0.7047,0.97,0.0451
4DH_0087,VC_0087,367305420,DOROTHY MORAN,CS_0035,2019-09-07T23:25:31.797740+00:00,31.075746,-81.427038,2019-09-08T11:25:31.797740+00:00,12.0,500,500,1.0,completed,31.121087,-81.416229,31.12086,-81.41602,32.14,174.99,143.98,394.04,0.97,0.138,52598.28,1165846.02,0.0451,1165837.7,52606.59,1868.13,1361.43,1.372,-24.5,520.05,219.56,2.369,40.15,1348.08,1141.87,0.997,64.65,False,0.9377,0.7047,0.97,0.0451
4DH_0088,VC_0088,367369550,ANN MORAN,CS_0035,2019-09-07T23:25:31.797740+00:00,31.075746,-81.427038,2019-09-08T11:25:31.797740+00:00,12.0,500,500,1.0,completed,31.121087,-81.416229,31.12086,-81.41602,32.14,174.99,143.98,394.04,0.97,0.138,52598.28,1165846.02,0.0451,1165837.7,52606.59,1868.13,1361.43,1.372,-24.5,520.05,219.56,2.369,40.15,1348.08,1141.87,0.997,64.65,False,0.9377,0.7047,0.97,0.0451
4DH_0089,VC_0089,367569620,PURA VIDA,CS_0035,2019-09-07T23:25:31.797740+00:00,31.075746,-81.427038,2019-09-08T11:25:31.797740+00:00,12.0,500,500,1.0,completed,31.121087,-81.416229,31.12086,-81.41602,32.14,174.99,143.98,394.04,0.97,0.138,52598.28,1165846.02,0.0451,1165837.7,52606.59,1868.13,1361.43,1.372,-24.5,520.05,219.56,2.369,40.15,1348.08,1141.87,0.997,64.65,False,0.9377,0.7047,0.97,0.0451
4DH_0090,VC_0090,367691290,MISS LEXY,CS_0035,2019-09-07T23:25:31.797740+00:00,31.075746,-81.427038,2019-09-08T11:25:31.797740+00:00,12.0,500,500,1.0,completed,31.121087,-81.416229,31.12086,-81.41602,32.14,174.99,143.98,394.04,0.97,0.138,52598.28,1165846.02,0.0451,1165837.7,52606.59,1868.13,1361.43,1.372,-24.5,520.05,219.56,2.369,40.15,1348.08,1141.87,0.997,64.65,False,0.9377,0.7047,0.97,0.0451
4DH_0091,VC_0091,368004680,TAKE IT EASY,CS_0035,2019-09-07T23:25:31.797740+00:00,31.075746,-81.427038,2019-09-08T11:25:31.797740+00:00,12.0,500,500,1.0,completed,31.121087,-81.416229,31.12086,-81.41602,32.14,174.99,143.98,394.04,0.97,0.138,52598.28,1165846.02,0.0451,1165837.7,52606.59,1868.13,1361.43,1.372,-24.5,520.05,219.56,2.369,40.15,1348.08,1141.87,0.997,64.65,False,0.9377,0.7047,0.97,0.0451
4DH_0092,VC_0092,338182224,SEA SALT,CS_0035,2019-09-07T17:25:31.797740+00:00,31.047147,-81.40956,2019-09-08T11:25:31.797740+00:00,18.0,500,500,1.0,completed,31.120652,-81.415959,31.12086,-81.41602,23.85,239.16,211.02,522.95,0.892,0.08,52467.7,1499981.22,0.035,1499842.33,52606.59,2035.64,1680.52,1.211,1.26,520.05,219.56,2.369,40.15,1515.59,1460.96,1.158,38.89,False,0.9534,0.6198,0.892,0.035
4DH_0093,VC_0093,367063030,EMERALD PRINCESS II,CS_0035,2019-09-07T17:25:31.797740+00:00,31.047147,-81.40956,2019-09-08T11:25:31.797740+00:00,18.0,500,500,1.0,completed,31.120652,-81.415959,31.12086,-81.41602,23.85,239.16,211.02,522.95,0.892,0.08,52467.7,1499981.22,0.035,1499842.33,52606.59,2035.64,1680.52,1.211,1.26,520.05,219.56,2.369,40.15,1515.59,1460.96,1.158,38.89,False,0.9534,0.6198,0.892,0.035
4DH_0094,VC_0094,369970979,S3005 NRT1,CS_0035,2019-09-07T17:25:31.797740+00:00,31.047147,-81.40956,2019-09-08T11:25:31.797740+00:00,18.0,500,500,1.0,completed,31.120652,-81.415959,31.12086,-81.41602,23.85,239.16,211.02,522.95,0.892,0.08,52467.7,1499981.22,0.035,1499842.33,52606.59,2035.64,1680.52,1.211,1.26,520.05,219.56,2.369,40.15,1515.59,1460.96,1.158,38.89,False,0.9534,0.6198,0.892,0.035
4DH_0095,VC_0095,311828000,KUJAWY,CS_0065,2019-09-08T09:25:31.797740+00:00,31.095025,-81.43345,2019-09-08T11:25:31.797740+00:00,2.0,500,500,1.0,completed,31.100571,-81.431261,31.09978,-81.43059,108.71,124.18,111.55,232.19,1.0,0.014,2540.92,405618.94,0.0063,405618.94,2540.92,818.01,759.98,1.076,26.14,57.13,44.48,1.284,0.0,760.88,715.5,0.208,26.14,False,0.8046,0.7801,1.0,0.0063
4DH_0096,VC_0096,338102856,RESPONDER,CS_0065,2019-09-08T09:25:31.797740+00:00,31.095025,-81.43345,2019-09-08T11:25:31.797740+00:00,2.0,500,500,1.0,completed,31.100571,-81.431261,31.09978,-81.43059,108.71,124.18,111.55,232.19,1.0,0.014,2540.92,405618.94,0.0063,405618.94,2540.92,818.01,759.98,1.076,26.14,57.13,44.48,1.284,0.0,760.88,715.5,0.208,26.14,False,0.8046,0.7801,1.0,0.0063
4DH_0097,VC_0097,338102861,RECOVERY,CS_0065,2019-09-08T09:25:31.797740+00:00,31.095025,-81.43345,2019-09-08T11:25:31.797740+00:00,2.0,500,500,1.0,completed,31.100571,-81.431261,31.09978,-81.43059,108.71,124.18,111.55,232.19,1.0,0.014,2540.92,405618.94,0.0063,405618.94,2540.92,818.01,759.98,1.076,26.14,57.13,44.48,1.284,0.0,760.88,715.5,0.208,26.14,False,0.8046,0.7801,1.0,0.0063
4DH_0098,VC_0098,338143506,MORNING SUN II,CS_0065,2019-09-08T09:25:31.797740+00:00,31.095025,-81.43345,2019-09-08T11:25:31.797740+00:00,2.0,500,500,1.0,completed,31.100571,-81.431261,31.09978,-81.43059,108.71,124.18,111.55,232.19,1.0,0.014,2540.92,405618.94,0.0063,405618.94,2540.92,818.01,759.98,1.076,26.14,57.13,44.48,1.284,0.0,760.88,715.5,0.208,26.14,False,0.8046,0.7801,1.0,0.0063
4DH_0099,VC_0099,338184094,DULCINEA,CS_0065,2019-09-08T09:25:31.797740+00:00,31.095025,-81.43345,2019-09-08T11:25:31.797740+00:00,2.0,500,500,1.0,completed,31.100571,-81.431261,31.09978,-81.43059,108.71,124.18,111.55,232.19,1.0,0.014,2540.92,405618.94,0.0063,405618.94,2540.92,818.01,759.98,1.076,26.14,57.13,44.48,1.284,0.0,760.88,715.5,0.208,26.14,False,0.8046,0.7801,1.0,0.0063
4DH_0100,VC_0100,338235704,BRUNSWICK,CS_0065,2019-09-08T09:25:31.797740+00:00,31.095025,-81.43345,2019-09-08T11:25:31.797740+00:00,2.0,500,500,1.0,completed,31.100571,-81.431261,31.09978,-81.43059,108.71,124.18,111.55,232.19,1.0,0.014,2540.92,405618.94,0.0063,405618.94,2540.92,818.01,759.98,1.076,26.14,57.13,44.48,1.284,0.0,760.88,715.5,0.208,26.14,False,0.8046,0.7801,1.0,0.0063
4DH_0101,VC_0101,338335542,STILL WATERS,CS_0065,2019-09-08T09:25:31.797740+00:00,31.095025,-81.43345,2019-09-08T11:25:31.797740+00:00,2.0,500,500,1.0,completed,31.100571,-81.431261,31.09978,-81.43059,108.71,124.18,111.55,232.19,1.0,0.014,2540.92,405618.94,0.0063,405618.94,2540.92,818.01,759.98,1.076,26.14,57.13,44.48,1.284,0.0,760.88,715.5,0.208,26.14,False,0.8046,0.7801,1.0,0.0063
4DH_0102,VC_0102,339759000,REGALEC,CS_0065,2019-09-08T09:25:31.797740+00:00,31.095025,-81.43345,2019-09-08T11:25:31.797740+00:00,2.0,500,500,1.0,completed,31.100571,-81.431261,31.09978,-81.43059,108.71,124.18,111.55,232.19,1.0,0.014,2540.92,405618.94,0.0063,405618.94,2540.92,818.01,759.98,1.076,26.14,57.13,44.48,1.284,0.0,760.88,715.5,0.208,26.14,False,0.8046,0.7801,1.0,0.0063
4DH_0103,VC_0103,367063030,EMERALD PRINCESS II,CS_0065,2019-09-08T09:25:31.797740+00:00,31.095025,-81.43345,2019-09-08T11:25:31.797740+00:00,2.0,500,500,1.0,completed,31.100571,-81.431261,31.09978,-81.43059,108.71,124.18,111.55,232.19,1.0,0.014,2540.92,405618.94,0.0063,405618.94,2540.92,818.01,759.98,1.076,26.14,57.13,44.48,1.284,0.0,760.88,715.5,0.208,26.14,False,0.8046,0.7801,1.0,0.0063
4DH_0104,VC_0104,367094180,CHICORY,CS_0065,2019-09-08T09:25:31.797740+00:00,31.095025,-81.43345,2019-09-08T11:25:31.797740+00:00,2.0,500,500,1.0,completed,31.100571,-81.431261,31.09978,-81.43059,108.71,124.18,111.55,232.19,1.0,0.014,2540.92,405618.94,0.0063,405618.94,2540.92,818.01,759.98,1.076,26.14,57.13,44.48,1.284,0.0,760.88,715.5,0.208,26.14,False,0.8046,0.7801,1.0,0.0063
4DH_0105,VC_0105,367157730,AESTIVAL,CS_0065,2019-09-08T09:25:31.797740+00:00,31.095025,-81.43345,2019-09-08T11:25:31.797740+00:00,2.0,500,500,1.0,completed,31.100571,-81.431261,31.09978,-81.43059,108.71,124.18,111.55,232.19,1.0,0.014,2540.92,405618.94,0.0063,405618.94,2540.92,818.01,759.98,1.076,26.14,57.13,44.48,1.284,0.0,760.88,715.5,0.208,26.14,False,0.8046,0.7801,1.0,0.0063
4DH_0106,VC_0106,367305420,DOROTHY MORAN,CS_0065,2019-09-08T09:25:31.797740+00:00,31.095025,-81.43345,2019-09-08T11:25:31.797740+00:00,2.0,500,500,1.0,completed,31.100571,-81.431261,31.09978,-81.43059,108.71,124.18,111.55,232.19,1.0,0.014,2540.92,405618.94,0.0063,405618.94,2540.92,818.01,759.98,1.076,26.14,57.13,44.48,1.284,0.0,760.88,715.5,0.208,26.14,False,0.8046,0.7801,1.0,0.0063
4DH_0107,VC_0107,367369550,ANN MORAN,CS_0065,2019-09-08T09:25:31.797740+00:00,31.095025,-81.43345,2019-09-08T11:25:31.797740+00:00,2.0,500,500,1.0,completed,31.100571,-81.431261,31.09978,-81.43059,108.71,124.18,111.55,232.19,1.0,0.014,2540.92,405618.94,0.0063,405618.94,2540.92,818.01,759.98,1.076,26.14,57.13,44.48,1.284,0.0,760.88,715.5,0.208,26.14,False,0.8046,0.7801,1.0,0.0063
4DH_0108,VC_0108,367569620,PURA VIDA,CS_0065,2019-09-08T09:25:31.797740+00:00,31.095025,-81.43345,2019-09-08T11:25:31.797740+00:00,2.0,500,500,1.0,completed,31.100571,-81.431261,31.09978,-81.43059,108.71,124.18,111.55,232.19,1.0,0.014,2540.92,405618.94,0.0063,405618.94,2540.92,818.01,759.98,1.076,26.14,57.13,44.48,1.284,0.0,760.88,715.5,0.208,26.14,False,0.8046,0.7801,1.0,0.0063
4DH_0109,VC_0109,367691290,MISS LEXY,CS_0065,2019-09-08T09:25:31.797740+00:00,31.095025,-81.43345,2019-09-08T11:25:31.797740+00:00,2.0,500,500,1.0,completed,31.100571,-81.431261,31.09978,-81.43059,108.71,124.18,111.55,232.19,1.0,0.014,2540.92,405618.94,0.0063,405618.94,2540.92,818.01,759.98,1.076,26.14,57.13,44.48,1.284,0.0,760.88,715.5,0.208,26.14,False,0.8046,0.7801,1.0,0.0063
4DH_0110,VC_0110,367753660,AQUAMARINE,CS_0065,2019-09-08T09:25:31.797740+00:00,31.095025,-81.43345,2019-09-08T11:25:31.797740+00:00,2.0,500,500,1.0,completed,31.100571,-81.431261,31.09978,-81.43059,108.71,124.18,111.55,232.19,1.0,0.014,2540.92,405618.94,0.0063,405618.94,2540.92,818.01,759.98,1.076,26.14,57.13,44.48,1.284,0.0,760.88,715.5,0.208,26.14,False,0.8046,0.7801,1.0,0.0063
4DH_0111,VC_0111,367762440,SILVER GIRL II,CS_0065,2019-09-08T09:25:31.797740+00:00,31.095025,-81.43345,2019-09-08T11:25:31.797740+00:00,2.0,500,500,1.0,completed,31.100571,-81.431261,31.09978,-81.43059,108.71,124.18,111.55,232.19,1.0,0.014,2540.92,405618.94,0.0063,405618.94,2540.92,818.01,759.98,1.076,26.14,57.13,44.48,1.284,0.0,760.88,715.5,0.208,26.14,False,0.8046,0.7801,1.0,0.0063
4DH_0112,VC_0112,368004680,TAKE IT EASY,CS_0065,2019-09-08T09:25:31.797740+00:00,31.095025,-81.43345,2019-09-08T11:25:31.797740+00:00,2.0,500,500,1.0,completed,31.100571,-81.431261,31.09978,-81.43059,108.71,124.18,111.55,232.19,1.0,0.014,2540.92,405618.94,0.0063,405618.94,2540.92,818.01,759.98,1.076,26.14,57.13,44.48,1.284,0.0,760.88,715.5,0.208,26.14,False,0.8046,0.7801,1.0,0.0063
4DH_0113,VC_0113,369201000,SALTY VIXEN,CS_0065,2019-09-08T09:25:31.797740+00:00,31.095025,-81.43345,2019-09-08T11:25:31.797740+00:00,2.0,500,500,1.0,completed,31.100571,-81.431261,31.09978,-81.43059,108.71,124.18,111.55,232.19,1.0,0.014,2540.92,405618.94,0.0063,405618.94,2540.92,818.01,759.98,1.076,26.14,57.13,44.48,1.284,0.0,760.88,715.5,0.208,26.14,False,0.8046,0.7801,1.0,0.0063
4DH_0114,VC_0114,369273000,ESCAPE PLAN,CS_0065,2019-09-08T09:25:31.797740+00:00,31.095025,-81.43345,2019-09-08T11:25:31.797740+00:00,2.0,500,500,1.0,completed,31.100571,-81.431261,31.09978,-81.43059,108.71,124.18,111.55,232.19,1.0,0.014,2540.92,405618.94,0.0063,405618.94,2540.92,818.01,759.98,1.076,26.14,57.13,44.48,1.284,0.0,760.88,715.5,0.208,26.14,False,0.8046,0.7801,1.0,0.0063
4DH_0115,VC_0115,538004697,EMERALD ACE,CS_0065,2019-09-08T09:25:31.797740+00:00,31.095025,-81.43345,2019-09-08T11:25:31.797740+00:00,2.0,500,500,1.0,completed,31.100571,-81.431261,31.09978,-81.43059,108.71,124.18,111.55,232.19,1.0,0.014,2540.92,405618.94,0.0063,405618.94,2540.92,818.01,759.98,1.076,26.14,57.13,44.48,1.284,0.0,760.88,715.5,0.208,26.14,False,0.8046,0.7801,1.0,0.0063
4DH_0116,VC_0116,538007762,UNKNOWN,CS_0065,2019-09-08T09:25:31.797740+00:00,31.095025,-81.43345,2019-09-08T11:25:31.797740+00:00,2.0,500,500,1.0,completed,31.100571,-81.431261,31.09978,-81.43059,108.71,124.18,111.55,232.19,1.0,0.014,2540.92,405618.94,0.0063,405618.94,2540.92,818.01,759.98,1.076,26.14,57.13,44.48,1.284,0.0,760.88,715.5,0.208,26.14,False,0.8046,0.7801,1.0,0.0063
4DH_0117,VC_0117,311828000,KUJAWY,CS_0065,2019-09-08T07:25:31.797740+00:00,31.089295,-81.43682,2019-09-08T11:25:31.797740+00:00,4.0,500,500,1.0,completed,31.100594,-81.431039,31.09978,-81.43059,100.1,185.74,175.43,335.07,0.99,0.01,2540.92,699178.46,0.0036,699178.46,2540.92,1148.58,1051.07,1.093,-22.95,57.13,44.48,1.284,0.0,1091.45,1006.59,0.191,22.95,False,0.8186,0.6897,0.99,0.0036
4DH_0118,VC_0118,338102856,RESPONDER,CS_0065,2019-09-08T07:25:31.797740+00:00,31.089295,-81.43682,2019-09-08T11:25:31.797740+00:00,4.0,500,500,1.0,completed,31.100594,-81.431039,31.09978,-81.43059,100.1,185.74,175.43,335.07,0.99,0.01,2540.92,699178.46,0.0036,699178.46,2540.92,1148.58,1051.07,1.093,-22.95,57.13,44.48,1.284,0.0,1091.45,1006.59,0.191,22.95,False,0.8186,0.6897,0.99,0.0036
4DH_0119,VC_0119,338102861,RECOVERY,CS_0065,2019-09-08T07:25:31.797740+00:00,31.089295,-81.43682,2019-09-08T11:25:31.797740+00:00,4.0,500,500,1.0,completed,31.100594,-81.431039,31.09978,-81.43059,100.1,185.74,175.43,335.07,0.99,0.01,2540.92,699178.46,0.0036,699178.46,2540.92,1148.58,1051.07,1.093,-22.95,57.13,44.48,1.284,0.0,1091.45,1006.59,0.191,22.95,False,0.8186,0.6897,0.99,0.0036
4DH_0120,VC_0120,338143506,MORNING SUN II,CS_0065,2019-09-08T07:25:31.797740+00:00,31.089295,-81.43682,2019-09-08T11:25:31.797740+00:00,4.0,500,500,1.0,completed,31.100594,-81.431039,31.09978,-81.43059,100.1,185.74,175.43,335.07,0.99,0.01,2540.92,699178.46,0.0036,699178.46,2540.92,1148.58,1051.07,1.093,-22.95,57.13,44.48,1.284,0.0,1091.45,1006.59,0.191,22.95,False,0.8186,0.6897,0.99,0.0036
4DH_0121,VC_0121,338184094,DULCINEA,CS_0065,2019-09-08T07:25:31.797740+00:00,31.089295,-81.43682,2019-09-08T11:25:31.797740+00:00,4.0,500,500,1.0,completed,31.100594,-81.431039,31.09978,-81.43059,100.1,185.74,175.43,335.07,0.99,0.01,2540.92,699178.46,0.0036,699178.46,2540.92,1148.58,1051.07,1.093,-22.95,57.13,44.48,1.284,0.0,1091.45,1006.59,0.191,22.95,False,0.8186,0.6897,0.99,0.0036
4DH_0122,VC_0122,338235704,BRUNSWICK,CS_0065,2019-09-08T07:25:31.797740+00:00,31.089295,-81.43682,2019-09-08T11:25:31.797740+00:00,4.0,500,500,1.0,completed,31.100594,-81.431039,31.09978,-81.43059,100.1,185.74,175.43,335.07,0.99,0.01,2540.92,699178.46,0.0036,699178.46,2540.92,1148.58,1051.07,1.093,-22.95,57.13,44.48,1.284,0.0,1091.45,1006.59,0.191,22.95,False,0.8186,0.6897,0.99,0.0036
4DH_0123,VC_0123,338335542,STILL WATERS,CS_0065,2019-09-08T07:25:31.797740+00:00,31.089295,-81.43682,2019-09-08T11:25:31.797740+00:00,4.0,500,500,1.0,completed,31.100594,-81.431039,31.09978,-81.43059,100.1,185.74,175.43,335.07,0.99,0.01,2540.92,699178.46,0.0036,699178.46,2540.92,1148.58,1051.07,1.093,-22.95,57.13,44.48,1.284,0.0,1091.45,1006.59,0.191,22.95,False,0.8186,0.6897,0.99,0.0036
4DH_0124,VC_0124,339759000,REGALEC,CS_0065,2019-09-08T07:25:31.797740+00:00,31.089295,-81.43682,2019-09-08T11:25:31.797740+00:00,4.0,500,500,1.0,completed,31.100594,-81.431039,31.09978,-81.43059,100.1,185.74,175.43,335.07,0.99,0.01,2540.92,699178.46,0.0036,699178.46,2540.92,1148.58,1051.07,1.093,-22.95,57.13,44.48,1.284,0.0,1091.45,1006.59,0.191,22.95,False,0.8186,0.6897,0.99,0.0036
4DH_0125,VC_0125,367063030,EMERALD PRINCESS II,CS_0065,2019-09-08T07:25:31.797740+00:00,31.089295,-81.43682,2019-09-08T11:25:31.797740+00:00,4.0,500,500,1.0,completed,31.100594,-81.431039,31.09978,-81.43059,100.1,185.74,175.43,335.07,0.99,0.01,2540.92,699178.46,0.0036,699178.46,2540.92,1148.58,1051.07,1.093,-22.95,57.13,44.48,1.284,0.0,1091.45,1006.59,0.191,22.95,False,0.8186,0.6897,0.99,0.0036
4DH_0126,VC_0126,367094180,CHICORY,CS_0065,2019-09-08T07:25:31.797740+00:00,31.089295,-81.43682,2019-09-08T11:25:31.797740+00:00,4.0,500,500,1.0,completed,31.100594,-81.431039,31.09978,-81.43059,100.1,185.74,175.43,335.07,0.99,0.01,2540.92,699178.46,0.0036,699178.46,2540.92,1148.58,1051.07,1.093,-22.95,57.13,44.48,1.284,0.0,1091.45,1006.59,0.191,22.95,False,0.8186,0.6897,0.99,0.0036
4DH_0127,VC_0127,367157730,AESTIVAL,CS_0065,2019-09-08T07:25:31.797740+00:00,31.089295,-81.43682,2019-09-08T11:25:31.797740+00:00,4.0,500,500,1.0,completed,31.100594,-81.431039,31.09978,-81.43059,100.1,185.74,175.43,335.07,0.99,0.01,2540.92,699178.46,0.0036,699178.46,2540.92,1148.58,1051.07,1.093,-22.95,57.13,44.48,1.284,0.0,1091.45,1006.59,0.191,22.95,False,0.8186,0.6897,0.99,0.0036
4DH_0128,VC_0128,367305420,DOROTHY MORAN,CS_0065,2019-09-08T07:25:31.797740+00:00,31.089295,-81.43682,2019-09-08T11:25:31.797740+00:00,4.0,500,500,1.0,completed,31.100594,-81.431039,31.09978,-81.43059,100.1,185.74,175.43,335.07,0.99,0.01,2540.92,699178.46,0.0036,699178.46,2540.92,1148.58,1051.07,1.093,-22.95,57.13,44.48,1.284,0.0,1091.45,1006.59,0.191,22.95,False,0.8186,0.6897,0.99,0.0036
4DH_0129,VC_0129,367369550,ANN MORAN,CS_0065,2019-09-08T07:25:31.797740+00:00,31.089295,-81.43682,2019-09-08T11:25:31.797740+00:00,4.0,500,500,1.0,completed,31.100594,-81.431039,31.09978,-81.43059,100.1,185.74,175.43,335.07,0.99,0.01,2540.92,699178.46,0.0036,699178.46,2540.92,1148.58,1051.07,1.093,-22.95,57.13,44.48,1.284,0.0,1091.45,1006.59,0.191,22.95,False,0.8186,0.6897,0.99,0.0036
4DH_0130,VC_0130,367458950,WYOMING WIND,CS_0065,2019-09-08T07:25:31.797740+00:00,31.089295,-81.43682,2019-09-08T11:25:31.797740+00:00,4.0,500,500,1.0,completed,31.100594,-81.431039,31.09978,-81.43059,100.1,185.74,175.43,335.07,0.99,0.01,2540.92,699178.46,0.0036,699178.46,2540.92,1148.58,1051.07,1.093,-22.95,57.13,44.48,1.284,0.0,1091.45,1006.59,0.191,22.95,False,0.8186,0.6897,0.99,0.0036
4DH_0131,VC_0131,367569620,PURA VIDA,CS_0065,2019-09-08T07:25:31.797740+00:00,31.089295,-81.43682,2019-09-08T11:25:31.797740+00:00,4.0,500,500,1.0,completed,31.100594,-81.431039,31.09978,-81.43059,100.1,185.74,175.43,335.07,0.99,0.01,2540.92,699178.46,0.0036,699178.46,2540.92,1148.58,1051.07,1.093,-22.95,57.13,44.48,1.284,0.0,1091.45,1006.59,0.191,22.95,False,0.8186,0.6897,0.99,0.0036
4DH_0132,VC_0132,367691290,MISS LEXY,CS_0065,2019-09-08T07:25:31.797740+00:00,31.089295,-81.43682,2019-09-08T11:25:31.797740+00:00,4.0,500,500,1.0,completed,31.100594,-81.431039,31.09978,-81.43059,100.1,185.74,175.43,335.07,0.99,0.01,2540.92,699178.46,0.0036,699178.46,2540.92,1148.58,1051.07,1.093,-22.95,57.13,44.48,1.284,0.0,1091.45,1006.59,0.191,22.95,False,0.8186,0.6897,0.99,0.0036
4DH_0133,VC_0133,367753660,AQUAMARINE,CS_0065,2019-09-08T07:25:31.797740+00:00,31.089295,-81.43682,2019-09-08T11:25:31.797740+00:00,4.0,500,500,1.0,completed,31.100594,-81.431039,31.09978,-81.43059,100.1,185.74,175.43,335.07,0.99,0.01,2540.92,699178.46,0.0036,699178.46,2540.92,1148.58,1051.07,1.093,-22.95,57.13,44.48,1.284,0.0,1091.45,1006.59,0.191,22.95,False,0.8186,0.6897,0.99,0.0036
4DH_0134,VC_0134,367762440,SILVER GIRL II,CS_0065,2019-09-08T07:25:31.797740+00:00,31.089295,-81.43682,2019-09-08T11:25:31.797740+00:00,4.0,500,500,1.0,completed,31.100594,-81.431039,31.09978,-81.43059,100.1,185.74,175.43,335.07,0.99,0.01,2540.92,699178.46,0.0036,699178.46,2540.92,1148.58,1051.07,1.093,-22.95,57.13,44.48,1.284,0.0,1091.45,1006.59,0.191,22.95,False,0.8186,0.6897,0.99,0.0036
4DH_0135,VC_0135,368004680,TAKE IT EASY,CS_0065,2019-09-08T07:25:31.797740+00:00,31.089295,-81.43682,2019-09-08T11:25:31.797740+00:00,4.0,500,500,1.0,completed,31.100594,-81.431039,31.09978,-81.43059,100.1,185.74,175.43,335.07,0.99,0.01,2540.92,699178.46,0.0036,699178.46,2540.92,1148.58,1051.07,1.093,-22.95,57.13,44.48,1.284,0.0,1091.45,1006.59,0.191,22.95,False,0.8186,0.6897,0.99,0.0036
4DH_0136,VC_0136,369201000,SALTY VIXEN,CS_0065,2019-09-08T07:25:31.797740+00:00,31.089295,-81.43682,2019-09-08T11:25:31.797740+00:00,4.0,500,500,1.0,completed,31.100594,-81.431039,31.09978,-81.43059,100.1,185.74,175.43,335.07,0.99,0.01,2540.92,699178.46,0.0036,699178.46,2540.92,1148.58,1051.07,1.093,-22.95,57.13,44.48,1.284,0.0,1091.45,1006.59,0.191,22.95,False,0.8186,0.6897,0.99,0.0036
4DH_0137,VC_0137,369273000,ESCAPE PLAN,CS_0065,2019-09-08T07:25:31.797740+00:00,31.089295,-81.43682,2019-09-08T11:25:31.797740+00:00,4.0,500,500,1.0,completed,31.100594,-81.431039,31.09978,-81.43059,100.1,185.74,175.43,335.07,0.99,0.01,2540.92,699178.46,0.0036,699178.46,2540.92,1148.58,1051.07,1.093,-22.95,57.13,44.48,1.284,0.0,1091.45,1006.59,0.191,22.95,False,0.8186,0.6897,0.99,0.0036
4DH_0138,VC_0138,538004697,EMERALD ACE,CS_0065,2019-09-08T07:25:31.797740+00:00,31.089295,-81.43682,2019-09-08T11:25:31.797740+00:00,4.0,500,500,1.0,completed,31.100594,-81.431039,31.09978,-81.43059,100.1,185.74,175.43,335.07,0.99,0.01,2540.92,699178.46,0.0036,699178.46,2540.92,1148.58,1051.07,1.093,-22.95,57.13,44.48,1.284,0.0,1091.45,1006.59,0.191,22.95,False,0.8186,0.6897,0.99,0.0036
4DH_0139,VC_0139,538007762,UNKNOWN,CS_0065,2019-09-08T07:25:31.797740+00:00,31.089295,-81.43682,2019-09-08T11:25:31.797740+00:00,4.0,500,500,1.0,completed,31.100594,-81.431039,31.09978,-81.43059,100.1,185.74,175.43,335.07,0.99,0.01,2540.92,699178.46,0.0036,699178.46,2540.92,1148.58,1051.07,1.093,-22.95,57.13,44.48,1.284,0.0,1091.45,1006.59,0.191,22.95,False,0.8186,0.6897,0.99,0.0036
4DH_0140,VC_0140,311828000,KUJAWY,CS_0065,2019-09-08T05:25:31.797740+00:00,31.083282,-81.440175,2019-09-08T11:25:31.797740+00:00,6.0,500,500,1.0,completed,31.100843,-81.431098,31.09978,-81.43059,127.71,239.09,229.08,423.9,0.968,0.012,2540.92,911109.72,0.0028,911109.72,2540.92,1421.69,1138.22,1.249,67.33,57.13,44.48,1.284,0.0,1364.56,1093.74,0.035,67.33,False,0.7746,0.6199,0.968,0.0028
4DH_0141,VC_0141,338143506,MORNING SUN II,CS_0065,2019-09-08T05:25:31.797740+00:00,31.083282,-81.440175,2019-09-08T11:25:31.797740+00:00,6.0,500,500,1.0,completed,31.100843,-81.431098,31.09978,-81.43059,127.71,239.09,229.08,423.9,0.968,0.012,2540.92,911109.72,0.0028,911109.72,2540.92,1421.69,1138.22,1.249,67.33,57.13,44.48,1.284,0.0,1364.56,1093.74,0.035,67.33,False,0.7746,0.6199,0.968,0.0028
4DH_0142,VC_0142,338184094,DULCINEA,CS_0065,2019-09-08T05:25:31.797740+00:00,31.083282,-81.440175,2019-09-08T11:25:31.797740+00:00,6.0,500,500,1.0,completed,31.100843,-81.431098,31.09978,-81.43059,127.71,239.09,229.08,423.9,0.968,0.012,2540.92,911109.72,0.0028,911109.72,2540.92,1421.69,1138.22,1.249,67.33,57.13,44.48,1.284,0.0,1364.56,1093.74,0.035,67.33,False,0.7746,0.6199,0.968,0.0028
4DH_0143,VC_0143,338335542,STILL WATERS,CS_0065,2019-09-08T05:25:31.797740+00:00,31.083282,-81.440175,2019-09-08T11:25:31.797740+00:00,6.0,500,500,1.0,completed,31.100843,-81.431098,31.09978,-81.43059,127.71,239.09,229.08,423.9,0.968,0.012,2540.92,911109.72,0.0028,911109.72,2540.92,1421.69,1138.22,1.249,67.33,57.13,44.48,1.284,0.0,1364.56,1093.74,0.035,67.33,False,0.7746,0.6199,0.968,0.0028
4DH_0144,VC_0144,339759000,REGALEC,CS_0065,2019-09-08T05:25:31.797740+00:00,31.083282,-81.440175,2019-09-08T11:25:31.797740+00:00,6.0,500,500,1.0,completed,31.100843,-81.431098,31.09978,-81.43059,127.71,239.09,229.08,423.9,0.968,0.012,2540.92,911109.72,0.0028,911109.72,2540.92,1421.69,1138.22,1.249,67.33,57.13,44.48,1.284,0.0,1364.56,1093.74,0.035,67.33,False,0.7746,0.6199,0.968,0.0028
4DH_0145,VC_0145,367063030,EMERALD PRINCESS II,CS_0065,2019-09-08T05:25:31.797740+00:00,31.083282,-81.440175,2019-09-08T11:25:31.797740+00:00,6.0,500,500,1.0,completed,31.100843,-81.431098,31.09978,-81.43059,127.71,239.09,229.08,423.9,0.968,0.012,2540.92,911109.72,0.0028,911109.72,2540.92,1421.69,1138.22,1.249,67.33,57.13,44.48,1.284,0.0,1364.56,1093.74,0.035,67.33,False,0.7746,0.6199,0.968,0.0028
4DH_0146,VC_0146,367094180,CHICORY,CS_0065,2019-09-08T05:25:31.797740+00:00,31.083282,-81.440175,2019-09-08T11:25:31.797740+00:00,6.0,500,500,1.0,completed,31.100843,-81.431098,31.09978,-81.43059,127.71,239.09,229.08,423.9,0.968,0.012,2540.92,911109.72,0.0028,911109.72,2540.92,1421.69,1138.22,1.249,67.33,57.13,44.48,1.284,0.0,1364.56,1093.74,0.035,67.33,False,0.7746,0.6199,0.968,0.0028
4DH_0147,VC_0147,367157730,AESTIVAL,CS_0065,2019-09-08T05:25:31.797740+00:00,31.083282,-81.440175,2019-09-08T11:25:31.797740+00:00,6.0,500,500,1.0,completed,31.100843,-81.431098,31.09978,-81.43059,127.71,239.09,229.08,423.9,0.968,0.012,2540.92,911109.72,0.0028,911109.72,2540.92,1421.69,1138.22,1.249,67.33,57.13,44.48,1.284,0.0,1364.56,1093.74,0.035,67.33,False,0.7746,0.6199,0.968,0.0028
4DH_0148,VC_0148,367305420,DOROTHY MORAN,CS_0065,2019-09-08T05:25:31.797740+00:00,31.083282,-81.440175,2019-09-08T11:25:31.797740+00:00,6.0,500,500,1.0,completed,31.100843,-81.431098,31.09978,-81.43059,127.71,239.09,229.08,423.9,0.968,0.012,2540.92,911109.72,0.0028,911109.72,2540.92,1421.69,1138.22,1.249,67.33,57.13,44.48,1.284,0.0,1364.56,1093.74,0.035,67.33,False,0.7746,0.6199,0.968,0.0028
4DH_0149,VC_0149,367369550,ANN MORAN,CS_0065,2019-09-08T05:25:31.797740+00:00,31.083282,-81.440175,2019-09-08T11:25:31.797740+00:00,6.0,500,500,1.0,completed,31.100843,-81.431098,31.09978,-81.43059,127.71,239.09,229.08,423.9,0.968,0.012,2540.92,911109.72,0.0028,911109.72,2540.92,1421.69,1138.22,1.249,67.33,57.13,44.48,1.284,0.0,1364.56,1093.74,0.035,67.33,False,0.7746,0.6199,0.968,0.0028
4DH_0150,VC_0150,367458950,WYOMING WIND,CS_0065,2019-09-08T05:25:31.797740+00:00,31.083282,-81.440175,2019-09-08T11:25:31.797740+00:00,6.0,500,500,1.0,completed,31.100843,-81.431098,31.09978,-81.43059,127.71,239.09,229.08,423.9,0.968,0.012,2540.92,911109.72,0.0028,911109.72,2540.92,1421.69,1138.22,1.249,67.33,57.13,44.48,1.284,0.0,1364.56,1093.74,0.035,67.33,False,0.7746,0.6199,0.968,0.0028
4DH_0151,VC_0151,367569620,PURA VIDA,CS_0065,2019-09-08T05:25:31.797740+00:00,31.083282,-81.440175,2019-09-08T11:25:31.797740+00:00,6.0,500,500,1.0,completed,31.100843,-81.431098,31.09978,-81.43059,127.71,239.09,229.08,423.9,0.968,0.012,2540.92,911109.72,0.0028,911109.72,2540.92,1421.69,1138.22,1.249,67.33,57.13,44.48,1.284,0.0,1364.56,1093.74,0.035,67.33,False,0.7746,0.6199,0.968,0.0028
4DH_0152,VC_0152,367691290,MISS LEXY,CS_0065,2019-09-08T05:25:31.797740+00:00,31.083282,-81.440175,2019-09-08T11:25:31.797740+00:00,6.0,500,500,1.0,completed,31.100843,-81.431098,31.09978,-81.43059,127.71,239.09,229.08,423.9,0.968,0.012,2540.92,911109.72,0.0028,911109.72,2540.92,1421.69,1138.22,1.249,67.33,57.13,44.48,1.284,0.0,1364.56,1093.74,0.035,67.33,False,0.7746,0.6199,0.968,0.0028
4DH_0153,VC_0153,367753660,AQUAMARINE,CS_0065,2019-09-08T05:25:31.797740+00:00,31.083282,-81.440175,2019-09-08T11:25:31.797740+00:00,6.0,500,500,1.0,completed,31.100843,-81.431098,31.09978,-81.43059,127.71,239.09,229.08,423.9,0.968,0.012,2540.92,911109.72,0.0028,911109.72,2540.92,1421.69,1138.22,1.249,67.33,57.13,44.48,1.284,0.0,1364.56,1093.74,0.035,67.33,False,0.7746,0.6199,0.968,0.0028
4DH_0154,VC_0154,367762440,SILVER GIRL II,CS_0065,2019-09-08T05:25:31.797740+00:00,31.083282,-81.440175,2019-09-08T11:25:31.797740+00:00,6.0,500,500,1.0,completed,31.100843,-81.431098,31.09978,-81.43059,127.71,239.09,229.08,423.9,0.968,0.012,2540.92,911109.72,0.0028,911109.72,2540.92,1421.69,1138.22,1.249,67.33,57.13,44.48,1.284,0.0,1364.56,1093.74,0.035,67.33,False,0.7746,0.6199,0.968,0.0028
4DH_0155,VC_0155,368004680,TAKE IT EASY,CS_0065,2019-09-08T05:25:31.797740+00:00,31.083282,-81.440175,2019-09-08T11:25:31.797740+00:00,6.0,500,500,1.0,completed,31.100843,-81.431098,31.09978,-81.43059,127.71,239.09,229.08,423.9,0.968,0.012,2540.92,911109.72,0.0028,911109.72,2540.92,1421.69,1138.22,1.249,67.33,57.13,44.48,1.284,0.0,1364.56,1093.74,0.035,67.33,False,0.7746,0.6199,0.968,0.0028
4DH_0156,VC_0156,369201000,SALTY VIXEN,CS_0065,2019-09-08T05:25:31.797740+00:00,31.083282,-81.440175,2019-09-08T11:25:31.797740+00:00,6.0,500,500,1.0,completed,31.100843,-81.431098,31.09978,-81.43059,127.71,239.09,229.08,423.9,0.968,0.012,2540.92,911109.72,0.0028,911109.72,2540.92,1421.69,1138.22,1.249,67.33,57.13,44.48,1.284,0.0,1364.56,1093.74,0.035,67.33,False,0.7746,0.6199,0.968,0.0028
4DH_0157,VC_0157,538007762,UNKNOWN,CS_0065,2019-09-08T05:25:31.797740+00:00,31.083282,-81.440175,2019-09-08T11:25:31.797740+00:00,6.0,500,500,1.0,completed,31.100843,-81.431098,31.09978,-81.43059,127.71,239.09,229.08,423.9,0.968,0.012,2540.92,911109.72,0.0028,911109.72,2540.92,1421.69,1138.22,1.249,67.33,57.13,44.48,1.284,0.0,1364.56,1093.74,0.035,67.33,False,0.7746,0.6199,0.968,0.0028
4DH_0158,VC_0158,311828000,KUJAWY,CS_0065,2019-09-08T03:25:31.797740+00:00,31.075945,-81.442111,2019-09-08T11:25:31.797740+00:00,8.0,500,500,1.0,completed,31.099992,-81.431471,31.09978,-81.43059,87.13,303.85,263.6,548.55,0.852,0.004,2540.92,1216925.52,0.0021,1216925.52,2540.92,2065.76,1398.08,1.478,21.42,57.13,44.48,1.284,0.0,2008.63,1353.6,0.194,21.42,False,0.8401,0.5446,0.852,0.0021
4DH_0159,VC_0159,367063030,EMERALD PRINCESS II,CS_0065,2019-09-08T03:25:31.797740+00:00,31.075945,-81.442111,2019-09-08T11:25:31.797740+00:00,8.0,500,500,1.0,completed,31.099992,-81.431471,31.09978,-81.43059,87.13,303.85,263.6,548.55,0.852,0.004,2540.92,1216925.52,0.0021,1216925.52,2540.92,2065.76,1398.08,1.478,21.42,57.13,44.48,1.284,0.0,2008.63,1353.6,0.194,21.42,False,0.8401,0.5446,0.852,0.0021
4DH_0160,VC_0160,367305420,DOROTHY MORAN,CS_0065,2019-09-08T03:25:31.797740+00:00,31.075945,-81.442111,2019-09-08T11:25:31.797740+00:00,8.0,500,500,1.0,completed,31.099992,-81.431471,31.09978,-81.43059,87.13,303.85,263.6,548.55,0.852,0.004,2540.92,1216925.52,0.0021,1216925.52,2540.92,2065.76,1398.08,1.478,21.42,57.13,44.48,1.284,0.0,2008.63,1353.6,0.194,21.42,False,0.8401,0.5446,0.852,0.0021
4DH_0161,VC_0161,367369550,ANN MORAN,CS_0065,2019-09-08T03:25:31.797740+00:00,31.075945,-81.442111,2019-09-08T11:25:31.797740+00:00,8.0,500,500,1.0,completed,31.099992,-81.431471,31.09978,-81.43059,87.13,303.85,263.6,548.55,0.852,0.004,2540.92,1216925.52,0.0021,1216925.52,2540.92,2065.76,1398.08,1.478,21.42,57.13,44.48,1.284,0.0,2008.63,1353.6,0.194,21.42,False,0.8401,0.5446,0.852,0.0021
4DH_0162,VC_0162,367691290,MISS LEXY,CS_0065,2019-09-08T03:25:31.797740+00:00,31.075945,-81.442111,2019-09-08T11:25:31.797740+00:00,8.0,500,500,1.0,completed,31.099992,-81.431471,31.09978,-81.43059,87.13,303.85,263.6,548.55,0.852,0.004,2540.92,1216925.52,0.0021,1216925.52,2540.92,2065.76,1398.08,1.478,21.42,57.13,44.48,1.284,0.0,2008.63,1353.6,0.194,21.42,False,0.8401,0.5446,0.852,0.0021
4DH_0163,VC_0163,367762440,SILVER GIRL II,CS_0065,2019-09-08T03:25:31.797740+00:00,31.075945,-81.442111,2019-09-08T11:25:31.797740+00:00,8.0,500,500,1.0,completed,31.099992,-81.431471,31.09978,-81.43059,87.13,303.85,263.6,548.55,0.852,0.004,2540.92,1216925.52,0.0021,1216925.52,2540.92,2065.76,1398.08,1.478,21.42,57.13,44.48,1.284,0.0,2008.63,1353.6,0.194,21.42,False,0.8401,0.5446,0.852,0.0021
4DH_0164,VC_0164,311828000,KUJAWY,CS_0065,2019-09-07T23:25:31.797740+00:00,31.061615,-81.440565,2019-09-08T11:25:31.797740+00:00,12.0,500,500,1.0,completed,31.09883,-81.431914,31.09978,-81.43059,164.47,456.59,429.85,823.95,0.608,0.004,2540.92,1648401.37,0.0015,1648401.37,2540.92,2943.87,1429.83,2.059,51.4,57.13,44.48,1.284,0.0,2886.74,1385.35,0.775,51.4,False,0.7197,0.4012,0.608,0.0015
4DH_0165,VC_0165,367063030,EMERALD PRINCESS II,CS_0065,2019-09-07T23:25:31.797740+00:00,31.061615,-81.440565,2019-09-08T11:25:31.797740+00:00,12.0,500,500,1.0,completed,31.09883,-81.431914,31.09978,-81.43059,164.47,456.59,429.85,823.95,0.608,0.004,2540.92,1648401.37,0.0015,1648401.37,2540.92,2943.87,1429.83,2.059,51.4,57.13,44.48,1.284,0.0,2886.74,1385.35,0.775,51.4,False,0.7197,0.4012,0.608,0.0015
4DH_0166,VC_0166,367691290,MISS LEXY,CS_0065,2019-09-07T23:25:31.797740+00:00,31.061615,-81.440565,2019-09-08T11:25:31.797740+00:00,12.0,500,500,1.0,completed,31.09883,-81.431914,31.09978,-81.43059,164.47,456.59,429.85,823.95,0.608,0.004,2540.92,1648401.37,0.0015,1648401.37,2540.92,2943.87,1429.83,2.059,51.4,57.13,44.48,1.284,0.0,2886.74,1385.35,0.775,51.4,False,0.7197,0.4012,0.608,0.0015
4DH_0167,VC_0167,338182224,SEA SALT,CS_0065,2019-09-07T17:25:31.797740+00:00,31.033816,-81.422837,2019-09-08T11:25:31.797740+00:00,18.0,500,500,1.0,completed,31.100548,-81.431113,31.09978,-81.43059,98.86,676.02,629.82,1250.03,0.378,0.002,2540.92,2267260.37,0.0011,2267260.37,2540.92,3653.68,1731.53,2.11,64.69,57.13,44.48,1.284,0.0,3596.55,1687.05,0.826,64.69,False,0.8206,0.2587,0.378,0.0011
4DH_0168,VC_0168,369970979,S3005 NRT1,CS_0065,2019-09-07T17:25:31.797740+00:00,31.033816,-81.422837,2019-09-08T11:25:31.797740+00:00,18.0,500,500,1.0,completed,31.100548,-81.431113,31.09978,-81.43059,98.86,676.02,629.82,1250.03,0.378,0.002,2540.92,2267260.37,0.0011,2267260.37,2540.92,3653.68,1731.53,2.11,64.69,57.13,44.48,1.284,0.0,3596.55,1687.05,0.826,64.69,False,0.8206,0.2587,0.378,0.0011
4DH_0169,VC_0169,311828000,KUJAWY,CS_0092,2019-09-08T09:25:31.797740+00:00,31.08257,-81.452775,2019-09-08T11:25:31.797740+00:00,2.0,500,500,1.0,completed,31.086045,-81.451006,31.08611,-81.45096,8.45,30.72,6.5,100.08,1.0,0.366,56120.12,405589.79,0.1384,405589.79,56120.12,817.99,760.0,1.076,26.13,425.97,260.35,1.636,-6.06,392.02,499.65,0.56,32.19,False,0.9832,0.9404,1.0,0.1384
4DH_0170,VC_0170,338102856,RESPONDER,CS_0092,2019-09-08T09:25:31.797740+00:00,31.08257,-81.452775,2019-09-08T11:25:31.797740+00:00,2.0,500,500,1.0,completed,31.086045,-81.451006,31.08611,-81.45096,8.45,30.72,6.5,100.08,1.0,0.366,56120.12,405589.79,0.1384,405589.79,56120.12,817.99,760.0,1.076,26.13,425.97,260.35,1.636,-6.06,392.02,499.65,0.56,32.19,False,0.9832,0.9404,1.0,0.1384
4DH_0171,VC_0171,338102861,RECOVERY,CS_0092,2019-09-08T09:25:31.797740+00:00,31.08257,-81.452775,2019-09-08T11:25:31.797740+00:00,2.0,500,500,1.0,completed,31.086045,-81.451006,31.08611,-81.45096,8.45,30.72,6.5,100.08,1.0,0.366,56120.12,405589.79,0.1384,405589.79,56120.12,817.99,760.0,1.076,26.13,425.97,260.35,1.636,-6.06,392.02,499.65,0.56,32.19,False,0.9832,0.9404,1.0,0.1384
4DH_0172,VC_0172,338143506,MORNING SUN II,CS_0092,2019-09-08T09:25:31.797740+00:00,31.08257,-81.452775,2019-09-08T11:25:31.797740+00:00,2.0,500,500,1.0,completed,31.086045,-81.451006,31.08611,-81.45096,8.45,30.72,6.5,100.08,1.0,0.366,56120.12,405589.79,0.1384,405589.79,56120.12,817.99,760.0,1.076,26.13,425.97,260.35,1.636,-6.06,392.02,499.65,0.56,32.19,False,0.9832,0.9404,1.0,0.1384
4DH_0173,VC_0173,338184094,DULCINEA,CS_0092,2019-09-08T09:25:31.797740+00:00,31.08257,-81.452775,2019-09-08T11:25:31.797740+00:00,2.0,500,500,1.0,completed,31.086045,-81.451006,31.08611,-81.45096,8.45,30.72,6.5,100.08,1.0,0.366,56120.12,405589.79,0.1384,405589.79,56120.12,817.99,760.0,1.076,26.13,425.97,260.35,1.636,-6.06,392.02,499.65,0.56,32.19,False,0.9832,0.9404,1.0,0.1384
4DH_0174,VC_0174,338235704,BRUNSWICK,CS_0092,2019-09-08T09:25:31.797740+00:00,31.08257,-81.452775,2019-09-08T11:25:31.797740+00:00,2.0,500,500,1.0,completed,31.086045,-81.451006,31.08611,-81.45096,8.45,30.72,6.5,100.08,1.0,0.366,56120.12,405589.79,0.1384,405589.79,56120.12,817.99,760.0,1.076,26.13,425.97,260.35,1.636,-6.06,392.02,499.65,0.56,32.19,False,0.9832,0.9404,1.0,0.1384
4DH_0175,VC_0175,338335542,STILL WATERS,CS_0092,2019-09-08T09:25:31.797740+00:00,31.08257,-81.452775,2019-09-08T11:25:31.797740+00:00,2.0,500,500,1.0,completed,31.086045,-81.451006,31.08611,-81.45096,8.45,30.72,6.5,100.08,1.0,0.366,56120.12,405589.79,0.1384,405589.79,56120.12,817.99,760.0,1.076,26.13,425.97,260.35,1.636,-6.06,392.02,499.65,0.56,32.19,False,0.9832,0.9404,1.0,0.1384
4DH_0176,VC_0176,339759000,REGALEC,CS_0092,2019-09-08T09:25:31.797740+00:00,31.08257,-81.452775,2019-09-08T11:25:31.797740+00:00,2.0,500,500,1.0,completed,31.086045,-81.451006,31.08611,-81.45096,8.45,30.72,6.5,100.08,1.0,0.366,56120.12,405589.79,0.1384,405589.79,56120.12,817.99,760.0,1.076,26.13,425.97,260.35,1.636,-6.06,392.02,499.65,0.56,32.19,False,0.9832,0.9404,1.0,0.1384
4DH_0177,VC_0177,367063030,EMERALD PRINCESS II,CS_0092,2019-09-08T09:25:31.797740+00:00,31.08257,-81.452775,2019-09-08T11:25:31.797740+00:00,2.0,500,500,1.0,completed,31.086045,-81.451006,31.08611,-81.45096,8.45,30.72,6.5,100.08,1.0,0.366,56120.12,405589.79,0.1384,405589.79,56120.12,817.99,760.0,1.076,26.13,425.97,260.35,1.636,-6.06,392.02,499.65,0.56,32.19,False,0.9832,0.9404,1.0,0.1384
4DH_0178,VC_0178,367094180,CHICORY,CS_0092,2019-09-08T09:25:31.797740+00:00,31.08257,-81.452775,2019-09-08T11:25:31.797740+00:00,2.0,500,500,1.0,completed,31.086045,-81.451006,31.08611,-81.45096,8.45,30.72,6.5,100.08,1.0,0.366,56120.12,405589.79,0.1384,405589.79,56120.12,817.99,760.0,1.076,26.13,425.97,260.35,1.636,-6.06,392.02,499.65,0.56,32.19,False,0.9832,0.9404,1.0,0.1384
4DH_0179,VC_0179,367157730,AESTIVAL,CS_0092,2019-09-08T09:25:31.797740+00:00,31.08257,-81.452775,2019-09-08T11:25:31.797740+00:00,2.0,500,500,1.0,completed,31.086045,-81.451006,31.08611,-81.45096,8.45,30.72,6.5,100.08,1.0,0.366,56120.12,405589.79,0.1384,405589.79,56120.12,817.99,760.0,1.076,26.13,425.97,260.35,1.636,-6.06,392.02,499.65,0.56,32.19,False,0.9832,0.9404,1.0,0.1384
4DH_0180,VC_0180,367305420,DOROTHY MORAN,CS_0092,2019-09-08T09:25:31.797740+00:00,31.08257,-81.452775,2019-09-08T11:25:31.797740+00:00,2.0,500,500,1.0,completed,31.086045,-81.451006,31.08611,-81.45096,8.45,30.72,6.5,100.08,1.0,0.366,56120.12,405589.79,0.1384,405589.79,56120.12,817.99,760.0,1.076,26.13,425.97,260.35,1.636,-6.06,392.02,499.65,0.56,32.19,False,0.9832,0.9404,1.0,0.1384
4DH_0181,VC_0181,367369550,ANN MORAN,CS_0092,2019-09-08T09:25:31.797740+00:00,31.08257,-81.452775,2019-09-08T11:25:31.797740+00:00,2.0,500,500,1.0,completed,31.086045,-81.451006,31.08611,-81.45096,8.45,30.72,6.5,100.08,1.0,0.366,56120.12,405589.79,0.1384,405589.79,56120.12,817.99,760.0,1.076,26.13,425.97,260.35,1.636,-6.06,392.02,499.65,0.56,32.19,False,0.9832,0.9404,1.0,0.1384
4DH_0182,VC_0182,367569620,PURA VIDA,CS_0092,2019-09-08T09:25:31.797740+00:00,31.08257,-81.452775,2019-09-08T11:25:31.797740+00:00,2.0,500,500,1.0,completed,31.086045,-81.451006,31.08611,-81.45096,8.45,30.72,6.5,100.08,1.0,0.366,56120.12,405589.79,0.1384,405589.79,56120.12,817.99,760.0,1.076,26.13,425.97,260.35,1.636,-6.06,392.02,499.65,0.56,32.19,False,0.9832,0.9404,1.0,0.1384
4DH_0183,VC_0183,367691290,MISS LEXY,CS_0092,2019-09-08T09:25:31.797740+00:00,31.08257,-81.452775,2019-09-08T11:25:31.797740+00:00,2.0,500,500,1.0,completed,31.086045,-81.451006,31.08611,-81.45096,8.45,30.72,6.5,100.08,1.0,0.366,56120.12,405589.79,0.1384,405589.79,56120.12,817.99,760.0,1.076,26.13,425.97,260.35,1.636,-6.06,392.02,499.65,0.56,32.19,False,0.9832,0.9404,1.0,0.1384
4DH_0184,VC_0184,367753660,AQUAMARINE,CS_0092,2019-09-08T09:25:31.797740+00:00,31.08257,-81.452775,2019-09-08T11:25:31.797740+00:00,2.0,500,500,1.0,completed,31.086045,-81.451006,31.08611,-81.45096,8.45,30.72,6.5,100.08,1.0,0.366,56120.12,405589.79,0.1384,405589.79,56120.12,817.99,760.0,1.076,26.13,425.97,260.35,1.636,-6.06,392.02,499.65,0.56,32.19,False,0.9832,0.9404,1.0,0.1384
4DH_0185,VC_0185,367762440,SILVER GIRL II,CS_0092,2019-09-08T09:25:31.797740+00:00,31.08257,-81.452775,2019-09-08T11:25:31.797740+00:00,2.0,500,500,1.0,completed,31.086045,-81.451006,31.08611,-81.45096,8.45,30.72,6.5,100.08,1.0,0.366,56120.12,405589.79,0.1384,405589.79,56120.12,817.99,760.0,1.076,26.13,425.97,260.35,1.636,-6.06,392.02,499.65,0.56,32.19,False,0.9832,0.9404,1.0,0.1384
4DH_0186,VC_0186,368004680,TAKE IT EASY,CS_0092,2019-09-08T09:25:31.797740+00:00,31.08257,-81.452775,2019-09-08T11:25:31.797740+00:00,2.0,500,500,1.0,completed,31.086045,-81.451006,31.08611,-81.45096,8.45,30.72,6.5,100.08,1.0,0.366,56120.12,405589.79,0.1384,405589.79,56120.12,817.99,760.0,1.076,26.13,425.97,260.35,1.636,-6.06,392.02,499.65,0.56,32.19,False,0.9832,0.9404,1.0,0.1384
4DH_0187,VC_0187,369201000,SALTY VIXEN,CS_0092,2019-09-08T09:25:31.797740+00:00,31.08257,-81.452775,2019-09-08T11:25:31.797740+00:00,2.0,500,500,1.0,completed,31.086045,-81.451006,31.08611,-81.45096,8.45,30.72,6.5,100.08,1.0,0.366,56120.12,405589.79,0.1384,405589.79,56120.12,817.99,760.0,1.076,26.13,425.97,260.35,1.636,-6.06,392.02,499.65,0.56,32.19,False,0.9832,0.9404,1.0,0.1384
4DH_0188,VC_0188,369273000,ESCAPE PLAN,CS_0092,2019-09-08T09:25:31.797740+00:00,31.08257,-81.452775,2019-09-08T11:25:31.797740+00:00,2.0,500,500,1.0,completed,31.086045,-81.451006,31.08611,-81.45096,8.45,30.72,6.5,100.08,1.0,0.366,56120.12,405589.79,0.1384,405589.79,56120.12,817.99,760.0,1.076,26.13,425.97,260.35,1.636,-6.06,392.02,499.65,0.56,32.19,False,0.9832,0.9404,1.0,0.1384
4DH_0189,VC_0189,538004697,EMERALD ACE,CS_0092,2019-09-08T09:25:31.797740+00:00,31.08257,-81.452775,2019-09-08T11:25:31.797740+00:00,2.0,500,500,1.0,completed,31.086045,-81.451006,31.08611,-81.45096,8.45,30.72,6.5,100.08,1.0,0.366,56120.12,405589.79,0.1384,405589.79,56120.12,817.99,760.0,1.076,26.13,425.97,260.35,1.636,-6.06,392.02,499.65,0.56,32.19,False,0.9832,0.9404,1.0,0.1384
4DH_0190,VC_0190,538007762,UNKNOWN,CS_0092,2019-09-08T09:25:31.797740+00:00,31.08257,-81.452775,2019-09-08T11:25:31.797740+00:00,2.0,500,500,1.0,completed,31.086045,-81.451006,31.08611,-81.45096,8.45,30.72,6.5,100.08,1.0,0.366,56120.12,405589.79,0.1384,405589.79,56120.12,817.99,760.0,1.076,26.13,425.97,260.35,1.636,-6.06,392.02,499.65,0.56,32.19,False,0.9832,0.9404,1.0,0.1384
4DH_0191,VC_0191,311828000,KUJAWY,CS_0092,2019-09-08T07:25:31.797740+00:00,31.079111,-81.455612,2019-09-08T11:25:31.797740+00:00,4.0,500,500,1.0,completed,31.086059,-81.450809,31.08611,-81.45096,15.46,75.07,44.88,200.52,1.0,0.256,56120.12,699179.96,0.0803,699179.96,56120.12,1222.99,987.13,1.239,18.55,425.97,260.35,1.636,-6.06,797.02,726.78,0.397,24.61,False,0.9696,0.8606,1.0,0.0803
4DH_0192,VC_0192,338102856,RESPONDER,CS_0092,2019-09-08T07:25:31.797740+00:00,31.079111,-81.455612,2019-09-08T11:25:31.797740+00:00,4.0,500,500,1.0,completed,31.086059,-81.450809,31.08611,-81.45096,15.46,75.07,44.88,200.52,1.0,0.256,56120.12,699179.96,0.0803,699179.96,56120.12,1222.99,987.13,1.239,18.55,425.97,260.35,1.636,-6.06,797.02,726.78,0.397,24.61,False,0.9696,0.8606,1.0,0.0803
4DH_0193,VC_0193,338102861,RECOVERY,CS_0092,2019-09-08T07:25:31.797740+00:00,31.079111,-81.455612,2019-09-08T11:25:31.797740+00:00,4.0,500,500,1.0,completed,31.086059,-81.450809,31.08611,-81.45096,15.46,75.07,44.88,200.52,1.0,0.256,56120.12,699179.96,0.0803,699179.96,56120.12,1222.99,987.13,1.239,18.55,425.97,260.35,1.636,-6.06,797.02,726.78,0.397,24.61,False,0.9696,0.8606,1.0,0.0803
4DH_0194,VC_0194,338143506,MORNING SUN II,CS_0092,2019-09-08T07:25:31.797740+00:00,31.079111,-81.455612,2019-09-08T11:25:31.797740+00:00,4.0,500,500,1.0,completed,31.086059,-81.450809,31.08611,-81.45096,15.46,75.07,44.88,200.52,1.0,0.256,56120.12,699179.96,0.0803,699179.96,56120.12,1222.99,987.13,1.239,18.55,425.97,260.35,1.636,-6.06,797.02,726.78,0.397,24.61,False,0.9696,0.8606,1.0,0.0803
4DH_0195,VC_0195,338184094,DULCINEA,CS_0092,2019-09-08T07:25:31.797740+00:00,31.079111,-81.455612,2019-09-08T11:25:31.797740+00:00,4.0,500,500,1.0,completed,31.086059,-81.450809,31.08611,-81.45096,15.46,75.07,44.88,200.52,1.0,0.256,56120.12,699179.96,0.0803,699179.96,56120.12,1222.99,987.13,1.239,18.55,425.97,260.35,1.636,-6.06,797.02,726.78,0.397,24.61,False,0.9696,0.8606,1.0,0.0803
4DH_0196,VC_0196,338235704,BRUNSWICK,CS_0092,2019-09-08T07:25:31.797740+00:00,31.079111,-81.455612,2019-09-08T11:25:31.797740+00:00,4.0,500,500,1.0,completed,31.086059,-81.450809,31.08611,-81.45096,15.46,75.07,44.88,200.52,1.0,0.256,56120.12,699179.96,0.0803,699179.96,56120.12,1222.99,987.13,1.239,18.55,425.97,260.35,1.636,-6.06,797.02,726.78,0.397,24.61,False,0.9696,0.8606,1.0,0.0803
4DH_0197,VC_0197,339759000,REGALEC,CS_0092,2019-09-08T07:25:31.797740+00:00,31.079111,-81.455612,2019-09-08T11:25:31.797740+00:00,4.0,500,500,1.0,completed,31.086059,-81.450809,31.08611,-81.45096,15.46,75.07,44.88,200.52,1.0,0.256,56120.12,699179.96,0.0803,699179.96,56120.12,1222.99,987.13,1.239,18.55,425.97,260.35,1.636,-6.06,797.02,726.78,0.397,24.61,False,0.9696,0.8606,1.0,0.0803
4DH_0198,VC_0198,367063030,EMERALD PRINCESS II,CS_0092,2019-09-08T07:25:31.797740+00:00,31.079111,-81.455612,2019-09-08T11:25:31.797740+00:00,4.0,500,500,1.0,completed,31.086059,-81.450809,31.08611,-81.45096,15.46,75.07,44.88,200.52,1.0,0.256,56120.12,699179.96,0.0803,699179.96,56120.12,1222.99,987.13,1.239,18.55,425.97,260.35,1.636,-6.06,797.02,726.78,0.397,24.61,False,0.9696,0.8606,1.0,0.0803
4DH_0199,VC_0199,367094180,CHICORY,CS_0092,2019-09-08T07:25:31.797740+00:00,31.079111,-81.455612,2019-09-08T11:25:31.797740+00:00,4.0,500,500,1.0,completed,31.086059,-81.450809,31.08611,-81.45096,15.46,75.07,44.88,200.52,1.0,0.256,56120.12,699179.96,0.0803,699179.96,56120.12,1222.99,987.13,1.239,18.55,425.97,260.35,1.636,-6.06,797.02,726.78,0.397,24.61,False,0.9696,0.8606,1.0,0.0803
4DH_0200,VC_0200,367157730,AESTIVAL,CS_0092,2019-09-08T07:25:31.797740+00:00,31.079111,-81.455612,2019-09-08T11:25:31.797740+00:00,4.0,500,500,1.0,completed,31.086059,-81.450809,31.08611,-81.45096,15.46,75.07,44.88,200.52,1.0,0.256,56120.12,699179.96,0.0803,699179.96,56120.12,1222.99,987.13,1.239,18.55,425.97,260.35,1.636,-6.06,797.02,726.78,0.397,24.61,False,0.9696,0.8606,1.0,0.0803
4DH_0201,VC_0201,367305420,DOROTHY MORAN,CS_0092,2019-09-08T07:25:31.797740+00:00,31.079111,-81.455612,2019-09-08T11:25:31.797740+00:00,4.0,500,500,1.0,completed,31.086059,-81.450809,31.08611,-81.45096,15.46,75.07,44.88,200.52,1.0,0.256,56120.12,699179.96,0.0803,699179.96,56120.12,1222.99,987.13,1.239,18.55,425.97,260.35,1.636,-6.06,797.02,726.78,0.397,24.61,False,0.9696,0.8606,1.0,0.0803
4DH_0202,VC_0202,367369550,ANN MORAN,CS_0092,2019-09-08T07:25:31.797740+00:00,31.079111,-81.455612,2019-09-08T11:25:31.797740+00:00,4.0,500,500,1.0,completed,31.086059,-81.450809,31.08611,-81.45096,15.46,75.07,44.88,200.52,1.0,0.256,56120.12,699179.96,0.0803,699179.96,56120.12,1222.99,987.13,1.239,18.55,425.97,260.35,1.636,-6.06,797.02,726.78,0.397,24.61,False,0.9696,0.8606,1.0,0.0803
4DH_0203,VC_0203,367458950,WYOMING WIND,CS_0092,2019-09-08T07:25:31.797740+00:00,31.079111,-81.455612,2019-09-08T11:25:31.797740+00:00,4.0,500,500,1.0,completed,31.086059,-81.450809,31.08611,-81.45096,15.46,75.07,44.88,200.52,1.0,0.256,56120.12,699179.96,0.0803,699179.96,56120.12,1222.99,987.13,1.239,18.55,425.97,260.35,1.636,-6.06,797.02,726.78,0.397,24.61,False,0.9696,0.8606,1.0,0.0803
4DH_0204,VC_0204,367691290,MISS LEXY,CS_0092,2019-09-08T07:25:31.797740+00:00,31.079111,-81.455612,2019-09-08T11:25:31.797740+00:00,4.0,500,500,1.0,completed,31.086059,-81.450809,31.08611,-81.45096,15.46,75.07,44.88,200.52,1.0,0.256,56120.12,699179.96,0.0803,699179.96,56120.12,1222.99,987.13,1.239,18.55,425.97,260.35,1.636,-6.06,797.02,726.78,0.397,24.61,False,0.9696,0.8606,1.0,0.0803
4DH_0205,VC_0205,367753660,AQUAMARINE,CS_0092,2019-09-08T07:25:31.797740+00:00,31.079111,-81.455612,2019-09-08T11:25:31.797740+00:00,4.0,500,500,1.0,completed,31.086059,-81.450809,31.08611,-81.45096,15.46,75.07,44.88,200.52,1.0,0.256,56120.12,699179.96,0.0803,699179.96,56120.12,1222.99,987.13,1.239,18.55,425.97,260.35,1.636,-6.06,797.02,726.78,0.397,24.61,False,0.9696,0.8606,1.0,0.0803
4DH_0206,VC_0206,367762440,SILVER GIRL II,CS_0092,2019-09-08T07:25:31.797740+00:00,31.079111,-81.455612,2019-09-08T11:25:31.797740+00:00,4.0,500,500,1.0,completed,31.086059,-81.450809,31.08611,-81.45096,15.46,75.07,44.88,200.52,1.0,0.256,56120.12,699179.96,0.0803,699179.96,56120.12,1222.99,987.13,1.239,18.55,425.97,260.35,1.636,-6.06,797.02,726.78,0.397,24.61,False,0.9696,0.8606,1.0,0.0803
4DH_0207,VC_0207,369201000,SALTY VIXEN,CS_0092,2019-09-08T07:25:31.797740+00:00,31.079111,-81.455612,2019-09-08T11:25:31.797740+00:00,4.0,500,500,1.0,completed,31.086059,-81.450809,31.08611,-81.45096,15.46,75.07,44.88,200.52,1.0,0.256,56120.12,699179.96,0.0803,699179.96,56120.12,1222.99,987.13,1.239,18.55,425.97,260.35,1.636,-6.06,797.02,726.78,0.397,24.61,False,0.9696,0.8606,1.0,0.0803
4DH_0208,VC_0208,369273000,ESCAPE PLAN,CS_0092,2019-09-08T07:25:31.797740+00:00,31.079111,-81.455612,2019-09-08T11:25:31.797740+00:00,4.0,500,500,1.0,completed,31.086059,-81.450809,31.08611,-81.45096,15.46,75.07,44.88,200.52,1.0,0.256,56120.12,699179.96,0.0803,699179.96,56120.12,1222.99,987.13,1.239,18.55,425.97,260.35,1.636,-6.06,797.02,726.78,0.397,24.61,False,0.9696,0.8606,1.0,0.0803
4DH_0209,VC_0209,538004697,EMERALD ACE,CS_0092,2019-09-08T07:25:31.797740+00:00,31.079111,-81.455612,2019-09-08T11:25:31.797740+00:00,4.0,500,500,1.0,completed,31.086059,-81.450809,31.08611,-81.45096,15.46,75.07,44.88,200.52,1.0,0.256,56120.12,699179.96,0.0803,699179.96,56120.12,1222.99,987.13,1.239,18.55,425.97,260.35,1.636,-6.06,797.02,726.78,0.397,24.61,False,0.9696,0.8606,1.0,0.0803
4DH_0210,VC_0210,538007762,UNKNOWN,CS_0092,2019-09-08T07:25:31.797740+00:00,31.079111,-81.455612,2019-09-08T11:25:31.797740+00:00,4.0,500,500,1.0,completed,31.086059,-81.450809,31.08611,-81.45096,15.46,75.07,44.88,200.52,1.0,0.256,56120.12,699179.96,0.0803,699179.96,56120.12,1222.99,987.13,1.239,18.55,425.97,260.35,1.636,-6.06,797.02,726.78,0.397,24.61,False,0.9696,0.8606,1.0,0.0803
4DH_0211,VC_0211,311828000,KUJAWY,CS_0092,2019-09-08T05:25:31.797740+00:00,31.074782,-81.458345,2019-09-08T11:25:31.797740+00:00,6.0,500,500,1.0,completed,31.086192,-81.450929,31.08611,-81.45096,9.58,111.15,83.78,264.49,0.996,0.154,56120.12,883721.3,0.0635,883721.3,56120.12,1333.62,1158.63,1.151,60.51,425.97,260.35,1.636,-6.06,907.65,898.28,0.485,66.57,False,0.981,0.8007,0.996,0.0635
4DH_0212,VC_0212,338143506,MORNING SUN II,CS_0092,2019-09-08T05:25:31.797740+00:00,31.074782,-81.458345,2019-09-08T11:25:31.797740+00:00,6.0,500,500,1.0,completed,31.086192,-81.450929,31.08611,-81.45096,9.58,111.15,83.78,264.49,0.996,0.154,56120.12,883721.3,0.0635,883721.3,56120.12,1333.62,1158.63,1.151,60.51,425.97,260.35,1.636,-6.06,907.65,898.28,0.485,66.57,False,0.981,0.8007,0.996,0.0635
4DH_0213,VC_0213,338184094,DULCINEA,CS_0092,2019-09-08T05:25:31.797740+00:00,31.074782,-81.458345,2019-09-08T11:25:31.797740+00:00,6.0,500,500,1.0,completed,31.086192,-81.450929,31.08611,-81.45096,9.58,111.15,83.78,264.49,0.996,0.154,56120.12,883721.3,0.0635,883721.3,56120.12,1333.62,1158.63,1.151,60.51,425.97,260.35,1.636,-6.06,907.65,898.28,0.485,66.57,False,0.981,0.8007,0.996,0.0635
4DH_0214,VC_0214,339759000,REGALEC,CS_0092,2019-09-08T05:25:31.797740+00:00,31.074782,-81.458345,2019-09-08T11:25:31.797740+00:00,6.0,500,500,1.0,completed,31.086192,-81.450929,31.08611,-81.45096,9.58,111.15,83.78,264.49,0.996,0.154,56120.12,883721.3,0.0635,883721.3,56120.12,1333.62,1158.63,1.151,60.51,425.97,260.35,1.636,-6.06,907.65,898.28,0.485,66.57,False,0.981,0.8007,0.996,0.0635
4DH_0215,VC_0215,367063030,EMERALD PRINCESS II,CS_0092,2019-09-08T05:25:31.797740+00:00,31.074782,-81.458345,2019-09-08T11:25:31.797740+00:00,6.0,500,500,1.0,completed,31.086192,-81.450929,31.08611,-81.45096,9.58,111.15,83.78,264.49,0.996,0.154,56120.12,883721.3,0.0635,883721.3,56120.12,1333.62,1158.63,1.151,60.51,425.97,260.35,1.636,-6.06,907.65,898.28,0.485,66.57,False,0.981,0.8007,0.996,0.0635
4DH_0216,VC_0216,367094180,CHICORY,CS_0092,2019-09-08T05:25:31.797740+00:00,31.074782,-81.458345,2019-09-08T11:25:31.797740+00:00,6.0,500,500,1.0,completed,31.086192,-81.450929,31.08611,-81.45096,9.58,111.15,83.78,264.49,0.996,0.154,56120.12,883721.3,0.0635,883721.3,56120.12,1333.62,1158.63,1.151,60.51,425.97,260.35,1.636,-6.06,907.65,898.28,0.485,66.57,False,0.981,0.8007,0.996,0.0635
4DH_0217,VC_0217,367157730,AESTIVAL,CS_0092,2019-09-08T05:25:31.797740+00:00,31.074782,-81.458345,2019-09-08T11:25:31.797740+00:00,6.0,500,500,1.0,completed,31.086192,-81.450929,31.08611,-81.45096,9.58,111.15,83.78,264.49,0.996,0.154,56120.12,883721.3,0.0635,883721.3,56120.12,1333.62,1158.63,1.151,60.51,425.97,260.35,1.636,-6.06,907.65,898.28,0.485,66.57,False,0.981,0.8007,0.996,0.0635
4DH_0218,VC_0218,367305420,DOROTHY MORAN,CS_0092,2019-09-08T05:25:31.797740+00:00,31.074782,-81.458345,2019-09-08T11:25:31.797740+00:00,6.0,500,500,1.0,completed,31.086192,-81.450929,31.08611,-81.45096,9.58,111.15,83.78,264.49,0.996,0.154,56120.12,883721.3,0.0635,883721.3,56120.12,1333.62,1158.63,1.151,60.51,425.97,260.35,1.636,-6.06,907.65,898.28,0.485,66.57,False,0.981,0.8007,0.996,0.0635
4DH_0219,VC_0219,367369550,ANN MORAN,CS_0092,2019-09-08T05:25:31.797740+00:00,31.074782,-81.458345,2019-09-08T11:25:31.797740+00:00,6.0,500,500,1.0,completed,31.086192,-81.450929,31.08611,-81.45096,9.58,111.15,83.78,264.49,0.996,0.154,56120.12,883721.3,0.0635,883721.3,56120.12,1333.62,1158.63,1.151,60.51,425.97,260.35,1.636,-6.06,907.65,898.28,0.485,66.57,False,0.981,0.8007,0.996,0.0635
4DH_0220,VC_0220,367458950,WYOMING WIND,CS_0092,2019-09-08T05:25:31.797740+00:00,31.074782,-81.458345,2019-09-08T11:25:31.797740+00:00,6.0,500,500,1.0,completed,31.086192,-81.450929,31.08611,-81.45096,9.58,111.15,83.78,264.49,0.996,0.154,56120.12,883721.3,0.0635,883721.3,56120.12,1333.62,1158.63,1.151,60.51,425.97,260.35,1.636,-6.06,907.65,898.28,0.485,66.57,False,0.981,0.8007,0.996,0.0635
4DH_0221,VC_0221,367691290,MISS LEXY,CS_0092,2019-09-08T05:25:31.797740+00:00,31.074782,-81.458345,2019-09-08T11:25:31.797740+00:00,6.0,500,500,1.0,completed,31.086192,-81.450929,31.08611,-81.45096,9.58,111.15,83.78,264.49,0.996,0.154,56120.12,883721.3,0.0635,883721.3,56120.12,1333.62,1158.63,1.151,60.51,425.97,260.35,1.636,-6.06,907.65,898.28,0.485,66.57,False,0.981,0.8007,0.996,0.0635
4DH_0222,VC_0222,367753660,AQUAMARINE,CS_0092,2019-09-08T05:25:31.797740+00:00,31.074782,-81.458345,2019-09-08T11:25:31.797740+00:00,6.0,500,500,1.0,completed,31.086192,-81.450929,31.08611,-81.45096,9.58,111.15,83.78,264.49,0.996,0.154,56120.12,883721.3,0.0635,883721.3,56120.12,1333.62,1158.63,1.151,60.51,425.97,260.35,1.636,-6.06,907.65,898.28,0.485,66.57,False,0.981,0.8007,0.996,0.0635
4DH_0223,VC_0223,367762440,SILVER GIRL II,CS_0092,2019-09-08T05:25:31.797740+00:00,31.074782,-81.458345,2019-09-08T11:25:31.797740+00:00,6.0,500,500,1.0,completed,31.086192,-81.450929,31.08611,-81.45096,9.58,111.15,83.78,264.49,0.996,0.154,56120.12,883721.3,0.0635,883721.3,56120.12,1333.62,1158.63,1.151,60.51,425.97,260.35,1.636,-6.06,907.65,898.28,0.485,66.57,False,0.981,0.8007,0.996,0.0635
4DH_0224,VC_0224,369201000,SALTY VIXEN,CS_0092,2019-09-08T05:25:31.797740+00:00,31.074782,-81.458345,2019-09-08T11:25:31.797740+00:00,6.0,500,500,1.0,completed,31.086192,-81.450929,31.08611,-81.45096,9.58,111.15,83.78,264.49,0.996,0.154,56120.12,883721.3,0.0635,883721.3,56120.12,1333.62,1158.63,1.151,60.51,425.97,260.35,1.636,-6.06,907.65,898.28,0.485,66.57,False,0.981,0.8007,0.996,0.0635
4DH_0225,VC_0225,538007762,UNKNOWN,CS_0092,2019-09-08T05:25:31.797740+00:00,31.074782,-81.458345,2019-09-08T11:25:31.797740+00:00,6.0,500,500,1.0,completed,31.086192,-81.450929,31.08611,-81.45096,9.58,111.15,83.78,264.49,0.996,0.154,56120.12,883721.3,0.0635,883721.3,56120.12,1333.62,1158.63,1.151,60.51,425.97,260.35,1.636,-6.06,907.65,898.28,0.485,66.57,False,0.981,0.8007,0.996,0.0635
4DH_0226,VC_0226,311828000,KUJAWY,CS_0092,2019-09-08T03:25:31.797740+00:00,31.068032,-81.460067,2019-09-08T11:25:31.797740+00:00,8.0,500,500,1.0,completed,31.086219,-81.450984,31.08611,-81.45096,12.33,139.8,105.47,331.89,0.982,0.148,56120.12,1075208.75,0.0522,1075208.75,56120.12,1519.63,1513.69,1.004,84.05,425.97,260.35,1.636,-6.06,1093.66,1253.34,0.632,89.89,False,0.9756,0.7561,0.982,0.0522
4DH_0227,VC_0227,367305420,DOROTHY MORAN,CS_0092,2019-09-08T03:25:31.797740+00:00,31.068032,-81.460067,2019-09-08T11:25:31.797740+00:00,8.0,500,500,1.0,completed,31.086219,-81.450984,31.08611,-81.45096,12.33,139.8,105.47,331.89,0.982,0.148,56120.12,1075208.75,0.0522,1075208.75,56120.12,1519.63,1513.69,1.004,84.05,425.97,260.35,1.636,-6.06,1093.66,1253.34,0.632,89.89,False,0.9756,0.7561,0.982,0.0522
4DH_0228,VC_0228,367369550,ANN MORAN,CS_0092,2019-09-08T03:25:31.797740+00:00,31.068032,-81.460067,2019-09-08T11:25:31.797740+00:00,8.0,500,500,1.0,completed,31.086219,-81.450984,31.08611,-81.45096,12.33,139.8,105.47,331.89,0.982,0.148,56120.12,1075208.75,0.0522,1075208.75,56120.12,1519.63,1513.69,1.004,84.05,425.97,260.35,1.636,-6.06,1093.66,1253.34,0.632,89.89,False,0.9756,0.7561,0.982,0.0522
4DH_0229,VC_0229,367691290,MISS LEXY,CS_0092,2019-09-08T03:25:31.797740+00:00,31.068032,-81.460067,2019-09-08T11:25:31.797740+00:00,8.0,500,500,1.0,completed,31.086219,-81.450984,31.08611,-81.45096,12.33,139.8,105.47,331.89,0.982,0.148,56120.12,1075208.75,0.0522,1075208.75,56120.12,1519.63,1513.69,1.004,84.05,425.97,260.35,1.636,-6.06,1093.66,1253.34,0.632,89.89,False,0.9756,0.7561,0.982,0.0522
4DH_0230,VC_0230,367762440,SILVER GIRL II,CS_0092,2019-09-08T03:25:31.797740+00:00,31.068032,-81.460067,2019-09-08T11:25:31.797740+00:00,8.0,500,500,1.0,completed,31.086219,-81.450984,31.08611,-81.45096,12.33,139.8,105.47,331.89,0.982,0.148,56120.12,1075208.75,0.0522,1075208.75,56120.12,1519.63,1513.69,1.004,84.05,425.97,260.35,1.636,-6.06,1093.66,1253.34,0.632,89.89,False,0.9756,0.7561,0.982,0.0522
4DH_0231,VC_0231,538007762,UNKNOWN,CS_0092,2019-09-08T03:25:31.797740+00:00,31.068032,-81.460067,2019-09-08T11:25:31.797740+00:00,8.0,500,500,1.0,completed,31.086219,-81.450984,31.08611,-81.45096,12.33,139.8,105.47,331.89,0.982,0.148,56120.12,1075208.75,0.0522,1075208.75,56120.12,1519.63,1513.69,1.004,84.05,425.97,260.35,1.636,-6.06,1093.66,1253.34,0.632,89.89,False,0.9756,0.7561,0.982,0.0522
4DH_0232,VC_0232,311828000,KUJAWY,CS_0092,2019-09-07T23:25:31.797740+00:00,31.054937,-81.458279,2019-09-08T11:25:31.797740+00:00,12.0,500,500,1.0,completed,31.086286,-81.451174,31.08611,-81.45096,28.25,205.18,181.96,437.44,0.938,0.106,55727.06,1374469.05,0.0405,1374076.0,56120.12,1786.92,1746.28,1.023,-57.17,425.97,260.35,1.636,-6.06,1360.95,1485.93,0.613,51.11,False,0.9451,0.6634,0.938,0.0405
4DH_0233,VC_0233,367063030,EMERALD PRINCESS II,CS_0092,2019-09-07T23:25:31.797740+00:00,31.054937,-81.458279,2019-09-08T11:25:31.797740+00:00,12.0,500,500,1.0,completed,31.086286,-81.451174,31.08611,-81.45096,28.25,205.18,181.96,437.44,0.938,0.106,55727.06,1374469.05,0.0405,1374076.0,56120.12,1786.92,1746.28,1.023,-57.17,425.97,260.35,1.636,-6.06,1360.95,1485.93,0.613,51.11,False,0.9451,0.6634,0.938,0.0405
4DH_0234,VC_0234,367691290,MISS LEXY,CS_0092,2019-09-07T23:25:31.797740+00:00,31.054937,-81.458279,2019-09-08T11:25:31.797740+00:00,12.0,500,500,1.0,completed,31.086286,-81.451174,31.08611,-81.45096,28.25,205.18,181.96,437.44,0.938,0.106,55727.06,1374469.05,0.0405,1374076.0,56120.12,1786.92,1746.28,1.023,-57.17,425.97,260.35,1.636,-6.06,1360.95,1485.93,0.613,51.11,False,0.9451,0.6634,0.938,0.0405
4DH_0235,VC_0235,338182224,SEA SALT,CS_0092,2019-09-07T17:25:31.797740+00:00,31.034819,-81.43823,2019-09-08T11:25:31.797740+00:00,18.0,500,500,1.0,completed,31.086186,-81.450836,31.08611,-81.45096,14.52,284.89,258.9,584.05,0.818,0.078,56120.12,1792105.64,0.0313,1792105.64,56120.12,2073.83,2023.83,1.025,-46.76,425.97,260.35,1.636,-6.06,1647.86,1763.48,0.611,40.7,False,0.9714,0.5656,0.818,0.0313
4DH_0236,VC_0236,369970979,S3005 NRT1,CS_0092,2019-09-07T17:25:31.797740+00:00,31.034819,-81.43823,2019-09-08T11:25:31.797740+00:00,18.0,500,500,1.0,completed,31.086186,-81.450836,31.08611,-81.45096,14.52,284.89,258.9,584.05,0.818,0.078,56120.12,1792105.64,0.0313,1792105.64,56120.12,2073.83,2023.83,1.025,-46.76,425.97,260.35,1.636,-6.06,1647.86,1763.48,0.611,40.7,False,0.9714,0.5656,0.818,0.0313
4DH_0237,VC_0237,338102856,RESPONDER,CS_0114,2019-09-08T09:25:31.797740+00:00,31.062942,-81.404052,2019-09-08T11:25:31.797740+00:00,2.0,500,500,1.0,completed,31.068488,-81.401864,31.06846,-81.4018,6.84,33.79,4.1,111.16,1.0,0.426,85983.5,405620.99,0.212,405608.27,85996.22,817.99,759.98,1.076,26.14,675.33,236.62,2.854,81.7,142.66,523.36,1.778,55.56,False,0.9864,0.9347,1.0,0.212
4DH_0238,VC_0238,338102861,RECOVERY,CS_0114,2019-09-08T09:25:31.797740+00:00,31.062942,-81.404052,2019-09-08T11:25:31.797740+00:00,2.0,500,500,1.0,completed,31.068488,-81.401864,31.06846,-81.4018,6.84,33.79,4.1,111.16,1.0,0.426,85983.5,405620.99,0.212,405608.27,85996.22,817.99,759.98,1.076,26.14,675.33,236.62,2.854,81.7,142.66,523.36,1.778,55.56,False,0.9864,0.9347,1.0,0.212
4DH_0239,VC_0239,338235704,BRUNSWICK,CS_0114,2019-09-08T09:25:31.797740+00:00,31.062942,-81.404052,2019-09-08T11:25:31.797740+00:00,2.0,500,500,1.0,completed,31.068488,-81.401864,31.06846,-81.4018,6.84,33.79,4.1,111.16,1.0,0.426,85983.5,405620.99,0.212,405608.27,85996.22,817.99,759.98,1.076,26.14,675.33,236.62,2.854,81.7,142.66,523.36,1.778,55.56,False,0.9864,0.9347,1.0,0.212
4DH_0240,VC_0240,367063030,EMERALD PRINCESS II,CS_0114,2019-09-08T09:25:31.797740+00:00,31.062942,-81.404052,2019-09-08T11:25:31.797740+00:00,2.0,500,500,1.0,completed,31.068488,-81.401864,31.06846,-81.4018,6.84,33.79,4.1,111.16,1.0,0.426,85983.5,405620.99,0.212,405608.27,85996.22,817.99,759.98,1.076,26.14,675.33,236.62,2.854,81.7,142.66,523.36,1.778,55.56,False,0.9864,0.9347,1.0,0.212
4DH_0241,VC_0241,367305420,DOROTHY MORAN,CS_0114,2019-09-08T09:25:31.797740+00:00,31.062942,-81.404052,2019-09-08T11:25:31.797740+00:00,2.0,500,500,1.0,completed,31.068488,-81.401864,31.06846,-81.4018,6.84,33.79,4.1,111.16,1.0,0.426,85983.5,405620.99,0.212,405608.27,85996.22,817.99,759.98,1.076,26.14,675.33,236.62,2.854,81.7,142.66,523.36,1.778,55.56,False,0.9864,0.9347,1.0,0.212
4DH_0242,VC_0242,367369550,ANN MORAN,CS_0114,2019-09-08T09:25:31.797740+00:00,31.062942,-81.404052,2019-09-08T11:25:31.797740+00:00,2.0,500,500,1.0,completed,31.068488,-81.401864,31.06846,-81.4018,6.84,33.79,4.1,111.16,1.0,0.426,85983.5,405620.99,0.212,405608.27,85996.22,817.99,759.98,1.076,26.14,675.33,236.62,2.854,81.7,142.66,523.36,1.778,55.56,False,0.9864,0.9347,1.0,0.212
4DH_0243,VC_0243,538007762,UNKNOWN,CS_0114,2019-09-08T09:25:31.797740+00:00,31.062942,-81.404052,2019-09-08T11:25:31.797740+00:00,2.0,500,500,1.0,completed,31.068488,-81.401864,31.06846,-81.4018,6.84,33.79,4.1,111.16,1.0,0.426,85983.5,405620.99,0.212,405608.27,85996.22,817.99,759.98,1.076,26.14,675.33,236.62,2.854,81.7,142.66,523.36,1.778,55.56,False,0.9864,0.9347,1.0,0.212
4DH_0244,VC_0244,338102856,RESPONDER,CS_0114,2019-09-08T07:25:31.797740+00:00,31.057201,-81.407424,2019-09-08T11:25:31.797740+00:00,4.0,500,500,1.0,completed,31.0685,-81.401645,31.06846,-81.4018,15.42,68.97,31.14,198.89,1.0,0.266,85996.22,699165.9,0.123,699165.9,85996.22,1148.64,1050.99,1.093,-22.94,675.33,236.62,2.854,81.7,473.31,814.37,1.761,75.36,False,0.9696,0.8711,1.0,0.123
4DH_0245,VC_0245,338102861,RECOVERY,CS_0114,2019-09-08T07:25:31.797740+00:00,31.057201,-81.407424,2019-09-08T11:25:31.797740+00:00,4.0,500,500,1.0,completed,31.0685,-81.401645,31.06846,-81.4018,15.42,68.97,31.14,198.89,1.0,0.266,85996.22,699165.9,0.123,699165.9,85996.22,1148.64,1050.99,1.093,-22.94,675.33,236.62,2.854,81.7,473.31,814.37,1.761,75.36,False,0.9696,0.8711,1.0,0.123
4DH_0246,VC_0246,338235704,BRUNSWICK,CS_0114,2019-09-08T07:25:31.797740+00:00,31.057201,-81.407424,2019-09-08T11:25:31.797740+00:00,4.0,500,500,1.0,completed,31.0685,-81.401645,31.06846,-81.4018,15.42,68.97,31.14,198.89,1.0,0.266,85996.22,699165.9,0.123,699165.9,85996.22,1148.64,1050.99,1.093,-22.94,675.33,236.62,2.854,81.7,473.31,814.37,1.761,75.36,False,0.9696,0.8711,1.0,0.123
4DH_0247,VC_0247,367063030,EMERALD PRINCESS II,CS_0114,2019-09-08T07:25:31.797740+00:00,31.057201,-81.407424,2019-09-08T11:25:31.797740+00:00,4.0,500,500,1.0,completed,31.0685,-81.401645,31.06846,-81.4018,15.42,68.97,31.14,198.89,1.0,0.266,85996.22,699165.9,0.123,699165.9,85996.22,1148.64,1050.99,1.093,-22.94,675.33,236.62,2.854,81.7,473.31,814.37,1.761,75.36,False,0.9696,0.8711,1.0,0.123
4DH_0248,VC_0248,367305420,DOROTHY MORAN,CS_0114,2019-09-08T07:25:31.797740+00:00,31.057201,-81.407424,2019-09-08T11:25:31.797740+00:00,4.0,500,500,1.0,completed,31.0685,-81.401645,31.06846,-81.4018,15.42,68.97,31.14,198.89,1.0,0.266,85996.22,699165.9,0.123,699165.9,85996.22,1148.64,1050.99,1.093,-22.94,675.33,236.62,2.854,81.7,473.31,814.37,1.761,75.36,False,0.9696,0.8711,1.0,0.123
4DH_0249,VC_0249,367369550,ANN MORAN,CS_0114,2019-09-08T07:25:31.797740+00:00,31.057201,-81.407424,2019-09-08T11:25:31.797740+00:00,4.0,500,500,1.0,completed,31.0685,-81.401645,31.06846,-81.4018,15.42,68.97,31.14,198.89,1.0,0.266,85996.22,699165.9,0.123,699165.9,85996.22,1148.64,1050.99,1.093,-22.94,675.33,236.62,2.854,81.7,473.31,814.37,1.761,75.36,False,0.9696,0.8711,1.0,0.123
4DH_0250,VC_0250,538007762,UNKNOWN,CS_0114,2019-09-08T07:25:31.797740+00:00,31.057201,-81.407424,2019-09-08T11:25:31.797740+00:00,4.0,500,500,1.0,completed,31.0685,-81.401645,31.06846,-81.4018,15.42,68.97,31.14,198.89,1.0,0.266,85996.22,699165.9,0.123,699165.9,85996.22,1148.64,1050.99,1.093,-22.94,675.33,236.62,2.854,81.7,473.31,814.37,1.761,75.36,False,0.9696,0.8711,1.0,0.123
4DH_0251,VC_0251,367063030,EMERALD PRINCESS II,CS_0114,2019-09-08T05:25:31.797740+00:00,31.05069,-81.410975,2019-09-08T11:25:31.797740+00:00,6.0,500,500,1.0,completed,31.068631,-81.401751,31.06846,-81.4018,19.58,98.28,60.5,275.2,0.998,0.19,85996.22,883741.34,0.0973,883741.34,85996.22,1333.58,1158.57,1.151,60.51,675.33,236.62,2.854,81.7,658.25,921.95,1.703,21.19,False,0.9616,0.8216,0.998,0.0973
4DH_0252,VC_0252,538004697,EMERALD ACE,CS_0114,2019-09-08T05:25:31.797740+00:00,31.05069,-81.410975,2019-09-08T11:25:31.797740+00:00,6.0,500,500,1.0,completed,31.068631,-81.401751,31.06846,-81.4018,19.58,98.28,60.5,275.2,0.998,0.19,85996.22,883741.34,0.0973,883741.34,85996.22,1333.58,1158.57,1.151,60.51,675.33,236.62,2.854,81.7,658.25,921.95,1.703,21.19,False,0.9616,0.8216,0.998,0.0973
4DH_0253,VC_0253,538007762,UNKNOWN,CS_0114,2019-09-08T05:25:31.797740+00:00,31.05069,-81.410975,2019-09-08T11:25:31.797740+00:00,6.0,500,500,1.0,completed,31.068631,-81.401751,31.06846,-81.4018,19.58,98.28,60.5,275.2,0.998,0.19,85996.22,883741.34,0.0973,883741.34,85996.22,1333.58,1158.57,1.151,60.51,675.33,236.62,2.854,81.7,658.25,921.95,1.703,21.19,False,0.9616,0.8216,0.998,0.0973
4DH_0254,VC_0254,367063030,EMERALD PRINCESS II,CS_0114,2019-09-08T03:25:31.797740+00:00,31.041608,-81.413528,2019-09-08T11:25:31.797740+00:00,8.0,500,500,1.0,completed,31.068677,-81.401814,31.06846,-81.4018,24.17,124.36,86.72,309.42,0.986,0.188,85996.22,1075187.38,0.08,1075187.38,85996.22,1519.64,1513.67,1.004,84.05,675.33,236.62,2.854,81.7,844.31,1277.05,1.85,2.35,False,0.9528,0.7798,0.986,0.08
4DH_0255,VC_0255,338182224,SEA SALT,CS_0114,2019-09-07T17:25:31.797740+00:00,30.987785,-81.39459,2019-09-08T11:25:31.797740+00:00,18.0,500,500,1.0,completed,31.068605,-81.401799,31.06846,-81.4018,16.12,237.93,202.92,521.21,0.886,0.108,83185.11,1700505.49,0.0489,1697694.38,85996.22,2043.49,1961.58,1.042,-7.49,675.33,236.62,2.854,81.7,1368.16,1724.96,1.812,89.19,False,0.9683,0.6214,0.886,0.0489
4DH_0256,VC_0256,538007762,UNKNOWN,CS_0161,2019-09-08T05:25:31.797740+00:00,31.014711,-81.4215,2019-09-08T11:25:31.797740+00:00,6.0,500,500,1.0,completed,31.034282,-81.412611,31.03425,-81.41262,3.66,78.31,35.18,240.0,1.0,0.262,158907.8,909822.9,0.1747,848577.5,220153.19,1292.54,1144.78,1.129,59.13,1648.78,284.95,5.786,72.89,356.24,859.83,4.657,13.76,False,0.9927,0.855,1.0,0.1747
